VehicleID,symboling,normalized_losses,make,fuel_type,aspiration,num_of_doors,body_style,drive_wheels,engine_location,wheel_base,length,width,height,curb_weight,engine_type,num_of_cylinders,engine_size,fuel_system,bore,stroke,compression_ratio,horsepower,peak_rpm,city_mpg,highway_mpg,price,car_color,registration_year,previous_owners,dealer_service_rating
V0001,0,67.0,isuzu,gas,turbo,four,hardtop,fwd,front,116.7,147.4,64.6,48.8,2165,ohc,two,180,2bbl,2.67,3.165,10.4,67.0,4693.0,33,40,15885.0,White,1985,1,5.0
V0002,-3,112.0,mazda,gas,turbo,four,wagon,fwd,front,118.8,159.6,67.6,51.6,1750,ohc,four,202,mpfi,3.23,2.55,9.8,271.0,4353.0,32,35,26156.0,Grey,1987,5,2.3
V0003,-2,162.0,chevrolet,gas,std,four,sedan,4wd,front,91.7,177.1,70.3,50.1,1776,ohc,six,297,mpfi,3.24,2.55,8.2,261.0,4600.0,29,32,27376.0,Grey,1990,5,4.2
V0004,-2,143.0,honda,gas,std,two,sedan,4wd,front,103.3,162.5,72.0,53.4,2156,ohc,three,216,mpfi,3.75,2.79,18.0,258.0,4898.0,30,33,24068.0,Blue,1985,5,2.9
V0005,-2,181.0,volkswagen,gas,std,four,hatchback,fwd,front,95.6,174.5,65.4,53.1,3493,ohcv,six,144,mpfi,2.72,3.56,9.1,228.0,6252.0,-5,40,23598.0,Red,1982,5,2.5
V0006,1,114.0,mercedes-benz,gas,turbo,four,hatchback,rwd,front,109.4,182.6,61.4,59.2,2450,dohc,four,162,mpfi,2.6,4.14,16.8,170.0,4448.0,37,43,45400.0,Grey,1986,4,2.6
V0007,-2,163.0,subaru,diesel,std,two,wagon,fwd,front,92.8,203.0,69.7,52.7,2504,ohc,three,9999,2bbl,2.59,3.06,10.2,283.0,6035.0,39,44,23773.0,Grey,1986,3,2.1
V0008,1,141.0,mercedes-benz,gas,std,four,sedan,fwd,front,92.4,142.4,68.6,57.6,3294,dohc,four,71,mfi,3.87,3.165,21.2,69.0,5665.0,36,40,32165.0,Grey,1982,1,5.0
V0009,2,191.0,subaru,gas,std,two,sedan,fwd,front,91.2,169.1,62.6,57.4,2109,ohc,eight,168,mpfi,2.63,3.87,11.2,171.0,4420.0,34,40,21433.0,White,1990,4,4.2
V0010,0,251.0,mazda,diesel,std,four,sedan,rwd,front,103.7,165.8,63.5,58.7,1800,ohcv,five,137,idi,2.75,2.38,14.1,251.0,6109.0,35,38,22256.0,Silver,1981,3,5.0
V0011,3,233.0,plymouth,gas,turbo,four,hatchback,rwd,front,109.1,207.9,63.4,52.8,3078,ohcv,eight,158,mpfi,3.54,3.51,17.2,169.0,5618.0,37,42,16610.0,Brown,1982,3,1.4
V0012,-1,185.0,nissan,gas,std,four,sedan,fwd,front,94.2,171.3,64.5,48.1,1706,ohc,six,258,spfi,3.06,2.13,21.9,262.0,5523.0,27,31,25800.0,Grey,1982,4,2.8
V0013,1,252.0,volkswagen,gas,std,four,hardtop,rwd,front,116.0,204.6,65.2,51.6,1857,dohc,four,183,4bbl,2.77,2.19,18.9,189.0,6168.0,30,36,22608.0,Black,1987,5,3.7
V0014,3,138.0,mitsubishi,gas,turbo,four,sedan,4wd,front,108.4,182.9,70.7,55.3,2106,ohc,six,216,idi,3.37,2.81,8.2,166.0,6001.0,27,30,20003.0,White,1981,5,3.4
V0015,0,229.0,nissan,gas,turbo,four,sedan,fwd,front,96.3,189.6,68.2,58.7,2103,ohc,eight,133,4bbl,2.97,3.45,17.6,81.0,6587.0,35,40,24068.0,Green,1982,5,1.4
V0016,-3,158.0,bmw,gas,turbo,two,sedan,fwd,front,108.0,199.9,71.0,57.7,1793,ohcf,four,307,2bbl,2.77,2.49,20.3,133.0,6533.0,24,29,45400.0,Black,1984,1,2.3
V0017,0,129.0,audi,gas,std,four,wagon,fwd,front,103.5,198.5,68.7,50.1,2902,ohc,six,90,spdi,2.96,2.34,21.6,170.0,5714.0,35,40,24068.0,Blue,1983,5,3.4
V0018,2,163.0,volkswagen,gas,std,four,wagon,rwd,front,114.6,191.1,67.2,48.3,2899,ohcv,eight,91,4bbl,2.64,4.03,7.5,152.0,4887.0,0,45,24068.0,Silver,1986,4,4.5
V0019,-3,76.0,toyota,gas,std,four,hatchback,4wd,front,89.2,189.6,71.2,55.5,3358,dohcv,four,298,mpfi,3.68,3.91,20.6,140.0,5430.0,23,31,24970.0,White,1982,2,2.3
V0020,2,168.0,mercedes-benz,gas,std,four,hatchback,fwd,front,99.0,151.8,62.3,48.0,2265,dohc,twelve,212,idi,3.29,2.91,18.1,98.0,4532.0,28,36,45400.0,Green,1982,3,3.1
V0021,2,178.0,audi,gas,std,two,hardtop,4wd,front,88.1,-183.2,64.0,48.1,3945,ohc,four,103,spfi,3.19,3.14,13.2,201.0,4228.0,32,37,24068.0,Grey,1980,2,1.7
V0022,3,216.0,audi,gas,std,four,hatchback,rwd,front,107.4,193.7,66.6,54.3,3773,dohc,five,121,2bbl,3.93,3.46,14.8,205.0,4447.0,35,38,41295.0,Red,1985,4,4.4
V0023,-2,163.0,toyota,gas,turbo,four,hatchback,4wd,front,95.2,179.2,66.0,48.9,3004,ohc,two,260,2bbl,3.75,3.86,9.6,142.0,5130.0,23,29,25492.0,Black,1981,1,1.8
V0024,3,174.0,volvo,gas,std,four,wagon,fwd,front,86.9,180.8,68.4,-53.2,2800,ohc,eight,204,4bbl,2.68,2.69,12.5,192.0,6270.0,34,41,42233.0,Silver,1986,3,4.0
V0025,3,219.0,honda,gas,std,two,hatchback,4wd,front,86.7,159.1,68.1,50.2,3440,dohc,eight,113,mpfi,3.89,3.4,13.0,130.0,4661.0,32,38,16751.0,Grey,1981,3,3.4
V0026,2,91.0,plymouth,gas,std,four,hardtop,fwd,front,95.4,183.1,65.4,49.8,3483,ohcv,four,5000,mpfi,3.56,4.09,20.8,109.0,6175.0,37,43,12915.0,Green,1984,3,4.6
V0027,0,71.0,mercedes-benz,gas,std,two,sedan,fwd,front,91.7,185.9,66.8,51.2,3627,ohcf,four,150,idi,2.94,3.38,7.7,145.0,6070.0,28,35,45400.0,White,1980,1,3.6
V0028,-1,148.0,volvo,gas,std,four,hardtop,fwd,front,88.7,198.8,66.3,58.6,3610,ohcv,four,68,2bbl,2.54,3.21,8.3,263.0,4850.0,36,40,37352.0,Grey,1981,4,3.7
V0029,3,237.0,nissan,gas,turbo,two,sedan,fwd,front,119.7,183.6,64.0,52.5,2834,l,six,170,1bbl,3.24,3.165,9.3,141.0,5677.0,33,40,18424.0,Grey,1985,4,4.0
V0030,-2,96.0,toyota,gas,std,four,hatchback,rwd,front,101.4,197.5,65.2,58.2,2764,ohc,six,9999,mpfi,3.57,3.165,11.2,288.0,4365.0,21,25,32412.0,Red,1987,5,1.6
V0031,-2,215.0,mazda,gas,turbo,four,convertible,rwd,front,113.1,202.4,68.7,55.1,1757,dohc,three,224,2bbl,3.58,3.08,15.0,243.0,6153.0,32,39,24269.0,Black,1985,4,2.9
V0032,0,126.0,mazda,gas,turbo,four,convertible,fwd,front,94.1,158.7,62.4,58.0,2495,ohc,four,195,4bbl,2.57,3.49,13.1,249.0,4604.0,32,36,24235.0,Silver,1985,2,4.8
V0033,-3,90.0,toyota,diesel,turbo,four,sedan,4wd,front,119.6,180.4,69.3,56.4,3119,ohcf,four,184,2bbl,3.73,3.165,15.6,146.0,4723.0,27,34,20801.0,Red,1981,3,3.4
V0034,-3,224.0,mitsubishi,diesel,turbo,four,wagon,fwd,front,105.7,160.0,63.5,49.6,3454,ohc,six,218,2bbl,3.03,2.7,8.2,241.0,6079.0,26,34,22758.0,Blue,1980,1,3.3
V0035,1,163.0,toyota,gas,std,four,sedan,4wd,rear,88.8,206.4,64.4,54.9,3143,ohc,five,316,mpfi,3.54,3.29,11.4,250.0,5789.0,21,27,24068.0,Brown,1988,3,1.6
V0036,0,141.0,bmw,gas,std,four,sedan,4wd,front,116.2,146.5,71.7,57.1,2572,dohc,three,274,1bbl,2.58,3.94,15.7,212.0,5387.0,28,32,45400.0,Red,1980,2,2.8
V0037,0,124.0,audi,gas,turbo,two,wagon,rwd,front,88.9,167.0,62.2,54.6,2319,ohcf,six,68,2bbl,3.05,3.24,12.9,170.0,5860.0,44,50,36906.0,Grey,1982,1,3.3
V0038,0,207.0,plymouth,gas,std,four,hardtop,4wd,front,120.2,188.5,63.6,55.7,2805,ohc,six,229,mpfi,3.51,3.43,7.0,169.0,4167.0,24,32,19154.0,Brown,1987,4,3.2
V0039,0,118.0,mercedes-benz,gas,std,four,sedan,rwd,front,115.1,148.1,-68.9,49.2,1954,ohcv,six,163,idi,3.7,4.11,12.7,152.0,5359.0,34,37,45400.0,Grey,1987,3,1.9
V0040,-2,163.0,audi,diesel,turbo,four,hatchback,rwd,front,94.9,177.7,64.8,54.4,2528,ohc,six,264,mpfi,2.59,2.67,7.3,82.0,5386.0,22,27,42952.0,White,1984,5,3.0
V0041,-2,95.0,mercedes-benz,gas,std,two,sedan,rwd,front,87.1,184.2,65.0,55.3,3508,ohc,eight,72,2bbl,3.44,2.79,22.9,89.0,5080.0,37,43,36379.0,Grey,1980,4,1.7
V0042,0,225.0,toyota,diesel,turbo,four,convertible,rwd,front,115.5,170.1,68.9,56.4,2515,dohc,four,127,mpfi,3.39,3.85,16.8,189.0,4420.0,34,39,19262.0,Blue,1987,1,3.8
V0043,-1,91.0,toyota,diesel,std,four,wagon,fwd,front,106.0,187.8,70.8,56.2,1787,ohc,four,237,2bbl,3.42,3.86,13.1,170.0,4669.0,33,40,22051.0,Red,1988,2,4.2
V0044,-3,130.0,nissan,gas,turbo,two,sedan,fwd,front,117.8,192.9,63.4,55.5,2280,ohc,four,215,2bbl,2.96,3.05,11.0,254.0,6578.0,33,41,26823.0,Grey,1987,5,3.0
V0045,0,162.0,toyota,gas,turbo,four,sedan,4wd,front,97.8,207.0,67.5,49.8,3501,ohc,eight,188,mpfi,2.69,2.07,7.5,60.0,4195.0,29,32,18102.0,Grey,1982,1,1.2
V0046,2,242.0,honda,gas,std,four,sedan,rwd,front,111.3,181.4,62.5,56.5,3473,ohcv,six,252,mfi,3.03,3.95,17.5,102.0,5111.0,22,26,21805.0,Green,1987,2,3.8
V0047,2,240.0,volkswagen,gas,std,four,sedan,fwd,front,90.3,149.4,63.6,58.0,2863,dohcv,six,109,2bbl,3.29,2.28,22.0,170.0,5922.0,34,40,13310.0,Green,1985,4,4.4
V0048,2,186.0,plymouth,gas,turbo,two,sedan,rwd,front,100.2,163.5,67.6,50.5,1707,ohc,twelve,278,mpfi,2.8,2.44,11.7,243.0,6001.0,29,35,24615.0,Silver,1982,3,3.5
V0049,1,112.0,chevrolet,gas,turbo,four,wagon,rwd,front,103.4,170.1,70.0,51.5,3959,ohc,two,249,2bbl,3.23,3.93,200.0,192.0,5882.0,20,26,23490.0,Red,1986,1,1.2
V0050,3,243.0,mazda,gas,std,four,hardtop,fwd,front,101.4,156.9,63.2,57.5,2864,ohc,six,253,spdi,2.68,2.24,18.8,86.0,6363.0,28,34,20564.0,Grey,1980,1,2.9
V0051,-1,231.0,volkswagen,gas,std,two,hatchback,rwd,front,88.9,207.6,63.0,55.7,3512,dohc,six,225,1bbl,2.82,2.16,14.2,48.0,6488.0,27,30,20836.0,Silver,1980,3,4.4
V0052,2,124.0,porsche,diesel,std,four,sedan,fwd,front,102.9,187.4,64.6,49.3,3654,ohc,eight,304,1bbl,3.11,3.48,7.5,115.0,6267.0,23,29,24068.0,Black,1985,3,4.1
V0053,-3,94.0,subaru,gas,turbo,four,hatchback,rwd,front,112.2,195.8,67.8,55.1,3246,ohc,six,93,2bbl,3.79,4.08,11.0,152.0,5352.0,41,46,18942.0,Black,1985,4,4.2
V0054,2,163.0,nissan,gas,turbo,four,sedan,rwd,front,119.1,203.0,65.0,56.4,2443,ohc,eight,269,mpfi,3.43,3.68,15.8,134.0,5173.0,24,29,23078.0,Red,1989,2,2.2
V0055,1,120.0,toyota,gas,std,four,sedan,rwd,front,91.3,148.8,69.1,53.3,3099,l,eight,261,mpfi,3.36,3.39,20.4,170.0,6424.0,26,29,21753.0,Brown,1984,3,3.2
V0056,3,150.0,toyota,gas,std,four,convertible,fwd,front,95.2,152.1,64.0,55.3,1884,ohc,six,73,2bbl,3.42,2.77,11.0,75.0,6089.0,42,47,24068.0,Blue,1983,1,4.1
V0057,-1,174.0,toyota,gas,std,four,hatchback,rwd,front,90.4,160.4,63.9,48.4,3207,dohc,two,93,mpfi,3.81,3.32,7.3,179.0,6505.0,36,44,17103.0,White,1985,2,3.3
V0058,-3,239.0,toyota,gas,std,four,sedan,rwd,front,-120.8,150.4,66.2,56.9,1937,ohc,four,277,2bbl,3.08,3.32,14.5,112.0,6416.0,23,31,24386.0,Brown,1984,3,1.4
V0059,-3,193.0,toyota,gas,std,four,wagon,fwd,front,116.4,181.1,68.0,48.0,2952,ohc,four,194,idi,2.81,2.99,-1.0,264.0,5355.0,32,38,26163.0,Green,1980,1,3.1
V0060,-2,231.0,toyota,gas,std,four,wagon,4wd,front,103.3,182.5,72.0,52.1,3105,ohcv,four,130,mpfi,3.24,3.165,22.5,267.0,4259.0,34,40,23835.0,Black,1990,5,1.8
V0061,1,138.0,toyota,gas,std,four,sedan,fwd,front,118.9,202.0,66.9,48.7,3072,ohcv,six,83,idi,3.79,3.165,15.0,225.0,4663.0,38,46,18360.0,Silver,1985,2,1.1
V0062,-2,163.0,mitsubishi,gas,turbo,two,hatchback,4wd,front,107.3,194.7,60.5,58.5,3199,dohcv,six,9999,mpfi,2.93,3.16,21.7,173.0,5454.0,28,31,21106.0,Silver,1987,4,2.4
V0063,1,234.0,mitsubishi,gas,std,two,sedan,rwd,front,108.6,165.9,65.0,53.4,2886,ohc,eight,228,4bbl,3.74,3.06,14.8,241.0,6564.0,32,40,24381.0,Green,1982,4,2.3
V0064,2,174.0,chevrolet,gas,std,four,hatchback,4wd,front,97.5,189.0,69.6,53.7,2212,ohc,four,292,mpfi,3.61,2.42,19.2,173.0,4510.0,23,30,23644.0,Red,1987,4,1.0
V0065,-2,163.0,saab,gas,std,four,sedan,fwd,front,94.8,196.7,64.8,49.4,3662,l,four,280,mpfi,2.55,3.165,8.9,268.0,5036.0,17,24,43848.0,Green,1983,1,1.6
V0066,3,198.0,mazda,gas,std,two,convertible,fwd,front,116.9,196.5,69.9,58.2,1771,ohc,six,307,mpfi,2.83,3.4,15.9,170.0,4561.0,25,30,23185.0,Blue,1986,4,3.3
V0067,2,69.0,audi,diesel,std,four,hatchback,fwd,front,-120.3,150.8,63.0,51.4,2027,ohc,four,264,mpfi,3.02,2.52,16.4,241.0,4487.0,25,33,45400.0,Blue,1984,4,4.2
V0068,-2,145.0,nissan,gas,std,four,hatchback,rwd,front,118.3,206.9,67.1,59.0,1761,ohcv,four,264,4bbl,3.48,2.62,22.5,98.0,4980.0,31,35,20583.0,Silver,1982,2,2.4
V0069,2,113.0,honda,gas,std,four,wagon,rwd,front,111.9,193.0,67.8,55.6,3243,dohc,six,298,mpfi,3.24,3.6,16.0,239.0,4870.0,18,24,29849.0,Silver,1981,4,2.6
V0070,0,142.0,volkswagen,gas,std,four,wagon,fwd,front,95.6,148.0,71.5,56.8,2169,ohcf,four,319,2bbl,2.86,2.82,8.3,282.0,5814.0,24,29,31495.0,White,1981,2,4.7
V0071,0,98.0,subaru,gas,std,four,sedan,rwd,front,87.1,194.1,64.0,52.9,2979,ohc,six,75,2bbl,3.64,2.72,12.1,104.0,4937.0,44,51,14456.0,Black,1985,3,4.2
V0072,2,250.0,jaguar,gas,turbo,four,sedan,fwd,front,96.8,199.0,62.2,52.9,3151,ohc,four,93,2bbl,3.05,2.22,22.3,222.0,4167.0,35,41,45400.0,Grey,1981,4,3.0
V0073,2,99.0,audi,gas,turbo,four,wagon,fwd,front,86.7,190.3,63.0,58.3,2766,ohc,six,217,mpfi,3.69,2.7,11.7,234.0,6281.0,33,38,45400.0,Silver,1987,3,4.0
V0074,-1,121.0,bmw,gas,std,two,sedan,rwd,front,115.6,146.5,68.3,50.0,3182,ohcv,six,210,2bbl,2.66,3.165,22.8,54.0,5836.0,32,36,45400.0,Blue,1980,1,4.8
V0075,1,204.0,plymouth,gas,std,four,wagon,rwd,front,88.1,175.0,70.6,55.3,3940,ohc,two,142,spdi,3.34,4.12,19.7,170.0,5773.0,28,34,19023.0,White,1981,5,1.0
V0076,2,74.0,dodge,gas,std,four,hatchback,fwd,front,88.8,200.6,71.7,55.6,1907,ohcv,twelve,226,spdi,2.82,3.165,14.1,131.0,5761.0,35,42,17957.0,Blue,1987,4,3.5
V0077,-3,81.0,audi,diesel,std,four,sedan,fwd,front,120.6,152.0,67.9,54.9,3951,ohc,two,172,2bbl,3.69,3.61,15.5,215.0,5389.0,29,33,45400.0,Red,1980,5,4.0
V0078,-3,76.0,alfa-romero,gas,std,four,hatchback,fwd,front,120.6,164.4,69.8,56.1,1958,ohc,five,160,2bbl,2.71,3.83,8.2,205.0,6308.0,37,42,30186.0,Silver,1989,1,2.0
V0079,-2,79.0,honda,diesel,std,two,sedan,fwd,front,101.4,191.0,61.9,58.0,3685,dohc,five,282,mpfi,2.72,3.91,7.0,159.0,4449.0,22,25,25887.0,Silver,1988,4,3.0
V0080,2,220.0,volvo,gas,std,four,sedan,rwd,front,106.7,166.7,67.3,58.0,2676,ohc,two,101,spdi,2.67,3.58,21.2,254.0,4726.0,36,43,37650.0,Grey,1985,4,4.1
V0081,-2,129.0,nissan,gas,std,four,sedan,fwd,front,115.9,193.3,62.9,50.5,2410,dohc,four,270,2bbl,3.75,4.1,17.9,169.0,4691.0,24,31,23527.0,Blue,1984,3,2.7
V0082,0,220.0,toyota,gas,std,four,hatchback,fwd,front,93.8,168.1,70.3,53.3,2332,ohc,three,150,4bbl,2.75,2.29,19.2,261.0,6053.0,37,45,23257.0,White,1987,1,2.7
V0083,-2,163.0,porsche,gas,std,four,hatchback,rwd,front,101.9,179.8,68.6,54.1,2930,dohc,eight,111,1bbl,2.6,2.15,9.3,267.0,5031.0,35,42,45400.0,Silver,1982,5,2.7
V0084,-3,128.0,mazda,gas,turbo,four,wagon,fwd,front,117.1,200.2,66.3,58.5,2322,ohc,six,103,2bbl,3.43,3.92,22.4,170.0,5798.0,37,43,21690.0,Red,1984,1,1.0
V0085,-1,108.0,nissan,gas,turbo,four,hardtop,rwd,front,93.8,182.0,61.2,49.6,4059,dohcv,four,68,mpfi,3.76,3.22,22.5,248.0,4507.0,40,43,20349.0,Brown,1982,1,2.1
V0086,-3,218.0,jaguar,diesel,std,four,hardtop,fwd,front,112.6,202.8,61.5,55.6,2522,l,eight,133,spdi,3.46,3.165,7.0,288.0,5389.0,32,35,45400.0,Brown,1986,3,1.2
V0087,0,84.0,jaguar,gas,std,two,sedan,rwd,front,92.2,147.9,67.5,47.8,1949,ohc,six,323,mfi,2.98,3.05,15.7,136.0,5690.0,20,24,45400.0,Brown,1988,3,2.2
V0088,0,163.0,subaru,gas,std,two,sedan,4wd,front,114.9,199.6,69.2,54.1,2218,dohc,two,83,4bbl,2.68,4.06,21.3,230.0,5461.0,38,46,19748.0,Blue,1989,1,1.2
V0089,1,185.0,honda,gas,std,four,sedan,fwd,front,99.9,170.7,62.8,49.5,1804,dohc,two,254,mpfi,3.11,2.53,12.7,118.0,5168.0,0,33,22057.0,Brown,1990,5,2.0
V0090,3,181.0,subaru,gas,turbo,four,sedan,fwd,front,103.8,-161.1,69.9,55.1,3241,ohcv,four,323,2bbl,2.81,2.44,7.9,255.0,6539.0,20,24,34449.0,Grey,1987,2,2.1
V0091,1,129.0,volvo,diesel,std,two,hatchback,fwd,front,98.1,199.5,70.7,49.7,2080,ohc,three,275,mpfi,3.56,4.09,11.6,94.0,4631.0,24,28,38706.0,White,1987,4,3.2
V0092,-1,129.0,volkswagen,gas,std,four,wagon,4wd,front,99.8,186.3,62.1,51.8,3905,ohc,eight,293,2bbl,3.19,2.15,20.9,165.0,5653.0,15,22,28395.0,Red,1990,3,4.1
V0093,3,173.0,dodge,gas,std,four,sedan,fwd,rear,103.5,141.5,70.6,59.3,3463,ohc,six,201,2bbl,3.92,3.99,11.5,170.0,6512.0,26,29,19062.0,Red,1988,1,3.0
V0094,2,147.0,volvo,gas,std,four,sedan,rwd,front,111.1,193.8,63.6,57.0,2728,ohcf,four,308,2bbl,3.2,3.45,16.2,285.0,6226.0,26,31,45400.0,Blue,1989,3,3.3
V0095,-1,76.0,mazda,gas,std,four,hatchback,fwd,front,119.9,165.8,71.0,59.6,3845,dohc,four,203,mpfi,3.81,3.43,19.5,152.0,6511.0,26,32,22436.0,Black,1984,2,4.2
V0096,2,180.0,saab,gas,std,two,hatchback,fwd,front,117.3,177.7,65.0,51.7,1590,ohc,eight,164,spdi,2.67,2.75,17.4,230.0,4821.0,34,37,31520.0,Grey,1981,5,3.8
V0097,0,107.0,mazda,diesel,std,four,hatchback,rwd,front,90.3,171.7,70.8,58.3,2494,dohc,six,81,2bbl,3.26,3.39,7.8,170.0,5950.0,43,48,14581.0,Red,1989,1,3.8
V0098,2,100.0,toyota,gas,turbo,four,sedan,fwd,front,-112.8,184.6,68.0,51.5,3279,ohcv,five,90,mpfi,3.83,2.31,16.8,62.0,5416.0,35,38,12394.0,Grey,1982,4,4.8
V0099,3,163.0,honda,gas,std,four,hatchback,rwd,front,88.2,208.1,69.2,52.1,3736,ohc,three,224,2bbl,3.58,3.56,10.8,252.0,5401.0,26,31,25878.0,Grey,1982,5,3.4
V0100,0,217.0,subaru,gas,turbo,four,sedan,rwd,front,96.2,176.8,60.8,51.4,3285,ohcv,four,120,2bbl,3.93,2.88,20.7,264.0,5335.0,33,39,23204.0,Green,1989,3,4.3
V0101,2,163.0,volkswagen,gas,std,four,hardtop,4wd,front,118.9,185.7,64.8,48.5,2946,l,five,62,2bbl,3.52,3.59,21.2,83.0,4255.0,38,45,12695.0,Silver,1989,4,3.1
V0102,0,255.0,nissan,gas,std,four,hardtop,rwd,front,95.1,157.8,62.6,54.7,1800,ohcv,four,9999,mpfi,2.61,3.18,22.5,58.0,5115.0,42,50,13914.0,Blue,1990,1,2.8
V0103,0,242.0,jaguar,gas,std,two,sedan,rwd,front,97.7,179.8,68.5,50.2,2043,ohc,four,217,mpfi,3.33,3.39,15.7,144.0,5939.0,28,32,45400.0,Silver,1990,3,2.9
V0104,-1,210.0,saab,gas,std,four,hatchback,fwd,front,102.0,185.5,63.0,55.5,1960,ohc,three,95,mpfi,3.0,4.05,11.1,222.0,5781.0,41,48,27592.0,Silver,1981,4,4.3
V0105,1,73.0,toyota,gas,turbo,four,wagon,fwd,front,87.0,189.0,61.5,59.3,2191,dohc,four,100,spdi,3.63,4.05,21.1,170.0,4283.0,40,45,24068.0,Blue,1982,2,2.4
V0106,-1,182.0,chevrolet,gas,turbo,two,hatchback,fwd,front,106.8,150.7,66.9,58.5,2405,ohc,three,284,1bbl,3.39,3.02,7.7,230.0,5445.0,21,27,25488.0,Blue,1986,5,4.1
V0107,-2,250.0,bmw,diesel,std,four,wagon,rwd,front,116.5,204.7,68.0,55.3,1694,ohcv,four,204,mpfi,3.79,3.0,16.6,148.0,4814.0,29,37,45400.0,Red,1986,2,3.4
V0108,0,106.0,nissan,gas,std,four,sedan,fwd,front,94.9,194.3,69.4,56.9,4013,ohc,six,307,idi,3.66,2.24,12.6,268.0,6587.0,14,18,30585.0,Grey,1987,2,2.6
V0109,-3,205.0,honda,diesel,turbo,two,sedan,4wd,front,87.4,174.9,61.8,56.3,1641,ohc,two,85,2bbl,2.61,2.3,20.4,170.0,4624.0,45,51,24068.0,Silver,1982,2,3.8
V0110,-3,203.0,volkswagen,diesel,std,four,wagon,fwd,front,115.6,182.7,71.2,48.8,2368,ohcv,four,290,mpfi,3.09,3.81,13.7,234.0,5484.0,20,28,28021.0,Grey,1986,1,3.7
V0111,0,176.0,mazda,gas,std,two,hatchback,rwd,front,115.5,150.6,67.7,56.7,3550,ohc,five,140,mpfi,3.37,2.59,16.1,67.0,5469.0,36,40,17767.0,Green,1981,1,2.4
V0112,-3,84.0,mazda,gas,std,four,hatchback,fwd,front,118.5,202.2,60.6,55.1,2770,dohc,three,321,idi,3.54,4.04,13.1,197.0,4283.0,19,25,29715.0,Brown,1983,5,3.0
V0113,0,100.0,toyota,gas,std,four,sedan,fwd,front,92.4,159.1,65.4,51.8,2292,dohc,six,191,2bbl,3.61,2.09,12.7,123.0,6345.0,33,41,19156.0,Red,1989,1,2.1
V0114,2,138.0,mazda,gas,std,four,hardtop,rwd,front,119.5,197.7,64.3,59.6,2473,dohc,five,312,2bbl,2.78,3.165,20.3,179.0,4442.0,24,28,27901.0,Blue,1986,5,4.5
V0115,-2,212.0,mazda,gas,std,four,sedan,fwd,rear,103.9,205.2,66.7,54.0,3078,dohcv,four,68,mpfi,3.36,4.13,14.7,174.0,6438.0,38,42,15436.0,Blue,1985,4,4.7
V0116,-1,97.0,mercedes-benz,gas,std,four,sedan,fwd,front,113.1,171.7,61.5,58.1,3614,ohc,three,279,1bbl,3.89,3.165,10.6,165.0,4605.0,18,25,45400.0,Green,1984,4,2.7
V0117,-3,104.0,volvo,gas,std,four,hatchback,4wd,front,98.3,164.2,68.2,55.6,3200,ohc,four,142,2bbl,3.69,3.165,14.6,62.0,5816.0,31,39,30075.0,Black,1981,1,2.6
V0118,-3,228.0,mazda,gas,std,four,sedan,rwd,front,109.4,146.7,70.6,55.6,2612,ohc,four,254,2bbl,3.88,2.95,9.9,170.0,5389.0,29,32,19070.0,Brown,1986,4,3.2
V0119,-3,74.0,mitsubishi,gas,turbo,two,hatchback,fwd,front,109.7,180.3,70.2,59.1,1931,dohc,six,228,4bbl,2.85,2.2,20.2,280.0,5387.0,32,35,23016.0,Silver,1987,1,1.4
V0120,0,142.0,dodge,gas,std,four,sedan,rwd,front,96.5,173.2,71.7,50.7,1964,rotor,two,66,mpfi,3.05,4.09,21.5,183.0,4176.0,44,48,14669.0,Brown,1985,3,4.2
V0121,0,231.0,honda,gas,std,four,sedan,fwd,front,118.4,194.6,70.3,50.2,2698,ohc,eight,107,spdi,2.7,3.53,21.4,106.0,6335.0,35,42,16146.0,Blue,1982,1,3.1
V0122,-3,97.0,volkswagen,gas,std,two,hatchback,rwd,front,104.3,180.5,61.6,47.9,1764,dohc,five,125,1bbl,2.9,2.95,18.6,161.0,4911.0,38,42,16351.0,Silver,1986,5,4.8
V0123,-2,110.0,honda,gas,std,two,hatchback,rwd,front,102.5,185.8,70.6,47.9,2634,ohc,six,293,1bbl,3.24,2.56,8.3,243.0,6085.0,22,25,28229.0,Silver,1986,4,2.3
V0124,2,217.0,audi,gas,std,two,sedan,rwd,front,97.3,167.6,63.1,57.9,3204,dohc,five,65,spdi,2.74,2.85,15.3,67.0,5197.0,43,49,24267.0,Black,1987,1,1.4
V0125,2,163.0,mercedes-benz,gas,turbo,four,sedan,fwd,front,112.1,192.3,64.9,57.1,3715,ohc,four,247,2bbl,3.24,2.48,20.5,170.0,6107.0,24,27,45400.0,Black,1990,3,3.7
V0126,2,178.0,isuzu,gas,std,four,hatchback,fwd,front,114.2,150.5,60.4,57.8,2398,ohc,five,251,1bbl,3.85,2.25,16.4,170.0,4457.0,23,26,23179.0,Green,1981,3,1.5
V0127,3,190.0,  audi,gas,std,four,sedan,fwd,front,104.9,170.7,68.1,57.9,2751,dohc,four,245,idi,2.55,3.165,11.2,200.0,4891.0,31,37,26023.0,Silver,1987,1,3.5
V0128,2,175.0,mazda,gas,std,four,wagon,4wd,front,87.6,203.3,69.0,51.8,1873,ohcf,eight,259,idi,3.07,3.165,20.6,94.0,4542.0,28,33,20669.0,Brown,1987,1,1.7
V0129,3,126.0,nissan,gas,std,four,hatchback,4wd,front,118.3,203.9,71.3,51.5,1846,ohcv,four,265,2bbl,2.99,4.04,16.2,149.0,5387.0,31,35,24068.0,White,1984,2,2.0
V0130,-3,225.0,volkswagen,gas,turbo,four,sedan,rwd,front,87.8,195.5,69.5,52.9,2605,l,three,290,mpfi,3.78,2.66,14.5,162.0,5389.0,24,32,25366.0,Green,1986,4,2.3
V0131,1,159.0,saab,gas,std,four,sedan,fwd,front,118.3,145.4,64.4,58.7,3051,dohc,three,284,idi,3.24,2.31,8.4,70.0,5543.0,22,30,32981.0,Black,1985,4,3.3
V0132,-2,183.0,mazda,diesel,std,two,wagon,fwd,front,106.2,203.2,62.1,51.2,1780,ohc,five,271,mpfi,2.75,2.74,19.1,227.0,6532.0,29,33,26849.0,Grey,1982,4,1.7
V0133,-1,159.0,TOYOTA ,gas,std,two,sedan,fwd,front,120.9,164.5,68.1,57.2,1652,ohcv,twelve,163,idi,3.41,2.57,14.6,77.0,6460.0,36,42,17716.0,Black,1989,1,4.1
V0134,0,159.0,nissan,gas,std,four,hatchback,fwd,front,94.2,168.3,63.6,51.2,3672,dohc,six,315,1bbl,3.87,3.67,18.4,163.0,5067.0,14,20,27267.0,Red,1981,3,2.3
V0135,0,163.0,porsche,gas,std,four,sedan,rwd,front,112.3,176.2,62.7,49.1,2664,ohc,four,279,idi,3.2,3.67,8.0,164.0,5574.0,24,32,45400.0,Grey,1984,4,4.9
V0136,-1,142.0,honda,gas,std,four,hatchback,fwd,front,98.7,147.3,67.5,51.7,3065,ohc,six,104,1bbl,3.32,4.15,10.9,181.0,5389.0,39,43,17535.0,Silver,1982,1,1.7
V0137,-2,221.0,bmw,gas,std,four,sedan,fwd,front,118.5,147.3,63.9,52.2,3040,l,three,94,mpfi,2.73,3.53,11.4,182.0,5844.0,42,46,45400.0,White,1989,5,4.9
V0138,2,230.0,subaru,gas,std,four,hatchback,fwd,front,115.2,161.5,67.0,53.4,1597,ohcv,four,214,mfi,3.71,3.06,17.5,276.0,5328.0,35,39,28638.0,Black,1981,3,3.0
V0139,2,144.0,toyota,gas,std,four,wagon,fwd,front,110.5,159.0,62.1,56.0,3590,dohc,twelve,313,4bbl,3.37,3.51,8.6,207.0,5389.0,17,25,28685.0,Brown,1981,5,3.3
V0140,0,201.0,mazda,gas,std,four,hatchback,fwd,front,101.0,168.8,62.7,53.8,3992,ohcf,five,92,1bbl,3.27,3.25,23.0,170.0,6302.0,37,42,24068.0,Silver,1985,3,3.4
V0141,-1,123.0,mercedes-benz,gas,std,two,sedan,fwd,front,112.6,144.0,69.2,58.9,2208,ohc,four,324,mpfi,3.79,3.58,16.5,131.0,5866.0,21,29,45400.0,Green,1985,2,1.4
V0142,2,240.0,toyota,gas,std,four,hatchback,rwd,front,90.1,167.2,67.2,48.3,2150,ohc,four,229,idi,2.9,2.97,11.8,198.0,4491.0,32,35,23777.0,Green,1989,1,2.5
V0143,0,245.0,toyota,gas,std,four,sedan,4wd,front,110.8,195.6,71.1,58.1,3304,ohcv,twelve,210,spdi,2.88,3.95,12.1,186.0,6212.0,25,28,24068.0,Brown,1987,3,1.3
V0144,-3,163.0,volvo,gas,std,four,sedan,fwd,front,106.7,163.5,65.3,54.4,3934,dohc,four,254,mpfi,3.43,3.11,18.7,258.0,6591.0,19,27,45400.0,Grey,1986,3,3.4
V0145,1,203.0,toyota,gas,std,two,wagon,rwd,front,115.9,199.4,69.1,54.6,2379,ohc,four,325,idi,3.23,2.39,17.2,187.0,6075.0,19,22,28995.0,Red,1985,4,2.2
V0146,3,141.0,mercedes-benz,gas,turbo,four,hatchback,fwd,front,109.3,196.3,71.6,51.0,3670,ohcv,five,283,4bbl,3.56,2.2,10.2,166.0,4755.0,20,24,45400.0,Green,1986,3,4.4
V0147,-3,103.0,mazda,diesel,std,two,sedan,fwd,rear,108.1,193.5,64.5,47.9,0,ohc,twelve,109,1bbl,3.75,4.14,15.1,166.0,5002.0,38,41,16970.0,Grey,1987,4,1.7
V0148,-1,202.0,subaru,gas,std,four,convertible,rwd,rear,88.1,152.4,72.0,56.4,3943,dohc,four,205,spdi,2.65,2.49,20.7,85.0,5746.0,500,31,21283.0,Silver,1985,5,1.2
V0149,-2,256.0,toyota,gas,std,four,convertible,fwd,front,109.9,194.5,66.5,55.0,2397,ohc,four,296,mpfi,3.68,2.69,10.5,222.0,6016.0,22,29,27667.0,Grey,1980,5,2.3
V0150,0,163.0,plymouth,diesel,std,two,hatchback,rwd,front,108.5,169.6,62.1,49.1,2162,ohc,eight,178,1bbl,3.78,2.79,13.9,226.0,6561.0,36,43,24068.0,Silver,1990,2,2.5
V0151,-1,108.0,toyota,gas,std,four,hatchback,fwd,front,97.3,193.9,65.7,50.9,2232,ohc,two,168,mpfi,3.77,3.63,13.6,116.0,4907.0,37,43,18847.0,Black,1985,5,1.6
V0152,-1,168.0,toyota,gas,std,four,sedan,rwd,front,109.3,166.0,65.3,49.7,2194,ohc,eight,138,1bbl,3.24,2.45,21.1,76.0,4815.0,33,39,24068.0,Grey,1984,5,2.3
V0153,-1,133.0,honda,gas,std,two,hatchback,fwd,rear,101.3,161.3,61.5,57.1,2632,l,twelve,194,2bbl,2.73,2.13,8.2,217.0,6289.0,30,34,22925.0,Brown,1981,1,1.7
V0154,2,127.0,toyota,diesel,std,four,sedan,fwd,front,110.3,149.2,68.2,56.3,1533,ohcv,four,128,1bbl,3.44,3.61,22.1,170.0,6301.0,39,42,14692.0,Black,1983,4,2.3
V0155,0,231.0,honda,gas,std,four,sedan,fwd,front,94.8,144.5,71.2,50.5,2441,ohc,six,302,mpfi,3.62,2.08,15.8,285.0,4796.0,25,33,30965.0,Black,1984,3,2.1
V0156,-2,155.0,toyota,gas,turbo,four,sedan,fwd,front,103.6,161.0,65.7,53.2,2755,l,four,164,2bbl,3.03,3.52,7.5,170.0,5504.0,29,32,24094.0,Silver,1983,4,1.8
V0157,3,159.0,volvo,diesel,std,two,sedan,rwd,front,87.9,154.6,69.8,58.4,2780,ohcf,eight,303,mpfi,3.24,2.47,12.7,247.0,4345.0,23,28,45400.0,Red,1986,4,4.6
V0158,0,169.0,saab,gas,std,two,hatchback,fwd,front,95.6,203.5,69.8,58.3,3813,l,four,113,idi,3.67,3.36,18.7,264.0,5699.0,32,37,35037.0,Blue,1990,2,2.2
V0159,-2,132.0,nissan,gas,std,four,sedan,fwd,front,95.0,155.9,69.2,53.0,2960,ohc,three,306,2bbl,3.04,2.71,15.8,92.0,5389.0,21,25,25064.0,Grey,1990,1,3.9
V0160,-2,221.0,audi,diesel,std,four,sedan,rwd,front,101.2,160.7,65.2,53.5,2689,ohc,three,179,idi,3.13,3.87,22.3,256.0,4238.0,29,35,45400.0,Silver,1983,4,3.0
V0161,3,107.0,audi,diesel,turbo,four,hatchback,rwd,front,103.9,172.0,65.7,53.2,2820,ohc,two,270,2bbl,3.8,2.78,7.7,219.0,5964.0,24,32,45400.0,Grey,1989,3,3.2
V0162,0,232.0,volkswagen,gas,std,four,sedan,fwd,front,93.7,201.9,64.6,53.4,3350,l,four,226,mpfi,3.9,3.4,11.4,237.0,5228.0,30,37,25357.0,Red,1989,1,3.1
V0163,0,242.0,subaru,gas,turbo,four,sedan,fwd,front,99.3,141.6,67.3,55.9,1722,ohc,five,88,2bbl,2.81,2.49,21.5,249.0,4430.0,43,47,22192.0,Grey,1987,5,3.8
V0164,-2,227.0,nissan,gas,std,four,sedan,fwd,front,100.1,148.7,67.1,54.9,3722,ohc,three,74,mfi,3.19,3.56,14.0,122.0,4433.0,39,47,16122.0,Silver,1984,2,3.9
V0165,-3,150.0,toyota,gas,std,two,hatchback,rwd,front,118.2,169.1,70.4,59.0,1636,dohcv,six,314,mpfi,3.59,3.9,11.6,57.0,4187.0,0,31,24068.0,Silver,1990,5,3.1
V0166,-3,153.0,nissan_,gas,std,two,convertible,fwd,front,93.7,188.3,64.1,52.0,2608,ohc,eight,255,spdi,3.09,2.79,19.4,85.0,5339.0,22,27,22961.0,Brown,1990,3,4.0
V0167,3,87.0,mitsubishi,gas,std,four,hatchback,4wd,front,100.2,203.4,63.4,49.7,2920,dohc,two,227,mpfi,3.39,3.165,10.6,166.0,4797.0,31,35,21739.0,Black,1989,1,4.3
V0168,-1,196.0,chevrolet,gas,turbo,two,wagon,fwd,front,110.2,198.8,67.6,52.9,4011,ohc,four,166,idi,3.34,3.19,16.5,91.0,5475.0,29,34,17822.0,Brown,1990,1,1.5
V0169,0,65.0,mazda,gas,std,four,sedan,fwd,front,107.1,187.8,66.6,59.2,3814,ohcv,four,231,idi,2.62,2.26,19.7,170.0,5567.0,28,34,20563.0,Grey,1983,2,2.2
V0170,0,170.0,nissan,gas,std,four,sedan,fwd,front,104.6,160.6,65.5,58.7,3444,ohc,twelve,214,idi,3.27,3.165,7.8,67.0,4334.0,31,34,20321.0,White,1990,5,4.3
V0171,-3,255.0,nissan,gas,std,four,sedan,fwd,front,100.0,192.2,71.3,57.8,2139,ohcf,four,108,mpfi,3.24,3.69,9.4,206.0,6376.0,36,43,18847.0,Grey,1987,3,1.7
V0172,2,253.0,honda,gas,std,four,hatchback,fwd,front,117.4,175.9,68.7,52.3,1835,dohc,eight,262,mpfi,3.33,2.98,22.4,108.0,5344.0,28,33,22147.0,Silver,1987,3,1.9
V0173,3,202.0,mazda,gas,turbo,two,sedan,fwd,front,106.3,201.6,64.9,50.9,2978,ohcv,four,250,2bbl,3.84,2.56,15.6,67.0,4700.0,0,35,20488.0,Blue,1981,5,3.8
V0174,2,180.0,audi,gas,std,four,hatchback,rwd,front,91.8,207.9,66.1,51.3,1839,ohc,twelve,133,mpfi,3.02,3.72,15.3,137.0,6100.0,35,41,35959.0,Silver,1984,1,4.2
V0175,-3,138.0,bmw,gas,std,four,wagon,rwd,front,95.0,151.2,68.5,49.3,2945,dohc,four,131,2bbl,3.24,3.58,17.4,142.0,5389.0,34,40,44395.0,Green,1989,3,1.8
V0176,0,201.0,volkswagen,gas,std,four,sedan,fwd,rear,107.0,156.3,70.8,55.3,2769,ohc,twelve,150,mpfi,3.56,2.56,19.5,202.0,4215.0,30,37,20437.0,White,1990,4,1.2
V0177,3,239.0,mercedes-benz,gas,std,four,sedan,fwd,front,89.3,190.0,65.7,58.8,3769,ohc,four,246,idi,3.46,3.62,9.8,275.0,6220.0,500,32,24068.0,Grey,1990,4,1.2
V0178,-1,162.0,mercedes-benz,gas,std,two,sedan,fwd,front,89.2,155.4,64.3,54.1,1910,ohc,two,305,mpfi,2.99,3.13,10.2,207.0,4199.0,21,27,24068.0,Silver,1981,4,4.4
V0179,3,157.0,mercedes-benz,gas,std,four,hatchback,rwd,front,95.5,144.6,61.3,49.5,1582,dohc,eight,113,mpfi,3.84,2.33,9.3,115.0,4889.0,38,41,38963.0,Brown,1983,4,1.4
V0180,2,111.0,chevrolet,gas,std,four,sedan,rwd,front,114.3,195.6,61.6,52.4,0,ohcv,six,95,2bbl,3.64,2.82,21.5,145.0,5521.0,37,44,14575.0,Red,1987,4,4.4
V0181,0,199.0,bmw,gas,std,two,sedan,4wd,front,89.8,177.5,62.3,54.0,2638,ohc,eight,71,mpfi,2.7,3.53,19.4,150.0,4368.0,44,49,40161.0,Blue,1988,3,4.3
V0182,-2,107.0,nissan,gas,std,four,hardtop,fwd,front,117.7,188.1,71.0,52.9,3325,ohcv,four,63,2bbl,2.76,3.63,15.5,116.0,5441.0,37,42,13305.0,Grey,1981,3,3.8
V0183,3,76.0,mitsubishi,gas,turbo,four,wagon,fwd,front,105.2,195.9,70.5,48.8,2058,ohc,eight,288,idi,2.97,3.08,10.9,187.0,5245.0,29,32,24068.0,White,1984,1,3.0
V0184,-1,82.0,TOYOTA ,gas,turbo,two,hatchback,fwd,front,99.3,207.5,63.9,53.6,2073,ohc,eight,85,4bbl,2.97,2.67,9.9,237.0,6152.0,37,40,45400.0,Green,1986,4,3.3
V0185,-3,153.0,volkswagen,gas,std,two,sedan,rwd,front,87.8,141.6,62.7,58.7,3755,ohc,five,231,spdi,3.15,2.58,19.7,182.0,5784.0,27,35,25259.0,Silver,1984,4,4.5
V0186,1,246.0,audi,gas,turbo,four,sedan,fwd,front,117.9,190.5,66.6,52.7,2356,ohc,six,124,mpfi,3.47,3.02,18.1,203.0,4344.0,42,47,39951.0,White,1984,3,3.3
V0187,3,241.0,toyota,gas,std,four,sedan,fwd,front,107.1,207.0,61.5,54.2,3819,ohc,twelve,227,spfi,3.51,3.49,22.6,225.0,4694.0,26,30,27247.0,Silver,1990,4,1.3
V0188,-1,181.0,nissan,diesel,std,four,sedan,fwd,front,120.7,188.2,69.1,57.4,3182,ohc,eight,324,1bbl,3.24,3.165,23.0,280.0,4189.0,23,30,31527.0,Silver,1988,2,2.8
V0189,0,117.0,audi,gas,std,four,sedan,fwd,rear,96.3,156.7,68.2,48.6,1723,ohc,four,228,spdi,3.12,2.4,8.8,185.0,5863.0,34,42,45007.0,Black,1983,3,2.7
V0190,-1,157.0,porsche,gas,turbo,four,wagon,rwd,front,96.9,194.0,66.9,48.7,2789,dohc,twelve,95,idi,2.76,3.21,13.5,137.0,5056.0,38,46,45400.0,Silver,1989,5,2.9
V0191,2,159.0,subaru,gas,std,two,hatchback,rwd,front,91.6,162.7,63.3,57.9,3096,ohc,eight,198,1bbl,3.07,2.23,19.7,244.0,4531.0,31,38,27058.0,Red,1987,3,3.3
V0192,-2,235.0,nissan,gas,turbo,two,sedan,rwd,front,90.4,204.4,68.6,49.6,1635,l,eight,136,2bbl,2.6,2.84,21.9,268.0,4313.0,40,44,23101.0,White,1988,4,4.9
V0193,-2,201.0,jaguar,gas,std,four,sedan,fwd,front,108.0,153.1,69.3,52.8,1920,ohcv,eight,295,1bbl,3.14,2.29,19.7,188.0,5794.0,29,34,45400.0,Brown,1987,3,4.6
V0194,0,185.0,volkswagen,gas,turbo,four,hardtop,rwd,front,89.8,193.3,68.0,49.8,3891,ohcv,two,108,mpfi,3.21,3.44,18.8,97.0,4382.0,33,36,17228.0,White,1990,5,3.0
V0195,3,209.0,volvo,gas,std,four,sedan,fwd,front,92.6,142.0,71.1,55.7,2638,ohcv,three,164,idi,2.57,2.64,21.0,108.0,5984.0,29,37,31566.0,Green,1986,5,4.8
V0196,3,100.0,honda,gas,std,two,hatchback,fwd,front,102.2,186.9,72.2,49.6,2772,ohc,twelve,64,2bbl,3.87,3.165,11.5,170.0,4382.0,45,53,17327.0,Brown,1983,1,2.8
V0197,2,205.0,nissan,diesel,std,two,sedan,4wd,front,111.3,173.8,69.4,56.1,3498,ohc,four,211,mpfi,3.51,2.71,16.3,169.0,6417.0,31,36,23450.0,Silver,1987,3,2.2
V0198,2,134.0,toyota,gas,std,four,wagon,fwd,front,119.9,169.5,71.1,49.5,3893,dohc,four,216,2bbl,3.75,3.165,8.1,199.0,5689.0,23,26,24976.0,Red,1988,4,3.8
V0199,3,210.0,plymouth,diesel,std,four,sedan,fwd,front,100.3,171.7,70.3,56.1,3446,ohcv,two,146,mpfi,3.51,3.165,22.1,88.0,4574.0,34,41,24068.0,Grey,1982,5,2.5
V0200,-2,239.0,mazda,gas,std,four,sedan,fwd,front,94.3,190.8,65.5,54.1,2275,ohc,four,110,mpfi,3.67,3.95,12.8,152.0,6477.0,43,46,16985.0,Grey,1990,5,3.0
V0201,-2,100.0,nissan_,gas,std,four,hatchback,fwd,front,100.4,184.7,64.9,55.2,3050,rotor,four,160,1bbl,3.24,3.75,18.3,238.0,4165.0,29,34,23799.0,Grey,1990,3,3.0
V0202,3,81.0,mazda,diesel,std,two,hatchback,fwd,rear,109.9,192.6,68.0,54.7,2298,ohc,six,186,spdi,2.72,4.03,12.1,286.0,6323.0,29,37,24115.0,White,1980,1,2.3
V0203,2,170.0,nissan,gas,std,four,sedan,fwd,front,116.7,184.7,62.0,49.3,3817,ohc,six,207,2bbl,3.74,4.0,9.1,141.0,5389.0,0,32,21144.0,Blue,1984,1,3.5
V0204,0,149.0,mercedes-benz,gas,std,four,sedan,rwd,front,92.0,167.9,61.2,52.5,3381,dohc,six,300,1bbl,3.8,3.05,8.4,170.0,4593.0,22,28,45400.0,White,1985,5,2.9
V0205,3,138.0,honda,gas,std,four,hatchback,rwd,front,93.7,199.2,62.7,52.7,1538,dohc,three,193,mpfi,2.67,2.98,9.2,99.0,4556.0,36,41,18010.0,White,1983,4,1.7
V0206,-1,118.0,toyota,gas,turbo,four,convertible,fwd,front,88.1,195.9,62.7,52.3,1839,ohc,four,136,spdi,3.69,2.1,18.1,76.0,5399.0,41,47,13844.0,Grey,1983,2,3.2
V0207,2,94.0,toyota,diesel,std,four,hatchback,rwd,front,109.5,142.4,69.9,56.0,2948,ohc,two,121,mpfi,3.73,3.99,12.8,239.0,4731.0,33,38,19892.0,Green,1984,2,2.6
V0208,-2,128.0,saab,diesel,std,four,sedan,fwd,front,99.2,166.6,70.6,50.1,1781,ohc,three,101,mpfi,3.43,2.7,22.5,216.0,5702.0,38,45,27466.0,Grey,1981,3,2.1
V0209,-1,157.0,porsche,gas,turbo,four,wagon,rwd,front,96.9,194.0,66.9,48.7,2789,dohc,twelve,95,idi,2.76,3.21,13.5,137.0,5056.0,38,46,45400.0,Silver,1989,5,2.9
V0210,3,205.0,honda,gas,std,four,sedan,rwd,front,86.9,193.4,69.8,51.1,3369,dohc,four,96,2bbl,3.55,2.57,13.8,170.0,4544.0,33,36,17707.0,Grey,1987,2,1.3
V0211,1,148.0,volkswagen,gas,turbo,two,hardtop,fwd,front,92.3,155.3,62.6,48.3,1808,dohcv,six,136,idi,2.9,3.165,21.6,65.0,4506.0,40,47,14968.0,Green,1988,4,4.7
V0212,3,160.0,mazda,gas,std,four,hatchback,fwd,front,87.0,155.2,67.3,51.7,3997,l,four,195,mpfi,3.2,3.165,12.9,175.0,5886.0,26,32,24467.0,Silver,1986,3,2.8
V0213,0,241.0,mazda,diesel,std,two,hardtop,rwd,front,97.9,153.0,65.0,50.5,3134,ohc,four,187,1bbl,2.9,4.01,17.9,229.0,5418.0,29,37,23553.0,White,1986,4,2.1
V0214,2,169.0,toyota,gas,std,two,wagon,fwd,front,92.1,148.4,66.8,52.4,1656,ohcv,six,99,1bbl,3.23,2.46,7.4,258.0,5189.0,43,51,19453.0,Green,1987,1,3.3
V0215,1,109.0,chevrolet,gas,std,two,hatchback,rwd,front,92.4,200.3,63.9,49.9,3172,ohc,three,153,1bbl,2.67,4.06,19.7,110.0,5270.0,30,35,17278.0,Blue,1980,5,3.8
V0216,2,113.0,nissan,gas,std,two,hatchback,fwd,front,109.5,186.9,69.5,49.4,2964,ohcv,six,251,mpfi,3.24,3.3,8.4,75.0,4684.0,23,26,22193.0,Black,1987,1,1.3
V0217,-1,150.0,honda,gas,std,four,hatchback,fwd,front,89.0,182.2,64.4,53.1,2020,ohc,twelve,86,mpfi,2.62,2.97,9.9,200.0,6577.0,45,52,17442.0,Green,1990,5,1.3
V0218,0,253.0,nissan_,gas,std,four,sedan,rwd,front,94.9,165.8,-72.0,59.8,2288,ohcv,eight,186,mpfi,3.85,2.12,15.7,170.0,4189.0,34,37,23742.0,Grey,1981,2,3.1
V0219,-3,111.0,mercedes-benz,gas,std,four,wagon,fwd,front,92.7,190.4,63.8,55.7,2072,ohc,two,252,mpfi,3.38,3.3,22.0,87.0,5389.0,31,36,45400.0,Blue,1984,5,2.8
V0220,-1,235.0,mercedes-benz,gas,std,four,hardtop,rwd,front,113.6,161.2,63.6,53.6,1727,ohcv,four,165,1bbl,3.68,2.67,18.8,170.0,5389.0,34,41,41675.0,Grey,1983,2,4.1
V0221,2,220.0,mitsubishi,gas,turbo,two,hatchback,rwd,front,105.1,204.2,61.5,50.4,3669,ohcv,eight,82,1bbl,3.93,4.09,8.0,114.0,5727.0,36,41,13073.0,Brown,1982,3,4.7
V0222,-2,67.0,plymouth,gas,std,two,wagon,rwd,front,99.7,152.0,62.4,50.9,3103,dohc,six,136,spdi,2.8,3.165,11.8,170.0,5987.0,36,42,12843.0,Red,1986,2,1.6
V0223,-1,111.0,nissan,gas,std,four,hatchback,fwd,front,99.4,150.5,60.6,59.3,4002,ohcv,five,119,idi,2.9,2.71,10.6,73.0,4938.0,32,40,15324.0,Blue,1981,2,1.6
V0224,-2,219.0,honda,gas,turbo,four,sedan,fwd,front,95.4,181.6,61.2,57.3,3572,ohc,six,101,1bbl,3.24,2.74,20.4,114.0,5261.0,38,46,16390.0,Grey,1986,1,3.6
V0225,3,209.0,honda,gas,std,four,hatchback,rwd,front,95.6,168.3,63.8,48.2,3910,dohc,twelve,181,mfi,2.66,3.69,22.3,125.0,4228.0,25,30,20617.0,Blue,1986,4,1.1
V0226,0,166.0,jaguar,gas,std,two,hatchback,rwd,front,119.9,182.3,61.4,57.6,3144,rotor,four,258,mpfi,2.77,3.66,14.2,107.0,4417.0,28,31,45400.0,Black,1990,1,1.3
V0227,-1,76.0,audi,gas,std,four,hardtop,fwd,front,118.1,157.1,61.4,47.9,3179,ohcv,five,84,spfi,2.56,3.58,20.0,170.0,4382.0,36,42,26575.0,Silver,1989,2,5.0
V0228,2,96.0,toyota,gas,std,two,sedan,fwd,front,112.3,196.2,67.1,55.8,2357,dohc,twelve,153,2bbl,2.65,3.68,17.8,275.0,5496.0,31,36,24068.0,Red,1989,1,4.3
V0229,3,98.0,toyota,gas,turbo,two,sedan,fwd,front,111.4,151.3,71.5,50.7,1523,ohc,four,200,2bbl,2.57,3.13,7.9,82.0,4834.0,30,36,17226.0,Black,1989,3,3.3
V0230,2,129.0,mazda,gas,std,four,sedan,rwd,front,99.8,172.9,64.0,54.1,3661,ohc,two,170,mfi,3.86,3.82,18.4,263.0,5940.0,34,40,25290.0,Grey,1988,4,3.6
V0231,3,107.0,mercedes-benz,gas,std,two,convertible,fwd,front,93.2,208.1,62.2,51.3,1902,dohc,eight,80,1bbl,3.77,3.37,16.6,87.0,5389.0,40,48,33974.0,Grey,1980,4,2.5
V0232,1,178.0,audi,gas,std,four,hatchback,rwd,front,94.9,178.1,64.4,54.3,50000,ohc,eight,152,mpfi,3.23,3.83,9.2,250.0,5053.0,32,39,44366.0,White,1990,5,1.3
V0233,-1,216.0,honda,gas,std,four,wagon,fwd,front,106.9,149.7,64.7,57.5,3879,ohc,five,235,2bbl,3.14,4.15,13.6,62.0,5150.0,23,27,22002.0,White,1981,3,1.5
V0234,0,123.0,chevrolet,gas,std,four,sedan,rwd,front,111.3,181.0,66.7,52.6,2164,ohcv,four,9999,mpfi,2.78,4.14,16.7,98.0,6473.0,20,28,21506.0,Brown,1987,2,4.4
V0235,3,182.0,chevrolet,gas,std,four,hatchback,rwd,front,113.9,167.7,71.9,57.7,3514,ohc,five,233,2bbl,2.72,3.86,19.6,276.0,4348.0,21,24,26224.0,White,1982,4,2.8
V0236,-2,167.0,dodge,diesel,std,four,hatchback,fwd,front,112.5,157.3,64.1,57.9,2750,ohc,six,278,mpfi,3.6,3.54,20.0,170.0,5654.0,24,32,24068.0,Green,1984,5,3.2
V0237,2,205.0,jaguar,gas,std,four,hatchback,rwd,front,118.2,169.6,61.2,49.3,1543,ohc,three,146,mpfi,3.76,2.31,21.2,174.0,4849.0,42,48,45400.0,Red,1980,3,1.5
V0238,3,175.0,saab,gas,std,four,wagon,fwd,front,89.1,193.2,64.9,51.8,1734,ohc,five,152,2bbl,3.23,4.02,16.8,93.0,5389.0,34,38,25437.0,Black,1990,1,4.7
V0239,-1,115.0,toyota,gas,std,four,wagon,4wd,front,115.4,190.4,61.5,48.6,2775,ohc,twelve,212,mpfi,3.24,3.59,8.4,111.0,4493.0,30,38,20604.0,Green,1981,3,1.9
V0240,3,220.0,volkswagen,gas,std,four,convertible,fwd,front,107.8,173.6,67.0,54.4,3926,ohc,two,315,mpfi,3.03,3.37,16.1,151.0,5389.0,15,22,26892.0,Green,1984,1,2.6
V0241,2,96.0,volvo,gas,turbo,two,hatchback,fwd,front,110.5,186.2,64.4,51.3,1723,dohcv,four,165,4bbl,2.83,3.68,12.7,260.0,6305.0,36,43,41016.0,Red,1983,2,4.2
V0242,-3,117.0,isuzu,gas,std,four,sedan,fwd,front,115.6,154.5,66.3,56.7,2836,ohc,four,140,spfi,2.83,2.48,13.8,226.0,6108.0,32,38,19179.0,Brown,1986,1,1.3
V0243,2,244.0,toyota,gas,std,four,wagon,fwd,front,90.1,148.8,63.3,55.8,2775,ohc,twelve,287,4bbl,2.77,3.42,16.5,284.0,4181.0,25,30,24068.0,Brown,1985,4,3.2
V0244,2,181.0,toyota,gas,std,two,hatchback,fwd,front,119.3,158.5,69.4,59.5,3960,l,two,179,mpfi,2.65,3.165,21.8,136.0,5614.0,29,37,20383.0,Grey,1986,2,2.9
V0245,-1,167.0,toyota,gas,turbo,four,hardtop,fwd,front,107.5,159.9,65.0,50.0,2867,ohcv,three,142,mpfi,2.73,4.16,17.0,107.0,5389.0,33,36,16478.0,Blue,1981,2,1.8
V0246,3,136.0,alfa-romero,diesel,turbo,four,sedan,fwd,front,113.9,153.9,64.8,52.3,3943,ohc,two,84,idi,3.36,3.86,11.7,86.0,5492.0,35,38,22000.0,Green,1988,5,4.5
V0247,1,218.0,toyota,gas,std,two,convertible,fwd,front,107.9,163.7,67.5,52.1,2398,l,six,132,2bbl,2.86,2.66,21.6,83.0,5932.0,39,43,17089.0,White,1982,1,2.9
V0248,0,254.0,peugot,gas,std,four,sedan,fwd,front,87.4,152.2,71.2,51.1,2725,ohc,four,110,2bbl,3.45,3.9,18.2,118.0,4265.0,40,46,14205.0,Red,1981,5,1.5
V0249,-2,175.0,audi,gas,std,four,hardtop,4wd,front,116.2,199.1,61.4,58.2,3316,ohc,three,203,2bbl,3.28,3.44,15.2,98.0,4604.0,32,35,39168.0,Red,1980,2,3.8
V0250,3,163.0,nissan,diesel,std,two,sedan,fwd,front,107.7,202.7,69.6,53.4,3914,ohc,five,105,mpfi,3.17,3.65,16.1,219.0,5702.0,35,38,24068.0,Black,1983,3,4.2
V0251,-1,251.0,volvo,diesel,std,four,sedan,fwd,front,92.5,151.7,68.3,51.7,3603,dohcv,two,274,idi,2.92,4.03,14.6,267.0,5393.0,23,27,45400.0,Silver,1985,4,2.2
V0252,-1,99.0,toyota,diesel,turbo,four,sedan,fwd,front,89.4,182.5,69.1,49.0,50000,rotor,twelve,256,spfi,3.07,3.36,7.3,277.0,6306.0,22,26,29999.0,Green,1981,4,3.1
V0253,-3,163.0,volkswagen,gas,std,four,hatchback,rwd,front,-96.6,205.9,61.0,57.5,2113,l,four,176,1bbl,2.61,3.89,9.9,172.0,5754.0,34,42,19782.0,Red,1986,4,5.0
V0254,3,73.0,toyota,gas,std,two,sedan,rwd,front,94.8,189.4,68.2,-54.3,3075,ohc,two,139,1bbl,2.99,3.42,8.8,181.0,4423.0,30,34,19281.0,Black,1987,2,1.4
V0255,2,163.0,honda,gas,std,two,hatchback,rwd,front,96.6,201.9,60.9,54.7,3215,dohc,six,116,mfi,2.87,3.05,9.3,170.0,5678.0,32,38,20086.0,Grey,1981,4,1.7
V0256,3,225.0,toyota,diesel,std,four,hatchback,fwd,front,91.8,198.5,62.4,49.3,2754,ohc,six,160,mpfi,2.58,2.7,22.5,225.0,4655.0,32,38,22945.0,Grey,1987,2,4.6
V0257,0,110.0,honda,gas,turbo,four,wagon,rwd,front,89.2,149.6,67.6,59.3,1966,ohc,eight,117,2bbl,3.37,3.29,15.5,111.0,6366.0,39,44,16928.0,Grey,1980,2,3.8
V0258,0,71.0,audi,gas,std,four,hatchback,4wd,front,118.8,150.7,62.7,55.4,2591,dohcv,two,159,1bbl,3.33,3.43,15.2,89.0,5869.0,32,37,34961.0,Brown,1983,1,2.1
V0259,2,202.0,chevrolet,gas,std,four,hatchback,fwd,front,117.5,177.7,72.0,48.8,3000,dohc,three,323,2bbl,3.78,3.71,14.2,85.0,4608.0,17,23,21010.0,Blue,1989,3,4.7
V0260,-2,221.0,volvo,diesel,std,four,sedan,rwd,front,116.6,180.9,63.0,58.9,2815,ohcf,eight,239,mfi,2.81,2.77,17.8,119.0,5230.0,29,37,41108.0,Brown,1982,3,1.8
V0261,-2,65.0,mazda,gas,std,two,hatchback,rwd,front,104.0,155.0,68.4,59.2,2976,l,five,293,mpfi,3.61,3.33,18.5,141.0,5389.0,19,22,26698.0,Silver,1990,3,3.2
V0262,2,129.0,saab,gas,std,four,hardtop,fwd,front,97.4,184.9,68.8,55.1,3107,ohc,six,246,1bbl,3.27,3.165,9.7,266.0,4244.0,23,31,41259.0,Brown,1981,2,1.7
V0263,1,92.0,isuzu,gas,std,four,convertible,fwd,front,108.5,170.7,71.7,55.5,2101,ohcv,four,324,spfi,3.53,3.165,11.6,65.0,6303.0,21,25,21403.0,Grey,1983,1,1.5
V0264,-2,244.0,chevrolet,gas,std,four,sedan,fwd,front,90.7,194.0,60.4,48.3,3434,dohc,four,106,mpfi,3.24,3.51,12.4,242.0,4395.0,0,37,20028.0,Blue,1981,2,3.0
V0265,-2,171.0,jaguar,gas,turbo,four,sedan,fwd,front,86.6,204.8,61.6,57.5,3192,ohcv,two,150,1bbl,2.68,2.46,15.2,76.0,5775.0,37,45,45400.0,Silver,1980,3,2.6
V0266,0,105.0,volkswagen,gas,std,four,sedan,rwd,front,106.6,141.6,68.7,54.8,2995,dohc,five,264,mpfi,3.29,3.99,18.9,120.0,5238.0,28,33,24068.0,Green,1989,3,2.3
V0267,0,194.0,toyota,diesel,std,four,wagon,rwd,rear,110.6,168.2,69.8,50.6,4004,l,four,107,mpfi,3.0,3.79,21.1,118.0,6192.0,36,41,16284.0,Green,1989,4,4.4
V0268,-3,145.0,plymouth,gas,std,two,convertible,rwd,front,117.0,167.7,70.4,57.9,-100,ohc,three,122,2bbl,3.7,4.06,21.9,112.0,6183.0,34,38,14873.0,Silver,1989,4,4.2
V0269,0,76.0,audi,gas,std,two,sedan,fwd,front,118.1,157.4,60.8,58.4,3050,ohcf,twelve,258,mpfi,3.55,2.12,0.0,245.0,5685.0,29,36,45400.0,Silver,1990,2,2.3
V0270,1,68.0,toyota,gas,turbo,four,sedan,fwd,front,100.1,166.0,70.7,56.3,2408,dohcv,four,289,2bbl,2.68,3.36,21.8,199.0,5251.0,27,30,27537.0,Silver,1988,2,2.7
V0271,-1,72.0,toyota,gas,std,two,wagon,fwd,front,93.1,204.4,69.0,58.7,4028,ohcv,three,105,spfi,2.77,2.79,15.4,224.0,6340.0,33,39,21873.0,Silver,1986,4,1.4
V0272,-2,187.0,mazda,gas,std,four,sedan,fwd,front,99.8,179.0,62.6,53.0,2533,ohcv,three,239,2bbl,3.24,3.52,18.1,214.0,5728.0,30,38,24781.0,White,1985,1,3.8
V0273,-1,94.0,plymouth,gas,std,four,sedan,rwd,front,108.5,181.1,67.6,54.8,2913,ohc,six,149,idi,3.24,2.69,16.8,69.0,4698.0,35,38,13459.0,Black,1982,5,2.6
V0274,2,159.0,toyota,gas,std,two,sedan,fwd,front,94.3,181.6,61.3,48.5,1726,dohc,four,235,2bbl,3.07,2.46,12.4,231.0,5300.0,-5,37,25645.0,Silver,1989,3,1.0
V0275,1,149.0,toyota,gas,std,four,sedan,rwd,front,119.5,202.0,69.2,47.8,3698,ohcv,four,209,mpfi,3.16,3.97,7.3,176.0,5389.0,30,37,24477.0,White,1987,1,4.2
V0276,2,186.0,toyota,gas,turbo,four,hardtop,rwd,front,114.2,187.7,65.9,54.5,1985,ohc,five,223,mfi,3.79,3.36,18.5,177.0,5897.0,35,41,21969.0,Red,1983,3,4.1
V0277,-3,186.0,nissan,diesel,std,four,sedan,fwd,front,98.7,197.0,60.9,49.5,2648,ohcv,eight,140,mfi,3.54,2.37,18.7,158.0,6547.0,32,37,18344.0,Brown,1983,4,2.7
V0278,0,207.0,volkswagen,diesel,std,four,hatchback,rwd,front,98.4,174.1,67.1,58.1,2048,ohc,five,210,1bbl,2.61,2.12,10.7,204.0,6319.0,30,33,22926.0,Grey,1982,2,1.8
V0279,2,116.0,nissan,gas,turbo,four,hardtop,rwd,front,107.8,171.8,61.9,47.9,3108,ohc,two,229,2bbl,3.14,3.8,17.4,200.0,5389.0,27,32,24068.0,Red,1982,4,4.9
V0280,-3,172.0,isuzu,gas,std,four,sedan,fwd,front,96.7,149.6,71.4,59.6,2042,dohc,four,190,mpfi,2.93,4.14,17.5,235.0,4689.0,37,45,18846.0,Brown,1985,5,3.4
V0281,-2,219.0,volkswagen,gas,std,four,hatchback,fwd,front,91.1,142.2,66.6,58.7,3207,l,two,151,2bbl,3.4,2.15,19.5,176.0,4631.0,30,36,21720.0,Blue,1980,4,3.1
V0282,0,168.0,bmw,gas,std,four,hatchback,fwd,front,87.7,192.3,60.5,51.0,3179,ohc,two,164,idi,2.63,4.02,22.8,269.0,6156.0,33,39,45400.0,Green,1989,4,3.9
V0283,1,175.0,honda,gas,std,four,sedan,fwd,front,117.0,149.2,71.5,50.0,2239,ohc,five,304,4bbl,3.44,3.7,16.8,245.0,6246.0,26,33,30196.0,Silver,1988,3,3.7
V0284,0,148.0,toyota,gas,std,two,sedan,fwd,front,94.9,150.7,61.3,48.9,2207,ohc,twelve,279,mpfi,2.67,2.13,21.5,184.0,5682.0,22,28,26018.0,Black,1984,3,2.5
V0285,0,90.0,subaru,gas,std,four,wagon,rwd,front,92.7,146.3,66.3,51.4,2078,ohc,four,170,mpfi,2.68,3.19,16.9,57.0,4938.0,35,41,24068.0,Grey,1983,1,2.9
V0286,-3,163.0,honda,gas,std,four,hardtop,rwd,front,90.0,163.3,65.9,49.1,1953,ohcv,four,154,2bbl,3.82,2.61,22.4,132.0,5874.0,32,35,19209.0,Silver,1989,2,1.9
V0287,-2,126.0,volkswagen,diesel,std,four,hatchback,fwd,front,96.3,167.5,64.4,49.8,3424,ohcv,six,321,mpfi,3.45,3.78,13.7,286.0,5113.0,19,27,32031.0,Red,1982,1,1.3
V0288,3,226.0,volkswagen,gas,std,four,wagon,fwd,front,113.9,199.7,70.1,50.5,3309,ohc,four,281,2bbl,2.99,2.47,14.5,76.0,5291.0,18,26,21643.0,Grey,1982,4,4.7
V0289,-3,132.0,mercedes-benz,gas,turbo,four,hatchback,fwd,front,114.6,150.4,71.7,59.1,3613,ohc,four,111,mpfi,3.24,3.6,18.6,61.0,6394.0,34,38,36205.0,Green,1987,5,4.2
V0290,0,107.0,nissan,gas,std,two,sedan,rwd,front,88.9,166.4,60.3,53.3,3494,dohc,six,267,spdi,3.19,3.43,15.3,249.0,6515.0,25,30,24068.0,Blue,1987,2,4.2
V0291,1,140.0,mazda,diesel,turbo,two,sedan,rwd,front,-114.2,155.7,69.2,48.8,3065,dohc,six,99,mpfi,3.07,3.0,11.6,110.0,5968.0,33,41,14741.0,Brown,1985,2,3.7
V0292,0,255.0,porsche,gas,std,four,hardtop,rwd,front,106.6,170.4,67.0,58.3,3496,ohc,three,239,idi,2.72,3.16,8.8,199.0,4360.0,23,27,45400.0,Blue,1988,5,3.6
V0293,0,215.0,mercedes-benz,gas,std,four,sedan,rwd,rear,115.5,141.9,69.6,55.5,3062,ohc,eight,102,2bbl,2.8,2.96,20.3,112.0,5387.0,41,48,24068.0,Silver,1986,1,1.4
V0294,-3,171.0,honda,gas,std,four,sedan,fwd,front,88.3,203.9,68.7,50.4,2025,ohc,six,244,spdi,2.72,3.91,10.9,231.0,4944.0,25,29,26246.0,Silver,1980,4,2.0
V0295,1,125.0,chevrolet,gas,std,four,hatchback,fwd,front,90.2,157.0,70.4,54.0,3296,ohc,eight,132,mpfi,3.24,2.34,18.1,112.0,4687.0,32,35,16302.0,Grey,1984,3,3.8
V0296,-2,153.0,nissan,diesel,std,four,sedan,fwd,front,118.4,141.8,67.2,51.4,2305,ohcf,six,79,1bbl,2.92,3.165,12.9,179.0,5888.0,43,51,16565.0,Grey,1988,2,3.0
V0297,3,181.0,mitsubishi,gas,std,four,sedan,fwd,front,114.9,174.7,62.8,51.8,3556,ohc,six,161,2bbl,3.87,3.75,14.3,232.0,6570.0,35,40,21594.0,White,1985,1,2.6
V0298,2,189.0,dodge,gas,std,two,hardtop,4wd,front,112.3,141.3,61.1,54.5,2342,ohcv,four,195,1bbl,3.42,3.165,12.6,183.0,4887.0,32,36,19544.0,Red,1990,4,3.4
V0299,1,105.0,mazda,gas,turbo,four,sedan,4wd,front,93.1,181.6,66.3,59.3,3333,ohc,five,236,spfi,2.66,3.43,7.6,229.0,5943.0,29,36,26942.0,Silver,1984,4,2.6
V0300,-2,175.0,audi,gas,std,four,hardtop,4wd,front,116.2,199.1,61.4,58.2,3316,ohc,three,203,2bbl,3.28,3.44,15.2,98.0,4604.0,32,35,39168.0,Red,1980,2,3.8
V0301,2,178.0,mitsubishi,diesel,turbo,four,sedan,rwd,front,94.2,193.4,69.6,53.0,3797,dohc,twelve,269,1bbl,2.57,3.24,9.5,211.0,4632.0,25,31,23399.0,Black,1983,3,3.2
V0302,-3,119.0,audi,gas,std,four,sedan,rwd,front,115.4,146.5,70.7,48.5,2610,ohc,four,151,mpfi,3.63,2.86,19.9,110.0,6445.0,38,45,36476.0,Grey,1984,3,4.5
V0303,-2,118.0,bmw,diesel,std,two,hatchback,fwd,front,103.6,206.1,61.0,52.8,3845,ohcv,four,84,mpfi,3.24,3.38,20.4,200.0,4440.0,35,42,45400.0,Red,1983,3,3.9
V0304,3,100.0,nissan_,gas,turbo,four,hatchback,fwd,front,87.0,190.1,71.7,49.4,2699,ohc,twelve,69,2bbl,2.97,3.55,20.7,239.0,6540.0,37,43,37657.0,Green,1986,2,4.2
V0305,1,186.0,audi,gas,turbo,two,hatchback,rwd,front,118.3,153.5,61.1,51.0,1680,ohcf,five,190,idi,2.71,3.24,0.0,49.0,5221.0,34,42,24068.0,Red,1983,5,1.8
V0306,-1,132.0,porsche,gas,std,four,sedan,fwd,front,97.6,181.8,64.4,59.4,3053,ohc,six,166,spdi,3.55,2.79,13.7,99.0,4377.0,31,38,45400.0,Green,1988,5,4.6
V0307,0,163.0,audi,gas,std,two,wagon,rwd,front,90.6,202.2,63.4,50.7,3772,ohc,two,176,2bbl,2.6,3.66,22.2,270.0,4713.0,33,38,45400.0,Grey,1980,5,4.1
V0308,3,181.0,volvo,gas,std,two,sedan,fwd,front,115.5,165.2,65.3,51.3,2002,ohc,four,69,mpfi,3.78,3.45,200.0,170.0,4496.0,41,49,24068.0,Brown,1989,4,3.5
V0309,3,244.0,mercedes-benz,gas,std,two,hatchback,rwd,front,87.4,179.5,67.2,51.1,1875,ohcv,four,308,spfi,3.52,2.7,9.0,131.0,4410.0,28,32,45400.0,White,1988,5,4.1
V0310,-1,96.0,honda,gas,std,two,sedan,fwd,front,91.4,168.0,69.0,54.8,2109,ohc,four,202,idi,2.56,3.165,12.0,74.0,6079.0,-5,39,18662.0,Blue,1989,4,1.6
V0311,-3,186.0,saab,gas,std,four,wagon,rwd,front,97.2,184.3,69.5,53.4,2404,ohc,five,193,4bbl,3.09,3.54,17.6,249.0,5480.0,35,41,35107.0,White,1987,4,4.4
V0312,1,134.0,honda,gas,std,four,sedan,fwd,front,113.0,201.3,63.9,51.0,0,ohc,two,76,spdi,3.84,2.44,8.8,233.0,5111.0,44,51,19781.0,Silver,1989,4,1.3
V0313,-3,249.0,nissan,diesel,std,four,sedan,fwd,rear,95.6,194.3,62.8,57.0,3729,dohc,three,239,idi,2.78,3.12,8.4,138.0,6354.0,23,28,24068.0,White,1986,3,3.5
V0314,-1,129.0,volvo,gas,std,four,sedan,rwd,front,100.3,186.5,69.0,54.1,2747,ohc,four,185,spdi,3.6,2.34,18.6,264.0,6314.0,33,37,43498.0,White,1980,4,2.2
V0315,-1,235.0,saab,gas,std,two,convertible,fwd,rear,87.2,160.8,62.2,48.9,3781,rotor,eight,230,mpfi,3.24,3.165,8.1,93.0,5490.0,26,33,31017.0,Green,1986,1,4.5
V0316,-3,169.0,plymouth,gas,std,two,hatchback,fwd,front,99.6,149.3,65.3,57.4,3583,ohc,six,0,2bbl,3.24,3.72,13.0,58.0,6413.0,33,41,12125.0,Black,1986,5,4.4
V0317,-2,254.0,nissan,gas,turbo,four,sedan,fwd,front,92.4,190.7,61.5,57.3,1599,ohc,six,113,mpfi,2.9,3.62,16.1,52.0,4540.0,43,49,12707.0,Blue,1982,2,4.4
V0318,2,163.0,mercedes-benz,gas,std,four,hatchback,rwd,front,102.7,174.6,63.8,49.6,3050,l,five,220,2bbl,3.31,3.83,21.9,285.0,4775.0,27,31,45400.0,Black,1987,1,2.8
V0319,1,157.0,jaguar,gas,std,two,wagon,fwd,front,116.0,198.4,67.9,51.5,2888,ohcf,two,179,mpfi,3.43,3.0,16.4,48.0,5418.0,32,38,45400.0,Red,1989,3,4.2
V0320,3,182.0,mitsubishi,gas,std,two,sedan,rwd,front,109.5,158.8,66.8,50.1,2132,ohcf,five,215,idi,3.78,2.52,20.0,170.0,6470.0,33,37,24068.0,Black,1990,1,1.1
V0321,-1,195.0,bmw,gas,std,two,sedan,fwd,front,116.8,173.6,60.6,55.4,2468,ohcv,six,68,2bbl,2.67,4.15,21.6,166.0,4631.0,40,46,41046.0,Grey,1986,4,4.9
V0322,-2,157.0,honda,gas,std,four,hatchback,fwd,front,98.0,194.8,68.1,50.8,3202,dohc,eight,313,2bbl,3.69,2.88,16.3,170.0,6308.0,19,27,25928.0,White,1980,3,3.2
V0323,-2,173.0,nissan,gas,std,four,hatchback,fwd,front,116.3,151.3,69.6,50.3,2231,ohc,eight,81,idi,3.3,4.07,12.2,128.0,5092.0,40,44,14649.0,Brown,1983,2,4.1
V0324,2,219.0,toyota,diesel,turbo,two,hardtop,fwd,front,115.9,155.1,60.9,53.1,2301,ohc,six,124,mpfi,2.79,3.99,18.6,79.0,4817.0,37,40,15688.0,Silver,1985,4,1.8
V0325,-1,68.0,honda,gas,turbo,four,hatchback,4wd,front,118.9,154.4,67.4,57.8,2482,ohc,three,122,idi,3.33,2.16,15.5,217.0,5667.0,34,41,21222.0,Green,1987,1,2.7
V0326,-2,193.0,honda,diesel,std,four,sedan,fwd,front,91.4,148.7,67.2,59.0,1590,dohc,eight,248,idi,3.24,3.165,20.5,202.0,5099.0,29,34,25235.0,Green,1983,5,3.6
V0327,2,203.0,volkswagen,gas,turbo,two,sedan,rwd,front,102.8,152.1,68.2,52.3,3744,dohc,six,238,2bbl,3.35,2.85,22.7,244.0,5347.0,22,30,27770.0,Red,1986,1,3.4
V0328,3,183.0,audi,diesel,std,four,sedan,4wd,front,116.8,192.3,64.6,58.0,3626,dohc,five,156,2bbl,2.96,2.24,20.7,242.0,6491.0,32,36,45400.0,Silver,1988,3,4.9
V0329,0,89.0,toyota,gas,std,two,hardtop,rwd,front,109.7,198.0,69.1,50.5,2253,ohc,two,93,2bbl,3.24,3.165,18.8,227.0,4231.0,42,48,19451.0,Grey,1986,3,4.3
V0330,-1,146.0,nissan,gas,std,four,wagon,fwd,front,87.0,163.1,65.9,57.3,2440,dohc,six,169,2bbl,2.68,2.65,16.7,170.0,4456.0,36,44,24429.0,Black,1980,4,3.0
V0331,3,144.0,audi,gas,std,four,sedan,rwd,front,104.5,168.8,67.0,50.4,3176,ohc,eight,203,mfi,3.61,2.94,18.7,207.0,6258.0,33,27,45400.0,Green,1981,2,4.6
V0332,3,186.0,isuzu,gas,turbo,two,sedan,rwd,front,92.3,160.5,68.5,57.4,3008,dohc,four,297,mpfi,3.24,3.64,22.9,285.0,4704.0,20,27,24068.0,White,1986,2,1.6
V0333,1,252.0,nissan,gas,std,four,sedan,rwd,front,89.8,178.9,62.9,48.4,1491,ohc,five,210,2bbl,3.21,3.72,15.5,170.0,4395.0,37,40,22869.0,Blue,1990,1,2.1
V0334,1,249.0,volkswagen,gas,std,two,hatchback,rwd,front,120.1,149.9,64.7,54.5,2795,ohc,four,291,mpfi,2.68,2.68,13.1,205.0,5862.0,22,26,27347.0,Silver,1982,4,5.0
V0335,0,186.0,audi,gas,std,two,hatchback,rwd,front,99.9,149.3,63.1,58.4,3975,ohc,two,296,2bbl,3.88,2.86,14.5,245.0,4910.0,18,26,45400.0,Green,1981,5,2.1
V0336,1,193.0,nissan,gas,turbo,four,hatchback,rwd,front,105.0,207.5,63.9,47.9,3875,ohc,six,90,2bbl,3.92,3.165,20.4,220.0,4153.0,32,38,19077.0,Brown,1987,4,3.6
V0337,3,120.0,mazda,diesel,std,four,hatchback,fwd,front,118.2,149.9,67.6,58.0,1885,ohc,four,117,2bbl,3.24,2.4,19.4,236.0,5792.0,43,49,19974.0,Red,1989,3,2.3
V0338,3,78.0,dodge,gas,std,four,hatchback,fwd,front,96.9,185.5,71.6,49.4,1960,l,three,140,mpfi,3.39,3.58,-1.0,210.0,5231.0,41,47,17724.0,White,1986,3,1.2
V0339,2,127.0,honda,gas,std,four,hatchback,fwd,front,87.6,197.5,67.5,58.2,3457,ohcv,four,103,idi,2.81,2.88,8.5,63.0,5113.0,40,45,14412.0,Grey,1981,5,3.0
V0340,3,155.0,volkswagen,gas,std,two,hatchback,fwd,front,114.6,173.0,70.5,54.1,2463,ohcv,six,223,mpfi,3.88,2.63,20.5,226.0,5389.0,29,32,23559.0,Black,1986,5,3.1
V0341,-1,84.0,mitsubishi,gas,std,four,hatchback,fwd,front,92.9,179.2,65.0,59.1,2469,l,four,210,1bbl,3.24,3.6,21.4,280.0,6171.0,32,39,22598.0,Green,1988,3,2.6
V0342,-1,193.0,toyota,gas,std,four,sedan,fwd,front,109.4,158.9,65.4,54.4,2009,ohc,three,265,2bbl,3.83,3.84,13.2,76.0,4591.0,23,27,20329.0,White,1990,2,1.2
V0343,-3,163.0,volvo,gas,std,four,sedan,fwd,front,104.6,144.4,71.7,57.5,3978,ohcv,four,163,1bbl,3.58,4.12,16.6,87.0,4666.0,32,35,32032.0,Silver,1980,4,4.7
V0344,1,137.0,audi,gas,std,two,sedan,4wd,front,91.6,194.6,63.6,49.0,2398,ohc,four,124,mpfi,3.56,2.71,20.1,170.0,4541.0,41,46,38475.0,Blue,1989,1,4.6
V0345,0,134.0,mercedes-benz,gas,std,four,wagon,fwd,front,101.0,205.9,70.7,56.0,3888,dohc,five,139,2bbl,2.93,3.61,16.7,87.0,4745.0,33,38,42459.0,White,1989,2,2.3
V0346,-1,127.0,honda,gas,std,two,wagon,rwd,front,120.4,178.1,68.0,49.5,2584,ohcv,eight,111,mpfi,3.46,3.75,18.9,53.0,4407.0,35,39,13575.0,Green,1990,5,4.4
V0347,1,79.0,plymouth,diesel,turbo,four,wagon,fwd,front,104.2,181.3,71.2,52.5,1713,ohc,twelve,259,2bbl,2.65,3.47,20.0,133.0,4254.0,25,28,19314.0,Blue,1984,1,2.2
V0348,3,168.0,dodge,gas,std,two,sedan,fwd,front,115.6,196.3,66.9,58.5,3774,dohc,two,154,1bbl,3.89,3.11,19.7,209.0,5930.0,31,38,19594.0,Red,1985,4,4.0
V0349,3,135.0,chevrolet,gas,std,two,sedan,fwd,rear,109.4,196.3,61.2,55.0,3936,dohc,eight,265,idi,3.93,2.25,8.6,275.0,5453.0,25,29,24068.0,Red,1981,3,3.9
V0350,3,94.0,porsche,gas,turbo,four,sedan,rwd,front,102.3,154.5,68.6,49.3,1849,dohc,three,185,spfi,3.52,3.03,12.8,120.0,6108.0,33,39,45400.0,Silver,1990,5,1.5
V0351,2,130.0,mitsubishi,gas,std,four,sedan,fwd,front,108.3,171.3,62.2,51.4,2219,dohc,two,77,mpfi,3.02,2.8,22.9,201.0,6388.0,38,42,16184.0,Brown,1983,5,1.1
V0352,1,86.0,mitsubishi,gas,std,four,sedan,rwd,front,101.2,208.1,65.0,48.3,1582,ohcf,five,324,mpfi,2.85,2.98,21.2,233.0,5150.0,27,30,24993.0,Silver,1990,5,3.2
V0353,1,213.0,plymouth,gas,std,four,sedan,fwd,front,93.1,178.6,60.3,53.7,2364,ohc,four,275,mpfi,2.73,3.87,21.0,115.0,5211.0,25,31,18772.0,Black,1985,2,4.7
V0354,2,95.0,volkswagen,gas,turbo,four,sedan,rwd,front,104.6,207.8,64.5,49.4,3792,ohc,three,315,2bbl,3.24,3.35,18.3,97.0,4156.0,15,18,26007.0,Grey,1983,5,5.0
V0355,0,122.0,nissan,gas,std,four,sedan,rwd,front,106.6,149.1,64.1,49.6,3880,l,twelve,272,1bbl,3.24,3.17,10.8,170.0,6157.0,21,26,27787.0,White,1984,1,2.4
V0356,3,136.0,  audi,gas,std,four,hatchback,rwd,front,98.4,167.9,62.6,48.3,2514,ohc,twelve,228,1bbl,3.19,3.04,8.3,216.0,5142.0,32,36,25259.0,Green,1982,1,3.4
V0357,-2,131.0,nissan,gas,std,four,sedan,rwd,front,98.7,195.7,63.8,55.5,2033,dohc,three,198,idi,3.7,3.165,22.0,187.0,6495.0,30,35,22239.0,White,1990,3,1.7
V0358,0,240.0,mercedes-benz,gas,turbo,two,sedan,fwd,front,110.3,160.9,69.3,48.2,3341,ohc,five,175,1bbl,3.33,2.57,19.5,252.0,5328.0,26,32,45400.0,Silver,1988,1,1.1
V0359,0,120.0,saab,diesel,std,four,hatchback,fwd,front,111.7,184.8,71.4,50.2,3956,ohc,six,103,mpfi,2.61,3.165,20.7,84.0,5389.0,34,42,23297.0,Brown,1980,3,4.0
V0360,0,135.0,saab,gas,std,four,hatchback,rwd,front,94.5,149.9,70.1,59.8,3929,ohc,four,96,1bbl,3.06,3.28,10.0,187.0,4732.0,37,43,27056.0,Black,1985,2,1.3
V0361,0,86.0,alfa-romero,diesel,turbo,two,wagon,rwd,front,110.0,192.2,71.8,57.0,1556,dohc,four,171,mpfi,2.62,3.73,15.1,208.0,6202.0,38,44,31081.0,Grey,1988,5,1.6
V0362,-1,113.0,subaru,gas,std,four,hatchback,fwd,front,117.5,204.7,64.1,56.3,2064,dohc,four,86,mpfi,3.67,3.165,17.6,172.0,5944.0,41,44,18602.0,Brown,1984,2,4.4
V0363,-2,247.0,mercedes-benz,gas,std,four,sedan,rwd,front,119.9,190.4,68.4,50.6,3472,ohc,two,102,mpfi,3.85,4.05,14.6,216.0,4561.0,38,43,45400.0,Black,1988,5,4.1
V0364,1,95.0,porsche,gas,std,four,hatchback,4wd,rear,94.0,171.4,66.8,55.9,2841,ohc,three,321,4bbl,2.74,3.2,17.9,128.0,4177.0,16,24,45400.0,Green,1981,5,1.3
V0365,-2,160.0,toyota,gas,std,four,sedan,fwd,front,116.7,173.7,64.9,52.7,3156,ohc,six,253,4bbl,3.05,4.12,9.2,146.0,5389.0,29,34,24068.0,Red,1988,4,1.0
V0366,1,141.0,mazda,gas,std,four,sedan,fwd,front,99.7,186.9,66.3,54.8,2439,ohc,four,191,1bbl,3.8,3.05,11.6,187.0,4797.0,29,35,22006.0,Grey,1986,3,2.8
V0367,-2,110.0,dodge,gas,turbo,two,sedan,fwd,front,94.3,-200.0,64.9,58.4,1948,ohc,twelve,175,mpfi,3.88,2.82,16.9,78.0,5626.0,32,35,16423.0,Red,1985,5,1.7
V0368,2,240.0,toyota,gas,std,four,hatchback,rwd,front,90.1,167.2,67.2,48.3,2150,ohc,four,229,idi,2.9,2.97,11.8,198.0,4491.0,32,35,23777.0,Green,1989,1,2.5
V0369,3,227.0,peugot,gas,std,four,sedan,rwd,front,115.0,168.3,69.3,48.3,2800,ohcv,four,252,2bbl,3.39,3.89,19.0,80.0,6113.0,30,36,21457.0,Black,1989,5,2.2
V0370,2,204.0,volvo,diesel,std,four,wagon,4wd,front,97.0,174.4,62.4,58.5,2149,ohc,three,319,1bbl,2.63,3.15,15.0,84.0,4677.0,22,28,43878.0,Grey,1980,3,3.6
V0371,2,163.0,volkswagen,gas,std,four,wagon,4wd,front,90.4,181.6,64.3,58.8,2140,ohc,three,96,mpfi,3.24,3.49,20.9,168.0,5728.0,37,43,16477.0,White,1989,5,3.9
V0372,0,110.0,mitsubishi,diesel,std,four,sedan,fwd,front,104.0,-188.5,69.1,48.9,2934,ohcf,twelve,84,spfi,3.42,3.46,13.1,150.0,6430.0,43,47,14796.0,Blue,1980,4,4.8
V0373,-1,133.0,volkswagen,gas,std,four,sedan,rwd,front,111.0,169.7,61.7,54.8,3432,ohc,six,283,mpfi,3.1,3.69,13.5,170.0,5696.0,26,30,24068.0,White,1989,3,1.6
V0374,2,92.0,jaguar,diesel,std,four,wagon,rwd,front,96.7,150.8,70.5,59.5,3212,ohc,five,89,1bbl,2.7,3.53,9.3,235.0,4257.0,40,45,24068.0,Grey,1981,4,4.3
V0375,-2,252.0,mercedes-benz,gas,std,two,sedan,rwd,front,103.5,170.1,68.5,55.6,1942,ohc,four,79,2bbl,2.87,3.19,11.4,273.0,5807.0,44,50,45400.0,Green,1984,4,1.8
V0376,3,144.0,mercedes-benz,gas,std,four,wagon,fwd,front,114.7,199.8,70.6,48.7,3554,ohcv,three,273,mpfi,3.58,3.21,21.7,72.0,6559.0,24,28,45400.0,Green,1986,5,4.0
V0377,-2,156.0,porsche,gas,turbo,two,sedan,fwd,front,90.7,165.1,69.5,53.2,3385,ohc,four,141,idi,2.97,3.55,16.7,170.0,5492.0,31,34,45400.0,Red,1980,3,2.0
V0378,-2,81.0,toyota,gas,std,four,wagon,fwd,front,105.5,158.9,70.8,52.9,2355,ohcf,three,163,1bbl,3.1,3.48,13.0,170.0,6269.0,37,40,23464.0,Silver,1989,5,1.9
V0379,1,137.0,toyota,gas,std,four,sedan,fwd,front,106.6,198.8,61.6,58.4,2285,dohc,two,294,spfi,2.89,2.93,11.3,209.0,4873.0,25,32,24068.0,Brown,1984,3,4.5
V0380,-2,180.0,honda,gas,std,four,sedan,fwd,front,108.7,175.2,66.3,53.4,2806,ohcv,eight,308,1bbl,3.23,2.63,13.4,283.0,6541.0,17,21,30408.0,Green,1986,2,2.2
V0381,0,253.0,porsche,gas,std,four,hatchback,4wd,front,104.9,205.5,61.3,53.3,2675,dohc,four,81,mfi,3.47,2.7,13.2,75.0,5621.0,43,46,41321.0,Black,1980,2,1.1
V0382,-1,82.0,dodge,gas,std,four,hatchback,rwd,front,88.9,-169.7,64.8,48.7,1808,ohc,eight,112,mpfi,2.86,3.33,12.3,105.0,5337.0,40,46,15025.0,Green,1982,3,1.3
V0383,0,225.0,bmw,gas,std,four,hatchback,4wd,front,101.7,178.7,67.4,58.4,3162,ohc,two,230,1bbl,2.72,3.6,14.9,254.0,6429.0,27,34,45400.0,Blue,1986,3,2.5
V0384,2,65.0,honda,gas,std,four,wagon,fwd,front,111.2,171.4,68.1,57.7,3346,l,eight,216,2bbl,2.83,3.1,17.0,170.0,6551.0,28,31,25030.0,Blue,1988,4,2.2
V0385,-1,88.0,toyota,gas,turbo,two,sedan,rwd,front,117.1,197.0,71.7,52.3,2547,ohcv,two,62,2bbl,3.24,2.34,12.5,185.0,5754.0,43,47,17254.0,Black,1985,2,2.9
V0386,0,145.0,chevrolet,gas,std,four,sedan,fwd,front,106.7,197.7,70.2,56.6,50000,ohcf,six,5000,1bbl,2.97,3.165,21.9,65.0,6076.0,29,34,17058.0,Silver,1981,4,2.7
V0387,0,163.0,toyota,gas,std,four,wagon,rwd,front,97.2,199.1,67.4,57.8,1888,ohc,four,69,2bbl,3.59,3.99,7.1,170.0,5292.0,52,44,19519.0,Green,1985,1,4.6
V0388,1,94.0,honda,gas,std,four,convertible,fwd,front,109.1,155.6,67.5,57.0,2310,ohcv,four,90,mpfi,2.59,2.18,20.1,198.0,5389.0,37,44,18144.0,Grey,1984,5,4.9
V0389,2,173.0,dodge,diesel,std,four,sedan,fwd,rear,104.5,206.6,61.8,50.3,4023,ohc,six,100,idi,3.2,2.73,17.3,259.0,5708.0,32,35,19626.0,Black,1981,1,1.3
V0390,-2,182.0,honda,gas,std,four,sedan,rwd,front,104.9,207.9,63.8,54.8,1602,ohc,six,146,1bbl,3.26,2.9,7.2,91.0,5389.0,34,38,16168.0,White,1986,3,3.2
V0391,2,223.0,volkswagen,gas,std,four,hatchback,fwd,front,96.2,172.0,67.3,52.6,3058,dohc,four,69,1bbl,3.54,2.84,12.5,201.0,6550.0,41,44,18243.0,White,1982,2,3.8
V0392,3,101.0,chevrolet,diesel,std,four,hatchback,fwd,front,87.8,200.1,68.4,49.5,3724,ohc,four,216,1bbl,3.07,2.11,8.4,54.0,6441.0,27,32,16983.0,Red,1981,4,4.8
V0393,1,173.0,subaru,gas,std,two,wagon,rwd,front,90.1,201.2,66.5,50.2,3379,ohc,four,315,idi,3.24,2.87,14.5,90.0,4166.0,16,21,28227.0,Green,1988,1,3.2
V0394,1,207.0,nissan,gas,turbo,four,sedan,fwd,front,119.7,142.7,71.5,48.3,3916,ohc,four,-10,idi,3.12,2.27,7.8,103.0,4759.0,29,36,21655.0,White,1989,2,1.2
V0395,-2,151.0,bmw,gas,std,two,wagon,fwd,front,110.3,194.8,68.0,48.9,1994,ohc,three,313,idi,3.31,2.24,9.3,111.0,4160.0,25,29,45400.0,Grey,1984,5,4.5
V0396,3,193.0,mitsubishi,gas,std,two,wagon,fwd,front,90.7,158.1,61.1,55.8,1883,ohcv,twelve,166,2bbl,2.82,3.48,7.5,85.0,5286.0,37,42,14413.0,Green,1989,2,3.0
V0397,1,114.0,volkswagen,diesel,std,two,sedan,fwd,front,106.6,144.4,63.7,55.0,3415,ohc,four,116,2bbl,3.78,3.6,19.2,141.0,4335.0,37,40,18722.0,Silver,1984,1,2.5
V0398,-3,210.0,plymouth,diesel,std,four,sedan,4wd,front,90.4,156.4,70.3,50.0,1764,ohc,two,285,1bbl,3.24,3.69,17.6,170.0,4924.0,25,33,21388.0,White,1982,3,4.4
V0399,-1,159.0,toyota,diesel,std,four,wagon,fwd,front,95.3,179.6,69.6,56.3,1988,ohc,four,102,mpfi,3.81,3.68,9.4,187.0,5151.0,39,42,18565.0,Blue,1990,5,3.8
V0400,0,142.0,toyota,diesel,std,two,sedan,fwd,front,95.5,175.2,67.5,56.8,2489,ohc,eight,138,mpfi,3.06,3.5,8.4,230.0,4345.0,39,43,20259.0,Silver,1985,4,2.8
V0401,1,84.0,toyota,diesel,std,four,convertible,4wd,front,112.9,200.9,62.2,58.0,1948,dohc,five,131,mpfi,3.74,3.13,10.5,50.0,5384.0,35,43,14444.0,Green,1985,2,1.2
V0402,1,116.0,toyota,gas,std,four,hardtop,fwd,front,92.9,156.8,70.5,50.9,3997,dohc,five,124,2bbl,3.43,2.46,20.1,216.0,5135.0,31,38,22702.0,Red,1984,3,3.7
V0403,-2,87.0,volkswagen,gas,std,two,sedan,fwd,front,118.6,195.1,-63.9,54.6,2722,rotor,four,221,spdi,3.68,2.72,-1.0,155.0,5699.0,33,37,21499.0,Silver,1990,4,4.4
V0404,-3,209.0,audi,diesel,turbo,four,sedan,fwd,front,90.4,172.7,71.3,51.0,1610,ohc,six,163,mpfi,3.24,2.36,15.8,235.0,5500.0,33,37,44217.0,Brown,1980,3,4.9
V0405,-3,112.0,toyota,gas,std,four,sedan,fwd,front,115.4,168.3,66.9,57.9,2072,l,five,162,mpfi,3.67,2.22,22.1,93.0,4953.0,31,37,15838.0,Black,1982,5,2.7
V0406,2,212.0,volkswagen,diesel,std,four,sedan,fwd,front,97.1,194.3,65.8,49.8,3908,ohc,five,119,2bbl,3.66,3.165,19.9,157.0,5531.0,35,40,17970.0,Blue,1985,2,4.1
V0407,1,117.0,porsche,gas,turbo,two,hatchback,fwd,front,115.1,183.3,69.6,51.8,3504,ohcf,six,84,2bbl,2.67,3.64,13.8,170.0,4223.0,33,37,45400.0,Silver,1986,5,1.4
V0408,2,217.0,mitsubishi,gas,std,four,hardtop,rwd,front,100.6,142.4,65.3,49.4,2581,ohc,three,223,mpfi,2.85,3.56,10.5,204.0,5328.0,32,39,22038.0,Silver,1986,4,4.7
V0409,1,150.0,volvo,gas,std,four,sedan,fwd,front,114.0,166.7,72.1,58.7,2708,ohc,four,85,mpfi,2.61,3.165,21.8,228.0,4355.0,42,47,34487.0,Silver,1985,4,1.6
V0410,0,256.0,honda,gas,turbo,four,hatchback,fwd,front,110.4,145.3,61.7,51.5,3148,dohc,twelve,220,1bbl,3.43,4.05,12.9,104.0,5047.0,25,31,20185.0,Brown,1985,4,3.8
V0411,1,141.0,audi,gas,turbo,four,wagon,rwd,front,93.7,185.2,61.7,58.1,2225,ohc,six,221,mpfi,2.72,2.5,9.6,191.0,5201.0,26,29,45400.0,Silver,1988,2,2.7
V0412,2,227.0,jaguar,gas,std,four,sedan,rwd,front,111.7,185.0,65.2,57.5,2146,ohc,eight,257,1bbl,2.56,3.44,17.7,170.0,4373.0,28,34,24068.0,White,1987,5,2.5
V0413,1,219.0,chevrolet,diesel,std,four,sedan,rwd,front,112.0,192.4,70.4,55.7,2381,ohc,six,82,1bbl,3.61,3.165,21.5,139.0,4670.0,38,45,14372.0,Grey,1983,5,2.1
V0414,-1,114.0,mitsubishi,gas,std,two,wagon,rwd,front,98.7,195.6,70.2,52.1,2213,l,five,65,mpfi,3.06,3.165,7.1,238.0,4231.0,43,51,17626.0,White,1989,3,4.2
V0415,0,198.0,mercedes-benz,gas,std,two,hatchback,fwd,front,116.1,201.3,65.8,58.9,3866,dohc,twelve,195,4bbl,3.68,3.73,19.7,100.0,5892.0,30,34,45400.0,White,1982,2,3.6
V0416,2,68.0,bmw,gas,turbo,four,hatchback,rwd,front,101.6,192.9,69.5,50.7,2690,dohc,two,146,2bbl,2.58,3.89,15.9,145.0,4845.0,32,38,45400.0,Grey,1980,1,3.4
V0417,3,210.0,audi,diesel,std,four,hatchback,rwd,front,116.0,154.2,69.9,56.7,3425,ohcv,four,316,mpfi,3.79,3.39,15.5,128.0,6143.0,19,24,45400.0,White,1981,2,1.2
V0418,0,213.0,mercedes-benz,gas,turbo,two,sedan,fwd,front,93.3,163.2,63.9,57.6,2612,ohc,two,131,spfi,3.59,3.165,21.6,50.0,5376.0,36,41,36990.0,Green,1980,4,3.6
V0419,-1,155.0,mazda,gas,std,four,hatchback,fwd,front,105.5,141.9,66.7,51.1,2662,ohc,five,281,idi,3.81,2.29,8.5,86.0,5137.0,23,30,23440.0,Silver,1986,1,2.5
V0420,-3,171.0,mazda,gas,std,two,sedan,rwd,front,114.2,155.9,67.0,54.2,3578,ohc,five,238,2bbl,3.92,3.165,17.0,108.0,4453.0,24,30,24068.0,Grey,1982,5,1.1
V0421,0,236.0,honda,gas,std,four,hatchback,fwd,front,115.1,179.4,61.8,54.0,2072,ohc,four,0,1bbl,2.94,3.36,11.0,112.0,4906.0,40,45,16892.0,Blue,1988,5,5.0
V0422,-2,180.0,mitsubishi,diesel,std,two,wagon,fwd,front,87.3,148.1,70.0,52.0,3084,ohc,six,139,2bbl,3.47,3.06,11.3,61.0,6013.0,34,37,24068.0,Silver,1989,5,3.5
V0423,3,95.0,mazda,diesel,std,four,sedan,fwd,front,91.5,158.2,61.4,51.5,3156,dohc,four,227,mpfi,3.54,2.7,8.6,84.0,5840.0,28,33,24068.0,White,1983,5,3.3
V0424,2,176.0,volvo,gas,std,four,sedan,fwd,front,100.7,202.3,60.4,57.0,2512,ohc,six,214,2bbl,3.79,3.2,11.3,160.0,5949.0,28,32,39979.0,White,1983,1,1.8
V0425,3,209.0,mercedes-benz,gas,std,four,sedan,fwd,front,117.4,173.4,64.6,51.4,3997,ohc,three,168,1bbl,2.97,4.14,13.9,168.0,6167.0,26,31,45400.0,Black,1982,1,4.3
V0426,2,134.0,nissan,gas,std,four,convertible,fwd,rear,93.1,158.5,70.5,47.9,2974,ohc,three,203,2bbl,2.58,2.75,22.1,203.0,6596.0,29,34,24502.0,Green,1986,4,1.6
V0427,1,121.0,subaru,gas,std,four,hatchback,rwd,front,110.1,161.3,68.5,56.1,1880,dohc,six,134,mpfi,3.27,2.85,14.8,135.0,4817.0,35,39,18117.0,Green,1988,5,3.8
V0428,1,163.0,toyota,gas,std,four,sedan,fwd,front,119.1,165.1,65.1,58.8,2051,ohc,four,156,1bbl,3.16,4.16,13.0,115.0,6107.0,33,41,24068.0,White,1980,2,1.8
V0429,3,93.0,audi,diesel,std,four,wagon,4wd,front,89.4,203.0,65.6,57.1,2890,dohc,twelve,210,2bbl,2.83,2.94,14.3,112.0,5295.0,31,38,40780.0,Green,1987,2,3.3
V0430,-2,229.0,saab,gas,turbo,two,sedan,fwd,front,94.7,157.1,62.1,48.1,2759,ohc,eight,284,2bbl,3.24,2.49,11.4,170.0,5208.0,24,32,33623.0,Green,1987,1,1.2
V0431,1,230.0,honda,gas,turbo,four,sedan,rwd,front,118.8,171.3,70.8,49.4,2198,dohc,five,205,mpfi,3.24,2.45,21.0,261.0,6486.0,31,34,23712.0,Blue,1983,1,4.9
V0432,-3,167.0,honda,gas,turbo,four,hatchback,4wd,front,86.8,206.1,68.2,59.2,2818,ohcf,twelve,127,mpfi,2.61,3.42,12.2,62.0,4439.0,40,47,15201.0,Silver,1983,4,1.4
V0433,-3,191.0,toyota,gas,std,two,hardtop,fwd,front,107.0,193.3,63.1,58.5,3184,ohcv,four,245,mpfi,3.88,3.3,7.2,167.0,6098.0,26,29,23162.0,Black,1985,5,4.9
V0434,-3,165.0,volkswagen,diesel,turbo,four,hatchback,rwd,front,91.5,191.4,65.3,48.1,2059,ohcv,six,137,2bbl,2.56,3.73,17.6,92.0,4768.0,35,39,14920.0,Red,1984,3,1.8
V0435,3,234.0,honda,gas,std,four,sedan,fwd,front,104.9,184.1,67.7,56.9,3886,ohc,five,244,4bbl,2.69,3.72,11.8,170.0,5303.0,26,32,24068.0,White,1982,5,1.9
V0436,0,245.0,honda,diesel,std,two,hatchback,4wd,front,107.0,198.0,66.0,49.3,1526,dohc,three,125,mpfi,3.24,3.165,21.7,211.0,5389.0,39,47,20223.0,Red,1987,3,4.2
V0437,1,235.0,mercedes-benz,diesel,std,four,convertible,fwd,front,104.4,164.1,67.6,53.0,3351,dohc,three,238,mpfi,3.9,3.165,18.0,167.0,4765.0,29,34,45400.0,Black,1987,3,1.3
V0438,0,66.0,mitsubishi,gas,turbo,four,wagon,rwd,front,92.0,161.9,64.6,52.7,3848,ohcv,six,261,mpfi,2.7,2.09,10.1,94.0,5389.0,26,33,19329.0,White,1981,1,1.7
V0439,3,236.0,mazda,gas,std,four,hardtop,rwd,rear,96.3,172.0,71.8,58.5,1723,ohc,four,186,mpfi,2.82,3.78,19.9,109.0,4467.0,31,39,24068.0,Blue,1986,1,2.5
V0440,2,158.0,BMW#,gas,std,four,hatchback,fwd,rear,99.6,178.1,70.3,55.2,2969,dohc,three,84,1bbl,3.24,4.14,20.7,269.0,5389.0,41,46,20927.0,Black,1985,2,3.7
V0441,0,237.0,volkswagen,gas,std,two,hatchback,fwd,front,99.8,171.7,69.1,56.0,3306,ohc,six,280,mpfi,2.64,3.84,14.6,221.0,5655.0,20,23,24068.0,White,1987,5,3.6
V0442,1,104.0,mercedes-benz,diesel,std,four,wagon,4wd,front,111.3,179.1,60.4,48.6,2939,ohc,six,126,mpfi,2.77,2.87,19.5,225.0,4716.0,34,39,45400.0,Brown,1983,4,4.1
V0443,-2,119.0,bmw,gas,std,four,sedan,4wd,front,111.3,199.2,68.1,48.4,2464,dohc,four,109,mpfi,3.93,2.21,16.9,106.0,4867.0,42,47,24068.0,Brown,1987,1,3.4
V0444,-3,131.0,audi,gas,std,two,sedan,rwd,front,115.5,150.5,70.6,49.0,1961,rotor,six,249,1bbl,3.17,2.18,21.7,183.0,4343.0,-5,35,45400.0,Red,1984,3,2.9
V0445,-2,152.0,bmw,gas,turbo,two,hatchback,rwd,front,118.3,145.4,62.0,54.5,2926,ohc,four,128,1bbl,3.43,2.7,12.5,216.0,4907.0,39,42,45400.0,Black,1981,2,4.6
V0446,3,221.0,honda,diesel,std,four,sedan,fwd,front,105.9,173.7,72.2,57.2,1679,ohcv,eight,138,spdi,3.76,3.34,8.7,60.0,5943.0,41,44,13586.0,Blue,1981,5,1.2
V0447,-2,197.0,bmw,gas,std,four,sedan,fwd,front,117.3,175.0,65.3,55.4,2649,dohc,four,140,mpfi,2.83,4.05,22.2,225.0,4718.0,37,43,45400.0,Black,1986,5,2.3
V0448,0,192.0,volkswagen,gas,std,two,sedan,fwd,front,118.4,169.1,67.0,51.4,3748,ohc,six,71,2bbl,2.81,3.59,16.9,89.0,5779.0,38,43,14042.0,Green,1982,3,4.2
V0449,-1,227.0,nissan,gas,turbo,four,sedan,fwd,front,99.9,179.1,70.6,56.9,1632,dohc,four,304,4bbl,3.44,2.66,16.9,163.0,5123.0,28,35,25214.0,Red,1982,4,3.1
V0450,1,232.0,audi,gas,std,two,sedan,fwd,front,115.6,185.8,70.3,52.3,3221,ohcv,three,146,idi,2.9,2.28,19.1,55.0,6254.0,33,40,31128.0,Red,1982,1,3.4
V0451,0,228.0,dodge,gas,std,four,sedan,rwd,front,97.8,142.7,69.7,58.9,2117,rotor,twelve,261,spfi,2.83,2.89,15.6,96.0,6094.0,24,29,20450.0,Brown,1981,2,1.4
V0452,-1,163.0,honda,gas,std,four,sedan,fwd,front,87.3,172.6,60.6,51.6,3824,ohc,eight,311,mpfi,3.49,2.78,15.0,243.0,5540.0,16,23,30285.0,Black,1990,1,4.4
V0453,-2,141.0,honda,gas,std,four,hatchback,4wd,front,110.7,151.0,65.6,49.1,3099,rotor,three,167,1bbl,2.73,3.81,12.3,142.0,5396.0,30,34,19392.0,White,1985,1,3.2
V0454,0,89.0,toyota,gas,std,four,hardtop,fwd,front,120.1,157.3,61.4,55.9,3505,ohc,six,226,spfi,2.59,2.92,7.6,67.0,4493.0,30,36,20160.0,Red,1988,4,4.1
V0455,-1,116.0,plymouth,gas,std,four,hatchback,rwd,front,118.3,145.8,69.7,48.5,3281,ohcv,twelve,124,mpfi,3.38,2.43,17.6,56.0,5816.0,39,47,24068.0,Black,1983,2,1.2
V0456,3,128.0,toyota,gas,std,two,hatchback,fwd,front,112.1,192.4,66.9,49.2,1955,ohc,eight,248,2bbl,3.6,3.67,14.1,103.0,5891.0,34,26,22506.0,Silver,1980,4,2.1
V0457,0,72.0,toyota,gas,turbo,four,sedan,fwd,front,118.4,142.5,63.3,54.2,50000,ohc,three,70,mpfi,3.03,3.38,10.8,176.0,5279.0,36,44,16148.0,Brown,1984,2,1.6
V0458,-3,107.0,audi,gas,std,four,hatchback,rwd,front,108.7,186.8,69.8,52.2,2591,l,two,245,idi,3.09,3.6,12.3,164.0,6481.0,23,26,45400.0,Silver,1988,2,4.1
V0459,-3,178.0,plymouth,gas,std,four,hatchback,rwd,front,118.7,175.5,66.4,58.5,3768,ohc,three,0,2bbl,2.81,2.67,15.9,95.0,5444.0,16,21,20585.0,Grey,1986,3,4.3
V0460,3,221.0,toyota,gas,std,two,sedan,fwd,front,89.9,162.7,60.9,57.5,2594,ohc,eight,181,2bbl,3.24,3.165,18.0,170.0,5861.0,30,38,25972.0,White,1987,4,3.1
V0461,-3,73.0,bmw,gas,std,four,sedan,fwd,front,110.2,179.9,68.9,53.0,1990,ohcf,two,215,4bbl,2.83,3.06,7.5,88.0,5750.0,30,35,45400.0,Green,1984,4,1.7
V0462,-2,242.0,mazda,gas,turbo,two,hatchback,rwd,front,116.0,192.0,61.4,52.4,3751,ohc,two,148,mpfi,3.72,3.42,12.3,267.0,4540.0,35,38,23446.0,Brown,1987,3,1.2
V0463,1,77.0,volkswagen,gas,turbo,two,hatchback,fwd,front,116.1,182.8,65.8,53.7,3960,rotor,six,304,mpfi,3.81,3.65,20.6,170.0,6273.0,14,18,26535.0,Green,1983,3,4.7
V0464,-2,214.0,honda,gas,turbo,four,wagon,4wd,front,108.8,191.7,66.9,55.0,2280,ohc,four,99,mpfi,2.78,3.15,13.0,170.0,5293.0,44,49,15806.0,Green,1980,3,2.9
V0465,-1,242.0,honda,gas,std,two,sedan,fwd,front,117.7,195.1,64.4,59.5,1952,dohc,three,233,mpfi,3.65,3.5,7.5,266.0,5808.0,34,41,27150.0,Green,1989,2,4.0
V0466,0,163.0,nissan,gas,std,four,hatchback,fwd,front,108.0,203.5,64.2,50.4,2661,ohc,six,280,mpfi,3.35,2.94,8.6,235.0,6355.0,22,27,28769.0,Grey,1989,5,4.0
V0467,-3,137.0,toyota,gas,std,two,hardtop,fwd,front,105.1,170.9,68.4,48.8,3584,ohc,six,322,4bbl,3.81,2.83,9.4,266.0,5901.0,19,25,24068.0,Silver,1984,4,4.5
V0468,1,191.0,volkswagen,gas,std,four,sedan,fwd,front,119.8,169.4,64.1,58.8,3808,l,four,145,mfi,3.12,3.09,22.8,85.0,4322.0,29,33,18146.0,Brown,1983,2,2.7
V0469,-1,82.0,BMW#,gas,std,four,sedan,fwd,front,97.4,158.9,61.9,55.5,3360,ohc,three,98,mpfi,3.41,3.25,8.6,185.0,5023.0,41,46,17615.0,Brown,1985,3,1.6
V0470,-2,72.0,volkswagen,gas,std,four,hatchback,fwd,front,100.5,158.5,69.6,52.0,1890,ohcv,twelve,154,mpfi,3.68,2.85,10.1,239.0,5292.0,34,42,24068.0,White,1986,1,2.2
V0471,-2,177.0,honda,gas,std,two,hatchback,fwd,front,99.4,162.2,62.7,48.0,3271,ohcv,three,291,spdi,3.65,3.64,17.4,125.0,5773.0,20,24,23653.0,Silver,1986,4,3.9
V0472,0,163.0,volvo,gas,turbo,four,wagon,fwd,front,112.8,167.3,71.6,49.0,2005,dohc,twelve,146,mpfi,3.24,2.42,20.9,254.0,5696.0,34,37,40613.0,Blue,1982,3,4.2
V0473,0,125.0,toyota,gas,turbo,four,sedan,fwd,front,120.9,190.2,64.6,48.1,1913,ohc,six,306,1bbl,2.68,3.11,13.4,277.0,5389.0,28,35,29382.0,Red,1988,3,1.1
V0474,-1,163.0,bmw,diesel,turbo,two,convertible,rwd,front,94.8,143.1,68.3,53.3,2982,dohc,four,321,spdi,2.95,2.4,21.1,152.0,6447.0,19,27,45400.0,Black,1986,5,3.8
V0475,2,147.0,peugot,gas,std,two,sedan,fwd,front,114.2,167.9,70.6,52.1,2757,l,six,214,mpfi,3.52,3.44,20.0,272.0,6080.0,25,30,26525.0,White,1983,2,3.3
V0476,1,256.0,plymouth,gas,turbo,four,sedan,rwd,front,91.9,200.5,68.6,48.5,2776,ohc,three,306,mpfi,3.72,3.5,11.1,170.0,4299.0,19,27,21975.0,Brown,1984,2,2.1
V0477,0,172.0,subaru,diesel,std,two,hatchback,fwd,front,91.6,203.3,65.8,52.4,2046,ohc,four,244,mfi,2.82,2.34,18.1,63.0,5299.0,27,30,22209.0,Black,1985,2,4.5
V0478,-3,121.0,subaru,gas,std,two,sedan,fwd,front,111.7,148.6,69.8,53.3,2947,dohc,three,296,mpfi,2.95,3.96,10.3,133.0,5097.0,25,32,24068.0,Black,1988,2,2.7
V0479,0,171.0,audi,gas,std,four,wagon,fwd,front,89.8,187.2,72.3,59.6,3143,ohc,six,94,mpfi,3.61,2.89,9.5,249.0,5158.0,42,45,41955.0,Silver,1984,4,4.1
V0480,2,163.0,mazda,gas,turbo,four,sedan,rwd,front,87.3,181.7,72.1,48.5,0,ohc,four,67,mpfi,3.08,2.13,21.5,192.0,5685.0,37,41,16419.0,Red,1988,2,4.9
V0481,2,174.0,volvo,gas,std,two,sedan,rwd,front,94.2,153.4,65.9,51.4,2962,ohc,eight,184,mpfi,3.83,2.95,8.0,170.0,5268.0,35,41,24068.0,Red,1989,5,1.9
V0482,0,88.0,saab,gas,turbo,four,wagon,rwd,front,113.6,176.3,66.6,52.1,3798,ohc,five,319,mpfi,3.29,2.42,20.7,161.0,4626.0,17,25,42930.0,Brown,1987,1,2.8
V0483,-2,180.0,nissan,gas,std,two,hardtop,rwd,front,99.6,189.6,63.3,48.3,3280,dohc,eight,311,mpfi,3.24,2.8,18.7,118.0,6421.0,18,21,26424.0,Silver,1984,5,2.5
V0484,3,66.0,honda,diesel,turbo,four,hardtop,fwd,front,89.3,146.8,61.8,48.6,1609,dohc,six,112,mpfi,2.91,4.08,17.6,250.0,4321.0,38,42,20716.0,Red,1988,3,4.7
V0485,0,249.0,audi,gas,std,two,sedan,rwd,rear,91.1,149.6,63.9,48.6,3869,ohcv,three,69,mpfi,3.54,4.08,17.6,81.0,5348.0,33,38,26809.0,Red,1984,5,2.9
V0486,3,90.0,nissan,gas,turbo,four,wagon,fwd,front,92.6,166.2,60.7,50.2,1867,ohc,four,308,spdi,2.76,2.78,14.7,271.0,6294.0,24,29,28924.0,Green,1988,2,1.8
V0487,1,218.0,alfa-romero,gas,std,four,convertible,rwd,front,117.1,180.3,67.8,54.4,2062,dohc,six,147,1bbl,2.89,2.38,21.0,267.0,5389.0,36,39,31602.0,Brown,1982,3,3.1
V0488,-3,134.0,mazda,gas,std,two,hatchback,4wd,front,112.5,182.3,63.9,50.7,3585,ohc,two,211,mpfi,3.72,2.33,17.7,166.0,6271.0,30,33,22019.0,Green,1990,1,2.3
V0489,-1,123.0,plymouth,gas,turbo,two,sedan,fwd,rear,92.5,177.7,69.1,53.7,3972,ohc,three,179,spdi,3.3,3.91,20.6,93.0,6376.0,29,35,24068.0,Blue,1987,1,3.0
V0490,-2,170.0,toyota,diesel,turbo,four,hatchback,4wd,front,-106.4,190.0,61.8,52.4,3947,dohc,six,257,2bbl,3.39,3.52,200.0,149.0,5554.0,22,28,23983.0,Blue,1988,3,4.4
V0491,0,226.0,nissan,gas,std,four,sedan,rwd,front,99.5,195.9,64.3,48.1,1724,dohcv,four,77,2bbl,3.58,2.15,16.0,283.0,5389.0,42,49,20280.0,Red,1988,5,2.9
V0492,-1,241.0,toyota,gas,std,four,hatchback,rwd,front,105.1,147.2,66.4,58.8,2399,dohc,eight,208,mfi,2.75,3.94,9.3,183.0,5569.0,35,38,23219.0,Silver,1982,4,1.9
V0493,-1,149.0,toyota,gas,std,four,hatchback,fwd,front,89.8,178.4,60.8,48.4,2879,ohcf,six,171,mpfi,3.91,3.35,9.5,280.0,6533.0,35,39,25383.0,Brown,1984,1,3.6
V0494,-2,163.0,mitsubishi,gas,std,two,hatchback,fwd,front,110.8,180.2,64.0,58.0,1554,dohcv,six,298,1bbl,2.55,4.11,15.3,253.0,4511.0,26,29,24645.0,Red,1990,3,2.3
V0495,3,163.0,audi,gas,turbo,two,sedan,rwd,front,86.8,152.4,66.2,49.0,3199,dohc,two,281,mpfi,3.06,3.55,10.2,94.0,6208.0,19,25,45400.0,Black,1980,2,4.2
V0496,-3,171.0,mazda,gas,std,four,sedan,fwd,front,107.4,152.0,72.3,50.6,3587,ohcv,four,186,idi,3.52,3.71,200.0,258.0,4458.0,32,40,25975.0,Red,1980,4,3.5
V0497,-3,67.0,mitsubishi,gas,turbo,four,sedan,fwd,front,110.3,177.5,69.8,52.1,-100,dohc,twelve,116,idi,3.46,2.82,17.4,59.0,5389.0,36,41,13974.0,White,1983,5,4.0
V0498,3,207.0,dodge,gas,std,four,wagon,rwd,front,105.9,163.2,61.8,52.0,0,l,three,208,1bbl,3.03,3.28,10.4,216.0,6125.0,27,30,21980.0,Silver,1984,5,1.9
V0499,-1,180.0,mazda,gas,turbo,two,sedan,fwd,front,92.6,197.6,65.3,48.8,2133,ohc,four,116,2bbl,3.52,2.42,18.4,230.0,6423.0,43,50,20874.0,Black,1989,5,3.6
V0500,-1,143.0,subaru,diesel,turbo,four,hatchback,fwd,front,101.7,142.9,62.7,57.7,0,ohc,six,195,idi,3.21,4.16,19.0,171.0,4400.0,-5,31,25209.0,Brown,1988,1,4.1
V0501,0,169.0,volkswagen,gas,turbo,four,sedan,fwd,front,104.3,176.6,65.0,52.9,2010,ohc,eight,211,mpfi,3.8,3.96,16.5,205.0,4591.0,28,31,23231.0,Grey,1986,3,4.0
V0502,-2,206.0,TOYOTA ,gas,turbo,four,hatchback,fwd,front,116.8,162.2,64.5,49.8,2667,ohc,six,147,mpfi,3.82,4.15,19.1,284.0,5098.0,35,39,45400.0,Green,1982,1,3.4
V0503,3,155.0,volkswagen,gas,turbo,four,sedan,fwd,front,96.6,156.4,66.3,56.9,1872,ohc,five,232,2bbl,3.57,4.15,11.1,172.0,5188.0,31,37,21512.0,Silver,1985,5,4.1
V0504,1,177.0,audi,gas,std,four,sedan,fwd,front,91.4,171.7,-63.6,57.6,2316,ohc,three,211,idi,2.57,2.97,13.1,190.0,5389.0,30,34,45400.0,Green,1981,1,2.0
V0505,2,190.0,chevrolet,diesel,std,four,sedan,rwd,front,92.8,203.8,69.7,55.0,2854,ohcv,eight,112,mpfi,3.33,3.73,15.4,147.0,4552.0,41,45,14329.0,White,1986,4,3.9
V0506,2,155.0,dodge,gas,turbo,two,wagon,rwd,front,87.3,176.5,65.8,55.7,2800,ohc,six,275,idi,2.62,4.12,20.9,148.0,5302.0,23,31,22968.0,White,1989,3,1.9
V0507,-1,84.0,mitsubishi,gas,std,four,hatchback,fwd,front,110.6,173.0,64.0,58.7,2465,ohc,two,146,mpfi,3.8,2.37,7.2,169.0,5902.0,36,39,16738.0,Black,1980,5,2.4
V0508,-3,88.0,bmw,gas,turbo,two,hatchback,rwd,front,94.4,178.2,64.8,50.0,3887,dohc,four,212,idi,3.54,2.24,9.5,230.0,4781.0,28,33,45400.0,White,1984,4,2.4
V0509,-2,82.0,mercedes-benz,gas,std,four,convertible,rwd,front,92.4,194.4,62.3,56.4,3488,ohc,five,91,2bbl,3.71,2.23,20.1,60.0,4176.0,39,43,36046.0,Grey,1980,2,3.0
V0510,1,237.0,audi,gas,std,two,sedan,rwd,front,117.0,192.8,60.7,57.5,2602,dohc,four,100,2bbl,3.26,2.19,20.7,90.0,5656.0,37,42,28384.0,Grey,1983,5,1.0
V0511,-2,83.0,isuzu,gas,std,four,hatchback,fwd,rear,114.4,205.9,60.5,51.9,2871,ohcv,four,121,mpfi,3.46,3.17,22.0,270.0,6347.0,34,42,19736.0,White,1982,4,3.6
V0512,1,126.0,chevrolet,gas,std,four,hatchback,fwd,front,105.9,163.5,72.3,57.4,2308,dohc,four,286,4bbl,3.71,3.94,14.0,86.0,4473.0,26,33,19215.0,Green,1987,1,1.1
V0513,1,198.0,bmw,diesel,std,four,sedan,fwd,front,101.7,171.9,63.7,53.0,2973,dohc,twelve,119,1bbl,2.63,3.96,18.8,280.0,6290.0,34,38,45400.0,Green,1982,5,2.3
V0514,3,212.0,audi,gas,std,four,sedan,fwd,front,95.2,158.3,63.9,54.6,3818,ohcf,three,227,idi,2.78,3.8,18.0,195.0,4540.0,25,28,45400.0,Red,1980,3,2.4
V0515,-2,152.0,volvo,gas,turbo,four,convertible,fwd,rear,93.3,192.5,72.0,55.8,1699,ohcf,two,177,idi,3.62,2.99,12.8,256.0,4778.0,37,40,42514.0,Black,1990,4,1.9
V0516,-1,77.0,volvo,gas,turbo,four,sedan,fwd,front,111.4,202.0,61.4,50.9,2424,ohc,twelve,194,2bbl,2.78,3.86,17.3,201.0,6324.0,31,34,40929.0,Green,1981,2,1.4
V0517,0,116.0,nissan,diesel,turbo,two,hatchback,rwd,front,102.3,141.4,64.5,56.4,1789,dohcv,five,106,mpfi,3.03,3.22,10.4,247.0,5389.0,37,44,20118.0,Blue,1989,5,2.2
V0518,2,160.0,mitsubishi,gas,std,four,wagon,4wd,front,91.8,189.8,63.4,53.4,3345,ohc,eight,307,mpfi,2.73,3.06,9.5,96.0,4167.0,16,23,23856.0,Red,1986,4,4.9
V0519,-3,214.0,mitsubishi,gas,std,two,hatchback,fwd,front,110.6,188.7,66.0,52.7,2192,ohc,eight,264,2bbl,3.46,3.71,12.8,284.0,5037.0,28,36,25744.0,Red,1988,2,1.7
V0520,-2,163.0,toyota,gas,std,four,sedan,fwd,front,108.8,170.2,69.7,52.2,2172,ohc,six,251,2bbl,2.54,4.01,20.3,51.0,4313.0,27,35,19975.0,Grey,1985,4,4.5
V0521,1,225.0,toyota,diesel,std,four,convertible,fwd,front,108.0,162.2,71.2,53.2,2874,ohcv,four,112,idi,2.76,3.165,9.6,78.0,6330.0,39,43,15869.0,Red,1984,2,4.9
V0522,-1,256.0,plymouth,gas,std,four,sedan,rwd,front,92.6,155.7,71.1,52.1,3248,dohc,four,116,2bbl,3.73,2.96,16.0,279.0,4734.0,34,41,18775.0,Brown,1981,2,2.2
V0523,-2,116.0,honda,gas,std,two,hatchback,fwd,front,101.7,153.0,68.9,58.5,3668,ohc,two,113,2bbl,3.24,2.18,7.1,245.0,5695.0,33,37,21628.0,White,1986,1,5.0
V0524,0,163.0,subaru,gas,turbo,two,sedan,4wd,front,114.9,199.6,69.2,54.1,2218,dohc,two,83,4bbl,2.68,4.06,21.3,230.0,5461.0,38,46,19748.0,Blue,1989,1,1.2
V0525,3,149.0,mazda,gas,std,two,hatchback,rwd,front,99.3,206.1,61.1,53.2,3196,ohc,twelve,-10,4bbl,3.8,3.4,21.4,169.0,5299.0,35,40,22435.0,Grey,1982,3,4.1
V0526,-2,225.0,dodge,diesel,std,four,wagon,rwd,front,114.7,196.3,68.7,53.9,2929,ohc,three,228,2bbl,3.24,2.18,17.3,209.0,5966.0,25,28,22567.0,Silver,1989,1,1.4
V0527,3,162.0,toyota,gas,std,four,sedan,fwd,front,120.8,189.7,64.4,55.3,1621,ohcv,two,186,mpfi,3.69,2.69,20.7,62.0,5379.0,33,41,16393.0,Brown,1984,3,4.4
V0528,1,198.0,mazda,gas,std,two,wagon,rwd,front,106.8,190.8,69.4,56.2,1888,ohc,four,180,4bbl,2.66,3.33,15.7,113.0,4924.0,30,38,17094.0,White,1980,4,3.6
V0529,-2,188.0,nissan,gas,std,four,convertible,fwd,front,90.5,168.7,60.9,50.9,2775,ohc,five,175,mfi,3.48,2.78,15.4,170.0,4540.0,34,42,24516.0,Silver,1990,4,1.6
V0530,1,203.0,honda,gas,std,four,sedan,rwd,front,95.5,171.0,72.3,51.2,3499,ohc,four,98,2bbl,3.24,3.0,8.4,222.0,5389.0,37,45,18744.0,Silver,1984,2,3.8
V0531,0,139.0,subaru,gas,std,two,hatchback,fwd,front,104.9,156.5,67.0,55.8,2938,ohc,five,82,2bbl,3.18,2.23,12.0,157.0,6498.0,41,49,19310.0,White,1980,3,1.7
V0532,-1,130.0,audi,gas,std,two,hatchback,rwd,front,114.6,187.3,62.0,57.0,2773,rotor,six,289,1bbl,2.84,2.74,10.6,140.0,5514.0,22,30,45400.0,Blue,1980,2,1.5
V0533,-3,156.0,audi,diesel,std,two,hardtop,rwd,front,116.8,168.8,65.2,53.1,2609,ohc,four,128,mpfi,3.61,3.36,11.3,193.0,5389.0,35,39,40519.0,White,1987,2,3.0
V0534,0,186.0,mercedes-benz,gas,std,two,hatchback,fwd,front,115.8,150.6,66.9,52.3,2853,ohc,five,167,mpfi,2.95,4.0,20.8,85.0,6155.0,36,41,45078.0,White,1983,4,2.3
V0535,2,119.0,toyota,gas,std,four,sedan,4wd,front,92.6,151.8,67.0,59.3,2437,ohcv,two,156,1bbl,3.14,2.13,16.8,98.0,5991.0,37,43,24068.0,Black,1981,5,1.4
V0536,-1,243.0,toyota,gas,std,four,hatchback,rwd,front,99.5,161.4,63.0,58.2,3878,l,four,288,idi,3.24,2.31,9.6,81.0,6455.0,16,22,24429.0,Red,1988,3,3.5
V0537,1,163.0,toyota,diesel,std,four,hatchback,fwd,front,94.8,178.1,62.2,52.7,3920,ohc,four,208,1bbl,3.52,3.02,18.0,170.0,5233.0,25,31,24068.0,Grey,1984,2,1.3
V0538,0,254.0,toyota,gas,std,four,wagon,4wd,front,90.7,194.6,60.6,-59.3,1866,ohc,three,138,idi,2.73,3.11,21.9,170.0,6533.0,-5,49,22473.0,Grey,1980,4,1.0
V0539,-2,115.0,volkswagen,gas,turbo,four,sedan,rwd,front,113.2,186.0,65.7,58.6,3756,ohc,four,88,2bbl,2.79,2.99,8.9,168.0,5389.0,33,39,24068.0,Red,1983,5,3.6
V0540,1,222.0,honda,diesel,std,two,hardtop,rwd,front,114.4,142.9,67.1,56.7,2432,ohc,five,198,idi,3.24,3.92,7.9,247.0,5515.0,33,38,24068.0,Black,1980,1,1.6
V0541,-2,223.0,toyota,gas,std,four,sedan,fwd,front,106.6,205.7,61.5,49.1,1901,ohcv,five,237,spdi,2.91,3.45,16.2,169.0,4303.0,28,33,23250.0,Blue,1986,1,2.6
V0542,1,79.0,porsche,gas,std,four,wagon,rwd,front,88.4,167.2,67.9,57.5,2083,ohc,two,106,mpfi,2.85,2.24,7.6,146.0,5791.0,44,49,45400.0,Brown,1982,4,2.8
V0543,-2,163.0,toyota,gas,std,four,hatchback,fwd,front,88.1,171.4,63.3,53.3,2426,ohc,twelve,208,2bbl,3.24,2.65,11.8,253.0,5790.0,29,32,26538.0,White,1986,2,2.4
V0544,-2,82.0,subaru,gas,std,four,hatchback,fwd,front,101.6,157.8,68.9,55.6,3037,ohc,four,183,2bbl,3.66,3.36,18.1,117.0,5316.0,35,40,21926.0,Black,1984,1,3.5
V0545,0,171.0,audi,gas,std,two,hatchback,rwd,front,98.4,184.2,64.9,54.1,3193,ohc,four,155,idi,3.2,3.85,11.8,170.0,4741.0,36,39,45400.0,Blue,1982,4,2.0
V0546,1,73.0,subaru,diesel,std,two,sedan,fwd,front,116.2,144.8,66.7,56.2,1950,ohc,six,187,mfi,3.77,4.04,-1.0,170.0,5389.0,34,37,26509.0,Green,1990,1,3.8
V0547,-2,221.0,audi,diesel,std,four,sedan,rwd,front,101.2,160.7,65.2,53.5,2689,ohc,three,179,idi,3.13,3.87,22.3,256.0,4238.0,29,35,45400.0,Silver,1983,4,3.0
V0548,2,164.0,bmw,gas,turbo,four,sedan,fwd,front,111.5,152.3,67.2,57.9,1710,dohc,three,120,mpfi,3.19,3.07,14.6,240.0,6331.0,39,45,45400.0,Red,1982,5,4.5
V0549,-1,163.0,toyota,gas,std,four,sedan,rwd,front,117.5,193.6,64.7,57.6,3280,l,four,305,1bbl,3.03,3.78,11.0,239.0,4382.0,18,23,30842.0,White,1982,2,3.9
V0550,0,112.0,audi,gas,turbo,four,hatchback,rwd,front,111.5,162.2,66.7,50.3,2846,ohcv,five,242,mpfi,2.75,3.84,12.4,144.0,6338.0,25,32,45400.0,Blue,1984,3,3.8
V0551,2,118.0,mitsubishi,diesel,std,two,wagon,fwd,front,91.4,182.4,66.0,56.5,3808,ohcv,four,313,mpfi,2.98,2.78,9.4,130.0,6465.0,20,23,23611.0,Green,1987,5,3.0
V0552,0,217.0,volkswagen,gas,std,four,sedan,rwd,front,87.6,154.0,70.3,57.8,2509,ohc,four,245,1bbl,2.92,3.8,15.1,210.0,4657.0,23,27,25407.0,Red,1987,5,3.2
V0553,1,75.0,audi,gas,std,four,hatchback,fwd,front,107.4,145.8,71.5,50.3,3500,ohcf,five,300,idi,2.62,3.24,22.0,154.0,5661.0,16,23,45400.0,Grey,1984,1,4.8
V0554,0,101.0,porsche,gas,std,two,hatchback,fwd,front,111.7,194.5,66.9,52.5,3096,ohc,six,269,1bbl,3.92,2.54,17.3,87.0,4921.0,20,27,45400.0,Brown,1984,2,4.0
V0555,-2,68.0,mazda,diesel,std,four,wagon,rwd,front,106.2,146.6,72.3,53.1,1655,ohc,four,201,mpfi,2.85,3.53,10.5,272.0,5075.0,36,44,24068.0,Silver,1980,5,2.9
V0556,3,66.0,nissan,gas,std,two,sedan,rwd,front,105.2,163.8,67.4,59.4,2787,ohcv,five,208,mpfi,2.72,4.08,21.6,69.0,5903.0,30,33,18061.0,Brown,1980,2,4.2
V0557,-2,223.0,nissan,diesel,turbo,two,sedan,fwd,front,110.6,142.6,70.3,52.5,1521,dohc,two,86,4bbl,3.58,3.82,21.4,246.0,5092.0,44,48,19803.0,Silver,1990,2,3.5
V0558,-3,142.0,honda,gas,std,two,sedan,4wd,front,88.2,154.8,71.0,50.1,3156,ohc,two,130,mpfi,2.89,2.72,11.7,115.0,5815.0,34,42,16340.0,Black,1987,5,2.7
V0559,3,112.0,volvo,gas,std,four,sedan,rwd,front,120.3,181.2,72.1,48.2,1922,dohc,two,235,2bbl,3.24,3.46,13.4,141.0,5389.0,34,39,38781.0,Red,1981,4,1.6
V0560,1,199.0,audi,gas,std,two,convertible,fwd,front,103.0,204.0,67.3,59.3,2347,ohcv,three,225,2bbl,2.91,3.5,11.4,170.0,5677.0,30,36,38976.0,Green,1987,5,3.7
V0561,-1,184.0,mazda,gas,std,four,sedan,rwd,front,87.7,169.6,63.5,59.2,3709,dohc,four,102,1bbl,3.01,4.03,15.2,280.0,5640.0,31,34,22425.0,Blue,1985,3,1.7
V0562,2,83.0,saab,gas,turbo,four,sedan,fwd,front,113.7,142.9,66.9,52.2,3747,ohc,five,94,mpfi,3.94,3.58,15.4,244.0,5827.0,33,37,30949.0,Red,1990,5,2.4
V0563,-2,202.0,plymouth,gas,std,two,sedan,fwd,front,86.7,156.8,68.2,49.8,2454,ohc,three,161,1bbl,2.65,3.65,13.2,170.0,5833.0,33,39,12964.0,Blue,1990,1,3.6
V0564,3,102.0,plymouth,gas,std,four,convertible,rwd,front,94.4,157.2,62.1,59.4,3967,ohc,eight,166,1bbl,3.35,3.51,10.2,83.0,5415.0,33,37,16027.0,Grey,1989,2,2.3
V0565,-2,211.0,porsche,gas,std,four,sedan,fwd,front,98.9,153.5,66.0,47.8,2049,ohc,four,142,1bbl,2.64,3.89,14.9,82.0,4517.0,35,40,24068.0,Black,1986,5,2.6
V0566,-3,80.0,volkswagen,gas,std,four,sedan,rwd,front,86.8,147.1,66.5,59.1,3604,ohc,two,292,mpfi,2.73,2.95,13.2,287.0,6371.0,21,24,24068.0,Green,1988,1,1.4
V0567,-2,100.0,plymouth,gas,std,two,wagon,fwd,front,108.8,189.2,60.5,51.8,2696,dohc,three,150,1bbl,3.43,2.92,13.8,131.0,4505.0,36,44,14608.0,Red,1983,1,2.0
V0568,0,141.0,toyota,gas,std,two,convertible,fwd,front,90.5,145.5,66.2,54.7,1707,ohc,five,216,mpfi,3.24,3.24,13.7,200.0,5389.0,36,42,24068.0,Green,1986,3,3.3
V0569,3,142.0,volkswagen,gas,std,four,sedan,rwd,front,87.8,167.8,71.4,56.6,1603,ohcf,six,167,2bbl,2.61,2.86,7.6,205.0,5432.0,34,41,21534.0,Black,1984,1,3.9
V0570,1,229.0,mercedes-benz,gas,std,two,sedan,fwd,front,103.3,180.3,63.0,53.0,2576,ohc,three,310,2bbl,3.71,2.86,15.3,284.0,5717.0,18,25,45400.0,Brown,1989,1,1.5
V0571,0,163.0,nissan,gas,std,two,sedan,fwd,front,90.5,145.4,65.7,52.1,3919,ohc,eight,83,1bbl,3.81,3.45,11.8,212.0,4277.0,32,38,19435.0,White,1987,1,4.6
V0572,2,182.0,honda,diesel,turbo,two,hatchback,fwd,front,90.5,195.4,70.0,49.1,1792,ohc,four,182,idi,3.75,2.09,7.2,254.0,5547.0,32,36,24399.0,Grey,1985,1,3.5
V0573,3,158.0,nissan,gas,std,four,hardtop,fwd,front,106.0,204.3,64.8,54.0,3199,ohc,four,233,idi,3.79,2.25,11.9,170.0,4336.0,27,35,24562.0,Green,1983,3,2.0
V0574,0,120.0,volvo,gas,std,four,hatchback,fwd,front,97.0,167.9,62.5,56.8,1812,l,six,120,idi,3.34,4.16,16.8,170.0,5148.0,35,40,33895.0,Green,1986,3,4.0
V0575,-1,243.0,honda,gas,std,four,convertible,rwd,front,111.9,159.6,67.4,56.9,3932,ohc,four,160,mpfi,3.05,2.7,18.3,170.0,5273.0,26,29,18911.0,Brown,1990,4,1.4
V0576,2,248.0,toyota,gas,std,four,sedan,fwd,front,94.1,189.9,71.6,51.0,3460,ohc,four,211,2bbl,3.67,2.99,22.1,284.0,4940.0,27,31,26513.0,Silver,1986,1,3.3
V0577,2,236.0,toyota,diesel,std,two,hatchback,rwd,front,96.3,204.6,65.4,53.1,2004,l,four,117,1bbl,3.24,2.32,21.2,174.0,5227.0,36,40,17598.0,White,1985,1,4.0
V0578,1,163.0,audi,gas,std,four,sedan,4wd,front,101.5,146.6,60.6,49.1,3786,ohc,six,315,spfi,3.62,3.69,18.2,183.0,4320.0,17,20,45400.0,Brown,1988,2,3.6
V0579,-3,163.0,toyota,diesel,turbo,four,hatchback,rwd,front,115.9,148.8,61.0,52.6,50000,ohc,five,64,2bbl,2.98,3.87,22.2,245.0,4649.0,43,48,18364.0,White,1986,2,2.6
V0580,1,108.0,toyota,gas,std,two,sedan,4wd,front,106.8,185.7,65.7,58.4,3853,dohc,four,69,mpfi,2.71,3.58,11.1,181.0,5389.0,38,46,17029.0,Brown,1989,3,2.2
V0581,3,220.0,honda,gas,turbo,two,wagon,fwd,front,102.3,164.9,71.1,49.0,3688,ohc,three,72,1bbl,3.93,3.165,17.9,256.0,5389.0,41,46,20198.0,White,1982,5,4.0
V0582,1,185.0,volkswagen,gas,std,four,sedan,rwd,front,109.1,168.2,67.6,56.1,2324,ohc,four,108,mpfi,3.26,2.89,22.7,180.0,5880.0,36,39,18848.0,Green,1986,4,2.4
V0583,-1,94.0,toyota,gas,turbo,two,sedan,fwd,front,116.5,163.4,71.0,49.0,2767,ohc,three,168,mpfi,2.81,2.65,12.1,160.0,4631.0,33,37,19518.0,White,1989,5,3.1
V0584,-1,141.0,audi,gas,std,two,sedan,fwd,front,105.1,150.4,63.1,56.1,2364,ohc,six,299,2bbl,2.83,2.95,21.5,197.0,4230.0,25,31,45400.0,Green,1986,5,4.0
V0585,3,212.0,jaguar,diesel,turbo,two,sedan,rwd,front,107.7,190.7,70.9,59.3,3237,ohcv,two,99,1bbl,2.87,3.23,10.8,90.0,5481.0,38,46,45084.0,Green,1988,2,2.3
V0586,-3,103.0,saab,gas,std,two,wagon,fwd,front,94.2,178.4,66.8,54.5,1656,ohc,six,182,1bbl,3.57,2.62,20.7,75.0,6416.0,36,42,25177.0,Brown,1987,3,4.7
V0587,0,237.0,mazda,diesel,std,four,wagon,fwd,front,107.3,174.7,62.0,49.8,1803,dohc,four,137,mpfi,3.05,3.58,8.9,106.0,5848.0,39,47,15281.0,Red,1983,5,1.6
V0588,-1,194.0,audi,gas,std,four,hardtop,rwd,front,101.9,157.7,65.4,49.9,2794,dohc,six,264,1bbl,3.62,3.09,19.9,173.0,5837.0,24,27,45400.0,Black,1986,1,3.2
V0589,-2,164.0,volvo,gas,std,four,sedan,rwd,front,111.4,200.0,68.3,52.1,2457,dohc,six,92,idi,3.83,3.73,20.0,58.0,4977.0,36,41,23381.0,Grey,1989,5,2.3
V0590,-3,163.0,toyota,gas,std,four,sedan,fwd,front,90.4,190.1,66.7,52.6,2205,ohc,four,135,1bbl,3.14,2.65,22.5,224.0,5149.0,41,48,21056.0,Silver,1980,2,3.4
V0591,0,167.0,nissan,gas,std,two,sedan,fwd,front,119.7,172.7,70.6,-54.8,2312,ohc,five,261,mpfi,2.55,3.39,18.4,154.0,6180.0,31,36,24068.0,Red,1989,5,4.7
V0592,-3,92.0,toyota,diesel,std,four,hatchback,fwd,front,107.2,157.5,66.9,55.2,3771,l,four,155,mpfi,3.45,2.15,20.7,170.0,6517.0,31,36,21480.0,Red,1982,2,3.7
V0593,-3,130.0,nissan,gas,std,four,sedan,4wd,front,89.2,179.0,61.9,52.7,1667,ohc,six,98,mpfi,3.93,3.22,18.5,104.0,5028.0,41,46,24068.0,White,1989,4,1.5
V0594,1,204.0,honda,gas,std,four,hatchback,rwd,front,96.1,194.0,65.3,59.0,3567,ohc,four,213,idi,3.35,3.46,20.8,162.0,6356.0,30,35,24068.0,Red,1985,2,4.9
V0595,1,230.0,plymouth,gas,std,four,hatchback,4wd,front,112.1,151.5,65.3,49.0,3492,dohc,twelve,204,mpfi,3.06,3.0,22.2,266.0,5635.0,25,33,22345.0,Silver,1986,3,1.8
V0596,3,241.0,nissan,gas,turbo,four,hardtop,fwd,front,110.5,166.1,66.1,54.8,2298,ohc,four,194,1bbl,3.36,3.17,14.5,258.0,5447.0,31,34,23646.0,White,1980,5,2.3
V0597,0,201.0,nissan,gas,std,four,hatchback,rwd,front,116.9,141.2,65.4,55.9,1700,l,six,269,mpfi,3.49,3.05,12.8,170.0,4328.0,27,30,26573.0,Red,1980,4,1.8
V0598,1,187.0,bmw,gas,std,four,hatchback,fwd,front,102.9,142.2,64.3,49.1,3194,dohc,three,74,2bbl,2.91,3.45,22.6,196.0,6515.0,38,46,43073.0,Black,1990,5,4.1
V0599,-2,120.0,toyota,gas,std,four,sedan,rwd,front,118.5,167.6,67.6,59.7,2404,dohc,four,285,1bbl,3.68,3.165,15.9,122.0,4568.0,26,32,22925.0,Red,1980,4,2.9
V0600,-1,80.0,toyota,gas,std,four,sedan,rwd,front,97.3,144.6,64.4,57.1,3408,ohc,twelve,230,2bbl,3.88,3.75,11.6,57.0,6597.0,26,34,20879.0,Grey,1989,2,3.3
V0601,0,68.0,toyota,gas,std,four,sedan,rwd,front,120.8,168.3,67.7,49.8,2897,dohc,eight,317,mpfi,3.06,3.89,14.8,91.0,6301.0,23,27,25249.0,Grey,1981,3,1.9
V0602,1,69.0,volvo,gas,turbo,four,sedan,fwd,front,96.1,169.9,63.1,55.2,3825,ohcv,twelve,242,idi,2.75,3.23,12.1,104.0,4853.0,26,30,41380.0,Brown,1981,5,4.0
V0603,-1,119.0,subaru,gas,turbo,two,hatchback,fwd,front,119.7,199.2,68.1,59.3,1533,dohc,eight,124,mpfi,3.34,2.9,15.8,69.0,5398.0,39,47,17116.0,Red,1990,5,1.6
V0604,3,81.0,toyota,gas,std,two,sedan,fwd,front,119.7,-153.5,61.1,54.4,2898,ohc,twelve,150,idi,3.24,2.72,8.2,83.0,5389.0,34,40,18424.0,Brown,1987,5,3.2
V0605,-1,77.0,alfa-romero,gas,std,four,sedan,fwd,front,120.0,195.9,64.8,56.6,1559,l,four,0,mpfi,3.19,3.165,12.7,170.0,5266.0,44,50,18511.0,Silver,1988,1,3.1
V0606,-1,243.0,audi,gas,std,four,sedan,rwd,front,93.2,178.0,63.3,58.3,3783,rotor,five,290,1bbl,2.7,2.99,14.7,182.0,6213.0,16,20,45400.0,Brown,1984,1,4.8
V0607,1,91.0,porsche,gas,std,two,wagon,fwd,front,106.2,204.3,65.3,55.3,3027,l,two,294,mpfi,3.27,2.37,19.5,196.0,5723.0,21,25,45400.0,Silver,1988,3,3.3
V0608,3,82.0,volkswagen,gas,std,two,sedan,fwd,front,95.6,155.3,60.9,56.5,1825,dohc,six,240,spdi,2.9,3.165,14.5,221.0,5389.0,29,35,25761.0,Silver,1984,1,3.1
V0609,-1,192.0,nissan,gas,std,four,convertible,rwd,front,117.5,190.8,67.9,51.7,2125,dohc,five,203,idi,3.63,2.59,20.0,159.0,6129.0,32,37,21984.0,Brown,1986,1,4.8
V0610,0,175.0,nissan,diesel,std,two,sedan,rwd,front,95.1,201.7,71.4,56.2,3559,ohc,three,275,2bbl,2.96,2.58,17.0,285.0,4421.0,23,26,24068.0,Black,1987,1,2.3
V0611,2,232.0,honda,gas,std,two,hardtop,rwd,front,94.8,-185.9,62.9,49.4,3826,dohc,four,303,idi,2.81,2.27,13.9,170.0,5833.0,22,30,25876.0,Brown,1981,1,2.6
V0612,2,107.0,peugot,gas,turbo,four,sedan,4wd,rear,93.3,197.4,63.0,48.0,2937,dohc,three,85,idi,3.05,2.55,22.2,183.0,4833.0,40,44,15610.0,Grey,1989,2,4.4
V0613,0,163.0,toyota,gas,std,two,hatchback,fwd,front,92.9,146.1,66.8,57.4,3746,ohc,four,267,4bbl,3.15,2.44,9.3,170.0,5519.0,26,33,24765.0,Green,1984,3,2.1
V0614,0,223.0,subaru,diesel,turbo,two,convertible,fwd,front,108.8,160.9,71.1,59.4,3837,dohc,three,287,mpfi,2.7,3.08,7.6,221.0,6406.0,17,22,30192.0,Green,1987,3,1.4
V0615,-1,229.0,mazda,gas,std,four,wagon,rwd,front,100.3,-203.2,67.9,53.1,1996,ohc,five,118,1bbl,3.05,3.45,9.3,110.0,6126.0,38,43,14653.0,Grey,1987,4,4.0
V0616,3,143.0,audi,diesel,std,four,sedan,fwd,front,106.6,203.8,65.4,49.9,2175,dohc,four,257,mpfi,2.89,3.82,17.0,186.0,4935.0,23,30,24068.0,Black,1990,2,2.2
V0617,0,163.0,mazda,gas,std,four,hatchback,fwd,front,110.0,177.2,63.5,52.9,3732,ohc,five,63,idi,3.63,2.08,19.6,135.0,4987.0,36,42,14777.0,Red,1988,2,2.0
V0618,3,163.0,bmw,gas,std,four,hardtop,fwd,front,106.5,143.3,63.8,52.8,2400,ohcv,eight,119,mpfi,3.2,2.33,22.5,281.0,6050.0,40,48,45400.0,Red,1985,2,3.0
V0619,1,155.0,toyota,gas,turbo,four,sedan,rwd,front,108.8,146.7,62.2,58.5,3906,ohc,four,277,2bbl,3.25,3.04,19.0,196.0,6104.0,17,22,26125.0,Black,1981,3,4.6
V0620,0,195.0,audi,gas,std,two,hatchback,rwd,front,92.9,171.5,60.3,52.5,3201,ohcv,six,240,4bbl,3.64,4.07,20.7,118.0,4463.0,29,35,45400.0,Green,1984,5,2.2
V0621,1,114.0,bmw,gas,std,two,hatchback,fwd,front,112.5,161.8,66.9,55.5,1620,ohc,four,83,2bbl,3.65,2.17,12.0,170.0,4184.0,44,49,36320.0,Silver,1986,3,4.9
V0622,-1,85.0,audi,gas,std,four,wagon,fwd,front,102.8,176.2,65.6,51.0,3844,ohc,four,185,idi,3.91,2.55,12.0,77.0,5137.0,31,39,38369.0,Silver,1988,1,4.7
V0623,-3,107.0,mercedes-benz,gas,std,four,hatchback,rwd,front,105.0,193.1,65.2,54.8,2053,dohc,three,235,mpfi,2.65,2.95,22.7,170.0,6174.0,29,33,45400.0,White,1984,5,3.8
V0624,-3,190.0,toyota,gas,std,four,hatchback,fwd,front,93.1,173.0,71.1,49.2,3666,ohc,four,166,mpfi,3.53,3.93,14.1,254.0,6335.0,31,37,25204.0,Green,1980,3,2.7
V0625,0,218.0,saab,gas,turbo,four,wagon,fwd,rear,93.9,198.0,68.4,52.4,3574,ohc,twelve,268,2bbl,3.58,2.25,10.3,50.0,5524.0,22,29,32174.0,Black,1988,3,4.7
V0626,-2,86.0,BMW#,gas,turbo,four,sedan,fwd,front,104.0,190.2,61.5,55.6,2858,ohcv,four,164,2bbl,3.12,3.68,10.9,255.0,6090.0,34,39,24159.0,Silver,1986,3,3.5
V0627,0,102.0,nissan,gas,std,four,sedan,fwd,front,93.6,161.1,65.5,55.2,2409,ohcf,four,80,1bbl,3.74,3.47,16.4,171.0,4636.0,38,43,15076.0,Grey,1981,4,3.4
V0628,3,214.0,isuzu,gas,std,four,hatchback,rwd,front,86.8,165.3,63.1,54.0,3772,l,six,144,spdi,3.85,3.24,21.6,170.0,5903.0,34,37,19469.0,Blue,1987,5,2.8
V0629,0,103.0,honda,gas,std,four,hatchback,rwd,rear,91.8,163.2,62.5,54.7,3347,dohc,two,282,spdi,3.1,2.69,17.0,147.0,4227.0,18,22,24068.0,Silver,1983,5,3.7
V0630,-3,227.0,mitsubishi,gas,turbo,four,wagon,rwd,front,111.7,164.1,62.8,48.4,2505,ohcv,two,174,1bbl,3.07,2.75,14.1,49.0,4414.0,36,39,14182.0,Brown,1983,2,1.4
V0631,2,231.0,subaru,gas,std,two,hatchback,fwd,front,100.1,149.9,69.3,54.8,1709,l,three,295,1bbl,3.35,3.0,14.7,170.0,4743.0,25,29,31571.0,White,1989,1,3.7
V0632,3,65.0,honda,gas,std,two,sedan,rwd,front,112.9,163.2,69.6,54.9,2623,rotor,three,303,mpfi,2.54,3.165,10.5,285.0,4750.0,20,24,31155.0,Silver,1980,2,3.0
V0633,2,138.0,honda,gas,std,two,hatchback,fwd,front,107.5,200.9,71.4,58.7,3908,ohc,four,283,spdi,3.64,4.02,19.0,254.0,4597.0,24,30,31205.0,Green,1988,4,2.7
V0634,2,203.0,mazda,gas,turbo,four,wagon,4wd,front,100.6,162.6,61.6,49.7,3174,dohc,four,266,idi,3.24,3.03,12.0,130.0,4624.0,26,33,22563.0,Red,1980,2,3.1
V0635,2,68.0,nissan,gas,std,four,hatchback,fwd,front,111.4,164.1,66.6,59.3,2854,dohc,six,186,mpfi,2.79,2.49,17.8,153.0,5910.0,27,35,22307.0,Green,1980,3,2.9
V0636,-2,215.0,mazda,gas,turbo,four,sedan,fwd,front,115.0,142.1,66.1,52.9,2084,ohcv,five,221,2bbl,3.91,3.65,11.0,97.0,5243.0,33,40,19117.0,Green,1984,5,2.1
V0637,-2,253.0,mitsubishi,gas,std,four,sedan,fwd,front,110.6,158.7,63.7,52.6,2888,ohc,twelve,304,mpfi,2.85,3.27,9.9,239.0,4928.0,25,33,25736.0,Black,1984,2,1.9
V0638,0,158.0,volkswagen,gas,std,two,sedan,fwd,front,112.7,173.3,62.7,52.5,3828,ohc,two,187,mpfi,2.91,2.97,18.0,195.0,4516.0,25,33,23496.0,Silver,1985,3,3.4
V0639,-1,183.0,dodge,gas,std,four,sedan,fwd,front,118.6,158.4,60.5,49.3,3968,ohc,eight,150,mfi,2.94,3.165,0.0,246.0,5980.0,28,34,22193.0,Grey,1982,2,3.6
V0640,-2,229.0,porsche,gas,turbo,four,hatchback,fwd,front,101.2,164.8,71.2,51.1,3314,l,four,186,1bbl,3.24,3.92,14.7,70.0,5295.0,32,36,45400.0,Brown,1988,2,3.5
V0641,0,172.0,nissan,diesel,turbo,four,wagon,fwd,front,100.1,198.7,66.2,53.4,3328,ohc,five,265,mpfi,3.29,2.77,14.4,92.0,5389.0,25,32,23982.0,Red,1990,1,3.5
V0642,-2,81.0,audi,gas,turbo,two,sedan,rwd,rear,114.8,156.1,63.5,57.8,3373,dohc,six,284,mpfi,3.93,2.12,14.2,214.0,4385.0,23,29,45400.0,Grey,1981,3,3.3
V0643,-2,169.0,honda,gas,turbo,four,sedan,fwd,front,99.7,207.3,69.8,55.6,2111,ohc,four,318,mfi,3.0,2.28,20.5,73.0,6304.0,26,29,25012.0,Green,1982,1,2.9
V0644,-1,197.0,nissan,gas,turbo,two,sedan,fwd,front,100.5,141.4,61.8,48.2,2407,l,four,251,2bbl,3.2,3.165,22.6,74.0,4905.0,28,31,22010.0,Blue,1980,3,1.4
V0645,-1,113.0,subaru,gas,std,four,hatchback,fwd,front,117.5,204.7,64.1,56.3,2064,dohc,four,86,mpfi,3.67,3.165,17.6,172.0,5944.0,41,44,18602.0,Brown,1984,2,4.4
V0646,0,213.0,toyota,gas,std,two,wagon,rwd,front,97.2,168.5,65.1,51.3,2009,ohc,two,255,1bbl,3.8,3.36,11.8,188.0,4151.0,28,33,24022.0,Blue,1985,4,2.8
V0647,-2,219.0,alfa-romero,gas,std,two,hatchback,rwd,front,113.0,169.4,67.3,58.4,3496,dohcv,six,310,idi,2.66,3.165,8.5,170.0,5389.0,22,28,35716.0,Brown,1980,3,2.2
V0648,-1,250.0,honda,gas,turbo,two,sedan,rwd,front,94.5,152.5,60.7,50.7,1489,rotor,four,-10,idi,3.03,2.9,16.4,180.0,4212.0,31,34,22332.0,Green,1989,3,2.4
V0649,2,178.0,mazda,gas,std,four,hatchback,fwd,front,116.8,150.3,69.6,56.8,2033,dohc,two,96,2bbl,3.24,3.44,14.0,232.0,5022.0,39,45,20089.0,Green,1981,1,1.6
V0650,-2,96.0,saab,gas,std,four,sedan,fwd,front,90.1,206.5,72.1,55.7,3535,ohc,twelve,141,4bbl,3.33,4.14,15.3,179.0,4352.0,37,41,29844.0,White,1981,1,1.7
V0651,-1,205.0,honda,gas,turbo,four,hatchback,rwd,front,102.1,155.2,66.5,52.0,1753,ohc,two,215,2bbl,3.92,3.67,17.0,90.0,5808.0,36,40,19797.0,Blue,1986,2,3.1
V0652,1,163.0,porsche,gas,std,two,hatchback,fwd,front,87.2,192.0,70.3,56.2,2189,ohc,four,229,2bbl,2.72,3.59,18.6,103.0,6507.0,34,42,45400.0,White,1982,1,4.9
V0653,1,176.0,mazda,gas,std,four,sedan,fwd,front,113.0,185.1,60.6,55.2,2613,ohc,four,93,1bbl,3.47,3.04,16.8,174.0,5724.0,43,47,18419.0,Blue,1982,2,2.3
V0654,2,240.0,plymouth,gas,std,four,hardtop,fwd,front,95.2,145.6,63.4,49.1,1493,ohc,six,275,mfi,3.78,3.11,13.1,187.0,5687.0,25,31,22214.0,Black,1987,1,4.2
V0655,-1,188.0,honda,diesel,std,four,sedan,4wd,front,99.8,206.4,63.3,-59.7,2303,ohc,three,167,2bbl,3.49,2.73,12.2,209.0,4322.0,38,45,20672.0,Grey,1983,3,4.6
V0656,-3,166.0,toyota,gas,std,four,hatchback,fwd,front,89.9,185.9,70.0,52.8,0,ohc,four,259,idi,3.24,3.19,20.9,169.0,5389.0,21,27,25416.0,Brown,1980,5,3.3
V0657,2,108.0,mercedes-benz,diesel,std,four,sedan,fwd,front,92.7,150.5,64.1,50.5,2259,ohc,four,212,mpfi,3.16,2.26,12.7,141.0,5578.0,35,41,45400.0,White,1989,4,1.6
V0658,2,181.0,mitsubishi,gas,std,two,sedan,fwd,front,110.5,187.6,70.7,53.8,3460,dohcv,four,222,idi,3.43,3.85,20.5,211.0,5389.0,24,28,21611.0,White,1990,5,2.7
V0659,1,97.0,peugot,diesel,turbo,four,hatchback,fwd,front,106.7,178.1,65.9,57.6,2883,ohcv,six,157,2bbl,3.86,3.165,14.0,266.0,6437.0,29,34,21566.0,Silver,1980,4,4.2
V0660,1,109.0,porsche,gas,std,four,hatchback,rwd,front,92.1,167.4,63.3,48.0,2850,ohc,four,316,1bbl,3.56,2.45,14.1,259.0,6534.0,24,27,45400.0,Red,1982,1,2.3
V0661,-3,164.0,porsche,gas,std,two,hatchback,4wd,front,88.0,143.5,66.4,55.6,3255,ohc,three,177,mpfi,2.62,3.69,20.0,170.0,5703.0,27,34,45400.0,Green,1982,4,3.8
V0662,-2,218.0,bmw,gas,std,four,sedan,fwd,front,97.3,197.9,61.1,49.3,3298,ohc,two,282,mpfi,3.49,3.24,11.7,145.0,5795.0,19,26,45400.0,Green,1989,1,2.8
V0663,-1,206.0,toyota,gas,std,four,sedan,fwd,front,87.0,169.0,61.2,53.2,3819,dohc,four,237,2bbl,3.92,3.98,22.2,216.0,4782.0,28,32,25662.0,Grey,1986,5,3.1
V0664,3,87.0,mazda,gas,std,two,hatchback,4wd,front,87.2,170.4,60.7,53.9,2827,ohcv,six,231,1bbl,3.57,3.26,0.0,247.0,4610.0,32,36,26904.0,Blue,1987,5,3.6
V0665,2,241.0,toyota,diesel,std,four,convertible,rwd,front,118.1,183.8,-71.8,53.0,2604,ohc,four,111,mpfi,3.36,3.04,17.8,109.0,6561.0,37,44,15775.0,Brown,1985,5,1.0
V0666,2,187.0,honda,gas,turbo,four,sedan,rwd,front,95.8,186.2,67.5,58.3,2258,ohcv,eight,172,2bbl,3.24,2.77,22.3,51.0,5389.0,33,41,24068.0,Brown,1989,2,2.6
V0667,-3,231.0,mazda,gas,turbo,four,hatchback,fwd,front,97.3,163.9,67.9,48.1,3699,dohc,four,216,1bbl,3.92,2.3,8.0,143.0,5213.0,30,35,21691.0,Brown,1987,3,3.3
V0668,-3,77.0,mercedes-benz,diesel,std,four,hatchback,fwd,front,118.2,173.8,69.5,53.1,50000,ohc,two,132,idi,3.64,3.77,13.8,49.0,4612.0,32,36,36971.0,Brown,1990,5,2.2
V0669,3,169.0,plymouth,gas,std,four,sedan,fwd,front,113.8,161.9,70.4,58.1,1890,rotor,four,214,mfi,3.16,3.8,11.3,154.0,4515.0,31,37,17667.0,Grey,1988,3,4.3
V0670,3,85.0,honda,gas,std,four,sedan,fwd,front,106.1,183.9,60.4,56.8,3634,l,three,247,1bbl,3.1,2.28,12.3,65.0,5261.0,28,35,24068.0,Brown,1980,4,3.3
V0671,-2,161.0,mazda,gas,turbo,four,hatchback,rwd,front,109.2,187.6,60.6,51.1,2753,ohcf,six,153,spdi,3.33,2.91,9.3,210.0,4275.0,31,39,22109.0,Red,1985,2,2.5
V0672,1,163.0,toyota,gas,std,four,hatchback,rwd,front,113.6,157.4,61.8,54.6,1769,l,eight,171,idi,3.24,3.7,19.6,200.0,4161.0,36,40,20142.0,Green,1981,1,1.5
V0673,0,246.0,honda,gas,std,four,wagon,rwd,front,106.4,190.8,-71.8,51.7,3328,ohc,four,65,mpfi,3.49,3.165,13.6,62.0,6090.0,43,50,13154.0,Silver,1984,2,2.7
V0674,0,218.0,volvo,gas,std,two,sedan,fwd,front,109.7,159.3,68.2,53.6,3298,ohc,four,323,mpfi,3.14,2.66,17.9,172.0,6308.0,19,22,45400.0,White,1983,3,4.8
V0675,-3,73.0,bmw,gas,std,four,sedan,fwd,front,110.2,179.9,68.9,53.0,1990,ohcf,two,215,4bbl,2.83,3.06,7.5,88.0,5750.0,30,35,45400.0,Green,1984,4,1.7
V0676,1,150.0,mazda,gas,std,four,convertible,rwd,front,102.4,148.3,61.6,48.0,3375,ohc,four,292,2bbl,2.71,3.23,12.7,102.0,4766.0,23,30,24674.0,White,1984,3,1.4
V0677,-1,101.0,audi,gas,turbo,four,convertible,fwd,front,115.7,177.3,60.8,50.6,1935,ohc,six,322,mpfi,2.83,3.27,20.3,222.0,5853.0,20,28,45400.0,White,1989,3,2.3
V0678,2,108.0,honda,gas,turbo,four,wagon,fwd,front,107.4,182.8,61.7,59.2,2278,dohc,two,275,mfi,2.8,2.34,9.1,115.0,4833.0,22,27,21999.0,Green,1983,1,3.4
V0679,1,242.0,volvo,gas,std,four,wagon,fwd,front,107.9,161.6,63.1,54.7,3894,ohc,six,169,1bbl,3.48,3.165,19.7,224.0,5389.0,27,34,42828.0,Black,1987,2,2.0
V0680,-1,148.0,audi,gas,std,two,wagon,fwd,front,92.2,192.0,67.0,58.6,3630,ohcv,twelve,200,spdi,3.83,3.84,20.9,111.0,6481.0,30,37,41806.0,Black,1989,1,4.4
V0681,1,234.0,honda,gas,turbo,four,hatchback,4wd,front,116.3,172.0,66.9,49.0,1814,ohc,six,114,idi,3.24,3.38,21.7,208.0,5389.0,40,47,19090.0,Blue,1983,5,2.6
V0682,-3,101.0,saab,gas,std,four,hatchback,rwd,front,96.7,191.2,62.4,49.4,3697,l,six,317,4bbl,3.7,3.165,20.2,171.0,5358.0,19,22,42729.0,Green,1983,4,4.9
V0683,-3,126.0,dodge,gas,std,four,hardtop,rwd,front,97.5,162.0,66.8,59.6,2506,dohc,three,137,mpfi,3.67,2.12,10.3,145.0,5762.0,34,42,17915.0,Blue,1988,5,2.6
V0684,2,210.0,plymouth,gas,std,two,sedan,fwd,front,107.6,206.2,63.7,48.7,2716,dohc,twelve,174,spfi,3.01,3.36,21.3,170.0,5621.0,0,37,18346.0,Silver,1980,3,2.6
V0685,3,228.0,mitsubishi,gas,turbo,two,hardtop,4wd,front,99.5,181.2,66.6,49.7,1549,ohc,four,275,spfi,2.7,3.07,22.7,267.0,5389.0,31,35,26133.0,White,1987,4,4.6
V0686,-1,235.0,volvo,gas,std,two,wagon,4wd,rear,102.6,201.2,71.8,53.6,3702,ohc,four,106,mpfi,3.93,2.13,21.9,131.0,5720.0,35,39,32614.0,Red,1990,1,3.7
V0687,-2,149.0,honda,gas,std,four,hatchback,fwd,front,116.9,172.3,69.9,56.5,2799,ohcf,six,272,mpfi,3.75,3.63,7.3,189.0,6542.0,26,31,25218.0,Black,1989,2,3.0
V0688,-3,205.0,toyota,gas,turbo,four,hatchback,4wd,front,96.1,179.1,62.7,48.4,3239,dohc,six,116,2bbl,3.08,2.32,9.9,140.0,4373.0,32,35,17347.0,Blue,1982,1,4.7
V0689,2,97.0,nissan,gas,std,four,hatchback,fwd,front,95.7,176.6,63.9,57.5,2796,ohcf,five,170,mpfi,3.2,3.165,8.6,147.0,6415.0,37,40,19129.0,Green,1982,1,2.9
V0690,-3,83.0,chevrolet,gas,std,two,sedan,fwd,front,117.8,174.3,71.3,55.5,2431,ohc,four,307,1bbl,3.24,2.77,18.8,100.0,5789.0,21,24,21819.0,Silver,1988,1,1.6
V0691,-1,219.0,saab,diesel,std,two,sedan,rwd,front,95.8,184.5,71.0,49.2,4038,ohcf,six,284,mpfi,2.94,2.47,12.5,107.0,6229.0,19,26,38438.0,Green,1990,4,1.5
V0692,1,194.0,mazda,gas,turbo,four,wagon,rwd,front,95.3,154.2,61.7,58.0,2371,ohc,three,234,mpfi,3.12,4.02,20.4,198.0,4654.0,32,38,25553.0,Black,1987,1,3.1
V0693,0,105.0,plymouth,gas,std,four,hatchback,rwd,front,87.9,158.6,71.0,54.3,2096,ohc,four,209,mpfi,3.24,2.26,12.8,50.0,5389.0,29,36,24068.0,Black,1989,2,3.9
V0694,-2,163.0,mitsubishi,gas,turbo,two,hatchback,4wd,front,107.3,194.7,60.5,58.5,3199,dohcv,six,9999,mpfi,2.93,3.16,21.7,173.0,5454.0,28,31,21106.0,Silver,1987,4,2.4
V0695,2,163.0,mazda,diesel,std,four,hardtop,fwd,front,111.5,146.4,67.5,57.7,3722,ohc,four,228,1bbl,2.97,3.34,13.8,224.0,5389.0,26,32,24750.0,Blue,1986,3,3.6
V0696,-2,251.0,mazda,gas,std,two,sedan,fwd,front,104.3,181.6,71.7,50.9,3423,ohc,twelve,256,2bbl,3.4,3.61,15.1,246.0,5389.0,24,28,27532.0,Blue,1986,5,4.8
V0697,-2,131.0,honda,diesel,turbo,two,hatchback,rwd,front,86.8,207.0,68.0,49.1,2624,dohc,six,160,1bbl,3.33,3.5,16.0,64.0,6559.0,32,40,24068.0,Brown,1983,5,3.9
V0698,3,203.0,toyota,gas,turbo,four,sedan,fwd,front,89.5,158.7,62.2,55.7,3084,ohc,four,206,2bbl,2.72,3.18,9.7,56.0,5611.0,30,36,24068.0,Brown,1988,4,1.5
V0699,2,216.0,toyota,gas,std,four,wagon,fwd,front,102.6,181.1,63.1,49.1,2252,rotor,four,281,mpfi,3.75,3.04,21.7,174.0,5359.0,26,31,25155.0,Brown,1980,3,2.1
V0700,0,99.0,mitsubishi,gas,std,four,wagon,rwd,front,87.8,205.8,65.0,50.2,2742,dohc,four,176,2bbl,3.02,2.7,16.7,90.0,5389.0,31,35,15628.0,Red,1981,1,2.2
V0701,3,68.0,honda,gas,std,two,sedan,rwd,front,103.8,145.1,69.0,54.2,2484,ohc,four,104,mpfi,3.85,2.6,13.9,184.0,5839.0,37,45,17032.0,Red,1988,1,3.2
V0702,-3,239.0,toyota,gas,turbo,four,sedan,rwd,front,-89.7,164.9,69.2,51.5,2845,ohc,eight,298,spdi,3.2,3.89,16.3,170.0,4441.0,25,29,28445.0,Red,1984,4,1.2
V0703,-2,238.0,plymouth,diesel,std,two,wagon,rwd,front,111.4,207.3,71.6,58.1,3328,dohc,eight,79,mpfi,3.91,2.95,15.7,90.0,5696.0,37,42,11571.0,Blue,1980,3,4.3
V0704,2,163.0,nissan,gas,turbo,four,hardtop,4wd,front,115.7,184.6,68.2,54.5,1568,dohc,six,224,2bbl,2.67,2.4,9.9,114.0,5041.0,33,39,20780.0,Silver,1986,1,2.8
V0705,1,86.0,honda,gas,turbo,two,convertible,fwd,front,119.0,191.8,67.8,48.4,2430,ohc,four,173,1bbl,3.12,2.26,19.3,148.0,5389.0,45,37,18510.0,Black,1982,4,3.1
V0706,0,75.0,dodge,gas,std,two,hardtop,rwd,front,95.6,162.1,71.0,51.6,3500,ohcv,four,286,mpfi,2.75,2.55,7.6,170.0,4819.0,24,30,21169.0,Red,1988,4,2.8
V0707,-3,233.0,mitsubishi,gas,std,two,hatchback,rwd,front,120.7,175.8,62.9,59.1,3015,ohcv,six,123,2bbl,2.81,3.8,8.6,67.0,6034.0,37,44,15038.0,Green,1981,4,4.0
V0708,3,102.0,bmw,gas,std,two,sedan,fwd,front,93.0,148.0,63.5,56.4,1521,ohc,four,313,mpfi,3.13,3.72,15.0,143.0,6049.0,21,26,45400.0,White,1986,1,3.2
V0709,3,237.0,bmw,gas,std,two,hatchback,fwd,front,119.8,156.5,64.4,49.1,2282,dohc,four,158,mpfi,3.2,3.165,9.6,210.0,5418.0,34,40,45400.0,Brown,1985,4,3.8
V0710,2,250.0,honda,diesel,std,four,hatchback,4wd,front,113.4,148.2,69.2,52.4,2542,l,two,166,idi,2.85,2.63,16.3,254.0,5769.0,32,38,22842.0,Red,1982,4,1.4
V0711,-1,209.0,audi,diesel,std,four,hatchback,fwd,front,119.8,178.1,69.2,51.0,3590,ohcv,four,0,mpfi,3.83,3.16,17.1,170.0,4722.0,23,30,45400.0,Red,1989,1,2.3
V0712,0,92.0,subaru,gas,turbo,four,sedan,4wd,front,87.7,164.5,70.3,52.0,2844,ohcv,four,301,1bbl,3.21,2.58,17.8,73.0,5700.0,25,33,26494.0,Blue,1982,4,1.4
V0713,-3,114.0,honda,gas,std,two,hatchback,rwd,front,112.4,207.4,66.9,55.5,1787,ohc,four,111,mpfi,3.35,4.07,12.7,219.0,5110.0,37,42,24068.0,Silver,1987,3,3.5
V0714,1,225.0,volvo,gas,std,four,hatchback,rwd,front,96.6,151.4,62.6,50.3,3208,ohc,six,175,1bbl,3.54,2.13,15.5,170.0,5789.0,34,41,32525.0,Brown,1985,1,3.6
V0715,1,185.0,jaguar,gas,std,four,sedan,fwd,front,102.4,143.3,67.0,58.1,2729,l,four,281,mpfi,3.54,3.09,8.8,220.0,6159.0,28,36,45400.0,Red,1982,5,1.2
V0716,1,242.0,nissan,gas,std,four,sedan,rwd,front,105.7,145.9,63.9,53.3,3906,ohc,two,142,mfi,3.08,2.79,20.0,199.0,5915.0,33,40,21380.0,Black,1990,1,4.0
V0717,3,171.0,jaguar,diesel,std,two,sedan,fwd,front,90.2,141.8,63.7,55.7,3905,dohc,four,73,mpfi,2.98,3.96,9.6,281.0,4308.0,35,42,45400.0,Green,1981,4,4.7
V0718,3,167.0,mercedes-benz,gas,std,four,sedan,fwd,front,114.9,194.5,70.6,56.4,1662,ohc,four,130,mpfi,3.54,2.5,8.1,135.0,6324.0,0,46,42313.0,Black,1987,1,1.9
V0719,0,97.0,honda,gas,std,four,hardtop,rwd,front,117.8,143.3,60.6,57.3,3613,l,eight,232,mpfi,3.34,2.97,15.9,148.0,4939.0,27,30,24068.0,Brown,1986,2,2.6
V0720,2,190.0,subaru,gas,turbo,two,hardtop,fwd,rear,92.5,204.5,63.0,56.1,2894,dohc,three,250,mpfi,3.74,4.04,8.7,229.0,5752.0,27,32,27843.0,Blue,1986,5,2.3
V0721,1,110.0,bmw,gas,turbo,four,sedan,rwd,front,106.1,147.8,66.4,53.3,3022,ohc,four,-10,mpfi,3.24,3.34,9.6,100.0,4560.0,31,36,45400.0,Blue,1990,2,3.1
V0722,2,142.0,isuzu,diesel,std,two,sedan,fwd,front,96.4,184.2,70.6,59.7,3379,ohc,five,267,mpfi,3.29,3.18,12.4,52.0,4434.0,26,29,18507.0,Silver,1985,4,1.3
V0723,-1,163.0,mazda,gas,turbo,four,hardtop,fwd,front,88.0,182.3,71.2,58.8,3967,ohc,six,314,mfi,3.74,3.36,17.9,214.0,5130.0,17,24,31212.0,Blue,1983,4,4.0
V0724,-2,210.0,saab,gas,turbo,four,sedan,rwd,front,120.1,158.5,65.6,51.3,3232,ohc,four,208,1bbl,3.7,3.165,13.5,83.0,5439.0,24,30,30644.0,Red,1986,5,4.7
V0725,3,113.0,toyota,gas,std,two,convertible,4wd,front,93.3,192.6,69.7,53.1,2241,ohc,four,134,1bbl,3.93,3.4,13.2,170.0,5364.0,38,44,20107.0,Blue,1987,2,4.0
V0726,-2,102.0,subaru,gas,std,two,hatchback,fwd,front,87.8,150.5,66.6,48.1,3007,dohc,three,218,4bbl,2.76,3.4,14.6,160.0,5357.0,26,34,26444.0,Blue,1986,3,3.5
V0727,3,72.0,honda,diesel,std,four,hatchback,4wd,front,111.2,202.4,72.2,54.8,3992,dohcv,six,126,spdi,2.63,3.96,22.5,48.0,6443.0,33,36,24068.0,Black,1989,4,3.5
V0728,1,80.0,dodge,gas,std,two,wagon,fwd,rear,94.7,171.3,63.3,54.8,3364,ohc,six,226,mfi,3.1,3.165,13.1,156.0,6596.0,26,29,19879.0,White,1983,4,4.6
V0729,2,176.0,toyota,gas,std,four,hatchback,rwd,front,87.5,199.9,63.4,54.8,2575,ohc,eight,237,1bbl,2.98,3.34,15.2,146.0,6511.0,27,32,21516.0,White,1988,2,2.5
V0730,0,254.0,toyota,diesel,std,four,hatchback,fwd,front,87.1,142.5,69.4,49.3,2456,ohcv,three,101,mpfi,3.06,2.69,9.4,100.0,4305.0,38,46,15958.0,Brown,1982,3,2.3
V0731,-3,163.0,plymouth,gas,std,two,sedan,rwd,front,91.7,153.3,69.2,56.8,2714,ohc,three,288,idi,3.51,2.67,0.0,170.0,4281.0,21,28,24389.0,Green,1990,4,3.2
V0732,1,199.0,toyota,gas,turbo,four,hardtop,rwd,front,89.6,152.2,64.0,49.0,3875,ohc,four,61,idi,2.81,2.43,13.3,173.0,4590.0,38,45,16593.0,White,1989,3,1.6
V0733,1,232.0,subaru,gas,std,two,sedan,rwd,front,116.3,163.4,72.0,50.3,2264,ohc,two,95,2bbl,3.13,2.99,9.4,142.0,5161.0,41,45,17174.0,Blue,1988,2,2.1
V0734,2,163.0,toyota,gas,std,two,wagon,rwd,front,113.0,201.8,71.2,51.8,1891,ohc,eight,315,2bbl,3.02,2.62,13.0,288.0,4336.0,27,31,30197.0,White,1984,3,2.7
V0735,-3,163.0,volvo,gas,std,four,sedan,fwd,front,91.7,184.0,71.5,55.8,2579,ohc,six,261,2bbl,3.26,4.04,14.9,159.0,5804.0,23,30,43296.0,Brown,1987,1,3.3
V0736,1,136.0,volkswagen,gas,turbo,four,sedan,fwd,front,103.7,190.1,68.8,51.0,3725,dohc,four,80,2bbl,3.53,2.31,14.7,224.0,4477.0,35,43,20915.0,Red,1981,5,4.6
V0737,1,72.0,dodge,gas,turbo,four,sedan,fwd,front,104.0,178.5,66.3,51.9,1967,ohcv,twelve,189,1bbl,3.89,3.25,19.3,241.0,5541.0,36,44,21549.0,Red,1984,1,2.5
V0738,1,67.0,porsche,gas,std,four,hatchback,rwd,front,108.5,176.9,71.2,53.6,2418,ohcv,six,248,2bbl,2.76,2.09,15.4,242.0,4708.0,28,33,45400.0,Grey,1987,4,2.2
V0739,-3,163.0,honda,gas,std,four,sedan,fwd,rear,104.7,181.4,61.1,48.1,1747,ohc,four,118,2bbl,3.24,3.59,12.7,170.0,4818.0,39,47,20310.0,Black,1986,1,2.4
V0740,1,222.0,volkswagen,diesel,std,four,sedan,4wd,front,116.1,155.1,63.3,51.3,4042,rotor,five,280,idi,3.2,3.87,8.6,188.0,5957.0,16,19,27938.0,Blue,1982,3,3.8
V0741,1,189.0,toyota,diesel,std,four,sedan,fwd,front,100.3,151.3,62.7,49.3,3240,ohc,six,298,1bbl,3.41,3.18,11.5,66.0,4679.0,22,29,23083.0,Brown,1990,2,1.5
V0742,0,135.0,nissan,diesel,std,four,wagon,rwd,front,106.3,148.4,63.8,50.6,3658,ohc,five,132,idi,3.11,2.43,18.6,170.0,6221.0,31,34,16954.0,Silver,1986,1,1.4
V0743,3,163.0,toyota,gas,std,four,hatchback,fwd,front,93.6,152.1,61.5,59.0,2755,dohcv,two,96,mpfi,2.76,2.33,22.0,170.0,4420.0,39,43,14303.0,Silver,1988,5,2.9
V0744,0,107.0,volvo,gas,std,four,hatchback,fwd,front,96.2,202.5,63.0,51.5,3620,ohc,five,87,2bbl,3.64,3.9,20.9,237.0,4870.0,37,44,36616.0,Black,1983,5,3.9
V0745,0,166.0,volvo,gas,std,four,hatchback,fwd,front,95.9,203.1,68.6,50.4,2816,l,three,178,idi,3.67,2.91,0.0,281.0,6473.0,33,37,45400.0,Brown,1990,4,1.6
V0746,-2,130.0,mazda,gas,turbo,two,hardtop,fwd,front,91.1,147.7,64.2,58.6,3329,dohc,six,203,mpfi,3.47,3.17,13.4,131.0,5618.0,31,36,20292.0,Red,1984,1,1.0
V0747,-1,220.0,toyota,gas,turbo,four,hatchback,fwd,front,100.6,154.0,68.9,49.3,2148,ohc,four,136,mpfi,3.32,2.67,15.6,168.0,5488.0,35,42,18006.0,Blue,1984,1,1.0
V0748,1,75.0,honda,gas,std,four,sedan,fwd,front,110.6,204.3,66.3,53.7,1817,dohc,five,226,1bbl,2.58,2.55,17.8,268.0,6506.0,27,35,25606.0,Green,1982,4,3.1
V0749,-2,103.0,bmw,gas,turbo,two,sedan,fwd,front,108.0,142.9,68.3,51.9,2284,ohc,four,81,mpfi,3.34,3.86,10.6,267.0,4793.0,38,46,45400.0,White,1982,1,2.5
V0750,0,163.0,honda,gas,turbo,two,hatchback,rwd,front,87.3,152.0,62.4,52.5,3977,ohc,four,279,mpfi,3.81,4.11,8.6,182.0,4712.0,16,23,26014.0,White,1980,1,1.5
V0751,3,200.0,mercedes-benz,gas,std,two,hatchback,fwd,front,113.5,158.0,67.7,51.1,2540,ohc,four,150,4bbl,3.57,3.45,12.9,92.0,5389.0,34,40,41745.0,Green,1985,1,4.9
V0752,1,126.0,alfa-romero,gas,std,two,hatchback,4wd,front,111.4,179.7,64.7,51.5,3843,dohc,twelve,199,2bbl,3.59,2.75,13.9,161.0,5253.0,29,33,33008.0,Brown,1989,4,1.6
V0753,3,149.0,audi,gas,std,four,sedan,rwd,front,116.1,183.1,68.6,47.8,2199,ohc,eight,203,4bbl,3.25,3.68,20.9,241.0,5586.0,29,37,45400.0,Blue,1987,2,4.4
V0754,-3,163.0,toyota,gas,std,four,wagon,fwd,front,95.1,181.4,69.0,51.2,1597,l,two,215,mpfi,3.39,2.47,13.3,213.0,4373.0,32,38,23487.0,Red,1989,1,3.1
V0755,-3,163.0,honda,diesel,turbo,four,sedan,fwd,front,116.7,202.8,62.6,52.3,1531,ohc,six,160,mpfi,2.97,3.165,12.9,170.0,6209.0,33,40,16962.0,Silver,1987,4,1.2
V0756,2,67.0,mercedes-benz,gas,turbo,four,sedan,fwd,front,120.4,181.6,66.7,57.7,2258,rotor,eight,122,mpfi,2.62,3.93,15.4,177.0,5306.0,37,43,45400.0,Silver,1983,2,2.2
V0757,1,168.0,volvo,gas,std,four,hatchback,4wd,front,101.8,192.1,70.4,55.6,4015,dohc,six,232,mpfi,3.4,3.165,12.1,244.0,5617.0,26,31,45400.0,Red,1989,4,2.0
V0758,-1,238.0,subaru,gas,std,four,sedan,fwd,rear,109.3,202.3,63.5,51.9,3508,ohcv,four,158,2bbl,3.85,2.37,12.6,123.0,5520.0,29,37,19826.0,Brown,1990,1,3.8
V0759,-3,167.0,chevrolet,gas,std,four,hardtop,fwd,rear,87.8,194.9,68.9,55.7,2407,ohc,six,224,mpfi,2.65,2.85,15.0,278.0,4365.0,27,31,24674.0,White,1987,3,4.1
V0760,-3,161.0,honda,diesel,turbo,two,hatchback,fwd,front,110.2,144.3,63.6,51.3,2520,ohc,eight,83,2bbl,2.92,2.79,13.8,279.0,5791.0,41,45,20248.0,Black,1982,1,2.3
V0761,3,200.0,mercedes-benz,gas,std,two,hatchback,fwd,front,113.5,158.0,67.7,51.1,2540,ohc,four,150,4bbl,3.57,3.45,12.9,92.0,5389.0,34,40,41745.0,Green,1985,1,4.9
V0762,-1,199.0,saab,gas,std,four,sedan,rwd,front,99.1,157.1,70.1,50.1,3143,ohc,four,306,idi,3.81,3.56,20.4,73.0,6279.0,18,26,36941.0,Blue,1988,5,2.6
V0763,1,201.0,plymouth,gas,std,two,convertible,fwd,front,88.5,149.4,62.1,49.8,2809,ohcf,four,326,spdi,3.72,2.6,17.2,189.0,5274.0,18,26,23992.0,White,1990,2,3.4
V0764,-1,77.0,subaru,gas,std,two,wagon,rwd,front,98.1,179.9,68.2,57.2,3479,dohc,two,288,2bbl,3.33,3.96,11.9,250.0,5214.0,20,26,32465.0,Black,1984,4,4.8
V0765,0,74.0,volkswagen,gas,std,two,sedan,rwd,front,89.8,202.9,65.9,48.7,3395,dohc,six,73,mfi,3.49,2.64,12.5,170.0,5620.0,42,47,17834.0,Black,1981,5,3.7
V0766,3,222.0,alfa-romero,gas,std,two,wagon,fwd,front,92.3,152.7,62.9,49.1,2466,dohc,six,258,2bbl,2.87,3.85,13.5,161.0,5962.0,24,32,33978.0,Green,1980,5,4.1
V0767,1,185.0,alfa-romero,diesel,std,four,hatchback,rwd,front,113.8,161.9,62.5,54.5,3403,l,eight,142,2bbl,3.02,2.24,21.8,108.0,4437.0,31,36,26224.0,Grey,1983,4,3.8
V0768,-3,125.0,nissan,gas,std,four,sedan,fwd,front,112.4,182.8,69.9,51.4,2551,ohcf,six,302,mpfi,3.09,2.78,20.2,201.0,4912.0,26,32,28206.0,Red,1990,1,3.8
V0769,0,149.0,mazda,gas,turbo,two,hatchback,rwd,front,96.9,160.8,62.9,56.7,3817,ohc,twelve,324,idi,2.59,3.04,16.9,172.0,4385.0,18,21,29674.0,Silver,1981,1,2.4
V0770,-2,98.0,jaguar,gas,std,four,wagon,fwd,front,90.6,149.9,60.5,52.0,2973,ohc,six,9999,mpfi,2.97,3.63,8.9,80.0,4733.0,26,31,24068.0,Brown,1986,1,1.3
V0771,2,227.0,dodge,gas,std,two,hatchback,fwd,front,101.3,182.5,69.1,50.0,2639,ohcv,five,187,1bbl,3.14,3.07,19.5,74.0,6207.0,30,34,24068.0,Black,1981,2,2.6
V0772,2,219.0,subaru,gas,std,four,sedan,fwd,front,87.5,185.6,60.6,57.5,1612,ohc,four,102,mpfi,2.81,3.165,8.6,248.0,6357.0,43,46,24068.0,White,1982,3,2.3
V0773,1,187.0,nissan,gas,std,four,sedan,fwd,front,93.7,196.6,68.5,48.6,3341,rotor,six,244,1bbl,2.55,3.32,12.5,143.0,5003.0,25,31,24693.0,Grey,1989,1,3.7
V0774,-3,163.0,nissan,gas,std,four,sedan,fwd,front,103.3,155.8,67.9,48.3,3321,ohc,eight,146,2bbl,3.63,2.3,22.5,204.0,5500.0,31,38,22076.0,White,1986,1,4.1
V0775,-2,163.0,mazda,gas,turbo,two,sedan,fwd,front,107.1,188.2,60.9,56.7,3135,ohc,eight,89,mpfi,3.93,2.56,21.7,195.0,5456.0,39,43,24068.0,Blue,1986,3,2.1
V0776,-3,107.0,audi,gas,std,four,hatchback,rwd,front,108.7,186.8,69.8,52.2,2591,l,two,245,idi,3.09,3.6,12.3,164.0,6481.0,23,26,45400.0,Silver,1988,2,4.1
V0777,-2,213.0,mazda,gas,turbo,four,wagon,rwd,front,115.0,150.4,65.7,51.5,3565,dohc,five,144,mpfi,3.24,2.64,14.0,210.0,5389.0,35,43,24068.0,Green,1980,4,2.1
V0778,-1,252.0,nissan,gas,std,four,convertible,fwd,front,110.2,202.0,66.1,51.2,3973,dohc,four,89,1bbl,2.93,2.85,21.8,76.0,6082.0,33,41,13646.0,Red,1982,2,3.4
V0779,1,169.0,mazda,gas,std,four,wagon,rwd,front,88.6,145.9,64.9,50.9,1924,ohc,five,215,mpfi,3.62,3.31,14.6,123.0,4170.0,30,34,19844.0,Brown,1986,1,3.1
V0780,-1,66.0,chevrolet,gas,std,four,wagon,rwd,front,111.0,153.1,71.6,-56.7,1577,dohc,eight,171,mpfi,3.77,3.89,8.2,195.0,4601.0,36,42,19893.0,Black,1983,3,4.6
V0781,0,134.0,nissan,gas,std,two,sedan,fwd,front,110.7,198.8,67.5,47.8,2508,ohc,two,107,4bbl,2.64,3.58,14.6,284.0,5389.0,41,47,20904.0,Blue,1988,2,3.5
V0782,0,160.0,volvo,diesel,std,four,wagon,fwd,front,119.7,193.7,71.1,50.1,3824,dohcv,six,205,idi,3.24,2.95,9.6,99.0,5389.0,27,30,38474.0,Blue,1981,5,4.4
V0783,-1,163.0,chevrolet,gas,turbo,two,sedan,fwd,front,109.4,164.0,68.7,55.3,3373,ohc,six,115,2bbl,3.23,4.13,22.6,219.0,4691.0,31,38,17512.0,Blue,1980,1,4.4
V0784,3,154.0,nissan,gas,turbo,two,hardtop,fwd,front,112.2,207.5,67.9,49.5,2045,ohc,six,166,2bbl,3.52,3.74,17.0,64.0,4588.0,33,41,17019.0,Red,1990,2,4.2
V0785,0,164.0,nissan,gas,std,two,convertible,4wd,front,99.2,142.5,70.0,49.5,3371,ohc,five,177,spfi,2.72,3.39,10.3,151.0,5874.0,32,38,21298.0,Red,1985,3,3.7
V0786,0,221.0,audi,gas,std,two,sedan,fwd,front,118.4,159.2,69.8,55.5,2507,dohcv,four,120,mpfi,3.03,3.34,12.9,69.0,6399.0,37,45,28688.0,Silver,1980,1,4.3
V0787,0,65.0,bmw,gas,std,four,hardtop,4wd,front,94.5,162.2,67.4,53.2,2717,l,five,178,1bbl,3.35,3.165,7.1,106.0,4316.0,31,37,24068.0,Red,1981,3,3.1
V0788,3,162.0,saab,gas,std,two,hatchback,fwd,front,113.6,143.5,63.1,53.1,3346,rotor,four,78,mpfi,3.36,2.7,22.4,170.0,5293.0,40,46,18664.0,Red,1980,2,1.8
V0789,-2,101.0,subaru,gas,turbo,four,wagon,fwd,rear,119.1,161.0,71.1,59.5,3439,ohc,four,214,mpfi,2.89,3.24,12.0,284.0,6582.0,24,27,30233.0,Red,1982,2,2.6
V0790,-3,204.0,mazda,gas,std,four,sedan,rwd,front,101.5,148.5,-67.0,57.0,3594,ohc,four,272,2bbl,2.68,2.91,19.2,71.0,5389.0,20,26,23214.0,White,1981,3,2.8
V0791,-1,207.0,toyota,diesel,std,four,convertible,fwd,front,108.3,166.7,71.9,49.1,1848,ohc,four,316,1bbl,3.24,4.13,22.4,127.0,6164.0,22,27,24605.0,Brown,1981,4,5.0
V0792,-3,188.0,audi,diesel,std,four,hardtop,fwd,front,89.6,153.6,61.3,58.4,2973,ohc,five,286,mpfi,3.34,2.49,7.5,66.0,5912.0,24,32,24068.0,Silver,1990,1,4.5
V0793,0,181.0,toyota,gas,std,two,hardtop,fwd,front,117.3,148.0,63.8,58.2,2837,ohc,four,231,spdi,2.72,3.165,19.2,72.0,5225.0,28,34,20960.0,Silver,1990,2,3.2
V0794,1,100.0,mitsubishi,gas,std,four,hatchback,rwd,front,87.7,198.0,68.4,53.1,2005,ohc,three,248,2bbl,3.87,2.14,9.5,163.0,5669.0,30,36,19936.0,Blue,1986,3,3.6
V0795,2,84.0,toyota,gas,std,four,sedan,fwd,front,101.0,162.4,70.1,52.0,4035,ohcf,three,247,1bbl,3.51,3.1,0.0,135.0,4387.0,27,32,25459.0,Brown,1988,4,2.3
V0796,-3,151.0,bmw,gas,std,four,sedan,4wd,front,96.9,194.3,70.5,56.3,3080,ohc,four,243,2bbl,3.45,4.01,14.8,237.0,4620.0,28,31,45400.0,White,1982,2,1.3
V0797,-2,238.0,nissan,gas,std,four,sedan,fwd,front,101.8,191.0,66.0,57.2,3940,ohcv,three,0,mpfi,3.12,2.97,15.8,179.0,4604.0,22,26,26948.0,Blue,1989,4,2.0
V0798,3,237.0,toyota,gas,std,two,wagon,fwd,front,88.8,190.0,69.8,48.3,2792,ohc,four,150,4bbl,3.46,2.84,13.8,232.0,5246.0,31,34,22922.0,Silver,1986,3,1.1
V0799,1,193.0,volvo,gas,std,four,hardtop,rwd,front,97.9,171.5,67.3,58.5,2586,ohcv,twelve,232,4bbl,3.24,2.57,12.9,168.0,5389.0,30,36,43581.0,Red,1981,4,1.8
V0800,2,213.0,audi,gas,std,four,sedan,4wd,front,112.4,152.1,64.5,-52.8,3435,dohc,three,284,2bbl,3.51,3.165,7.2,248.0,5389.0,20,23,45400.0,Blue,1985,3,1.1
V0801,1,190.0,mercedes-benz,gas,std,four,sedan,rwd,front,95.8,159.9,64.2,54.7,2859,ohc,four,163,mpfi,3.21,3.95,17.9,229.0,5500.0,31,38,45400.0,Silver,1987,3,1.3
V0802,-1,119.0,toyota,gas,std,two,wagon,4wd,front,89.5,153.0,60.3,48.8,2041,ohc,twelve,243,spdi,2.62,2.4,13.7,255.0,4357.0,26,31,25446.0,Green,1982,3,4.9
V0803,2,203.0,audi,gas,std,four,hardtop,rwd,front,88.9,200.9,65.8,48.8,2220,ohc,twelve,116,mpfi,2.7,2.38,-1.0,100.0,6282.0,300,40,31198.0,Brown,1987,3,2.7
V0804,2,76.0,mazda,gas,turbo,two,sedan,rwd,front,101.0,184.5,66.3,59.5,3149,dohc,three,126,2bbl,3.68,3.29,22.5,111.0,4692.0,31,35,16597.0,Grey,1990,4,1.5
V0805,-3,164.0,nissan,gas,turbo,four,sedan,fwd,front,103.1,151.3,64.2,55.0,3519,ohc,four,157,4bbl,3.06,3.63,7.4,55.0,4446.0,31,34,17110.0,Silver,1988,5,1.8
V0806,-1,203.0,volkswagen,gas,turbo,four,hardtop,rwd,front,91.3,191.9,65.7,58.4,2946,dohc,three,180,2bbl,3.16,3.13,14.0,50.0,6358.0,29,32,15811.0,White,1987,3,2.9
V0807,2,78.0,mitsubishi,gas,std,two,convertible,fwd,front,117.8,197.6,71.6,49.0,2405,ohc,four,114,spfi,3.75,3.59,10.6,70.0,4932.0,39,46,11573.0,Silver,1980,1,1.2
V0808,2,229.0,honda,gas,std,four,sedan,fwd,front,117.4,204.9,66.5,56.0,1609,ohc,three,325,4bbl,2.66,2.73,22.7,90.0,5927.0,20,26,22713.0,Black,1989,1,4.9
V0809,0,243.0,mazda,diesel,std,two,hatchback,rwd,front,119.9,141.1,71.5,53.6,3936,ohc,two,240,idi,2.84,3.84,11.5,89.0,6337.0,20,25,20930.0,White,1982,5,5.0
V0810,0,237.0,bmw,gas,std,four,wagon,rwd,front,115.2,163.3,61.2,56.5,-100,ohc,four,241,2bbl,2.92,3.89,13.4,95.0,6037.0,30,34,45400.0,Red,1982,3,1.4
V0811,-1,72.0,jaguar,gas,std,four,wagon,rwd,front,99.6,162.3,68.9,56.9,3704,ohc,four,208,spfi,3.59,2.98,8.6,210.0,4561.0,30,34,45400.0,White,1980,3,2.4
V0812,-1,182.0,volkswagen,gas,std,four,sedan,fwd,front,98.3,179.2,68.7,54.6,3384,ohc,twelve,9999,1bbl,2.8,3.31,22.5,244.0,4843.0,28,32,24290.0,White,1983,3,4.3
V0813,-2,135.0,volvo,gas,std,two,wagon,fwd,front,110.3,187.3,70.4,51.1,3802,ohc,four,183,idi,3.44,2.19,14.7,205.0,5417.0,25,33,41303.0,Blue,1987,1,3.3
V0814,1,163.0,mazda,gas,std,two,wagon,fwd,front,88.5,176.9,69.5,51.3,3711,ohcf,five,164,mpfi,3.89,3.14,14.9,278.0,5389.0,34,38,25207.0,Grey,1986,1,4.2
V0815,2,152.0,bmw,gas,std,four,hatchback,fwd,front,116.3,203.0,71.8,52.7,2059,ohc,two,106,mpfi,3.24,3.165,21.6,58.0,4645.0,36,42,32675.0,Grey,1988,4,4.7
V0816,-1,193.0,jaguar,gas,std,four,hatchback,fwd,front,101.2,143.0,65.8,54.6,1533,dohc,four,9999,mpfi,3.81,4.09,14.5,233.0,6027.0,27,30,45400.0,Green,1988,2,2.4
V0817,-3,209.0,toyota,gas,turbo,two,sedan,rwd,front,95.9,180.3,69.4,48.8,2415,ohc,twelve,171,2bbl,3.47,3.82,17.5,100.0,5270.0,38,41,17779.0,Blue,1984,1,3.9
V0818,0,96.0,toyota,gas,std,four,sedan,fwd,front,89.2,157.5,64.2,53.1,2574,ohc,six,196,1bbl,3.05,2.27,20.0,225.0,6065.0,27,32,25214.0,Blue,1981,5,3.5
V0819,-3,163.0,dodge,gas,std,two,sedan,fwd,front,104.2,192.5,63.6,53.3,2004,ohc,three,236,mpfi,3.76,3.33,12.2,134.0,5441.0,33,38,20616.0,Black,1987,5,4.2
V0820,3,229.0,mitsubishi,gas,std,two,convertible,fwd,front,90.8,199.2,70.6,52.5,3097,ohcf,twelve,215,mpfi,3.24,2.56,10.4,275.0,4806.0,31,39,23898.0,Red,1980,3,4.5
V0821,0,184.0,dodge,gas,std,four,sedan,fwd,front,109.2,184.7,61.0,52.2,2480,ohc,six,135,2bbl,3.64,3.165,10.9,81.0,6080.0,37,42,14612.0,Black,1989,1,1.4
V0822,-2,136.0,volkswagen,gas,std,four,hardtop,4wd,front,89.8,193.3,68.3,48.2,3076,ohcv,four,280,2bbl,2.8,3.0,19.7,104.0,5660.0,20,24,24198.0,Silver,1985,2,4.8
V0823,-1,163.0,dodge,gas,std,four,hatchback,fwd,front,93.9,186.0,65.9,52.4,3485,ohc,four,324,spdi,3.6,2.72,14.3,87.0,6216.0,15,19,22267.0,Brown,1989,5,1.8
V0824,3,106.0,chevrolet,gas,std,two,sedan,fwd,front,94.0,198.1,62.0,56.3,3450,ohc,two,168,2bbl,3.74,2.68,7.6,270.0,5389.0,29,34,21776.0,Green,1987,4,3.5
V0825,2,181.0,volvo,gas,std,two,wagon,fwd,front,119.3,186.1,69.7,55.4,2232,ohc,four,142,mpfi,2.64,3.84,19.4,172.0,5698.0,36,41,35358.0,Green,1984,4,1.0
V0826,-1,208.0,toyota,diesel,std,two,hatchback,fwd,front,88.7,172.5,62.2,52.0,3778,l,six,68,4bbl,2.92,3.79,20.9,197.0,5402.0,39,46,18128.0,Blue,1990,2,1.3
V0827,-3,110.0,toyota,gas,turbo,four,hatchback,rwd,front,108.2,155.4,68.5,57.8,2330,dohc,three,283,1bbl,3.86,3.64,9.5,165.0,5508.0,21,24,24174.0,Green,1988,1,3.3
V0828,0,224.0,honda,diesel,std,four,sedan,rwd,front,112.3,194.7,67.9,57.3,2234,ohc,two,182,mpfi,2.99,3.27,14.7,136.0,4919.0,35,41,24068.0,Silver,1987,1,4.0
V0829,1,104.0,volvo,gas,turbo,four,sedan,fwd,front,115.4,192.2,65.1,49.8,1548,ohc,twelve,151,idi,3.25,3.36,17.8,193.0,6347.0,36,42,34610.0,Red,1985,2,4.1
V0830,3,231.0,subaru,gas,std,four,hatchback,rwd,front,-117.7,176.4,63.4,48.5,2310,ohcv,two,88,2bbl,3.24,2.21,17.6,217.0,5625.0,38,41,19941.0,Red,1986,5,4.9
V0831,-3,219.0,toyota,gas,std,four,hatchback,rwd,front,103.3,186.3,70.0,54.4,2406,ohc,six,115,idi,3.18,3.75,19.9,219.0,5780.0,36,41,20885.0,Brown,1990,3,4.3
V0832,-3,104.0,toyota,gas,std,four,hatchback,rwd,front,110.5,186.2,63.4,48.2,3828,rotor,two,237,mpfi,3.59,3.18,11.9,240.0,5441.0,27,35,27541.0,Blue,1982,5,2.4
V0833,-1,206.0,toyota,gas,std,four,hatchback,4wd,front,113.5,165.4,65.9,58.1,3160,ohc,six,262,mpfi,2.69,3.44,200.0,261.0,5838.0,20,24,27842.0,Brown,1990,4,4.7
V0834,-1,115.0,porsche,gas,std,four,sedan,fwd,front,100.3,146.4,70.7,56.7,2395,ohc,four,322,1bbl,3.28,2.48,19.4,137.0,4754.0,21,24,45400.0,Black,1982,1,1.7
V0835,1,164.0,nissan,gas,std,four,hatchback,fwd,front,89.6,196.3,67.8,53.6,1885,ohc,four,210,mfi,3.2,2.31,19.6,168.0,6153.0,32,35,22967.0,Black,1986,3,1.7
V0836,2,77.0,jaguar,diesel,turbo,four,sedan,rwd,front,96.1,179.7,69.1,57.8,3956,rotor,eight,86,1bbl,3.04,2.39,16.7,170.0,5907.0,32,38,45400.0,Red,1986,4,2.0
V0837,-3,163.0,nissan,gas,std,two,sedan,rwd,front,104.6,188.0,72.1,50.5,3233,ohc,eight,87,mpfi,2.92,2.66,12.6,155.0,5161.0,39,42,16170.0,White,1985,2,2.1
V0838,-2,111.0,honda,gas,std,two,hardtop,4wd,front,105.4,141.3,62.4,57.4,2894,ohc,three,167,idi,3.63,2.64,11.6,222.0,5197.0,36,42,23070.0,Blue,1988,2,3.3
V0839,3,163.0,nissan_,gas,std,four,hatchback,rwd,front,109.4,197.7,63.1,51.4,3834,dohc,three,187,mpfi,3.26,2.47,19.5,164.0,5389.0,26,34,22465.0,White,1980,4,4.6
V0840,1,212.0,volkswagen,diesel,turbo,four,hatchback,fwd,front,109.9,143.9,69.0,59.2,2179,ohc,five,307,mpfi,3.8,3.38,18.5,131.0,6444.0,25,31,24498.0,Grey,1988,4,3.3
V0841,2,117.0,bmw,gas,std,four,sedan,fwd,front,116.9,179.0,64.6,54.6,3045,ohc,four,250,2bbl,3.55,2.45,12.6,89.0,6316.0,23,29,45400.0,Red,1983,1,4.4
V0842,1,243.0,honda,diesel,std,four,wagon,4wd,front,92.8,143.0,62.2,54.9,3037,ohc,six,188,mpfi,3.27,2.86,11.1,65.0,5838.0,27,30,17093.0,Red,1985,2,2.3
V0843,-1,226.0,volkswagen,gas,turbo,four,sedan,fwd,front,103.7,170.3,70.5,53.6,1732,ohc,four,226,1bbl,3.39,2.37,15.3,170.0,5036.0,33,39,24068.0,Black,1990,3,3.7
V0844,2,163.0,toyota,diesel,std,four,hatchback,fwd,front,89.2,170.4,66.4,54.5,3086,ohc,four,155,mpfi,3.34,3.31,7.1,285.0,6250.0,36,43,25816.0,Silver,1983,3,3.8
V0845,-1,244.0,volvo,gas,std,four,hatchback,fwd,front,96.0,141.6,62.0,48.6,3123,dohc,four,229,4bbl,3.77,3.04,16.2,236.0,4523.0,27,35,45400.0,Green,1984,4,3.5
V0846,3,136.0,honda,gas,std,four,sedan,fwd,front,93.3,200.2,63.9,59.0,2118,ohcf,eight,271,mpfi,2.6,3.53,18.7,186.0,6340.0,25,28,26392.0,Grey,1983,3,3.7
V0847,2,87.0,peugot,gas,turbo,four,wagon,4wd,front,120.0,153.1,60.9,59.6,2874,dohc,twelve,267,mpfi,2.71,2.9,11.8,170.0,4856.0,27,35,26245.0,Green,1990,4,2.1
V0848,0,217.0,honda,gas,std,four,sedan,fwd,front,103.7,202.3,68.0,59.4,2419,ohc,eight,120,1bbl,2.68,3.8,16.9,279.0,5971.0,38,42,23551.0,Blue,1985,3,3.2
V0849,0,163.0,toyota,gas,std,two,hatchback,fwd,front,90.2,-206.2,67.7,56.1,2217,dohc,three,117,2bbl,2.78,2.37,-1.0,147.0,5192.0,37,41,17966.0,Black,1985,3,1.6
V0850,-1,124.0,jaguar,gas,std,four,hatchback,fwd,front,87.1,153.3,69.6,51.0,1868,dohc,twelve,236,1bbl,3.66,3.3,9.9,162.0,4461.0,29,32,45400.0,Grey,1982,4,4.4
V0851,1,230.0,toyota,gas,turbo,two,hatchback,4wd,front,102.0,153.0,70.7,52.8,3202,dohc,two,172,2bbl,3.32,2.22,16.2,276.0,5015.0,35,43,26371.0,Blue,1989,1,2.6
V0852,-1,238.0,mercedes-benz,gas,std,four,hatchback,fwd,front,119.4,174.1,69.5,56.3,2016,ohc,eight,242,1bbl,3.37,2.84,7.4,107.0,4419.0,25,28,45400.0,Blue,1984,1,1.8
V0853,3,121.0,mazda,gas,std,four,sedan,fwd,front,91.8,170.8,62.1,51.9,3068,ohc,twelve,243,2bbl,2.88,3.39,11.4,187.0,4662.0,22,29,25784.0,Silver,1986,5,3.8
V0854,0,150.0,toyota,gas,turbo,four,hatchback,fwd,front,112.8,177.3,-71.3,53.9,2483,ohc,five,120,mpfi,3.24,2.53,9.2,285.0,4176.0,37,45,22231.0,Green,1989,5,4.2
V0855,0,194.0,bmw,gas,turbo,two,sedan,rwd,front,111.4,157.5,62.4,50.8,2656,dohc,twelve,164,mpfi,3.63,2.24,22.6,149.0,5697.0,31,37,45400.0,Blue,1986,2,4.3
V0856,-1,161.0,bmw,gas,std,four,sedan,fwd,rear,108.8,147.8,67.3,51.7,3943,ohc,six,86,mpfi,3.46,3.27,19.9,170.0,6322.0,36,40,39603.0,Brown,1990,3,4.1
V0857,3,161.0,audi,diesel,std,four,sedan,fwd,front,107.6,164.3,64.2,52.2,3605,dohc,five,310,2bbl,3.26,3.47,15.8,239.0,6469.0,23,26,45400.0,Silver,1987,3,1.6
V0858,-3,145.0,isuzu,diesel,turbo,four,hatchback,fwd,front,107.9,161.4,65.0,52.3,3779,ohc,four,147,2bbl,3.84,3.91,9.1,129.0,6322.0,33,37,15846.0,White,1982,4,4.5
V0859,-3,230.0,nissan,gas,std,two,sedan,rwd,front,104.2,168.3,62.5,48.3,1925,ohcv,five,163,idi,3.57,2.7,18.0,102.0,6579.0,500,41,17844.0,Grey,1989,3,1.9
V0860,3,163.0,mazda,gas,turbo,four,sedan,fwd,front,117.9,199.4,63.9,55.5,3982,ohc,six,143,2bbl,3.63,3.18,7.0,130.0,6151.0,27,30,19156.0,Black,1983,5,4.8
V0861,-1,210.0,isuzu,gas,std,two,sedan,rwd,front,103.0,161.3,70.5,52.0,2663,dohc,three,250,mpfi,3.66,2.35,19.4,57.0,5151.0,23,26,17055.0,Red,1984,4,4.7
V0862,2,125.0,mitsubishi,gas,std,four,wagon,rwd,front,93.1,155.7,61.0,56.6,1737,ohcv,four,305,2bbl,3.73,2.4,22.4,68.0,4911.0,22,29,19023.0,Red,1989,2,3.3
V0863,1,235.0,honda,gas,std,two,hatchback,fwd,front,105.0,185.3,65.8,58.3,2722,ohcv,four,205,mpfi,2.67,2.12,15.9,149.0,6299.0,28,33,20152.0,Silver,1982,2,3.4
V0864,-2,166.0,volkswagen,gas,std,two,sedan,fwd,front,116.2,201.4,60.4,57.4,3728,ohc,three,248,idi,3.19,4.11,7.5,91.0,5202.0,23,27,21379.0,Brown,1982,1,2.6
V0865,-1,204.0,honda,gas,std,four,convertible,fwd,front,104.0,142.5,70.8,48.3,3072,dohcv,four,69,2bbl,2.63,2.58,17.5,74.0,5389.0,41,45,11833.0,Silver,1990,2,4.3
V0866,-1,237.0,nissan,gas,turbo,two,hatchback,fwd,front,115.5,144.1,65.3,56.3,2773,dohc,six,291,1bbl,2.91,4.1,20.9,95.0,5014.0,21,24,24612.0,White,1988,1,1.0
V0867,3,139.0,toyota,gas,std,two,sedan,fwd,front,92.4,208.0,62.7,-56.5,2095,l,six,229,mpfi,2.83,2.53,8.0,52.0,6396.0,34,40,18319.0,Grey,1986,4,2.0
V0868,-1,163.0,toyota,gas,std,two,sedan,rwd,front,99.4,173.1,64.4,53.4,3102,dohc,twelve,253,idi,3.53,3.67,8.5,80.0,5453.0,500,29,21505.0,Grey,1986,5,2.6
V0869,3,73.0,toyota,gas,std,two,sedan,rwd,front,94.8,189.4,68.2,-54.3,3075,ohc,two,139,1bbl,2.99,3.42,8.8,181.0,4423.0,30,34,19281.0,Black,1987,2,1.4
V0870,-1,128.0,alfa-romero,gas,std,two,sedan,rwd,front,113.9,144.5,67.4,55.8,1997,ohcf,four,195,2bbl,3.3,4.05,8.1,231.0,6455.0,33,40,31352.0,Grey,1981,3,4.1
V0871,0,98.0,honda,gas,std,four,sedan,fwd,front,99.2,204.6,61.7,56.4,3270,ohcv,twelve,314,mpfi,3.54,2.47,20.8,248.0,5240.0,20,28,30950.0,Red,1983,5,1.9
V0872,2,223.0,mitsubishi,diesel,std,two,sedan,fwd,front,106.7,148.1,71.4,59.6,3825,dohc,three,203,idi,3.24,2.23,16.6,228.0,6222.0,29,32,23570.0,Brown,1985,1,4.5
V0873,-2,101.0,volkswagen,gas,std,four,sedan,fwd,front,103.2,168.4,63.1,58.4,2590,dohc,eight,112,mpfi,3.32,3.72,11.9,152.0,5389.0,35,43,17981.0,Silver,1982,2,3.2
V0874,0,164.0,nissan,gas,std,two,wagon,fwd,front,113.1,145.1,60.7,48.8,2403,ohc,two,176,spfi,3.23,4.11,11.4,160.0,6477.0,35,40,24068.0,Black,1989,4,3.8
V0875,2,104.0,audi,diesel,std,four,sedan,fwd,front,115.5,187.3,-61.8,52.5,3300,ohc,eight,96,mpfi,3.88,2.33,7.1,261.0,5761.0,37,41,41564.0,Black,1986,2,4.7
V0876,-2,112.0,bmw,gas,std,four,sedan,rwd,front,88.1,195.9,65.5,51.2,1704,ohc,four,189,idi,3.1,3.19,21.8,279.0,6047.0,37,45,45400.0,White,1982,1,4.5
V0877,0,233.0,saab,gas,std,four,sedan,fwd,front,119.9,199.6,63.5,55.8,1614,ohc,four,249,mpfi,3.38,2.99,12.6,276.0,4522.0,27,35,41342.0,White,1985,4,5.0
V0878,-2,104.0,mitsubishi,gas,turbo,four,hatchback,fwd,front,90.2,193.8,67.5,58.1,2568,ohc,six,177,2bbl,3.83,2.39,17.8,209.0,4757.0,34,41,18862.0,Silver,1980,5,4.1
V0879,-3,85.0,nissan,gas,std,two,sedan,fwd,front,110.9,165.6,64.6,54.2,3530,ohc,eight,197,1bbl,3.52,2.64,9.4,213.0,5375.0,29,35,23895.0,Blue,1982,3,4.3
V0880,-1,164.0,toyota,gas,std,four,sedan,rwd,front,99.3,163.9,70.2,55.1,3118,ohcf,two,131,2bbl,2.6,2.7,8.5,170.0,4886.0,37,41,18166.0,Grey,1987,1,2.0
V0881,-2,77.0,peugot,diesel,std,four,hatchback,fwd,front,96.4,153.5,61.4,49.4,3638,dohc,five,246,mpfi,3.9,3.68,12.1,79.0,5389.0,23,30,19480.0,Silver,1988,5,4.7
V0882,-1,149.0,mazda,gas,turbo,four,sedan,fwd,front,98.5,141.8,66.2,59.6,2770,ohc,five,155,mpfi,3.18,2.61,16.3,208.0,4915.0,32,36,20877.0,Green,1981,1,3.9
V0883,2,123.0,volvo,gas,std,two,hatchback,fwd,front,95.3,189.6,63.7,55.7,3736,rotor,two,275,2bbl,3.76,2.49,19.0,116.0,6225.0,20,25,44762.0,Grey,1985,5,4.8
V0884,0,163.0,bmw,diesel,std,four,hatchback,fwd,front,117.0,175.9,65.3,53.7,2323,ohcv,six,73,2bbl,3.61,2.92,18.3,218.0,5389.0,40,44,44366.0,Silver,1985,5,3.5
V0885,1,215.0,bmw,diesel,std,four,hatchback,fwd,front,118.2,168.8,65.5,51.4,2841,ohcv,five,210,1bbl,2.97,2.61,8.2,277.0,5400.0,26,32,45400.0,Black,1989,2,4.3
V0886,3,116.0,mazda,gas,std,four,sedan,fwd,front,117.2,196.6,60.9,54.8,3250,ohc,four,206,1bbl,2.57,2.56,8.2,236.0,4495.0,27,31,25148.0,Blue,1982,2,1.6
V0887,2,147.0,volvo,gas,std,four,hatchback,4wd,front,117.7,159.9,68.5,51.1,2511,ohcv,four,263,mpfi,2.92,2.63,11.0,170.0,4200.0,23,28,45400.0,Green,1982,4,2.9
V0888,0,203.0,toyota,gas,turbo,four,hatchback,4wd,front,90.0,168.1,71.5,51.5,3209,ohc,six,87,mpfi,2.67,4.05,7.1,276.0,6103.0,34,40,21121.0,White,1982,5,4.8
V0889,3,233.0,volvo,gas,std,two,hatchback,fwd,front,101.1,165.6,63.6,56.0,2322,ohc,three,308,mpfi,3.32,3.09,22.8,170.0,5560.0,25,33,45400.0,White,1983,4,4.1
V0890,1,76.0,jaguar,gas,turbo,two,sedan,fwd,front,92.7,149.1,68.5,54.9,3151,ohc,four,63,2bbl,3.92,3.79,19.0,103.0,4646.0,39,46,24068.0,Silver,1985,1,1.7
V0891,-2,219.0,toyota,gas,std,two,sedan,rwd,front,112.0,144.7,62.8,49.5,3516,ohc,five,140,mpfi,2.98,4.15,7.1,172.0,4972.0,30,33,18632.0,Brown,1988,1,2.0
V0892,3,166.0,honda,gas,std,four,wagon,fwd,front,116.2,165.0,68.5,50.1,2631,l,six,306,2bbl,3.07,2.41,19.9,198.0,4417.0,22,26,24068.0,Black,1989,5,2.0
V0893,0,163.0,audi,diesel,turbo,four,convertible,fwd,rear,97.8,187.3,66.9,54.6,1493,ohc,four,217,1bbl,3.24,3.53,11.4,99.0,5796.0,34,37,38904.0,Black,1983,3,1.2
V0894,1,102.0,isuzu,gas,std,two,hatchback,4wd,front,117.4,176.0,68.2,54.5,1559,l,twelve,62,spdi,3.88,3.93,8.9,170.0,6469.0,47,52,8802.0,Red,1985,5,3.7
V0895,3,233.0,honda,gas,turbo,four,hardtop,rwd,front,90.5,155.2,67.4,53.4,1696,dohc,four,231,1bbl,3.19,3.87,19.3,205.0,5389.0,30,38,22719.0,Silver,1988,4,1.5
V0896,1,163.0,volvo,gas,std,two,hatchback,fwd,front,111.4,160.6,63.3,55.0,2869,ohc,two,315,2bbl,3.09,3.58,21.9,170.0,6351.0,22,26,45400.0,Silver,1986,5,4.9
V0897,-1,138.0,mazda,gas,std,four,sedan,rwd,front,87.6,143.6,60.9,54.9,2881,ohc,eight,180,idi,3.5,2.78,8.5,69.0,6363.0,33,41,18457.0,Black,1984,4,2.1
V0898,-3,163.0,nissan,gas,std,two,sedan,fwd,front,114.2,194.1,66.7,55.3,2475,ohc,two,146,1bbl,3.51,2.08,20.5,257.0,5036.0,37,42,21454.0,Blue,1989,3,1.0
V0899,1,142.0,bmw,gas,std,two,sedan,rwd,front,113.8,151.9,61.7,59.7,3841,ohc,four,155,mpfi,3.24,3.47,22.6,85.0,5677.0,34,41,44222.0,White,1980,4,4.7
V0900,0,93.0,toyota,gas,turbo,four,hatchback,4wd,front,112.5,141.4,69.0,58.9,3553,l,six,155,2bbl,3.88,2.45,12.7,145.0,5887.0,30,37,19324.0,Green,1985,1,2.9
V0901,3,182.0,mitsubishi,gas,turbo,two,hardtop,fwd,front,108.2,197.3,62.8,50.0,2430,ohc,four,152,mpfi,3.6,4.03,7.3,193.0,6356.0,36,40,19911.0,Black,1983,2,2.4
V0902,1,238.0,volvo,gas,turbo,four,hatchback,fwd,front,92.9,170.1,65.6,57.8,3596,ohc,two,160,2bbl,3.1,4.06,22.8,131.0,4842.0,29,36,24068.0,Brown,1988,5,1.0
V0903,3,161.0,toyota,gas,std,four,hatchback,fwd,front,114.8,179.7,66.1,57.9,2866,dohcv,eight,117,mpfi,3.08,2.64,7.2,129.0,4323.0,40,44,24068.0,Green,1987,3,5.0
V0904,0,160.0,volvo,diesel,std,four,wagon,fwd,front,119.7,193.7,71.1,50.1,3824,dohcv,six,205,idi,3.24,2.95,9.6,99.0,5389.0,27,30,38474.0,Blue,1981,5,4.4
V0905,-1,75.0,toyota,gas,turbo,two,hatchback,fwd,front,93.0,165.1,62.3,54.4,1577,ohc,two,283,1bbl,3.2,2.58,18.6,201.0,5533.0,30,38,26174.0,Brown,1983,5,1.4
V0906,-1,195.0,mercedes-benz,diesel,turbo,two,sedan,fwd,front,91.1,170.4,60.8,52.6,3655,ohcf,three,164,2bbl,3.89,3.38,20.3,170.0,5485.0,29,34,45400.0,Red,1987,1,3.0
V0907,-3,135.0,volvo,gas,std,two,sedan,fwd,front,97.6,143.2,67.5,52.4,2968,ohcv,twelve,170,mpfi,3.76,4.07,17.9,117.0,5182.0,30,33,33494.0,Red,1984,4,4.5
V0908,1,192.0,honda,gas,std,two,sedan,fwd,front,117.3,196.8,69.7,50.5,2416,ohc,four,240,mfi,3.2,2.26,7.8,165.0,4336.0,32,36,23600.0,Green,1981,5,4.2
V0909,-2,219.0,peugot,gas,turbo,four,sedan,fwd,front,111.9,165.1,67.4,56.2,2928,ohcf,eight,157,idi,3.67,4.11,15.7,92.0,6158.0,29,32,15476.0,Black,1988,4,1.0
V0910,-2,145.0,toyota,gas,std,four,wagon,4wd,front,99.7,151.6,65.6,51.6,2608,ohc,four,293,mpfi,3.36,2.75,7.3,61.0,5487.0,27,33,24068.0,Green,1986,5,1.1
V0911,0,145.0,dodge,diesel,std,two,hardtop,fwd,front,103.6,152.2,69.3,51.6,2843,rotor,four,175,2bbl,3.07,3.79,8.3,170.0,6497.0,35,38,24068.0,White,1987,1,1.4
V0912,3,166.0,mazda,gas,std,two,hatchback,fwd,front,113.8,156.5,68.9,53.8,2081,ohc,five,230,idi,3.77,2.09,20.7,268.0,4575.0,34,37,27823.0,Red,1988,3,3.1
V0913,3,248.0,toyota,gas,std,four,sedan,rwd,front,96.9,148.2,63.2,57.4,3401,ohcv,twelve,64,2bbl,3.33,3.06,21.2,263.0,4182.0,42,46,20580.0,Green,1987,4,2.9
V0914,2,217.0,toyota,gas,std,four,hardtop,rwd,front,117.6,184.7,65.4,50.9,3839,ohc,four,208,spfi,3.52,2.76,21.1,224.0,4526.0,26,31,25372.0,Silver,1986,4,2.0
V0915,3,207.0,plymouth,gas,std,four,hardtop,fwd,front,101.0,153.1,71.5,57.6,2234,ohcv,six,80,mpfi,3.3,2.56,16.6,139.0,5207.0,38,42,14426.0,Silver,1983,1,2.3
V0916,-2,187.0,volvo,diesel,std,four,sedan,fwd,front,115.2,167.6,62.6,48.3,2828,dohc,two,140,mpfi,2.93,3.165,11.5,186.0,5030.0,35,43,37088.0,Red,1988,1,3.3
V0917,1,149.0,mitsubishi,diesel,std,four,sedan,fwd,front,113.4,203.8,65.6,53.8,3385,ohc,eight,85,mpfi,2.7,3.165,9.8,163.0,5351.0,36,39,24068.0,Red,1990,2,4.9
V0918,-2,228.0,audi,gas,std,four,hatchback,fwd,front,103.4,173.5,61.3,55.0,2247,ohc,two,75,2bbl,3.01,3.28,15.5,207.0,6096.0,46,52,34778.0,Brown,1990,5,4.6
V0919,3,73.0,subaru,gas,std,two,sedan,rwd,front,91.8,175.8,63.1,57.8,1614,dohc,six,279,2bbl,3.86,2.28,22.1,191.0,5791.0,25,32,28817.0,Grey,1985,4,3.1
V0920,0,108.0,toyota,gas,std,two,hatchback,rwd,front,113.3,149.6,70.4,49.5,2991,ohc,four,70,4bbl,2.61,3.4,10.5,170.0,5551.0,42,47,17238.0,Black,1982,3,4.4
V0921,1,81.0,nissan,gas,turbo,four,sedan,rwd,front,110.1,184.1,63.0,56.3,2657,ohc,four,69,1bbl,3.81,2.92,14.9,282.0,5999.0,42,48,19862.0,Silver,1989,3,2.5
V0922,0,207.0,volkswagen,diesel,std,four,hatchback,rwd,front,98.4,174.1,67.1,58.1,2048,ohc,five,210,1bbl,2.61,2.12,10.7,204.0,6319.0,30,33,22926.0,Grey,1982,2,1.8
V0923,0,135.0,audi,gas,std,four,sedan,rwd,front,88.0,174.1,-64.9,54.7,2343,l,three,281,2bbl,3.04,3.37,7.9,135.0,6063.0,29,37,45400.0,White,1988,3,3.5
V0924,-3,163.0,nissan,gas,turbo,four,hatchback,rwd,front,114.0,197.7,67.8,51.2,1841,dohc,four,163,mpfi,3.23,3.74,22.1,174.0,5393.0,35,39,20677.0,Silver,1984,3,3.7
V0925,1,233.0,plymouth,gas,std,four,hatchback,rwd,rear,88.8,151.8,62.1,49.8,3186,dohc,two,212,idi,3.72,2.76,22.1,170.0,4228.0,31,35,21595.0,Blue,1985,5,1.7
V0926,-1,184.0,  audi,gas,std,two,sedan,rwd,front,106.8,181.1,71.4,59.2,3158,ohc,eight,270,idi,3.21,3.38,20.8,274.0,5955.0,26,32,30207.0,White,1990,2,3.3
V0927,2,128.0,dodge,gas,std,four,sedan,fwd,front,106.4,148.5,69.6,51.5,1655,dohc,two,258,mpfi,3.91,2.83,19.0,157.0,4286.0,30,33,20519.0,Red,1986,5,3.0
V0928,3,228.0,saab,gas,std,four,hardtop,rwd,front,87.4,180.4,71.3,57.1,3643,l,twelve,252,1bbl,3.47,3.3,12.4,130.0,4708.0,21,29,35995.0,Brown,1990,3,1.7
V0929,1,216.0,toyota,gas,std,four,hardtop,rwd,front,115.3,186.7,67.8,52.9,2125,ohc,four,95,mpfi,2.66,2.89,7.5,172.0,5409.0,44,48,16368.0,Green,1984,4,3.9
V0930,-3,109.0,audi,diesel,std,four,sedan,rwd,front,97.5,188.6,71.2,54.8,2988,dohc,twelve,267,2bbl,3.47,3.165,10.1,242.0,6204.0,22,30,45400.0,Red,1984,5,1.8
V0931,0,163.0,nissan,gas,std,two,hardtop,rwd,front,92.4,152.3,65.3,49.1,2827,ohc,two,167,4bbl,3.09,2.97,10.7,75.0,5610.0,34,38,15962.0,Silver,1986,2,2.8
V0932,1,107.0,mazda,gas,std,four,sedan,fwd,front,90.1,166.2,64.5,58.7,3263,ohc,four,323,2bbl,2.6,3.165,20.6,65.0,5593.0,24,20,24191.0,White,1981,2,4.0
V0933,1,185.0,toyota,gas,std,four,sedan,rwd,front,90.7,148.2,64.9,57.8,2597,ohcv,three,78,mpfi,3.87,3.31,19.2,278.0,5389.0,44,50,19658.0,Red,1985,5,1.9
V0934,0,113.0,chevrolet,gas,turbo,two,convertible,rwd,front,118.0,188.0,62.5,56.0,2786,ohc,twelve,117,2bbl,3.66,3.51,17.7,243.0,5553.0,34,38,24068.0,Blue,1980,3,1.6
V0935,-1,116.0,audi,gas,std,four,sedan,fwd,front,89.8,197.7,61.4,51.8,1763,dohc,eight,279,mpfi,3.24,3.44,11.8,253.0,5378.0,29,37,45400.0,Red,1984,5,3.1
V0936,-2,238.0,toyota,gas,std,four,sedan,fwd,front,106.4,156.7,64.8,59.1,3228,rotor,four,152,mpfi,3.8,3.64,22.9,193.0,6401.0,29,32,20767.0,Red,1987,1,1.2
V0937,1,176.0,nissan,gas,std,four,sedan,fwd,rear,90.0,194.4,69.0,49.9,2932,ohcf,eight,124,2bbl,3.24,3.59,18.0,192.0,4536.0,38,41,18604.0,Black,1985,3,3.2
V0938,-3,186.0,bmw,gas,turbo,four,sedan,rwd,front,-98.3,158.6,64.1,55.7,1941,ohc,four,153,mpfi,3.5,3.07,12.8,226.0,5712.0,32,37,45400.0,White,1990,1,1.9
V0939,-2,235.0,honda,diesel,std,four,hatchback,rwd,front,-90.3,154.9,62.0,56.5,1992,l,six,271,2bbl,3.27,2.65,17.6,267.0,4747.0,26,32,28079.0,Green,1990,2,3.0
V0940,-2,146.0,toyota,gas,std,four,sedan,rwd,front,88.8,154.0,60.8,51.5,50000,ohc,six,108,1bbl,3.41,3.14,20.2,146.0,4461.0,500,40,17732.0,Red,1989,3,1.7
V0941,0,203.0,honda,gas,std,four,sedan,rwd,rear,109.6,181.0,67.3,58.7,3988,ohc,four,196,mpfi,3.14,4.14,17.6,54.0,5027.0,30,33,19511.0,Green,1981,1,2.6
V0942,-2,163.0,toyota,gas,turbo,four,hatchback,fwd,rear,118.1,175.2,67.9,56.9,2684,ohc,four,139,1bbl,3.47,3.51,20.8,93.0,5598.0,37,40,16701.0,Brown,1985,2,2.5
V0943,0,85.0,plymouth,diesel,std,four,hatchback,rwd,front,113.0,185.5,66.3,54.8,3675,dohc,four,120,spdi,3.84,2.89,18.6,93.0,6382.0,33,36,15411.0,Silver,1983,4,1.1
V0944,1,176.0,nissan,gas,turbo,two,hardtop,rwd,front,115.9,149.5,60.4,50.6,2695,ohc,four,316,mpfi,3.8,2.71,11.6,249.0,5483.0,22,29,29503.0,Silver,1981,2,3.1
V0945,3,68.0,audi,gas,std,four,sedan,fwd,front,110.2,202.8,61.9,56.3,2216,dohc,two,226,1bbl,3.61,3.25,16.3,218.0,5859.0,34,39,45400.0,Blue,1980,4,1.6
V0946,-1,113.0,saab,gas,std,four,hatchback,rwd,front,92.7,177.1,66.6,56.5,2400,l,three,213,2bbl,3.55,2.96,13.1,106.0,5389.0,33,38,29457.0,Brown,1981,1,4.2
V0947,-1,136.0,mercedes-benz,gas,std,four,sedan,4wd,front,111.3,200.4,64.9,49.1,3422,ohc,four,77,2bbl,3.72,2.57,8.9,62.0,4867.0,40,44,34685.0,Silver,1985,5,2.5
V0948,3,201.0,mazda,gas,std,four,sedan,rwd,front,112.1,177.2,60.5,56.5,1536,ohcv,two,160,mpfi,3.09,3.64,8.9,195.0,5137.0,34,37,19771.0,Black,1989,4,2.2
V0949,2,181.0,subaru,gas,std,four,sedan,fwd,front,98.5,193.9,70.5,54.7,3629,ohc,six,282,1bbl,2.58,3.26,7.4,132.0,4554.0,21,27,26350.0,Green,1984,3,4.3
V0950,1,66.0,toyota,gas,turbo,four,sedan,rwd,front,101.5,187.0,62.8,56.4,3072,ohc,eight,304,idi,3.53,3.11,18.3,168.0,5329.0,17,23,26274.0,White,1983,3,1.6
V0951,-3,163.0,plymouth,gas,turbo,four,hatchback,fwd,front,101.8,164.7,67.3,53.4,4032,ohc,six,282,2bbl,3.67,2.74,200.0,93.0,5959.0,19,24,21688.0,Brown,1984,5,3.1
V0952,-2,129.0,toyota,gas,std,four,hatchback,fwd,front,95.2,143.4,67.7,48.5,3921,dohc,five,123,1bbl,2.71,3.165,9.1,216.0,6468.0,31,34,22580.0,Silver,1990,1,3.6
V0953,2,164.0,plymouth,gas,std,two,hardtop,rwd,front,114.5,172.6,69.0,49.3,3575,ohc,six,200,2bbl,3.56,3.84,14.9,108.0,5389.0,30,34,18555.0,Black,1988,3,2.4
V0954,-1,239.0,mercedes-benz,gas,std,four,hardtop,fwd,front,117.0,176.3,62.3,54.2,1494,ohcv,four,172,mpfi,3.06,2.16,21.4,179.0,5554.0,38,45,45400.0,Brown,1986,4,4.6
V0955,-2,162.0,nissan,diesel,std,two,sedan,fwd,front,95.2,203.0,65.6,58.1,3742,ohc,two,68,mfi,3.84,3.85,9.7,172.0,5389.0,37,43,15813.0,White,1986,3,4.7
V0956,-2,163.0,volkswagen,gas,turbo,four,hatchback,fwd,front,99.4,207.2,67.0,52.2,2078,ohc,eight,317,mpfi,2.59,3.57,19.9,180.0,6021.0,21,28,24068.0,Brown,1985,2,2.6
V0957,0,121.0,honda,gas,std,two,hatchback,rwd,front,89.1,187.2,71.0,48.3,1899,ohcf,three,223,mpfi,3.32,3.83,17.0,210.0,5389.0,30,34,24805.0,Grey,1984,4,1.6
V0958,2,71.0,volvo,gas,std,four,sedan,fwd,rear,106.4,167.4,70.9,52.1,2926,ohc,six,323,2bbl,3.18,2.42,17.9,101.0,5362.0,24,29,45338.0,Green,1989,1,3.4
V0959,-3,163.0,toyota,gas,turbo,two,sedan,rwd,front,95.6,144.7,66.7,57.6,2969,dohc,six,172,2bbl,3.64,2.3,17.3,214.0,5462.0,31,39,23545.0,Blue,1988,5,3.6
V0960,2,250.0,volvo,diesel,turbo,four,sedan,rwd,rear,106.2,185.8,62.6,57.7,-100,ohcv,three,161,idi,2.82,2.69,8.0,163.0,5074.0,32,35,34815.0,Black,1990,3,4.3
V0961,-3,225.0,subaru,gas,std,four,wagon,rwd,front,112.3,200.4,69.4,58.4,2125,ohcv,twelve,87,1bbl,2.9,3.29,11.6,210.0,6061.0,45,50,19754.0,White,1983,4,2.4
V0962,0,189.0,nissan,gas,turbo,two,sedan,fwd,front,120.4,197.3,65.0,56.4,2676,ohcv,twelve,230,2bbl,3.31,2.59,7.2,264.0,4232.0,32,35,27284.0,White,1984,3,1.1
V0963,2,163.0,bmw,gas,std,two,sedan,rwd,front,101.6,203.1,60.8,49.0,3996,ohc,four,310,mpfi,2.55,4.01,18.3,199.0,5312.0,20,28,45400.0,Black,1990,3,3.1
V0964,0,76.0,bmw,gas,std,four,sedan,4wd,front,89.6,198.5,66.2,59.7,3911,ohc,six,68,1bbl,3.57,2.59,12.2,196.0,5060.0,35,42,43642.0,White,1987,5,1.1
V0965,-3,244.0,bmw,gas,std,four,wagon,fwd,front,91.1,156.0,67.4,58.5,1903,ohc,four,99,1bbl,3.81,2.76,11.6,286.0,5540.0,40,45,45400.0,White,1990,4,2.7
V0966,2,231.0,mazda,gas,std,four,hatchback,rwd,front,90.1,175.4,68.2,57.9,3020,dohc,eight,205,mpfi,2.69,2.2,22.8,211.0,5481.0,29,34,24068.0,Silver,1982,5,4.1
V0967,2,99.0,mazda,gas,std,four,sedan,fwd,front,113.7,161.7,66.4,51.7,1513,ohc,six,263,1bbl,3.4,2.13,9.8,132.0,5534.0,32,38,21310.0,Red,1990,4,4.6
V0968,0,139.0,dodge,gas,turbo,four,sedan,rwd,front,87.0,193.2,64.9,51.5,1656,ohc,eight,228,2bbl,2.85,2.18,18.7,148.0,5975.0,35,38,18997.0,Green,1982,2,2.3
V0969,0,126.0,porsche,gas,turbo,two,sedan,fwd,front,92.7,176.5,64.1,49.0,2127,ohc,three,182,1bbl,3.62,4.01,13.8,150.0,5173.0,35,39,45400.0,Silver,1990,3,3.8
V0970,-1,241.0,volkswagen,gas,std,four,convertible,rwd,front,116.4,191.3,69.6,49.2,3271,ohcv,four,153,mpfi,2.74,4.02,19.9,93.0,4457.0,31,35,16326.0,White,1984,2,3.4
V0971,1,180.0,chevrolet,diesel,std,two,hatchback,rwd,front,120.2,198.5,68.2,49.5,3527,ohc,eight,281,2bbl,3.58,3.165,22.3,211.0,4592.0,21,29,26346.0,Brown,1988,2,2.1
V0972,-3,234.0,mazda,diesel,std,four,hatchback,fwd,front,105.8,205.5,60.3,51.1,2388,ohc,two,177,2bbl,2.86,3.84,19.2,195.0,4891.0,31,39,24068.0,Grey,1987,1,2.5
V0973,2,206.0,toyota,gas,std,two,sedan,rwd,front,89.2,204.2,72.0,51.9,4001,l,three,281,4bbl,3.24,3.94,9.5,73.0,5506.0,19,23,23576.0,Grey,1988,3,3.6
V0974,-1,122.0,plymouth,gas,std,two,hardtop,fwd,front,90.0,176.4,67.2,59.5,2114,ohcv,two,209,idi,2.55,2.59,22.0,173.0,5205.0,28,36,17997.0,Brown,1990,2,2.9
V0975,-1,163.0,dodge,gas,std,two,hatchback,fwd,front,120.5,189.7,72.0,54.4,3212,ohc,two,69,mpfi,3.75,3.36,12.2,210.0,5396.0,39,45,15214.0,White,1982,2,2.0
V0976,-1,235.0,nissan,gas,std,four,hatchback,rwd,front,107.1,160.9,66.4,53.0,1956,l,two,171,2bbl,3.78,2.94,-1.0,150.0,5853.0,32,37,19757.0,Silver,1982,4,1.3
V0977,3,184.0,volkswagen,gas,std,four,sedan,fwd,front,112.4,146.6,70.9,52.1,2989,ohcf,four,202,2bbl,3.41,3.45,18.1,62.0,5252.0,31,37,24068.0,Silver,1980,1,2.4
V0978,2,193.0,toyota,gas,std,four,sedan,fwd,front,113.7,196.8,63.4,52.8,2956,l,five,195,2bbl,3.67,3.52,16.7,135.0,4320.0,26,31,19705.0,Brown,1989,5,2.3
V0979,2,163.0,audi,diesel,std,four,wagon,fwd,front,117.1,162.1,70.9,52.4,2095,dohc,four,312,2bbl,3.8,4.06,18.6,65.0,5991.0,25,29,45400.0,Silver,1980,4,2.0
V0980,3,216.0,nissan,gas,turbo,two,sedan,4wd,front,113.3,142.8,72.2,59.0,3218,ohc,two,306,mpfi,3.23,2.2,16.6,63.0,5964.0,17,23,23794.0,White,1983,2,1.5
V0981,1,70.0,peugot,gas,std,four,wagon,rwd,front,100.4,156.4,68.4,51.9,2253,ohc,twelve,72,1bbl,3.2,2.72,19.7,268.0,5389.0,46,53,24068.0,Green,1981,3,2.0
V0982,1,226.0,dodge,gas,std,four,sedan,rwd,front,109.9,162.8,63.1,57.1,2457,ohc,five,257,idi,3.24,2.21,16.8,77.0,4303.0,24,30,19136.0,Green,1982,3,1.4
V0983,1,193.0,saab,gas,std,two,sedan,rwd,front,101.0,143.2,60.7,52.6,3783,dohc,four,194,idi,3.24,3.33,20.8,283.0,4982.0,27,32,39675.0,Grey,1985,4,4.6
V0984,1,163.0,volkswagen,gas,std,two,hatchback,fwd,front,106.9,180.5,63.6,54.4,3353,ohc,four,206,1bbl,3.39,2.91,13.0,159.0,5910.0,31,38,23224.0,Silver,1980,4,3.8
V0985,-1,113.0,mazda,gas,turbo,two,wagon,4wd,front,99.7,194.1,70.0,56.6,1493,ohcv,four,237,mpfi,3.51,3.11,7.3,72.0,5087.0,34,37,18460.0,Red,1985,5,2.3
V0986,1,203.0,mercedes-benz,gas,std,four,hardtop,rwd,front,91.8,146.0,68.1,59.0,1785,dohcv,four,264,mfi,3.6,4.08,15.9,184.0,5249.0,27,33,45400.0,Silver,1988,1,4.8
V0987,-2,120.0,mercedes-benz,gas,std,two,hatchback,rwd,front,89.6,169.4,60.7,50.4,3557,dohc,eight,275,mpfi,3.36,3.77,7.1,254.0,4803.0,24,29,45400.0,Brown,1985,1,1.4
V0988,-3,178.0,TOYOTA ,gas,std,four,wagon,rwd,front,120.8,183.5,66.2,53.5,3722,ohcv,four,75,1bbl,3.54,3.55,9.8,265.0,5389.0,34,40,36118.0,Grey,1980,3,1.4
V0989,0,246.0,bmw,gas,std,four,hatchback,4wd,front,92.5,152.3,63.8,50.0,3335,dohc,five,65,2bbl,2.81,2.88,16.0,215.0,5389.0,41,49,45400.0,Green,1987,2,1.3
V0990,-2,133.0,mitsubishi,gas,turbo,four,sedan,fwd,front,117.9,174.8,65.0,50.0,2794,dohc,four,204,mpfi,3.93,3.165,19.3,107.0,4803.0,27,31,19334.0,Blue,1980,2,3.3
V0991,1,112.0,nissan,gas,std,two,sedan,rwd,front,86.8,163.5,64.2,58.3,0,ohc,two,210,2bbl,2.88,3.44,20.8,258.0,5688.0,27,34,26576.0,Silver,1981,1,2.5
V0992,2,90.0,porsche,gas,std,four,sedan,fwd,front,118.3,181.1,71.7,53.0,3511,ohcf,six,77,1bbl,3.55,3.8,15.6,282.0,4662.0,40,46,45400.0,Brown,1983,3,4.1
V0993,1,191.0,audi,gas,std,four,sedan,fwd,front,108.2,149.2,66.9,52.5,4065,ohc,four,205,idi,3.1,2.92,20.9,200.0,5669.0,24,27,45400.0,White,1986,4,1.0
V0994,2,220.0,volvo,gas,std,four,sedan,rwd,front,106.7,166.7,67.3,58.0,2676,ohc,two,101,spdi,2.67,3.58,21.2,254.0,4726.0,36,43,37650.0,Grey,1985,4,4.1
V0995,3,115.0,peugot,gas,turbo,four,sedan,rwd,front,116.6,189.4,64.1,51.9,2633,ohcf,two,136,1bbl,3.16,2.5,15.7,170.0,5961.0,37,45,21000.0,Brown,1981,1,3.1
V0996,3,72.0,volvo,diesel,std,four,hatchback,fwd,front,108.8,169.8,62.5,48.3,2936,ohc,four,112,idi,3.89,3.99,14.3,159.0,5138.0,37,44,32311.0,Green,1990,5,4.4
V0997,0,114.0,toyota,gas,std,four,sedan,fwd,front,113.1,175.1,70.1,53.1,4036,ohc,eight,122,idi,3.24,2.68,12.6,94.0,6567.0,37,41,15916.0,Blue,1989,3,4.8
V0998,-2,170.0,dodge,gas,std,four,sedan,rwd,front,106.2,144.8,63.4,50.0,3148,dohc,eight,70,spdi,3.56,3.79,22.2,103.0,5989.0,42,48,12044.0,Blue,1989,2,3.5
V0999,-2,186.0,volkswagen,gas,turbo,four,hardtop,fwd,front,101.4,188.6,69.9,58.0,2378,dohc,six,211,idi,3.22,3.36,16.3,145.0,5389.0,32,35,24068.0,Red,1985,5,4.2
V1000,1,78.0,honda,gas,std,four,hatchback,fwd,front,102.2,143.8,67.6,54.4,1862,ohcv,three,93,spdi,2.73,2.71,10.3,110.0,6548.0,44,50,13426.0,Silver,1990,1,1.8
V1001,0,163.0,mazda,gas,std,four,wagon,rwd,front,112.5,143.7,66.4,56.5,2028,ohc,twelve,132,mpfi,3.27,4.04,10.8,241.0,5625.0,39,44,19829.0,Green,1987,4,3.2
V1002,3,90.0,toyota,diesel,std,four,hatchback,rwd,front,100.7,164.7,66.8,-54.1,2863,ohc,four,280,2bbl,3.31,2.41,14.0,120.0,5941.0,24,32,25131.0,Brown,1981,1,3.6
V1003,-3,241.0,dodge,diesel,std,four,sedan,rwd,front,103.5,142.8,69.3,54.2,2015,ohcv,six,94,4bbl,3.78,3.52,14.5,130.0,4462.0,38,44,14931.0,Blue,1985,1,2.9
V1004,1,155.0,mercedes-benz,gas,std,two,sedan,rwd,front,101.2,176.9,64.4,59.7,3651,dohc,four,290,mfi,3.48,3.92,15.4,105.0,4866.0,17,22,45400.0,Brown,1986,4,2.5
V1005,-2,141.0,subaru,gas,std,four,hatchback,fwd,front,116.5,166.9,72.1,-50.2,1743,dohcv,four,289,2bbl,3.37,3.34,22.3,68.0,5389.0,26,29,22511.0,Brown,1987,1,2.0
V1006,0,148.0,audi,gas,std,two,sedan,fwd,front,109.9,-168.2,62.3,53.4,2010,dohcv,eight,262,2bbl,3.47,2.25,13.9,269.0,6041.0,26,29,45400.0,Black,1985,3,4.0
V1007,0,194.0,volkswagen,gas,std,two,hardtop,fwd,front,115.1,174.5,60.6,49.9,-100,dohc,four,110,idi,3.47,3.16,14.9,167.0,4977.0,34,42,24068.0,Silver,1985,5,3.2
V1008,-1,148.0,volvo,gas,std,four,hardtop,fwd,front,88.7,198.8,66.3,58.6,3610,ohcv,four,68,2bbl,2.54,3.21,8.3,263.0,4850.0,36,40,37352.0,Grey,1981,4,3.7
V1009,-2,136.0,toyota,gas,turbo,four,convertible,rwd,front,108.8,166.9,70.1,49.2,2260,ohc,six,124,2bbl,3.24,2.94,14.0,67.0,4156.0,36,41,14847.0,Black,1980,2,4.2
V1010,-2,104.0,honda,gas,std,two,hatchback,rwd,front,116.7,165.4,69.3,59.2,1681,ohc,twelve,191,mpfi,3.24,3.44,12.4,170.0,4956.0,31,34,16987.0,Brown,1987,3,4.1
V1011,0,197.0,honda,gas,std,four,sedan,fwd,front,103.9,156.2,67.8,51.8,3285,ohc,six,186,1bbl,2.94,2.41,15.8,129.0,4382.0,27,35,19279.0,Blue,1989,2,3.9
V1012,-3,163.0,mercedes-benz,diesel,std,four,sedan,rwd,front,108.8,155.8,72.0,53.0,2964,ohcv,six,204,mpfi,3.13,3.08,21.8,101.0,4554.0,32,36,45400.0,Red,1989,2,3.6
V1013,0,201.0,volvo,gas,std,four,sedan,fwd,front,97.2,168.3,67.5,56.0,3930,ohcv,six,314,1bbl,2.63,2.53,9.2,170.0,4150.0,16,24,45400.0,Silver,1989,5,2.8
V1014,0,212.0,honda,gas,turbo,four,sedan,fwd,front,120.4,174.0,66.8,51.1,2866,dohc,five,72,1bbl,3.24,4.0,22.5,232.0,5389.0,38,41,18975.0,White,1985,2,3.2
V1015,-1,163.0,jaguar,gas,turbo,four,sedan,rwd,front,97.1,187.2,61.8,56.5,3834,ohc,twelve,77,mpfi,3.24,3.77,16.8,211.0,6466.0,34,40,45400.0,White,1985,3,1.7
