VehicleID,symboling,normalized_losses,make,fuel_type,aspiration,num_of_doors,body_style,drive_wheels,engine_location,wheel_base,length,width,height,curb_weight,engine_type,num_of_cylinders,engine_size,fuel_system,bore,stroke,compression_ratio,horsepower,peak_rpm,city_mpg,highway_mpg,price,car_color,registration_year,previous_owners,dealer_service_rating
V0001,0,67,isuzu,gas,turbo,four,hardtop,fwd,front,116.7,147.4,64.6,48.8,2165,ohc,two,180,2bbl,2.67,,10.4,67,4693,33,40,15885,White,1985,1,5.0
V0002,-3,112,mazda,gas,turbo,four,wagon,fwd,front,118.8,159.6,67.6,51.6,1750,ohc,four,202,mpfi,3.23,2.55,9.8,271,4353,32,35,26156,Grey,1987,5,2.3
V0003,-2,162,chevrolet,gas,std,,sedan,4wd,front,91.7,177.1,70.3,50.1,1776,ohc,six,297,mpfi,,2.55,8.2,261,4600,29,32,27376,Grey,1990,5,4.2
V0004,-2,143,honda,gas,std,two,sedan,4wd,front,103.3,162.5,72.0,53.4,2156,ohc,three,216,mpfi,3.75,2.79,18.0,258,4898,30,33,,Blue,1985,5,2.9
V0005,-2,181,volkswagen,gas,std,four,hatchback,fwd,front,95.6,174.5,65.4,53.1,3493,ohcv,six,144,mpfi,2.72,3.56,9.1,228,6252,-5,40,23598,Red,1982,5,2.5
V0006,1,114,mercedes-benz,gas,turbo,,hatchback,rwd,front,109.4,182.6,61.4,59.2,2450,dohc,four,162,mpfi,2.6,4.14,16.8,,4448,37,43,45400,Grey,1986,4,2.6
V0007,-2,,subaru,diesel,std,two,wagon,fwd,front,92.8,203.0,69.7,52.7,2504,ohc,three,9999,2bbl,2.59,3.06,10.2,283,6035,39,44,23773,Grey,1986,3,2.1
V0008,1,141,mercedes-benz,gas,std,,sedan,fwd,front,92.4,142.4,68.6,57.6,3294,dohc,four,71,mfi,3.87,,21.2,69,5665,36,40,32165,Grey,1982,1,5.0
V0009,2,191,subaru,gas,std,two,sedan,fwd,front,91.2,169.1,62.6,57.4,2109,ohc,eight,168,mpfi,2.63,3.87,11.2,171,4420,34,40,21433,White,1990,4,4.2
V0010,0,251,mazda,diesel,std,four,sedan,rwd,front,103.7,165.8,63.5,58.7,1800,ohcv,five,137,idi,2.75,2.38,14.1,251,6109,35,38,22256,Silver,1981,3,5.0
V0011,3,233,plymouth,gas,turbo,four,hatchback,rwd,front,109.1,207.9,63.4,52.8,3078,ohcv,eight,158,mpfi,3.54,3.51,17.2,169,5618,37,42,16610,Brown,1982,3,1.4
V0012,-1,185,nissan,gas,std,four,sedan,fwd,front,94.2,171.3,64.5,48.1,1706,ohc,six,258,spfi,3.06,2.13,21.9,262,5523,27,31,25800,Grey,1982,4,2.8
V0013,1,252,volkswagen,GAS,std,four,hardtop,rwd,front,116.0,204.6,65.2,51.6,1857,dohc,four,183,4bbl,2.77,2.19,18.9,189,6168,30,36,22608,Black,1987,5,3.7
V0014,3,138,mitsubishi,gas,turbo,four,sedan,4wd,front,108.4,182.9,70.7,55.3,2106,ohc,six,216,idi,3.37,2.81,8.2,166,6001,27,30,20003,White,1981,5,3.4
V0015,0,229,nissan,gas,turbo,four,sedan,fwd,front,96.3,189.6,68.2,58.7,2103,ohc,eight,133,4bbl,2.97,3.45,17.6,81,6587,35,40,1000000,Green,1982,5,1.4
V0016,-3,158,bmw,gas,turbo,two,sedan,fwd,front,108.0,199.9,71.0,57.7,1793,ohcf,four,307,2bbl,2.77,2.49,20.3,133,6533,24,29,45400,Black,1984,1,2.3
V0017,0,129,audi,gas,std,four,wagon,fwd,front,103.5,198.5,68.7,50.1,2902,ohc,six,90,spdi,2.96,2.34,21.6,,5714,35,40,,Blue,1983,5,3.4
V0018,2,,volkswagen,gas,std,four,wagon,rwd,front,114.6,191.1,67.2,48.3,2899,ohcv,eight,91,4bbl,2.64,4.03,7.5,152,4887,0,45,,Silver,1986,4,4.5
V0019,-3,76,toyota,gas,std,four,hatchback,4wd,front,89.2,189.6,71.2,55.5,3358,dohcv,four,298,mpfi,3.68,3.91,20.6,140,5430,23,31,$24970,White,1982,2,2.3
V0020,2,168,mercedes-benz,gas,std,,hatchback,fwd,front,99.0,151.8,62.3,48.0,2265,dohc,twelve,212,idi,3.29,2.91,18.1,98,4532,28,36,45400,Green,1982,3,3.1
V0021,2,178,audi,gas,std,two,hardtop,4wd,front,88.1,-183.2,64.0,48.1,3945,ohc,four,103,spfi,3.19,3.14,13.2,201,4228,32,37,,Grey,1980,2,1.7
V0022,3,216,audi,gas,std,four,hatchback,rwd,front,107.4,193.7,66.6,54.3,3773,dohc,five,121,2bbl,3.93,3.46,14.8,205,4447,35,38,41295,Red,1985,4,4.4
V0023,-2,,toyota,gas,turbo,four,hatchback,4wd,front,95.2,179.2,66.0,48.9,3004,ohc,two,260,2bbl,3.75,3.86,9.6,142,5130,23,29,25492,Black,1981,1,1.8
V0024,3,174,volvo,gas,std,four,wagon,fwd,front,86.9,180.8,68.4,-53.2,2800,ohc,eight,204,4bbl,2.68,2.69,12.5,192,6270,34,41,42233,Silver,1986,3,4.0
V0025,3,219,honda,gas,std,two,hatchback,4wd,front,86.7,159.1,68.1,50.2,3440,dohc,eight,113,mpfi,3.89,3.4,13.0,130,4661,32,38,16751,Grey,1981,3,3.4
V0026,2,91,plymouth,gas,std,four,hardtop,fwd,front,95.4,183.1,65.4,49.8,3483,ohcv,four,5000,mpfi,3.56,4.09,20.8,109,6175,37,43,12915,Green,1984,3,4.6
V0027,0,71,mercedes-benz,gas,std,two,sedan,fwd,front,91.7,185.9,66.8,51.2,3627,ohcf,four,150,idi,2.94,3.38,7.7,145,6070,28,35,45400,White,1980,1,3.6
V0028,-1,148,volvo,gas,std,four,hardtop,fwd,front,88.7,198.8,66.3,58.6,3610,ohcv,four,68,2bbl,2.54,3.21,8.3,263,4850,36,40,37352,Grey,1981,4,3.7
V0029,3,237,nissan,gas,turbo,two,sedan,fwd,front,119.7,183.6,64.0,52.5,2834,l,six,170,1bbl,,,9.3,141,5677,33,40,18424,Grey,1985,4,4.0
V0030,-2,96,toyota,gas,std,four,hatchback,rwd,front,101.4,197.5,65.2,58.2,2764,ohc,six,9999,mpfi,3.57,,11.2,288,4365,21,25,32412,Red,1987,5,1.6
V0031,-2,215,mazda,gas,turbo,four,convertible,rwd,front,113.1,202.4,68.7,55.1,1757,dohc,three,224,2bbl,3.58,3.08,15.0,243,6153,32,39,24269,Black,1985,4,2.9
V0032,0,126,mazda,gas,turbo,four,convertible,fwd,front,94.1,158.7,62.4,58.0,2495,ohc,four,195,4bbl,2.57,3.49,13.1,249,4604,32,36,24235,Silver,1985,2,4.8
V0033,-3,90,toyota,diesel,turbo,four,sedan,4wd,front,119.6,180.4,69.3,56.4,3119,ohcf,four,184,2bbl,3.73,,15.6,146,4723,27,34,20801,Red,1981,3,3.4
V0034,-3,224,mitsubishi,diesel,turbo,four,wagon,fwd,front,105.7,160.0,63.5,49.6,3454,ohc,six,218,2bbl,3.03,2.7,8.2,241,6079,26,34,22758,Blue,1980,1,3.3
V0035,1,,toyota,gas,std,four,sedan,4wd,rear,88.8,206.4,64.4,54.9,3143,ohc,five,316,mpfi,3.54,3.29,11.4,250,5789,21,27,1000000,Brown,1988,3,1.6
V0036,0,141,bmw,gas,std,four,sedan,4wd,front,116.2,146.5,71.7,57.1,2572,dohc,three,274,1bbl,2.58,3.94,15.7,212,5387,28,32,45400,Red,1980,2,2.8
V0037,0,124,audi,gas,turbo,two,wagon,rwd,front,88.9,167.0,62.2,54.6,2319,ohcf,six,68,2bbl,3.05,3.24,12.9,800,5860,44,50,36906,Grey,1982,1,3.3
V0038,0,207,plymouth,gas,std,,hardtop,4wd,front,120.2,188.5,63.6,55.7,2805,ohc,six,229,mpfi,3.51,3.43,7.0,169,4167,24,32,19154,Brown,1987,4,3.2
V0039,0,118,mercedes-benz,gas,std,four,sedan,rwd,front,115.1,148.1,-68.9,49.2,1954,ohcv,six,163,idi,3.7,4.11,12.7,152,5359,34,37,45400,Grey,1987,3,1.9
V0040,-2,,audi,diesel,turbo,,hatchback,rwd,front,94.9,177.7,64.8,54.4,2528,ohc,six,264,mpfi,2.59,2.67,7.3,82,5386,22,27,42952,White,1984,5,3.0
V0041,-2,95,mercedes-benz,gas,std,two,sedan,rwd,front,87.1,184.2,65.0,55.3,3508,ohc,eight,72,2bbl,3.44,2.79,22.9,89,5080,37,43,36379,Grey,1980,4,1.7
V0042,0,225,toyota,diesel,turbo,four,convertible,rwd,front,115.5,170.1,68.9,56.4,2515,dohc,four,127,mpfi,3.39,3.85,16.8,189,4420,34,39,19262,Blue,1987,1,3.8
V0043,-1,91,toyota,diesel,std,four,wagon,fwd,front,106.0,187.8,70.8,56.2,1787,ohc,four,237,2bbl,3.42,3.86,13.1,,4669,33,40,22051,Red,1988,2,4.2
V0044,-3,130,nissan,gas,turbo,two,sedan,fwd,front,117.8,192.9,63.4,55.5,2280,ohc,four,215,2bbl,2.96,3.05,11.0,254,6578,33,41,26823,Grey,1987,5,3.0
V0045,0,162,toyota,gas,turbo,four,sedan,4wd,front,97.8,207.0,67.5,49.8,3501,ohc,eight,188,mpfi,2.69,2.07,7.5,60,4195,29,32,$18102,Grey,1982,1,1.2
V0046,2,242,honda,gas,std,four,sedan,rwd,front,111.3,181.4,62.5,56.5,3473,ohcv,six,252,mfi,3.03,3.95,17.5,102,5111,22,26,21805,Green,1987,2,3.8
V0047,2,240,volkswagen,gas,std,four,sedan,fwd,front,90.3,149.4,63.6,58.0,2863,dohcv,six,109,2bbl,3.29,2.28,22.0,,5922,34,40,13310,Green,1985,4,4.4
V0048,2,186,plymouth,gas,turbo,two,sedan,rwd,front,100.2,163.5,67.6,50.5,1707,ohc,twelve,278,mpfi,2.8,2.44,11.7,243,6001,29,35,24615,Silver,1982,3,3.5
V0049,1,112,chevrolet,gas,turbo,,wagon,rwd,front,103.4,170.1,70.0,51.5,3959,ohc,two,249,2bbl,3.23,3.93,200,192,5882,20,26,23490,Red,1986,1,1.2
V0050,3,243,mazda,gas,std,four,hardtop,fwd,front,101.4,156.9,63.2,57.5,2864,ohc,six,253,spdi,2.68,2.24,18.8,86,6363,28,34,20564,Grey,1980,1,2.9
V0051,-1,231,volkswagen,gas,std,two,hatchback,rwd,front,88.9,207.6,63.0,55.7,3512,dohc,six,225,1bbl,2.82,2.16,14.2,48,6488,27,30,20836,Silver,1980,3,4.4
V0052,2,124,porsche,diesel,std,four,sedan,fwd,front,102.9,187.4,64.6,49.3,3654,ohc,eight,304,1bbl,3.11,3.48,7.5,115,6267,23,29,,Black,1985,3,4.1
V0053,-3,94,subaru,gas,turbo,four,hatchback,rwd,front,112.2,195.8,67.8,55.1,3246,ohc,six,93,2bbl,3.79,4.08,11.0,152,5352,41,46,18942,Black,1985,4,4.2
V0054,2,,nissan,gas,turbo,four,sedan,rwd,front,119.1,203.0,65.0,56.4,2443,ohc,eight,269,mpfi,3.43,3.68,15.8,134,5173,24,29,23078,Red,1989,2,2.2
V0055,1,120,toyota,gas,std,four,sedan,rwd,front,91.3,148.8,69.1,53.3,3099,l,eight,261,mpfi,3.36,3.39,20.4,,6424,26,29,21753,Brown,1984,3,3.2
V0056,3,150,toyota,gas,std,four,convertible,fwd,front,95.2,152.1,64.0,55.3,1884,ohc,six,73,2bbl,3.42,2.77,11.0,75,6089,42,47,,Blue,1983,1,4.1
V0057,-1,174,toyota,gas,std,four,hatchback,rwd,front,90.4,160.4,63.9,48.4,3207,dohc,two,93,mpfi,3.81,3.32,7.3,179,6505,36,44,17103,White,1985,2,3.3
V0058,-3,239,toyota,gas,std,four,sedan,rwd,front,-120.8,150.4,66.2,56.9,1937,ohc,four,277,2bbl,3.08,3.32,14.5,112,6416,23,31,24386,Brown,1984,3,1.4
V0059,-3,193,toyota,gas,std,four,wagon,fwd,front,116.4,181.1,68.0,48.0,2952,ohc,four,194,idi,2.81,2.99,-1,264,5355,32,38,26163,Green,1980,1,3.1
V0060,-2,231,toyota,gas,std,,wagon,4wd,front,103.3,182.5,72.0,52.1,3105,ohcv,four,130,mpfi,,,22.5,267,4259,34,40,23835,Black,1990,5,1.8
V0061,1,138,toyota,gas,std,four,sedan,fwd,front,118.9,202.0,66.9,48.7,3072,ohcv,six,83,idi,3.79,,15.0,225,4663,38,46,18360,Silver,1985,2,1.1
V0062,-2,,mitsubishi,gas,turbo,two,hatchback,4wd,front,107.3,194.7,60.5,58.5,3199,dohcv,six,9999,mpfi,2.93,3.16,21.7,173,5454,28,31,21106,Silver,1987,4,2.4
V0063,1,234,mitsubishi,gas,std,two,sedan,rwd,front,108.6,165.9,65.0,53.4,2886,ohc,eight,228,4bbl,3.74,3.06,14.8,241,6564,32,40,24381,Green,1982,4,2.3
V0064,2,174,chevrolet,gas,std,four,hatchback,4wd,front,97.5,189.0,69.6,53.7,2212,ohc,four,292,mpfi,3.61,2.42,19.2,173,4510,23,30,23644,Red,1987,4,1.0
V0065,-2,,saab,gas,std,four,sedan,fwd,front,94.8,196.7,64.8,49.4,3662,l,four,280,mpfi,2.55,,8.9,268,5036,17,24,43848,Green,1983,1,1.6
V0066,3,198,mazda,gas,std,two,convertible,fwd,front,116.9,196.5,69.9,58.2,1771,ohc,six,307,mpfi,2.83,3.4,15.9,,4561,25,30,23185,Blue,1986,4,3.3
V0067,2,69,audi,diesel,std,four,hatchback,fwd,front,-120.3,150.8,63.0,51.4,2027,ohc,four,264,mpfi,3.02,2.52,16.4,241,4487,25,33,45400,Blue,1984,4,4.2
V0068,-2,145,nissan,gas,std,four,hatchback,rwd,front,118.3,206.9,67.1,59.0,1761,ohcv,four,264,4bbl,3.48,2.62,22.5,98,4980,31,35,20583,Silver,1982,2,2.4
V0069,2,113,honda,gas,std,,wagon,rwd,front,111.9,193.0,67.8,55.6,3243,dohc,six,298,mpfi,,3.6,16.0,239,4870,18,24,29849,Silver,1981,4,2.6
V0070,0,142,volkswagen,gas,std,four,wagon,fwd,front,95.6,148.0,71.5,56.8,2169,ohcf,four,319,2bbl,2.86,2.82,8.3,282,5814,24,29,31495,White,1981,2,4.7
V0071,0,98,subaru,gas,std,four,sedan,rwd,front,87.1,194.1,64.0,52.9,2979,ohc,six,75,2bbl,3.64,2.72,12.1,104,4937,44,51,14456,Black,1985,3,4.2
V0072,2,250,jaguar,gas,turbo,four,sedan,fwd,front,96.8,199.0,62.2,52.9,3151,ohc,four,93,2bbl,3.05,2.22,22.3,222,4167,35,41,45400,Grey,1981,4,3.0
V0073,2,99,audi,gas,turbo,four,wagon,fwd,front,86.7,190.3,63.0,58.3,2766,ohc,six,217,mpfi,3.69,2.7,11.7,234,6281,33,38,45400,Silver,1987,3,4.0
V0074,-1,121,bmw,gas,std,two,sedan,rwd,front,115.6,146.5,68.3,50.0,3182,ohcv,six,210,2bbl,2.66,,22.8,54,5836,32,36,45400,Blue,1980,1,4.8
V0075,1,204,plymouth,gas,std,four,wagon,rwd,front,88.1,175.0,70.6,55.3,3940,ohc,two,142,spdi,3.34,4.12,19.7,,5773,28,34,19023,White,1981,5,1.0
V0076,2,74,dodge,gas,std,four,hatchback,fwd,front,88.8,200.6,71.7,55.6,1907,ohcv,twelve,226,spdi,2.82,,14.1,131,5761,35,42,17957,Blue,1987,4,3.5
V0077,-3,81,audi,diesel,std,four,sedan,fwd,front,120.6,152.0,67.9,54.9,3951,ohc,two,172,2bbl,3.69,3.61,15.5,215,,29,33,45400,Red,1980,5,4.0
V0078,-3,76,alfa-romero,gas,std,four,hatchback,fwd,front,120.6,164.4,69.8,56.1,1958,ohc,five,160,2bbl,2.71,3.83,8.2,205,6308,37,42,30186,Silver,1989,1,2.0
V0079,-2,79,honda,diesel,std,two,sedan,fwd,front,101.4,191.0,61.9,58.0,3685,dohc,five,282,mpfi,2.72,3.91,7.0,159,4449,22,25,25887,Silver,1988,4,3.0
V0080,2,220,volvo,gas,std,four,sedan,rwd,front,106.7,166.7,67.3,58.0,2676,ohc,two,101,spdi,2.67,3.58,21.2,254,4726,36,43,37650,Grey,1985,4,4.1
V0081,-2,129,nissan,gas,std,,sedan,fwd,front,115.9,193.3,62.9,50.5,2410,dohc,four,270,2bbl,3.75,4.1,17.9,169,4691,24,31,23527,Blue,1984,3,2.7
V0082,0,220,toyota,gas,std,four,hatchback,fwd,front,93.8,168.1,70.3,53.3,2332,ohc,three,150,4bbl,2.75,2.29,19.2,261,6053,37,45,23257,White,1987,1,2.7
V0083,-2,,porsche,gas,std,four,hatchback,rwd,front,101.9,179.8,68.6,54.1,2930,dohc,eight,111,1bbl,2.6,2.15,9.3,267,5031,35,42,45400,Silver,1982,5,2.7
V0084,-3,128,mazda,gas,turbo,four,wagon,fwd,front,117.1,200.2,66.3,58.5,2322,ohc,six,103,2bbl,3.43,3.92,22.4,,5798,37,43,21690,Red,1984,1,1.0
V0085,-1,108,nissan,gas,turbo,four,hardtop,rwd,front,93.8,182.0,61.2,49.6,4059,dohcv,four,68,mpfi,3.76,3.22,22.5,248,4507,40,43,20349,Brown,1982,1,2.1
V0086,-3,218,jaguar,d,std,,hardtop,fwd,front,112.6,202.8,61.5,55.6,2522,l,eight,133,spdi,3.46,,7.0,288,,32,35,45400,Brown,1986,3,1.2
V0087,0,84,jaguar,gas,std,two,sedan,rwd,front,92.2,147.9,67.5,47.8,1949,ohc,six,323,mfi,2.98,3.05,15.7,136,5690,20,24,45400,Brown,1988,3,2.2
V0088,0,,subaru,gas,std,two,sedan,4wd,front,114.9,199.6,69.2,54.1,2218,dohc,two,83,4bbl,2.68,4.06,21.3,230,5461,38,46,19748,Blue,1989,1,1.2
V0089,1,185,honda,gas,std,four,sedan,fwd,front,99.9,170.7,62.8,49.5,1804,dohc,two,254,mpfi,3.11mm,2.53,12.7,118,5168,0,33,22057,Brown,1990,5,2.0
V0090,3,181,subaru,gas,turbo,four,sedan,fwd,front,103.8,-161.1,69.9,55.1,3241,ohcv,four,323,2bbl,2.81,2.44,7.9,255,6539,20,24,34449,Grey,1987,2,2.1
V0091,1,129,volvo,diesel,Std,two,hatchback,fwd,front,98.1,199.5,70.7,49.7,2080,ohc,three,275,mpfi,3.56,4.09,11.6,94,4631,24,28,38706,White,1987,4,3.2
V0092,-1,129,volkswagen,gas,std,four,wagon,4wd,front,99.8,186.3,62.1,51.8,3905,ohc,eight,293,2bbl,3.19,2.15,20.9,165,5653,15,22,28395,Red,1990,3,4.1
V0093,3,173,dodge,gas,std,four,sedan,fwd,rear,103.5,141.5,70.6,59.3,3463,ohc,six,201,2bbl,3.92,3.99,11.5,,6512,26,29,19062,Red,1988,1,3.0
V0094,2,147,volvo,gas,std,four,sedan,rwd,front,111.1,193.8,63.6,57.0,2728,ohcf,four,308,2bbl,3.2,3.45,16.2,285,6226,26,31,45400,Blue,1989,3,3.3
V0095,-1,76,mazda,gas,std,four,hatchback,fwd,front,119.9,165.8,71.0,59.6,3845,dohc,four,203,mpfi,3.81,3.43,19.5,152,6511,26,32,22436,Black,1984,2,4.2
V0096,2,180,saab,gas,std,two,hatchback,fwd,front,117.3,177.7,65.0,51.7,1590,ohc,eight,164,spdi,2.67,2.75,17.4,230,4821,34,37,31520,Grey,1981,5,3.8
V0097,0,107,mazda,diesel,std,,hatchback,rwd,front,90.3,171.7,70.8,58.3,2494,dohc,six,81,2bbl,3.26,3.39,7.8,0,5950,43,48,14581,Red,1989,1,3.8
V0098,2,100,toyota,gas,turbo,four,sedan,fwd,front,-112.8,184.6,68.0,51.5,3279,ohcv,five,90,mpfi,3.83,2.31,16.8,62,5416,35,38,12394,Grey,1982,4,4.8
V0099,3,,honda,gas,std,four,hatchback,rwd,front,88.2,208.1,69.2,52.1,3736,ohc,three,224,2bbl,3.58,3.56,10.8,252,5401,26,31,25878,Grey,1982,5,3.4
V0100,0,217,subaru,gas,turbo,four,sedan,rwd,front,96.2,176.8,60.8,51.4,3285,ohcv,four,120,2bbl,3.93,2.88,20.7,264,5335,33,39,23204,Green,1989,3,4.3
V0101,2,,volkswagen,gas,std,four,hardtop,4wd,front,118.9,185.7,64.8,48.5,2946,l,five,62,2bbl,3.52,3.59,21.2,83,4255,38,45,12695,Silver,1989,4,3.1
V0102,0,255,nissan,gas,std,four,hardtop,rwd,front,95.1,157.8,62.6,54.7,1800,ohcv,four,9999,mpfi,2.61,3.18,22.5,58,5115,42,50,13914,Blue,1990,1,2.8
V0103,0,242,jaguar,gas,std,two,sedan,rwd,front,97.7,179.8,68.5,50.2,2043,ohc,four,217,mpfi,3.33,3.39,15.7,144,5939,28,32,45400,Silver,1990,3,2.9
V0104,-1,210,saab,gas,std,four,hatchback,fwd,front,102.0,185.5,63.0,55.5,1960,ohc,three,95,mpfi,3.0,4.05,11.1,222,5781,41,48,27592,Silver,1981,4,4.3
V0105,1,73,toyota,gas,turbo,four,wagon,fwd,front,87.0,189.0,61.5,59.3,2191,dohc,four,100,spdi,3.63,4.05,21.1,9999,4283,40,45,,Blue,1982,2,2.4
V0106,-1,182,chevrolet,gas,turbo,two,hatchback,fwd,front,106.8,150.7,66.9,58.5,2405,ohc,three,284,1bbl,3.39,3.02,7.7,230,5445,21,27,25488,Blue,1986,5,4.1
V0107,-2,250,bmw,diesel,std,four,wagon,rwd,front,116.5,204.7,68.0,55.3,1694,ohcv,four,204,mpfi,3.79,3.0,16.6,148,4814,29,37,45400,Red,1986,2,3.4
V0108,0,106,nissan,gas,std,four,sedan,fwd,front,94.9,194.3,69.4,56.9,4013,ohc,six,307,idi,3.66,2.24,12.6,268,6587,14,18,30585,Grey,1987,2,2.6
V0109,-3,205,honda,diesel,turbo,two,sedan,4wd,front,87.4,174.9,61.8,56.3,1641,ohc,two,85,2bbl,2.61,2.3,20.4,,4624,45,51,,Silver,1982,2,3.8
V0110,-3,203,volkswagen,diesel,std,four,wagon,fwd,front,115.6,182.7,71.2,48.8,2368,ohcv,four,290,mpfi,3.09,3.81,13.7,234,5484,20,28,28021,Grey,1986,1,3.7
V0111,0,176,mazda,g,std,two,hatchback,rwd,front,115.5,150.6,67.7,56.7,3550,ohc,five,140,mpfi,3.37,2.59,16.1,67,5469,36,40,17767,Green,1981,1,2.4
V0112,-3,84,mazda,gas,std,four,hatchback,fwd,front,118.5,202.2,60.6,55.1,2770,dohc,three,321,idi,3.54,4.04,13.1,197,4283,19,25,29715,Brown,1983,5,3.0
V0113,0,100,toyota,gas,std,four,sedan,fwd,front,92.4,159.1,65.4,51.8,2292,dohc,six,191,2bbl,3.61,2.09,12.7,123,6345,33,41,19156,Red,1989,1,2.1
V0114,2,138,mazda,gas,std,four,hardtop,rwd,front,119.5,197.7,64.3,59.6,2473,dohc,five,312,2bbl,2.78,,20.3,179,4442,24,28,27901,Blue,1986,5,4.5
V0115,-2,212,mazda,gas,std,four,sedan,fwd,rear,103.9,205.2,66.7,54.0,3078,dohcv,four,68,mpfi,3.36,4.13,14.7,174,6438,38,42,15436,Blue,1985,4,4.7
V0116,-1,97,mercedes-benz,gas,std,four,sedan,fwd,front,113.1,171.7,61.5,58.1,3614,ohc,three,279,1bbl,3.89,,10.6,165,4605,18,25,45400,Green,1984,4,2.7
V0117,-3,104,volvo,gas,std,four,hatchback,4wd,front,98.3,164.2,68.2,55.6,3200,ohc,four,142,2bbl,3.69,,14.6,62,5816,31,39,30075,Black,1981,1,2.6
V0118,-3,228,mazda,gas,std,four,sedan,rwd,front,109.4,146.7,70.6,55.6,2612,ohc,four,254,2bbl,3.88,2.95,9.9,,,29,32,19070,Brown,1986,4,3.2
V0119,-3,74,mitsubishi,gas,turbo,two,hatchback,fwd,front,109.7,180.3,70.2,59.1,1931,dohc,six,228,4bbl,2.85,2.2,20.2,280,5387,32,35,23016,Silver,1987,1,1.4
V0120,0,142,dodge,gas,std,four,sedan,rwd,front,96.5,173.2,71.7,50.7,1964,rotor,two,66,mpfi,3.05mm,4.09,21.5,183,4176,44,48,14669,Brown,1985,3,4.2
V0121,0,231,honda,gas,std,four,sedan,fwd,front,118.4,194.6,70.3,50.2,2698,ohc,eight,107,spdi,2.7,3.53,21.4,106,6335,35,42,16146,Blue,1982,1,3.1
V0122,-3,97,volkswagen,gas,std,two,hatchback,rwd,front,104.3,180.5,61.6,47.9,1764,dohc,five,125,1bbl,2.9,2.95,18.6,161,4911,38,42,16351,Silver,1986,5,4.8
V0123,-2,110,honda,gas,std,two,hatchback,rwd,front,102.5,185.8,70.6,47.9,2634,ohc,six,293,1bbl,,2.56,8.3,243,6085,22,25,28229,Silver,1986,4,2.3
V0124,2,217,audi,gas,std,two,sedan,rwd,front,97.3,167.6,63.1,57.9,3204,dohc,five,65,spdi,2.74,2.85,15.3,67,5197,43,49,24267,Black,1987,1,1.4
V0125,2,,mercedes-benz,gas,turbo,four,sedan,fwd,front,112.1,192.3,64.9,57.1,3715,ohc,four,247,2bbl,,2.48,20.5,,6107,24,27,45400,Black,1990,3,3.7
V0126,2,178,isuzu,gas,std,,hatchback,fwd,front,114.2,150.5,60.4,57.8,2398,ohc,five,251,1bbl,3.85,2.25,16.4,,4457,23,26,23179,Green,1981,3,1.5
V0127,3,190,  audi,gas,std,four,sedan,fwd,front,104.9,170.7,68.1,57.9,2751,dohc,four,245,idi,2.55,,11.2,200,4891,31,37,26023,Silver,1987,1,3.5
V0128,2,175,mazda,gas,std,four,wagon,4wd,front,87.6,203.3,69.0,51.8,1873,ohcf,eight,259,idi,3.07,,20.6,94,4542,28,33,20669,Brown,1987,1,1.7
V0129,3,126,nissan,gas,std,four,hatchback,4wd,front,118.3,203.9,71.3,51.5,1846,ohcv,four,265,2bbl,2.99,4.04,16.2,149,5387,31,35,,White,1984,2,2.0
V0130,-3,225,volkswagen,gas,turbo,four,sedan,rwd,front,87.8,195.5,69.5,52.9,2605,l,three,290,mpfi,3.78,2.66,14.5,162,,24,32,25366,Green,1986,4,2.3
V0131,1,159,saab,gas,std,four,sedan,fwd,front,118.3,145.4,64.4,58.7,3051,dohc,three,284,idi,,2.31,8.4,70,5543,22,30,32981,Black,1985,4,3.3
V0132,-2,183,mazda,diesel,std,two,wagon,fwd,front,106.2,203.2,62.1,51.2,1780,ohc,five,271,mpfi,2.75,2.74,19.1,227,6532,29,33,26849,Grey,1982,4,1.7
V0133,-1,159,TOYOTA ,gas,STD,two,sedan,fwd,front,120.9,164.5,68.1,57.2,1652,ohcv,twelve,163,idi,3.41,2.57,14.6,77,6460,36,42,17716,Black,1989,1,4.1
V0134,0,159,nissan,gas,std,four,hatchback,fwd,front,94.2,168.3,63.6,51.2,3672,dohc,six,315,1bbl,3.87,3.67,18.4,163,5067,14,20,27267,Red,1981,3,2.3
V0135,0,,porsche,gas,std,four,sedan,rwd,front,112.3,176.2,62.7,49.1,2664,ohc,four,279,idi,3.2,3.67,8.0,164,5574,24,32,45400,Grey,1984,4,4.9
V0136,-1,142,honda,gas,std,four,hatchback,fwd,front,98.7,147.3,67.5,51.7,3065,ohc,six,104,1bbl,3.32,4.15,10.9,181,,39,43,17535,Silver,1982,1,1.7
V0137,-2,221,bmw,gas,std,,sedan,fwd,front,118.5,147.3,63.9,52.2,3040,l,three,94,mpfi,2.73,3.53,11.4,182,5844,42,46,45400,White,1989,5,4.9
V0138,2,230,subaru,gas,std,four,hatchback,fwd,front,115.2,161.5,67.0,53.4,1597,ohcv,four,214,mfi,3.71,3.06,17.5,276,5328,35,39,28638,Black,1981,3,3.0
V0139,2,144,toyota,gas,std,,wagon,fwd,front,110.5,159.0,62.1,56.0,3590,dohc,twelve,313,4bbl,3.37,3.51,8.6,207,,17,25,28685,Brown,1981,5,3.3
V0140,0,201,mazda,gas,std,four,hatchback,fwd,front,101.0,168.8,62.7,53.8,3992,ohcf,five,92,1bbl,3.27,3.25,23.0,170,6302,37,42,,Silver,1985,3,3.4
V0141,-1,123,mercedes-benz,gas,std,two,sedan,fwd,front,112.6,144.0,69.2,58.9,2208,ohc,four,324,mpfi,3.79,3.58,16.5,131,5866,21,29,45400,Green,1985,2,1.4
V0142,2,240,toyota,gas,std,four,hatchback,rwd,front,90.1,167.2,67.2,48.3,2150,ohc,four,229,idi,2.9,2.97,11.8,198,4491,32,35,23777,Green,1989,1,2.5
V0143,0,245,toyota,gas,std,four,sedan,4wd,front,110.8,195.6,71.1,58.1,3304,ohcv,twelve,210,spdi,2.88,3.95,12.1,186,6212,25,28,,Brown,1987,3,1.3
V0144,-3,,volvo,gas,std,,sedan,fwd,front,106.7,163.5,65.3,54.4,3934,dohc,four,254,mpfi,3.43,3.11,18.7,258,6591,19,27,45400,Grey,1986,3,3.4
V0145,1,203,toyota,gas,std,two,wagon,rwd,front,115.9,199.4,69.1,54.6,2379,ohc,four,325,idi,3.23,2.39,17.2,187,6075,19,22,28995,Red,1985,4,2.2
V0146,3,141,mercedes-benz,gas,turbo,,hatchback,fwd,front,109.3,196.3,71.6,51.0,3670,ohcv,five,283,4bbl,3.56,2.2,10.2,166,4755,20,24,45400,Green,1986,3,4.4
V0147,-3,103,mazda,diesel,std,two,sedan,fwd,rear,108.1,193.5,64.5,47.9,0,ohc,twelve,109,1bbl,3.75,4.14,15.1,166,5002,38,41,16970,Grey,1987,4,1.7
V0148,-1,202,subaru,gas,std,four,convertible,rwd,rear,88.1,152.4,72.0,56.4,3943,dohc,four,205,spdi,2.65,2.49,20.7,85,5746,500,31,21283,Silver,1985,5,1.2
V0149,-2,256,toyota,gas,std,four,convertible,fwd,front,109.9,194.5,66.5,55.0,2397,ohc,four,296,mpfi,3.68,2.69,10.5,222,6016,22,29,27667,Grey,1980,5,2.3
V0150,0,,plymouth,diesel,std,two,hatchback,rwd,front,108.5,169.6,62.1,49.1,2162,ohc,eight,178,1bbl,3.78,2.79,13.9,226,6561,36,43,,Silver,1990,2,2.5
V0151,-1,108,toyota,gas,std,four,hatchback,fwd,front,97.3,193.9,65.7,50.9,2232,ohc,two,168,mpfi,3.77mm,3.63,13.6,116,4907,37,43,18847,Black,1985,5,1.6
V0152,-1,168,toyota,gas,std,four,sedan,rwd,front,109.3,166.0,65.3,49.7,2194,ohc,eight,138,1bbl,,2.45,21.1,76,4815,33,39,,Grey,1984,5,2.3
V0153,-1,133,honda,gas,std,two,hatchback,fwd,rear,101.3,161.3,61.5,57.1,2632,l,twelve,194,2bbl,2.73,2.13,8.2,217,6289,30,34,22925,Brown,1981,1,1.7
V0154,2,127,toyota,diesel,std,four,sedan,fwd,front,110.3,149.2,68.2,56.3,1533,ohcv,four,128,1bbl,3.44,3.61,22.1,-50,6301,39,42,14692,Black,1983,4,2.3
V0155,0,231,honda,gas,std,four,sedan,fwd,front,94.8,144.5,71.2,50.5,2441,ohc,six,302,mpfi,3.62,2.08,15.8,285,4796,25,33,30965,Black,1984,3,2.1
V0156,-2,155,toyota,gas,turbo,four,sedan,fwd,front,103.6,161.0,65.7,53.2,2755,l,four,164,2bbl,3.03,3.52,7.5,,5504,29,32,24094,Silver,1983,4,1.8
V0157,3,159,volvo,diesel,std,two,sedan,rwd,front,87.9,154.6,69.8,58.4,2780,ohcf,eight,303,mpfi,,2.47,12.7,247,4345,23,28,45400,Red,1986,4,4.6
V0158,0,169,saab,gas,std,two,hatchback,fwd,front,95.6,203.5,69.8,58.3,3813,l,four,113,idi,3.67,3.36,18.7,264,5699,32,37,35037,Blue,1990,2,2.2
V0159,-2,132,nissan,gas,std,four,sedan,fwd,front,95.0,155.9,69.2,53.0,2960,ohc,three,306,2bbl,3.04,2.71,15.8,92,,21,25,25064,Grey,1990,1,3.9
V0160,-2,221,audi,diesel,std,four,sedan,rwd,front,101.2,160.7,65.2,53.5,2689,ohc,three,179,idi,3.13,3.87,22.3,256,4238,29,35,45400,Silver,1983,4,3.0
V0161,3,107,audi,diesel,turbo,four,hatchback,rwd,front,103.9,172.0,65.7,53.2,2820,ohc,two,270,2bbl,3.8,2.78,7.7,219,5964,24,32,45400,Grey,1989,3,3.2
V0162,0,232,volkswagen,gas,std,four,sedan,fwd,front,93.7,201.9,64.6,53.4,3350,l,four,226,mpfi,3.9,3.4,11.4,237,5228,30,37,25357,Red,1989,1,3.1
V0163,0,242,subaru,gas,turbo,four,sedan,fwd,front,99.3,141.6,67.3,55.9,1722,ohc,five,88,2bbl,2.81,2.49,21.5,249,4430,43,47,22192,Grey,1987,5,3.8
V0164,-2,227,nissan,gas,standard,four,sedan,fwd,front,100.1,148.7,67.1,54.9,3722,ohc,three,74,mfi,3.19,3.56,14.0,122,4433,39,47,16122,Silver,1984,2,3.9
V0165,-3,150,toyota,gas,std,two,hatchback,rwd,front,118.2,169.1,70.4,59.0,1636,dohcv,six,314,mpfi,3.59,3.9,11.6,57,4187,0,31,,Silver,1990,5,3.1
V0166,-3,153,nissan_,gas,std,two,convertible,fwd,front,93.7,188.3,64.1,52.0,2608,ohc,eight,255,spdi,3.09,2.79,19.4,85,5339,22,27,22961,Brown,1990,3,4.0
V0167,3,87,mitsubishi,gas,std,four,hatchback,4wd,front,100.2,203.4,63.4,49.7,2920,dohc,two,227,mpfi,3.39,,10.6,166,4797,31,35,21739,Black,1989,1,4.3
V0168,-1,196,chevrolet,gas,turbo,two,wagon,fwd,front,110.2,198.8,67.6,52.9,4011,ohc,four,166,idi,3.34,3.19,16.5,91,5475,29,34,17822,Brown,1990,1,1.5
V0169,0,65,mazda,gas,std,four,sedan,fwd,front,107.1,187.8,66.6,59.2,3814,ohcv,four,231,idi,2.62,2.26,19.7,800,5567,28,34,20563,Grey,1983,2,2.2
V0170,0,170,nissan,gas,std,four,sedan,fwd,front,104.6,160.6,65.5,58.7,3444,ohc,twelve,214,idi,3.27,,7.8,67,4334,31,34,20321,White,1990,5,4.3
V0171,-3,255,nissan,gas,std,four,sedan,fwd,front,100.0,192.2,71.3,57.8,2139,ohcf,four,108,mpfi,,3.69,9.4,206,6376,36,43,18847,Grey,1987,3,1.7
V0172,2,253,honda,gas,std,four,hatchback,fwd,front,117.4,175.9,68.7,52.3,1835,dohc,eight,262,mpfi,3.33,2.98,22.4,108,5344,28,33,22147,Silver,1987,3,1.9
V0173,3,202,mazda,gas,turbo,two,sedan,fwd,front,106.3,201.6,64.9,50.9,2978,ohcv,four,250,2bbl,3.84,2.56,15.6,67,4700,0,35,20488,Blue,1981,5,3.8
V0174,2,180,audi,gas,std,four,hatchback,rwd,front,91.8,207.9,66.1,51.3,1839,ohc,twelve,133,mpfi,3.02,3.72,15.3,137,6100,35,41,35959,Silver,1984,1,4.2
V0175,-3,138,bmw,gas,std,four,wagon,rwd,front,95.0,151.2,68.5,49.3,2945,dohc,four,131,2bbl,,3.58,17.4,142,,34,40,44395,Green,1989,3,1.8
V0176,0,201,volkswagen,gas,std,four,sedan,fwd,rear,107.0,156.3,70.8,55.3,2769,ohc,twelve,150,mpfi,3.56,2.56,19.5,202,4215,30,37,20437,White,1990,4,1.2
V0177,3,239,mercedes-benz,gas,std,,sedan,fwd,front,89.3,190.0,65.7,58.8,3769,ohc,four,246,idi,3.46,3.62,9.8,275,6220,500,32,,Grey,1990,4,1.2
V0178,-1,162,mercedes-benz,gas,std,two,sedan,fwd,front,89.2,155.4,64.3,54.1,1910,ohc,two,305,mpfi,2.99,3.13,10.2,207,4199,21,27,0,Silver,1981,4,4.4
V0179,3,157,mercedes-benz,gas,std,four,hatchback,rwd,front,95.5,144.6,61.3,49.5,1582,dohc,eight,113,mpfi,3.84,2.33,9.3,115,4889,38,41,38963,Brown,1983,4,1.4
V0180,2,111,chevrolet,gas,std,four,sedan,rwd,front,114.3,195.6,61.6,52.4,0,ohcv,six,95,2bbl,3.64,2.82,21.5,145,5521,37,44,14575,Red,1987,4,4.4
V0181,0,199,bmw,gas,std,two,sedan,4wd,front,89.8,177.5,62.3,54.0,2638,ohc,eight,71,mpfi,2.7,3.53,19.4,150,4368,44,49,40161,Blue,1988,3,4.3
V0182,-2,107,nissan,gas,std,four,hardtop,fwd,front,117.7,188.1,71.0,52.9,3325,ohcv,four,63,2bbl,2.76mm,3.63,15.5,116,5441,37,42,13305,Grey,1981,3,3.8
V0183,3,76,mitsubishi,gas,turbo,four,wagon,fwd,front,105.2,195.9,70.5,48.8,2058,ohc,eight,288,idi,2.97,3.08,10.9,187,5245,29,32,,White,1984,1,3.0
V0184,-1,82,TOYOTA ,gas,Turbo,two,hatchback,fwd,front,99.3,207.5,63.9,53.6,2073,ohc,eight,85,4bbl,2.97,2.67,9.9,237,6152,37,40,45400,Green,1986,4,3.3
V0185,-3,153,volkswagen,gas,std,two,sedan,rwd,front,87.8,141.6,62.7,58.7,3755,ohc,five,231,spdi,3.15,2.58,19.7,182,5784,27,35,25259,Silver,1984,4,4.5
V0186,1,246,audi,gas,turbo,four,sedan,fwd,front,117.9,190.5,66.6,52.7,2356,ohc,six,124,mpfi,3.47,3.02,18.1,203,4344,42,47,39951,White,1984,3,3.3
V0187,3,241,toyota,gas,std,four,sedan,fwd,front,107.1,207.0,61.5,54.2,3819,ohc,twelve,227,spfi,3.51,3.49,22.6,225,4694,26,30,27247,Silver,1990,4,1.3
V0188,-1,181,nissan,diesel,std,four,sedan,fwd,front,120.7,188.2,69.1,57.4,3182,ohc,eight,324,1bbl,,,23.0,280,4189,23,30,31527,Silver,1988,2,2.8
V0189,0,117,audi,gas,Std,four,sedan,fwd,rear,96.3,156.7,68.2,48.6,1723,ohc,four,228,spdi,3.12,2.4,8.8,185,5863,34,42,45007,Black,1983,3,2.7
V0190,-1,157,porsche,gas,turbo,four,wagon,rwd,front,96.9,194.0,66.9,48.7,2789,dohc,twelve,95,idi,2.76,3.21,13.5,137,5056,38,46,45400,Silver,1989,5,2.9
V0191,2,159,subaru,gas,std,two,hatchback,rwd,front,91.6,162.7,63.3,57.9,3096,ohc,eight,198,1bbl,3.07,2.23,19.7,244,4531,31,38,27058,Red,1987,3,3.3
V0192,-2,235,nissan,gas,turbo,two,sedan,rwd,front,90.4,204.4,68.6,49.6,1635,l,eight,136,2bbl,2.6,2.84,21.9,268,4313,40,44,23101,White,1988,4,4.9
V0193,-2,201,jaguar,gas,std,four,sedan,fwd,front,108.0,153.1,69.3,52.8,1920,ohcv,eight,295,1bbl,3.14,2.29,19.7,188,5794,29,34,45400,Brown,1987,3,4.6
V0194,0,185,volkswagen,gas,turbo,four,hardtop,rwd,front,89.8,193.3,68.0,49.8,3891,ohcv,two,108,mpfi,3.21,3.44,18.8,97,4382,33,36,17228,White,1990,5,3.0
V0195,3,209,volvo,gas,std,four,sedan,fwd,front,92.6,142.0,71.1,55.7,2638,ohcv,three,164,idi,2.57,2.64,21.0,108,5984,29,37,31566,Green,1986,5,4.8
V0196,3,100,honda,gas,std,two,hatchback,fwd,front,102.2,186.9,72.2,49.6,2772,ohc,twelve,64,2bbl,3.87,,11.5,170,4382,45,53,17327,Brown,1983,1,2.8
V0197,2,205,nissan,diesel,std,two,sedan,4wd,front,111.3,173.8,69.4,56.1,3498,ohc,four,211,mpfi,3.51,2.71,16.3,169,6417,31,36,23450,Silver,1987,3,2.2
V0198,2,134,toyota,gas,std,four,wagon,fwd,front,119.9,169.5,71.1,49.5,3893,dohc,four,216,2bbl,3.75,,8.1,199,5689,23,26,24976,Red,1988,4,3.8
V0199,3,210,plymouth,diesel,std,four,sedan,fwd,front,100.3,171.7,70.3,56.1,3446,ohcv,two,146,mpfi,3.51,,22.1,88,4574,34,41,,Grey,1982,5,2.5
V0200,-2,239,mazda,gas,std,four,sedan,fwd,front,94.3,190.8,65.5,54.1,2275,ohc,four,110,mpfi,3.67,3.95,12.8,152,6477,43,46,16985,Grey,1990,5,3.0
V0201,-2,100,nissan_,gas,std,four,hatchback,fwd,front,100.4,184.7,64.9,55.2,3050,rotor,four,160,1bbl,3.24,3.75,18.3,238,4165,29,34,23799,Grey,1990,3,3.0
V0202,3,81,mazda,diesel,std,two,hatchback,fwd,rear,109.9,192.6,68.0,54.7,2298,ohc,six,186,spdi,2.72,4.03,12.1,286,6323,29,37,24115,White,1980,1,2.3
V0203,2,170,nissan,gas,std,four,sedan,fwd,front,116.7,184.7,62.0,49.3,3817,ohc,six,207,2bbl,3.74,4.0,9.1,141,,0,32,21144,Blue,1984,1,3.5
V0204,0,149,mercedes-benz,gas,std,four,sedan,rwd,front,92.0,167.9,61.2,52.5,3381,dohc,six,300,1bbl,3.8,3.05,8.4,,4593,22,28,45400,White,1985,5,2.9
V0205,3,138,honda,gas,std,four,hatchback,rwd,front,93.7,199.2,62.7,52.7,1538,dohc,three,193,mpfi,2.67,2.98,9.2,99,4556,36,41,18010,White,1983,4,1.7
V0206,-1,118,toyota,gas,turbo,four,convertible,fwd,front,88.1,195.9,62.7,52.3,1839,ohc,four,136,spdi,3.69,2.1,18.1,76,5399,41,47,13844,Grey,1983,2,3.2
V0207,2,94,toyota,diesel,std,four,hatchback,rwd,front,109.5,142.4,69.9,56.0,2948,ohc,two,121,mpfi,3.73,3.99,12.8,239,4731,33,38,19892,Green,1984,2,2.6
V0208,-2,128,saab,diesel,std,four,sedan,fwd,front,99.2,166.6,70.6,50.1,1781,ohc,three,101,mpfi,3.43,2.7,22.5,216,5702,38,45,27466,Grey,1981,3,2.1
V0209,-1,157,porsche,gas,turbo,four,wagon,rwd,front,96.9,194.0,66.9,48.7,2789,dohc,twelve,95,idi,2.76,3.21,13.5,137,5056,38,46,45400,Silver,1989,5,2.9
V0210,3,205,honda,gas,std,,sedan,rwd,front,86.9,193.4,69.8,51.1,3369,dohc,four,96,2bbl,3.55,2.57,13.8,,4544,33,36,17707,Grey,1987,2,1.3
V0211,1,148,volkswagen,gas,turbo,two,hardtop,fwd,front,92.3,155.3,62.6,48.3,1808,dohcv,six,136,idi,2.9,,21.6,65,4506,40,47,14968,Green,1988,4,4.7
V0212,3,160,mazda,gas,std,four,hatchback,fwd,front,87.0,155.2,67.3,51.7,3997,l,four,195,mpfi,3.2,,12.9,175,5886,26,32,24467,Silver,1986,3,2.8
V0213,0,241,mazda,diesel,std,two,hardtop,rwd,front,97.9,153.0,65.0,50.5,3134,ohc,four,187,1bbl,2.9,4.01,17.9,229,5418,29,37,23553,White,1986,4,2.1
V0214,2,169,toyota,gas,std,two,wagon,fwd,front,92.1,148.4,66.8,52.4,1656,ohcv,six,99,1bbl,3.23,2.46,7.4,258,5189,43,51,19453,Green,1987,1,3.3
V0215,1,109,chevrolet,gas,std,two,hatchback,rwd,front,92.4,200.3,63.9,49.9,3172,ohc,three,153,1bbl,2.67,4.06,19.7,110,5270,30,35,17278,Blue,1980,5,3.8
V0216,2,113,nissan,gas,std,two,hatchback,fwd,front,109.5,186.9,69.5,49.4,2964,ohcv,six,251,mpfi,,3.3,8.4,75,4684,23,26,22193,Black,1987,1,1.3
V0217,-1,150,honda,gas,std,,hatchback,fwd,front,89.0,182.2,64.4,53.1,2020,ohc,twelve,86,mpfi,2.62,2.97,9.9,200,6577,45,52,17442,Green,1990,5,1.3
V0218,0,253,nissan_,gas,std,four,sedan,rwd,front,94.9,165.8,-72.0,59.8,2288,ohcv,eight,186,mpfi,3.85,2.12,15.7,,4189,34,37,23742,Grey,1981,2,3.1
V0219,-3,111,mercedes-benz,gas,std,four,wagon,fwd,front,92.7,190.4,63.8,55.7,2072,ohc,two,252,mpfi,3.38,3.3,22.0,87,,31,36,45400,Blue,1984,5,2.8
V0220,-1,235,mercedes-benz,gas,std,four,hardtop,rwd,front,113.6,161.2,63.6,53.6,1727,ohcv,four,165,1bbl,3.68,2.67,18.8,0,,34,41,41675,Grey,1983,2,4.1
V0221,2,220,mitsubishi,gas,turbo,two,hatchback,rwd,front,105.1,204.2,61.5,50.4,3669,ohcv,eight,82,1bbl,3.93,4.09,8.0,114,5727,36,41,13073,Brown,1982,3,4.7
V0222,-2,67,plymouth,gas,std,two,wagon,rwd,front,99.7,152.0,62.4,50.9,3103,dohc,six,136,spdi,2.8,,11.8,,5987,36,42,12843,Red,1986,2,1.6
V0223,-1,111,nissan,gas,std,,hatchback,fwd,front,99.4,150.5,60.6,59.3,4002,ohcv,five,119,idi,2.9,2.71,10.6,73,4938,32,40,15324,Blue,1981,2,1.6
V0224,-2,219,honda,gas,turbo,four,sedan,fwd,front,95.4,181.6,61.2,57.3,3572,ohc,six,101,1bbl,,2.74,20.4,114,5261,38,46,16390,Grey,1986,1,3.6
V0225,3,209,honda,gas,std,four,hatchback,rwd,front,95.6,168.3,63.8,48.2,3910,dohc,twelve,181,mfi,2.66,3.69,22.3,125,4228,25,30,20617,Blue,1986,4,1.1
V0226,0,166,jaguar,gas,std,two,hatchback,rwd,front,119.9,182.3,61.4,57.6,3144,rotor,four,258,mpfi,2.77,3.66,14.2,107,4417,28,31,45400,Black,1990,1,1.3
V0227,-1,76,audi,gas,std,four,hardtop,fwd,front,118.1,157.1,61.4,47.9,3179,ohcv,five,84,spfi,2.56,3.58,20.0,,4382,36,42,26575,Silver,1989,2,5.0
V0228,2,96,toyota,gas,std,two,sedan,fwd,front,112.3,196.2,67.1,55.8,2357,dohc,twelve,153,2bbl,2.65,3.68,17.8,275,5496,31,36,,Red,1989,1,4.3
V0229,3,98,toyota,gas,turbo,two,sedan,fwd,front,111.4,151.3,71.5,50.7,1523,ohc,four,200,2bbl,2.57,3.13,7.9,82,4834,30,36,17226,Black,1989,3,3.3
V0230,2,129,mazda,gas,std,four,sedan,rwd,front,99.8,172.9,64.0,54.1,3661,ohc,two,170,mfi,3.86,3.82,18.4,263,5940,34,40,25290,Grey,1988,4,3.6
V0231,3,107,mercedes-benz,gas,std,two,convertible,fwd,front,93.2,208.1,62.2,51.3,1902,dohc,eight,80,1bbl,3.77,3.37,16.6,87,,40,48,33974,Grey,1980,4,2.5
V0232,1,178,audi,gas,std,four,hatchback,rwd,front,94.9,178.1,64.4,54.3,50000,ohc,eight,152,mpfi,3.23,3.83,9.2,250,5053,32,39,44366,White,1990,5,1.3
V0233,-1,216,honda,gas,std,,wagon,fwd,front,106.9,149.7,64.7,57.5,3879,ohc,five,235,2bbl,3.14,4.15,13.6,62,5150,23,27,22002,White,1981,3,1.5
V0234,0,123,chevrolet,gas,std,four,sedan,rwd,front,111.3,181.0,66.7,52.6,2164,ohcv,four,9999,mpfi,2.78,4.14,16.7,98,6473,20,28,21506,Brown,1987,2,4.4
V0235,3,182,chevrolet,gas,std,four,hatchback,rwd,front,113.9,167.7,71.9,57.7,3514,ohc,five,233,2bbl,2.72,3.86,19.6,276,4348,21,24,26224,White,1982,4,2.8
V0236,-2,167,dodge,diesel,std,four,hatchback,fwd,front,112.5,157.3,64.1,57.9,2750,ohc,six,278,mpfi,3.6,3.54,20.0,,5654,24,32,,Green,1984,5,3.2
V0237,2,205,jaguar,gas,std,four,hatchback,rwd,front,118.2,169.6,61.2,49.3,1543,ohc,three,146,mpfi,3.76,2.31,21.2,174,4849,42,48,45400,Red,1980,3,1.5
V0238,3,175,saab,gas,std,four,wagon,fwd,front,89.1,193.2,64.9,51.8,1734,ohc,five,152,2bbl,3.23,4.02,16.8,93,,34,38,25437,Black,1990,1,4.7
V0239,-1,115,toyota,gas,std,,wagon,4wd,front,115.4,190.4,61.5,48.6,2775,ohc,twelve,212,mpfi,,3.59,8.4,111,4493,30,38,20604,Green,1981,3,1.9
V0240,3,220,volkswagen,gas,std,,convertible,fwd,front,107.8,173.6,67.0,54.4,3926,ohc,two,315,mpfi,3.03,3.37,16.1,151,,15,22,26892,Green,1984,1,2.6
V0241,2,96,volvo,gas,Turbo,two,hatchback,fwd,front,110.5,186.2,64.4,51.3,1723,dohcv,four,165,4bbl,2.83,3.68,12.7,260,6305,36,43,41016,Red,1983,2,4.2
V0242,-3,117,isuzu,gas,std,four,sedan,fwd,front,115.6,154.5,66.3,56.7,2836,ohc,four,140,spfi,2.83,2.48,13.8,226,6108,32,38,19179,Brown,1986,1,1.3
V0243,2,244,toyota,gas,std,four,wagon,fwd,front,90.1,148.8,63.3,55.8,2775,ohc,twelve,287,4bbl,2.77,3.42,16.5,284,4181,25,30,,Brown,1985,4,3.2
V0244,2,181,toyota,gas,std,two,hatchback,fwd,front,119.3,158.5,69.4,59.5,3960,l,two,179,mpfi,2.65,,21.8,136,5614,29,37,20383,Grey,1986,2,2.9
V0245,-1,167,toyota,gas,turbo,four,hardtop,fwd,front,107.5,159.9,65.0,50.0,2867,ohcv,three,142,mpfi,2.73,4.16,17.0,107,,33,36,16478,Blue,1981,2,1.8
V0246,3,136,alfa-romero,diesel,turbo,four,sedan,fwd,front,113.9,153.9,64.8,52.3,3943,ohc,two,84,idi,3.36,3.86,11.7,86,5492,35,38,22000,Green,1988,5,4.5
V0247,1,218,toyota,gas,std,two,convertible,fwd,front,107.9,163.7,67.5,52.1,2398,l,six,132,2bbl,2.86,2.66,21.6,83,5932,39,43,17089,White,1982,1,2.9
V0248,0,254,peugot,gas,std,four,sedan,fwd,front,87.4,152.2,71.2,51.1,2725,ohc,four,110,2bbl,3.45,3.9,18.2,118,4265,40,46,14205,Red,1981,5,1.5
V0249,-2,175,audi,gas,std,four,hardtop,4wd,front,116.2,199.1,61.4,58.2,3316,ohc,three,203,2bbl,3.28,3.44,15.2,98,4604,32,35,39168,Red,1980,2,3.8
V0250,3,,nissan,diesel,std,two,sedan,fwd,front,107.7,202.7,69.6,53.4,3914,ohc,five,105,mpfi,3.17,3.65,16.1,219,5702,35,38,,Black,1983,3,4.2
V0251,-1,251,volvo,diesel,std,,sedan,fwd,front,92.5,151.7,68.3,51.7,3603,dohcv,two,274,idi,2.92,4.03,14.6,267,5393,23,27,45400,Silver,1985,4,2.2
V0252,-1,99,toyota,diesel,Turbo,four,sedan,fwd,front,89.4,182.5,69.1,49.0,50000,rotor,twelve,256,spfi,3.07,3.36,7.3,277,6306,22,26,29999,Green,1981,4,3.1
V0253,-3,,volkswagen,gas,std,four,hatchback,rwd,front,-96.6,205.9,61.0,57.5,2113,l,four,176,1bbl,2.61,3.89,9.9,172,5754,34,42,19782,Red,1986,4,5.0
V0254,3,73,toyota,gas,std,two,sedan,rwd,front,94.8,189.4,68.2,-54.3,3075,ohc,two,139,1bbl,2.99,3.42,8.8,181,4423,30,34,19281,Black,1987,2,1.4
V0255,2,,honda,gas,std,two,hatchback,rwd,front,96.6,201.9,60.9,54.7,3215,dohc,six,116,mfi,2.87,3.05,9.3,,5678,32,38,20086,Grey,1981,4,1.7
V0256,3,225,toyota,diesel,std,four,hatchback,fwd,front,91.8,198.5,62.4,49.3,2754,ohc,six,160,mpfi,2.58,2.7,22.5,225,4655,32,38,22945,Grey,1987,2,4.6
V0257,0,110,honda,gas,turbo,four,wagon,rwd,front,89.2,149.6,67.6,59.3,1966,ohc,eight,117,2bbl,3.37,3.29,15.5,111,6366,39,44,16928,Grey,1980,2,3.8
V0258,0,71,audi,gas,std,,hatchback,4wd,front,118.8,150.7,62.7,55.4,2591,dohcv,two,159,1bbl,3.33,3.43,15.2,89,5869,32,37,34961,Brown,1983,1,2.1
V0259,2,202,chevrolet,gas,std,four,hatchback,fwd,front,117.5,177.7,72.0,48.8,3000,dohc,three,323,2bbl,3.78,3.71,14.2,85,4608,17,23,21010,Blue,1989,3,4.7
V0260,-2,221,volvo,diesel,std,four,sedan,rwd,front,116.6,180.9,63.0,58.9,2815,ohcf,eight,239,mfi,2.81,2.77,17.8,119,5230,29,37,41108,Brown,1982,3,1.8
V0261,-2,65,mazda,gas,std,two,hatchback,rwd,front,104.0,155.0,68.4,59.2,2976,l,five,293,mpfi,3.61,3.33,18.5,141,,19,22,26698,Silver,1990,3,3.2
V0262,2,129,saab,gas,std,four,hardtop,fwd,front,97.4,184.9,68.8,55.1,3107,ohc,six,246,1bbl,3.27,,9.7,266,4244,23,31,41259,Brown,1981,2,1.7
V0263,1,92,isuzu,gas,std,four,convertible,fwd,front,108.5,170.7,71.7,55.5,2101,ohcv,four,324,spfi,3.53,,11.6,65,6303,21,25,21403,Grey,1983,1,1.5
V0264,-2,244,chevrolet,gas,std,four,sedan,fwd,front,90.7,194.0,60.4,48.3,3434,dohc,four,106,mpfi,3.24,3.51,12.4,242,4395,0,37,20028,Blue,1981,2,3.0
V0265,-2,171,jaguar,gas,turbo,four,sedan,fwd,front,86.6,204.8,61.6,57.5,3192,ohcv,two,150,1bbl,2.68,2.46,15.2,76,5775,37,45,45400,Silver,1980,3,2.6
V0266,0,105,volkswagen,gas,std,four,sedan,rwd,front,106.6,141.6,68.7,54.8,2995,dohc,five,264,mpfi,3.29,3.99,18.9,120,5238,28,33,24068,Green,1989,3,2.3
V0267,0,194,toyota,diesel,std,four,wagon,rwd,rear,110.6,168.2,69.8,50.6,4004,l,four,107,mpfi,3.0,3.79,21.1,118,6192,36,41,16284,Green,1989,4,4.4
V0268,-3,145,plymouth,gas,std,two,convertible,rwd,front,117.0,167.7,70.4,57.9,-100,ohc,three,122,2bbl,3.7,4.06,21.9,112,6183,34,38,14873,Silver,1989,4,4.2
V0269,0,76,audi,gas,std,two,sedan,fwd,front,118.1,157.4,60.8,58.4,3050,ohcf,twelve,258,mpfi,3.55,2.12,0,245,5685,29,36,45400,Silver,1990,2,2.3
V0270,1,68,toyota,gas,turbo,four,sedan,fwd,front,100.1,166.0,70.7,56.3,2408,dohcv,four,289,2bbl,2.68,3.36,21.8,199,5251,27,30,27537,Silver,1988,2,2.7
V0271,-1,72,toyota,gas,std,two,wagon,fwd,front,93.1,204.4,69.0,58.7,4028,ohcv,three,105,spfi,2.77,2.79,15.4,224,6340,33,39,21873,Silver,1986,4,1.4
V0272,-2,187,mazda,gas,std,four,sedan,fwd,front,99.8,179.0,62.6,53.0,2533,ohcv,three,239,2bbl,,3.52,18.1,214,5728,30,38,24781,White,1985,1,3.8
V0273,-1,94,plymouth,gas,std,four,sedan,rwd,front,108.5,181.1,67.6,54.8,2913,ohc,six,149,idi,,2.69,16.8,69,4698,35,38,13459,Black,1982,5,2.6
V0274,2,159,toyota,gas,std,two,sedan,fwd,front,94.3,181.6,61.3,48.5,1726,dohc,four,235,2bbl,3.07,2.46,12.4,231,5300,-5,37,25645,Silver,1989,3,1.0
V0275,1,149,toyota,gas,std,four,sedan,rwd,front,119.5,202.0,69.2,47.8,3698,ohcv,four,209,mpfi,3.16,3.97,7.3,176,,30,37,24477,White,1987,1,4.2
V0276,2,186,toyota,gas,turbo,four,hardtop,rwd,front,114.2,187.7,65.9,54.5,1985,ohc,five,223,mfi,3.79,3.36,18.5,177,5897,35,41,21969,Red,1983,3,4.1
V0277,-3,186,nissan,DIESEL,std,four,sedan,fwd,front,98.7,197.0,60.9,49.5,2648,ohcv,eight,140,mfi,3.54,2.37,18.7,158,6547,32,37,18344,Brown,1983,4,2.7
V0278,0,207,volkswagen,diesel,std,four,hatchback,rwd,front,98.4,174.1,67.1,58.1,2048,ohc,five,210,1bbl,2.61,2.12,10.7,204,6319,30,33,22926,Grey,1982,2,1.8
V0279,2,116,nissan,gas,turbo,four,hardtop,rwd,front,107.8,171.8,61.9,47.9,3108,ohc,two,229,2bbl,3.14,3.8,17.4,200,,27,32,,Red,1982,4,4.9
V0280,-3,172,isuzu,gas,std,four,sedan,fwd,front,96.7,149.6,71.4,59.6,2042,dohc,four,190,mpfi,2.93,4.14,17.5,235,4689,37,45,18846,Brown,1985,5,3.4
V0281,-2,219,volkswagen,gas,std,four,hatchback,fwd,front,91.1,142.2,66.6,58.7,3207,l,two,151,2bbl,3.4,2.15,19.5,176,4631,30,36,21720,Blue,1980,4,3.1
V0282,0,168,bmw,GAS,std,four,hatchback,fwd,front,87.7,192.3,60.5,51.0,3179,ohc,two,164,idi,2.63,4.02,22.8,269,6156,33,39,45400,Green,1989,4,3.9
V0283,1,175,honda,gas,std,four,sedan,fwd,front,117.0,149.2,71.5,50.0,2239,ohc,five,304,4bbl,3.44,3.7,16.8,245,6246,26,33,30196,Silver,1988,3,3.7
V0284,0,148,toyota,gas,std,two,sedan,fwd,front,94.9,150.7,61.3,48.9,2207,ohc,twelve,279,mpfi,2.67,2.13,21.5,184,5682,22,28,26018,Black,1984,3,2.5
V0285,0,90,subaru,gas,std,four,wagon,rwd,front,92.7,146.3,66.3,51.4,2078,ohc,four,170,mpfi,2.68,3.19,16.9,57,4938,35,41,,Grey,1983,1,2.9
V0286,-3,,honda,gas,std,four,hardtop,rwd,front,90.0,163.3,65.9,49.1,1953,ohcv,four,154,2bbl,3.82,2.61,22.4,132,5874,32,35,19209,Silver,1989,2,1.9
V0287,-2,126,volkswagen,diesel,std,four,hatchback,fwd,front,96.3,167.5,64.4,49.8,3424,ohcv,six,321,mpfi,3.45,3.78,13.7,286,5113,19,27,32031,Red,1982,1,1.3
V0288,3,226,volkswagen,gas,std,four,wagon,fwd,front,113.9,199.7,70.1,50.5,3309,ohc,four,281,2bbl,2.99,2.47,14.5,76,5291,18,26,21643,Grey,1982,4,4.7
V0289,-3,132,mercedes-benz,gas,turbo,four,hatchback,fwd,front,114.6,150.4,71.7,59.1,3613,ohc,four,111,mpfi,,3.6,18.6,61,6394,34,38,36205,Green,1987,5,4.2
V0290,0,107,nissan,gas,std,two,sedan,rwd,front,88.9,166.4,60.3,53.3,3494,dohc,six,267,spdi,3.19,3.43,15.3,249,6515,25,30,,Blue,1987,2,4.2
V0291,1,140,mazda,diesel,turbo,two,sedan,rwd,front,-114.2,155.7,69.2,48.8,3065,dohc,six,99,mpfi,3.07,3.0,11.6,110,5968,33,41,14741,Brown,1985,2,3.7
V0292,0,255,porsche,gas,std,four,hardtop,rwd,front,106.6,170.4,67.0,58.3,3496,ohc,three,239,idi,2.72,3.16,8.8,199,4360,23,27,45400,Blue,1988,5,3.6
V0293,0,215,mercedes-benz,gas,std,four,sedan,rwd,rear,115.5,141.9,69.6,55.5,3062,ohc,eight,102,2bbl,2.8,2.96,20.3,112,5387,41,48,,Silver,1986,1,1.4
V0294,-3,171,honda,gas,std,four,sedan,fwd,front,88.3,203.9,68.7,50.4,2025,ohc,six,244,spdi,2.72,3.91,10.9,231,4944,25,29,26246,Silver,1980,4,2.0
V0295,1,125,chevrolet,gas,std,,hatchback,fwd,front,90.2,157.0,70.4,54.0,3296,ohc,eight,132,mpfi,,2.34,18.1,112,4687,32,35,16302,Grey,1984,3,3.8
V0296,-2,153,nissan,diesel,std,four,sedan,fwd,front,118.4,141.8,67.2,51.4,2305,ohcf,six,79,1bbl,2.92,,12.9,179,5888,43,51,16565,Grey,1988,2,3.0
V0297,3,181,mitsubishi,gas,std,four,sedan,fwd,front,114.9,174.7,62.8,51.8,3556,ohc,six,161,2bbl,3.87,3.75,14.3,232,6570,35,40,21594,White,1985,1,2.6
V0298,2,189,dodge,gas,std,two,hardtop,4wd,front,112.3,141.3,61.1,54.5,2342,ohcv,four,195,1bbl,3.42,,12.6,183,4887,32,36,19544,Red,1990,4,3.4
V0299,1,105,mazda,gas,turbo,four,sedan,4wd,front,93.1,181.6,66.3,59.3,3333,ohc,five,236,spfi,2.66,3.43,7.6,229,5943,29,36,26942,Silver,1984,4,2.6
V0300,-2,175,audi,gas,std,four,hardtop,4wd,front,116.2,199.1,61.4,58.2,3316,ohc,three,203,2bbl,3.28,3.44,15.2,98,4604,32,35,39168,Red,1980,2,3.8
V0301,2,178,mitsubishi,diesel,turbo,four,sedan,rwd,front,94.2,193.4,69.6,53.0,3797,dohc,twelve,269,1bbl,2.57,3.24,9.5,211,4632,25,31,23399,Black,1983,3,3.2
V0302,-3,119,audi,gas,std,four,sedan,rwd,front,115.4,146.5,70.7,48.5,2610,ohc,four,151,mpfi,3.63,2.86,19.9,110,6445,38,45,36476,Grey,1984,3,4.5
V0303,-2,118,bmw,diesel,std,two,hatchback,fwd,front,103.6,206.1,61.0,52.8,3845,ohcv,four,84,mpfi,,3.38,20.4,200,4440,35,42,45400,Red,1983,3,3.9
V0304,3,100,nissan_,gas,turbo,four,hatchback,fwd,front,87.0,190.1,71.7,49.4,2699,ohc,twelve,69,2bbl,2.97,3.55,20.7,239,6540,37,43,37657,Green,1986,2,4.2
V0305,1,186,audi,gas,turbo,two,hatchback,rwd,front,118.3,153.5,61.1,51.0,1680,ohcf,five,190,idi,2.71,3.24,0,49,5221,34,42,,Red,1983,5,1.8
V0306,-1,132,porsche,gas,std,,sedan,fwd,front,97.6,181.8,64.4,59.4,3053,ohc,six,166,spdi,3.55,2.79,13.7,99,4377,31,38,45400,Green,1988,5,4.6
V0307,0,,audi,gas,std,two,wagon,rwd,front,90.6,202.2,63.4,50.7,3772,ohc,two,176,2bbl,2.6,3.66,22.2,270,4713,33,38,45400,Grey,1980,5,4.1
V0308,3,181,volvo,gas,std,two,sedan,fwd,front,115.5,165.2,65.3,51.3,2002,ohc,four,69,mpfi,3.78,3.45,200,-50,4496,41,49,,Brown,1989,4,3.5
V0309,3,244,mercedes-benz,gas,std,two,hatchback,rwd,front,87.4,179.5,67.2,51.1,1875,ohcv,four,308,spfi,3.52,2.7,9.0,131,4410,28,32,45400,White,1988,5,4.1
V0310,-1,96,honda,gas,std,two,sedan,fwd,front,91.4,168.0,69.0,54.8,2109,ohc,four,202,idi,2.56,,12.0,74,6079,-5,39,18662,Blue,1989,4,1.6
V0311,-3,186,saab,gas,std,,wagon,rwd,front,97.2,184.3,69.5,53.4,2404,ohc,five,193,4bbl,3.09,3.54,17.6,249,5480,35,41,35107,White,1987,4,4.4
V0312,1,134,honda,gas,std,four,sedan,fwd,front,113.0,201.3,63.9,51.0,0,ohc,two,76,spdi,3.84,2.44,8.8,233,5111,44,51,19781,Silver,1989,4,1.3
V0313,-3,249,nissan,diesel,std,four,sedan,fwd,rear,95.6,194.3,62.8,57.0,3729,dohc,three,239,idi,2.78,3.12,8.4,138,6354,23,28,,White,1986,3,3.5
V0314,-1,129,volvo,gas,std,four,sedan,rwd,front,100.3,186.5,69.0,54.1,2747,ohc,four,185,spdi,3.6,2.34,18.6,264,6314,33,37,43498,White,1980,4,2.2
V0315,-1,235,saab,gas,std,two,convertible,fwd,rear,87.2,160.8,62.2,48.9,3781,rotor,eight,230,mpfi,,,8.1,93,5490,26,33,31017,Green,1986,1,4.5
V0316,-3,169,plymouth,gas,std,two,hatchback,fwd,front,99.6,149.3,65.3,57.4,3583,ohc,six,0,2bbl,,3.72,13.0,58,6413,33,41,12125,Black,1986,5,4.4
V0317,-2,254,nissan,gas,turbo,four,sedan,fwd,front,92.4,190.7,61.5,57.3,1599,ohc,six,113,mpfi,2.9,3.62,16.1,52,4540,43,49,12707,Blue,1982,2,4.4
V0318,2,,mercedes-benz,gas,std,four,hatchback,rwd,front,102.7,174.6,63.8,49.6,3050,l,five,220,2bbl,3.31,3.83,21.9,285,4775,27,31,45400,Black,1987,1,2.8
V0319,1,157,jaguar,gas,std,two,wagon,fwd,front,116.0,198.4,67.9,51.5,2888,ohcf,two,179,mpfi,3.43,3.0,16.4,48,5418,32,38,45400,Red,1989,3,4.2
V0320,3,182,mitsubishi,gas,std,two,sedan,rwd,front,109.5,158.8,66.8,50.1,2132,ohcf,five,215,idi,3.78,2.52,20.0,,6470,33,37,,Black,1990,1,1.1
V0321,-1,195,bmw,gas,std,two,sedan,fwd,front,116.8,173.6,60.6,55.4,2468,ohcv,six,68,2bbl,2.67,4.15,21.6,166,4631,40,46,41046,Grey,1986,4,4.9
V0322,-2,157,honda,gas,std,four,hatchback,fwd,front,98.0,194.8,68.1,50.8,3202,dohc,eight,313,2bbl,3.69,2.88,16.3,,6308,19,27,25928,White,1980,3,3.2
V0323,-2,173,nissan,gas,std,four,hatchback,fwd,front,116.3,151.3,69.6,50.3,2231,ohc,eight,81,idi,3.3,4.07,12.2,128,5092,40,44,14649,Brown,1983,2,4.1
V0324,2,219,toyota,diesel,turbo,two,hardtop,fwd,front,115.9,155.1,60.9,53.1,2301,ohc,six,124,mpfi,2.79,3.99,18.6,79,4817,37,40,15688,Silver,1985,4,1.8
V0325,-1,68,honda,gas,Turbo,four,hatchback,4wd,front,118.9,154.4,67.4,57.8,2482,ohc,three,122,idi,3.33,2.16,15.5,217,5667,34,41,21222,Green,1987,1,2.7
V0326,-2,193,honda,diesel,std,four,sedan,fwd,front,91.4,148.7,67.2,59.0,1590,dohc,eight,248,idi,,,20.5,202,5099,29,34,25235,Green,1983,5,3.6
V0327,2,203,volkswagen,gas,turbo,two,sedan,rwd,front,102.8,152.1,68.2,52.3,3744,dohc,six,238,2bbl,3.35,2.85,22.7,244,5347,22,30,27770,Red,1986,1,3.4
V0328,3,183,audi,diesel,std,,sedan,4wd,front,116.8,192.3,64.6,58.0,3626,dohc,five,156,2bbl,2.96,2.24,20.7,242,6491,32,36,45400,Silver,1988,3,4.9
V0329,0,89,toyota,gas,std,two,hardtop,rwd,front,109.7,198.0,69.1,50.5,2253,ohc,two,93,2bbl,,,18.8,227,4231,42,48,19451,Grey,1986,3,4.3
V0330,-1,146,nissan,gas,std,four,wagon,fwd,front,87.0,163.1,65.9,57.3,2440,dohc,six,169,2bbl,2.68,2.65,16.7,,4456,36,44,24429,Black,1980,4,3.0
V0331,3,144,audi,gas,std,four,sedan,rwd,front,104.5,168.8,67.0,50.4,3176,ohc,eight,203,mfi,3.61,2.94,18.7,207,6258,33,27,45400,Green,1981,2,4.6
V0332,3,186,isuzu,gas,turbo,two,sedan,rwd,front,92.3,160.5,68.5,57.4,3008,dohc,four,297,mpfi,,3.64,22.9,285,4704,20,27,,White,1986,2,1.6
V0333,1,252,nissan,gas,std,four,sedan,rwd,front,89.8,178.9,62.9,48.4,1491,ohc,five,210,2bbl,3.21,3.72,15.5,,4395,37,40,$22869,Blue,1990,1,2.1
V0334,1,249,volkswagen,gas,std,two,hatchback,rwd,front,120.1,149.9,64.7,54.5,2795,ohc,four,291,mpfi,2.68,2.68,13.1,205,5862,22,26,27347,Silver,1982,4,5.0
V0335,0,186,audi,gas,std,two,hatchback,rwd,front,99.9,149.3,63.1,58.4,3975,ohc,two,296,2bbl,3.88,2.86,14.5,245,4910,18,26,45400,Green,1981,5,2.1
V0336,1,193,nissan,gas,turbo,,hatchback,rwd,front,105.0,207.5,63.9,47.9,3875,ohc,six,90,2bbl,3.92,,20.4,220,4153,32,38,19077,Brown,1987,4,3.6
V0337,3,120,mazda,diesel,std,four,hatchback,fwd,front,118.2,149.9,67.6,58.0,1885,ohc,four,117,2bbl,,2.4,19.4,236,5792,43,49,19974,Red,1989,3,2.3
V0338,3,78,dodge,gas,std,four,hatchback,fwd,front,96.9,185.5,71.6,49.4,1960,l,three,140,mpfi,3.39,3.58,-1,210,5231,41,47,17724,White,1986,3,1.2
V0339,2,127,honda,gas,std,four,hatchback,fwd,front,87.6,197.5,67.5,58.2,3457,ohcv,four,103,idi,2.81,2.88,8.5,63,5113,40,45,14412,Grey,1981,5,3.0
V0340,3,155,volkswagen,gas,std,two,hatchback,fwd,front,114.6,173.0,70.5,54.1,2463,ohcv,six,223,mpfi,3.88,2.63,20.5,226,,29,32,23559,Black,1986,5,3.1
V0341,-1,84,mitsubishi,gas,std,four,hatchback,fwd,front,92.9,179.2,65.0,59.1,2469,l,four,210,1bbl,,3.6,21.4,280,6171,32,39,22598,Green,1988,3,2.6
V0342,-1,193,toyota,gas,std,four,sedan,fwd,front,109.4,158.9,65.4,54.4,2009,ohc,three,265,2bbl,3.83,3.84,13.2,76,4591,23,27,20329,White,1990,2,1.2
V0343,-3,,volvo,gas,std,four,sedan,fwd,front,104.6,144.4,71.7,57.5,3978,ohcv,four,163,1bbl,3.58,4.12,16.6,87,4666,32,35,32032,Silver,1980,4,4.7
V0344,1,137,audi,gas,std,two,sedan,4wd,front,91.6,194.6,63.6,49.0,2398,ohc,four,124,mpfi,3.56,2.71,20.1,,4541,41,46,38475,Blue,1989,1,4.6
V0345,0,134,mercedes-benz,gas,std,four,wagon,fwd,front,101.0,205.9,70.7,56.0,3888,dohc,five,139,2bbl,2.93,3.61,16.7,87,4745,33,38,42459,White,1989,2,2.3
V0346,-1,127,honda,gas,std,two,wagon,rwd,front,120.4,178.1,68.0,49.5,2584,ohcv,eight,111,mpfi,3.46,3.75,18.9,53,4407,35,39,13575,Green,1990,5,4.4
V0347,1,79,plymouth,diesel,turbo,,wagon,fwd,front,104.2,181.3,71.2,52.5,1713,ohc,twelve,259,2bbl,2.65,3.47,20.0,133,4254,25,28,19314,Blue,1984,1,2.2
V0348,3,168,dodge,gas,std,two,sedan,fwd,front,115.6,196.3,66.9,58.5,3774,dohc,two,154,1bbl,3.89,3.11,19.7,209,5930,31,38,19594,Red,1985,4,4.0
V0349,3,135,chevrolet,gas,std,two,sedan,fwd,rear,109.4,196.3,61.2,55.0,3936,dohc,eight,265,idi,3.93,2.25,8.6,275,5453,25,29,,Red,1981,3,3.9
V0350,3,94,porsche,gas,turbo,four,sedan,rwd,front,102.3,154.5,68.6,49.3,1849,dohc,three,185,spfi,3.52,3.03,12.8,120,6108,33,39,45400,Silver,1990,5,1.5
V0351,2,130,mitsubishi,gas,std,four,sedan,fwd,front,108.3,171.3,62.2,51.4,2219,dohc,two,77,mpfi,3.02,2.8,22.9,201,6388,38,42,16184,Brown,1983,5,1.1
V0352,1,86,mitsubishi,gas,std,four,sedan,rwd,front,101.2,208.1,65.0,48.3,1582,ohcf,five,324,mpfi,2.85,2.98,21.2,233,5150,27,30,24993,Silver,1990,5,3.2
V0353,1,213,plymouth,gas,std,four,sedan,fwd,front,93.1,178.6,60.3,53.7,2364,ohc,four,275,mpfi,2.73,3.87,21.0,115,5211,25,31,18772,Black,1985,2,4.7
V0354,2,95,volkswagen,gas,turbo,four,sedan,rwd,front,104.6,207.8,64.5,49.4,3792,ohc,three,315,2bbl,,3.35,18.3,97,4156,15,18,26007,Grey,1983,5,5.0
V0355,0,122,nissan,gas,std,four,sedan,rwd,front,106.6,149.1,64.1,49.6,3880,l,twelve,272,1bbl,,3.17,10.8,170,6157,21,26,27787,White,1984,1,2.4
V0356,3,136,  audi,gas,std,,hatchback,rwd,front,98.4,167.9,62.6,48.3,2514,ohc,twelve,228,1bbl,3.19,3.04,8.3,216,5142,32,36,25259,Green,1982,1,3.4
V0357,-2,131,nissan,gas,std,four,sedan,rwd,front,98.7,195.7,63.8,55.5,2033,dohc,three,198,idi,3.7,,22.0,187,6495,30,35,22239,White,1990,3,1.7
V0358,0,240,mercedes-benz,gas,turbo,two,sedan,fwd,front,110.3,160.9,69.3,48.2,3341,ohc,five,175,1bbl,3.33,2.57,19.5,252,5328,26,32,45400,Silver,1988,1,1.1
V0359,0,120,saab,diesel,std,,hatchback,fwd,front,111.7,184.8,71.4,50.2,3956,ohc,six,103,mpfi,2.61,,20.7,84,,34,42,23297,Brown,1980,3,4.0
V0360,0,135,saab,gas,std,,hatchback,rwd,front,94.5,149.9,70.1,59.8,3929,ohc,four,96,1bbl,3.06,3.28,10.0,187,4732,37,43,27056,Black,1985,2,1.3
V0361,0,86,alfa-romero,diesel,turbo,two,wagon,rwd,front,110.0,192.2,71.8,57.0,1556,dohc,four,171,mpfi,2.62mm,3.73,15.1,208,6202,38,44,31081,Grey,1988,5,1.6
V0362,-1,113,subaru,gas,std,four,hatchback,fwd,front,117.5,204.7,64.1,56.3,2064,dohc,four,86,mpfi,3.67,,17.6,172,5944,41,44,18602,Brown,1984,2,4.4
V0363,-2,247,mercedes-benz,gas,std,four,sedan,rwd,front,119.9,190.4,68.4,50.6,3472,ohc,two,102,mpfi,3.85,4.05,14.6,216,4561,38,43,45400,Black,1988,5,4.1
V0364,1,95,porsche,gas,std,four,hatchback,4wd,rear,94.0,171.4,66.8,55.9,2841,ohc,three,321,4bbl,2.74,3.2,17.9,128,4177,16,24,45400,Green,1981,5,1.3
V0365,-2,160,toyota,gas,std,four,sedan,fwd,front,116.7,173.7,64.9,52.7,3156,ohc,six,253,4bbl,3.05,4.12,9.2,146,,29,34,,Red,1988,4,1.0
V0366,1,141,mazda,gas,std,four,sedan,fwd,front,99.7,186.9,66.3,54.8,2439,ohc,four,191,1bbl,3.8,3.05,11.6,187,4797,29,35,22006,Grey,1986,3,2.8
V0367,-2,110,dodge,gas,turbo,two,sedan,fwd,front,94.3,-200.0,64.9,58.4,1948,ohc,twelve,175,mpfi,3.88,2.82,16.9,78,5626,32,35,16423,Red,1985,5,1.7
V0368,2,240,toyota,gas,std,four,hatchback,rwd,front,90.1,167.2,67.2,48.3,2150,ohc,four,229,idi,2.9,2.97,11.8,198,4491,32,35,23777,Green,1989,1,2.5
V0369,3,227,peugot,gas,std,four,sedan,rwd,front,115.0,168.3,69.3,48.3,2800,ohcv,four,252,2bbl,3.39,3.89,19.0,80,6113,30,36,21457,Black,1989,5,2.2
V0370,2,204,volvo,diesel,std,four,wagon,4wd,front,97.0,174.4,62.4,58.5,2149,ohc,three,319,1bbl,2.63,3.15,15.0,84,4677,22,28,43878,Grey,1980,3,3.6
V0371,2,,volkswagen,gas,std,four,wagon,4wd,front,90.4,181.6,64.3,58.8,2140,ohc,three,96,mpfi,,3.49,20.9,168,5728,37,43,16477,White,1989,5,3.9
V0372,0,110,mitsubishi,diesel,std,four,sedan,fwd,front,104.0,-188.5,69.1,48.9,2934,ohcf,twelve,84,spfi,3.42,3.46,13.1,150,6430,43,47,14796,Blue,1980,4,4.8
V0373,-1,133,volkswagen,gas,std,four,sedan,rwd,front,111.0,169.7,61.7,54.8,3432,ohc,six,283,mpfi,3.1,3.69,13.5,,5696,26,30,,White,1989,3,1.6
V0374,2,92,jaguar,diesel,std,,wagon,rwd,front,96.7,150.8,70.5,59.5,3212,ohc,five,89,1bbl,2.7,3.53,9.3,235,4257,40,45,-500,Grey,1981,4,4.3
V0375,-2,252,mercedes-benz,gas,std,two,sedan,rwd,front,103.5,170.1,68.5,55.6,1942,ohc,four,79,2bbl,2.87,3.19,11.4,273,5807,44,50,45400,Green,1984,4,1.8
V0376,3,144,mercedes-benz,gas,std,,wagon,fwd,front,114.7,199.8,70.6,48.7,3554,ohcv,three,273,mpfi,3.58,3.21,21.7,72,6559,24,28,45400,Green,1986,5,4.0
V0377,-2,156,porsche,gas,turbo,two,sedan,fwd,front,90.7,165.1,69.5,53.2,3385,ohc,four,141,idi,2.97,3.55,16.7,,5492,31,34,45400,Red,1980,3,2.0
V0378,-2,81,toyota,gas,std,four,wagon,fwd,front,105.5,158.9,70.8,52.9,2355,ohcf,three,163,1bbl,3.1,3.48,13.0,,6269,37,40,23464,Silver,1989,5,1.9
V0379,1,137,toyota,gas,std,four,sedan,fwd,front,106.6,198.8,61.6,58.4,2285,dohc,two,294,spfi,2.89mm,2.93,11.3,209,4873,25,32,,Brown,1984,3,4.5
V0380,-2,180,honda,Gas,std,four,sedan,fwd,front,108.7,175.2,66.3,53.4,2806,ohcv,eight,308,1bbl,3.23,2.63,13.4,283,6541,17,21,30408,Green,1986,2,2.2
V0381,0,253,porsche,gas,std,four,hatchback,4wd,front,104.9,205.5,61.3,53.3,2675,dohc,four,81,mfi,3.47,2.7,13.2,75,5621,43,46,41321,Black,1980,2,1.1
V0382,-1,82,dodge,gas,standard,four,hatchback,rwd,front,88.9,-169.7,64.8,48.7,1808,ohc,eight,112,mpfi,2.86,3.33,12.3,105,5337,40,46,15025,Green,1982,3,1.3
V0383,0,225,bmw,gas,std,four,hatchback,4wd,front,101.7,178.7,67.4,58.4,3162,ohc,two,230,1bbl,2.72,3.6,14.9,254,6429,27,34,45400,Blue,1986,3,2.5
V0384,2,65,honda,gas,std,four,wagon,fwd,front,111.2,171.4,68.1,57.7,3346,l,eight,216,2bbl,2.83,3.1,17.0,800,6551,28,31,25030,Blue,1988,4,2.2
V0385,-1,88,toyota,gas,turbo,two,sedan,rwd,front,117.1,197.0,71.7,52.3,2547,ohcv,two,62,2bbl,,2.34,12.5,185,5754,43,47,17254,Black,1985,2,2.9
V0386,0,145,chevrolet,gas,std,,sedan,fwd,front,106.7,197.7,70.2,56.6,50000,ohcf,six,5000,1bbl,2.97,,21.9,65,6076,29,34,17058,Silver,1981,4,2.7
V0387,0,,toyota,gas,std,four,wagon,rwd,front,97.2,199.1,67.4,57.8,1888,ohc,four,69,2bbl,3.59,3.99,7.1,,5292,52,44,19519,Green,1985,1,4.6
V0388,1,94,honda,gas,std,four,convertible,fwd,front,109.1,155.6,67.5,57.0,2310,ohcv,four,90,mpfi,2.59,2.18,20.1,198,,37,44,18144,Grey,1984,5,4.9
V0389,2,173,dodge,diesel,std,four,sedan,fwd,rear,104.5,206.6,61.8,50.3,4023,ohc,six,100,idi,3.2,2.73,17.3,259,5708,32,35,19626,Black,1981,1,1.3
V0390,-2,182,honda,gas,std,four,sedan,rwd,front,104.9,207.9,63.8,54.8,1602,ohc,six,146,1bbl,3.26,2.9,7.2,91,,34,38,16168,White,1986,3,3.2
V0391,2,223,volkswagen,gas,std,four,hatchback,fwd,front,96.2,172.0,67.3,52.6,3058,dohc,four,69,1bbl,3.54,2.84,12.5,201,6550,41,44,18243,White,1982,2,3.8
V0392,3,101,chevrolet,DIESEL,std,four,hatchback,fwd,front,87.8,200.1,68.4,49.5,3724,ohc,four,216,1bbl,3.07,2.11,8.4,54,6441,27,32,16983,Red,1981,4,4.8
V0393,1,173,subaru,gas,std,two,wagon,rwd,front,90.1,201.2,66.5,50.2,3379,ohc,four,315,idi,,2.87,14.5,90,4166,16,21,28227,Green,1988,1,3.2
V0394,1,207,nissan,gas,Turbo,four,sedan,fwd,front,119.7,142.7,71.5,48.3,3916,ohc,four,-10,idi,3.12,2.27,7.8,103,4759,29,36,21655,White,1989,2,1.2
V0395,-2,151,bmw,gas,std,two,wagon,fwd,front,110.3,194.8,68.0,48.9,1994,ohc,three,313,idi,3.31,2.24,9.3,111,4160,25,29,45400,Grey,1984,5,4.5
V0396,3,193,mitsubishi,gas,std,two,wagon,fwd,front,90.7,158.1,61.1,55.8,1883,ohcv,twelve,166,2bbl,2.82,3.48,7.5,85,5286,37,42,14413,Green,1989,2,3.0
V0397,1,114,volkswagen,diesel,std,two,sedan,fwd,front,106.6,144.4,63.7,55.0,3415,ohc,four,116,2bbl,3.78,3.6,19.2,141,4335,37,40,18722,Silver,1984,1,2.5
V0398,-3,210,plymouth,diesel,std,four,sedan,4wd,front,90.4,156.4,70.3,50.0,1764,ohc,two,285,1bbl,,3.69,17.6,,4924,25,33,21388,White,1982,3,4.4
V0399,-1,159,toyota,Diesel,std,four,wagon,fwd,front,95.3,179.6,69.6,56.3,1988,ohc,four,102,mpfi,3.81,3.68,9.4,187,5151,39,42,18565,Blue,1990,5,3.8
V0400,0,142,toyota,diesel,std,two,sedan,fwd,front,95.5,175.2,67.5,56.8,2489,ohc,eight,138,mpfi,3.06,3.5,8.4,230,4345,39,43,20259,Silver,1985,4,2.8
V0401,1,84,toyota,DIESEL,std,,convertible,4wd,front,112.9,200.9,62.2,58.0,1948,dohc,five,131,mpfi,3.74,3.13,10.5,50,5384,35,43,14444,Green,1985,2,1.2
V0402,1,116,toyota,gas,std,four,hardtop,fwd,front,92.9,156.8,70.5,50.9,3997,dohc,five,124,2bbl,3.43,2.46,20.1,216,5135,31,38,22702,Red,1984,3,3.7
V0403,-2,87,volkswagen,gas,std,two,sedan,fwd,front,118.6,195.1,-63.9,54.6,2722,rotor,four,221,spdi,3.68,2.72,-1,155,5699,33,37,21499,Silver,1990,4,4.4
V0404,-3,209,audi,diesel,turbo,four,sedan,fwd,front,90.4,172.7,71.3,51.0,1610,ohc,six,163,mpfi,,2.36,15.8,235,5500,33,37,44217,Brown,1980,3,4.9
V0405,-3,112,toyota,gas,std,four,sedan,fwd,front,115.4,168.3,66.9,57.9,2072,l,five,162,mpfi,3.67,2.22,22.1,93,4953,31,37,15838,Black,1982,5,2.7
V0406,2,212,volkswagen,diesel,std,four,sedan,fwd,front,97.1,194.3,65.8,49.8,3908,ohc,five,119,2bbl,3.66,,19.9,157,5531,35,40,17970,Blue,1985,2,4.1
V0407,1,117,porsche,gas,turbo,two,hatchback,fwd,front,115.1,183.3,69.6,51.8,3504,ohcf,six,84,2bbl,2.67,3.64,13.8,-50,4223,33,37,45400,Silver,1986,5,1.4
V0408,2,217,mitsubishi,gas,standard,,hardtop,rwd,front,100.6,142.4,65.3,49.4,2581,ohc,three,223,mpfi,2.85,3.56,10.5,204,5328,32,39,22038,Silver,1986,4,4.7
V0409,1,150,volvo,gas,std,four,sedan,fwd,front,114.0,166.7,72.1,58.7,2708,ohc,four,85,mpfi,2.61,,21.8,228,4355,42,47,34487,Silver,1985,4,1.6
V0410,0,256,honda,gas,turbo,,hatchback,fwd,front,110.4,145.3,61.7,51.5,3148,dohc,twelve,220,1bbl,3.43,4.05,12.9,104,5047,25,31,20185,Brown,1985,4,3.8
V0411,1,141,audi,gas,turbo,four,wagon,rwd,front,93.7,185.2,61.7,58.1,2225,ohc,six,221,mpfi,2.72mm,2.5,9.6,191,5201,26,29,45400,Silver,1988,2,2.7
V0412,2,227,jaguar,gas,std,four,sedan,rwd,front,111.7,185.0,65.2,57.5,2146,ohc,eight,257,1bbl,2.56,3.44,17.7,,4373,28,34,,White,1987,5,2.5
V0413,1,219,chevrolet,diesel,std,four,sedan,rwd,front,112.0,192.4,70.4,55.7,2381,ohc,six,82,1bbl,3.61,,21.5,139,4670,38,45,14372,Grey,1983,5,2.1
V0414,-1,114,mitsubishi,gas,std,two,wagon,rwd,front,98.7,195.6,70.2,52.1,2213,l,five,65,mpfi,3.06,,7.1,238,4231,43,51,17626,White,1989,3,4.2
V0415,0,198,mercedes-benz,gas,std,two,hatchback,fwd,front,116.1,201.3,65.8,58.9,3866,dohc,twelve,195,4bbl,3.68,3.73,19.7,100,5892,30,34,45400,White,1982,2,3.6
V0416,2,68,bmw,gas,turbo,four,hatchback,rwd,front,101.6,192.9,69.5,50.7,2690,dohc,two,146,2bbl,2.58,3.89,15.9,145,4845,32,38,45400,Grey,1980,1,3.4
V0417,3,210,audi,diesel,std,four,hatchback,rwd,front,116.0,154.2,69.9,56.7,3425,ohcv,four,316,mpfi,3.79,3.39,15.5,128,6143,19,24,45400,White,1981,2,1.2
V0418,0,213,mercedes-benz,gas,turbo,two,sedan,fwd,front,93.3,163.2,63.9,57.6,2612,ohc,two,131,spfi,3.59,,21.6,50,5376,36,41,36990,Green,1980,4,3.6
V0419,-1,155,mazda,gas,std,four,hatchback,fwd,front,105.5,141.9,66.7,51.1,2662,ohc,five,281,idi,3.81,2.29,8.5,86,5137,23,30,23440,Silver,1986,1,2.5
V0420,-3,171,mazda,gas,std,two,sedan,rwd,front,114.2,155.9,67.0,54.2,3578,ohc,five,238,2bbl,3.92,,17.0,108,4453,24,30,,Grey,1982,5,1.1
V0421,0,236,honda,gas,std,four,hatchback,fwd,front,115.1,179.4,61.8,54.0,2072,ohc,four,0,1bbl,2.94,3.36,11.0,112,4906,40,45,16892,Blue,1988,5,5.0
V0422,-2,180,mitsubishi,diesel,std,two,wagon,fwd,front,87.3,148.1,70.0,52.0,3084,ohc,six,139,2bbl,3.47,3.06,11.3,61,6013,34,37,,Silver,1989,5,3.5
V0423,3,95,mazda,diesel,std,,sedan,fwd,front,91.5,158.2,61.4,51.5,3156,dohc,four,227,mpfi,3.54,2.7,8.6,84,5840,28,33,0,White,1983,5,3.3
V0424,2,176,volvo,gas,std,four,sedan,fwd,front,100.7,202.3,60.4,57.0,2512,ohc,six,214,2bbl,3.79,3.2,11.3,160,5949,28,32,39979,White,1983,1,1.8
V0425,3,209,mercedes-benz,gas,std,four,sedan,fwd,front,117.4,173.4,64.6,51.4,3997,ohc,three,168,1bbl,2.97,4.14,13.9,168,6167,26,31,45400,Black,1982,1,4.3
V0426,2,134,nissan,GAS,std,four,convertible,fwd,rear,93.1,158.5,70.5,47.9,2974,ohc,three,203,2bbl,2.58,2.75,22.1,203,6596,29,34,24502,Green,1986,4,1.6
V0427,1,121,subaru,gas,std,four,hatchback,rwd,front,110.1,161.3,68.5,56.1,1880,dohc,six,134,mpfi,3.27,2.85,14.8,135,4817,35,39,18117,Green,1988,5,3.8
V0428,1,,toyota,gas,std,four,sedan,fwd,front,119.1,165.1,65.1,58.8,2051,ohc,four,156,1bbl,3.16,4.16,13.0,115,6107,33,41,,White,1980,2,1.8
V0429,3,93,audi,diesel,std,four,wagon,4wd,front,89.4,203.0,65.6,57.1,2890,dohc,twelve,210,2bbl,2.83,2.94,14.3,112,5295,31,38,40780,Green,1987,2,3.3
V0430,-2,229,saab,gas,turbo,two,sedan,fwd,front,94.7,157.1,62.1,48.1,2759,ohc,eight,284,2bbl,,2.49,11.4,,5208,24,32,33623,Green,1987,1,1.2
V0431,1,230,honda,gas,turbo,four,sedan,rwd,front,118.8,171.3,70.8,49.4,2198,dohc,five,205,mpfi,,2.45,21.0,261,6486,31,34,23712,Blue,1983,1,4.9
V0432,-3,167,honda,gas,turbo,four,hatchback,4wd,front,86.8,206.1,68.2,59.2,2818,ohcf,twelve,127,mpfi,2.61,3.42,12.2,62,4439,40,47,15201,Silver,1983,4,1.4
V0433,-3,191,toyota,gas,std,two,hardtop,fwd,front,107.0,193.3,63.1,58.5,3184,ohcv,four,245,mpfi,3.88,3.3,7.2,167,6098,26,29,23162,Black,1985,5,4.9
V0434,-3,165,volkswagen,diesel,turbo,,hatchback,rwd,front,91.5,191.4,65.3,48.1,2059,ohcv,six,137,2bbl,2.56,3.73,17.6,92,4768,35,39,14920,Red,1984,3,1.8
V0435,3,234,honda,gas,std,four,sedan,fwd,front,104.9,184.1,67.7,56.9,3886,ohc,five,244,4bbl,2.69,3.72,11.8,,5303,26,32,,White,1982,5,1.9
V0436,0,245,honda,diesel,std,two,hatchback,4wd,front,107.0,198.0,66.0,49.3,1526,dohc,three,125,mpfi,,,21.7,211,,39,47,20223,Red,1987,3,4.2
V0437,1,235,mercedes-benz,diesel,std,four,convertible,fwd,front,104.4,164.1,67.6,53.0,3351,dohc,three,238,mpfi,3.9,,18.0,167,4765,29,34,45400,Black,1987,3,1.3
V0438,0,66,mitsubishi,gas,turbo,four,wagon,rwd,front,92.0,161.9,64.6,52.7,3848,ohcv,six,261,mpfi,2.7,2.09,10.1,94,,26,33,19329,White,1981,1,1.7
V0439,3,236,mazda,gas,std,four,hardtop,rwd,rear,96.3,172.0,71.8,58.5,1723,ohc,four,186,mpfi,2.82,3.78,19.9,109,4467,31,39,,Blue,1986,1,2.5
V0440,2,158,BMW#,gas,std,four,hatchback,fwd,rear,99.6,178.1,70.3,55.2,2969,dohc,three,84,1bbl,,4.14,20.7,269,,41,46,20927,Black,1985,2,3.7
V0441,0,237,volkswagen,gas,Std,two,hatchback,fwd,front,99.8,171.7,69.1,56.0,3306,ohc,six,280,mpfi,2.64,3.84,14.6,221,5655,20,23,$999999,White,1987,5,3.6
V0442,1,104,mercedes-benz,DIESEL,std,four,wagon,4wd,front,111.3,179.1,60.4,48.6,2939,ohc,six,126,mpfi,2.77,2.87,19.5,225,4716,34,39,45400,Brown,1983,4,4.1
V0443,-2,119,bmw,gas,std,four,sedan,4wd,front,111.3,199.2,68.1,48.4,2464,dohc,four,109,mpfi,3.93,2.21,16.9,106,4867,42,47,,Brown,1987,1,3.4
V0444,-3,131,audi,gas,std,two,sedan,rwd,front,115.5,150.5,70.6,49.0,1961,rotor,six,249,1bbl,3.17,2.18,21.7,183,4343,-5,35,45400,Red,1984,3,2.9
V0445,-2,152,bmw,gas,turbo,two,hatchback,rwd,front,118.3,145.4,62.0,54.5,2926,ohc,four,128,1bbl,3.43,2.7,12.5,216,4907,39,42,45400,Black,1981,2,4.6
V0446,3,221,honda,diesel,std,four,sedan,fwd,front,105.9,173.7,72.2,57.2,1679,ohcv,eight,138,spdi,3.76,3.34,8.7,60,5943,41,44,13586,Blue,1981,5,1.2
V0447,-2,197,bmw,gas,std,four,sedan,fwd,front,117.3,175.0,65.3,55.4,2649,dohc,four,140,mpfi,2.83,4.05,22.2,225,4718,37,43,45400,Black,1986,5,2.3
V0448,0,192,volkswagen,gas,std,two,sedan,fwd,front,118.4,169.1,67.0,51.4,3748,ohc,six,71,2bbl,2.81,3.59,16.9,89,5779,38,43,14042,Green,1982,3,4.2
V0449,-1,227,nissan,gas,turbo,four,sedan,fwd,front,99.9,179.1,70.6,56.9,1632,dohc,four,304,4bbl,3.44,2.66,16.9,163,5123,28,35,25214,Red,1982,4,3.1
V0450,1,232,audi,gas,std,two,sedan,fwd,front,115.6,185.8,70.3,52.3,3221,ohcv,three,146,idi,2.9,2.28,19.1,55,6254,33,40,31128,Red,1982,1,3.4
V0451,0,228,dodge,gas,std,four,sedan,rwd,front,97.8,142.7,69.7,58.9,2117,rotor,twelve,261,spfi,2.83,2.89,15.6,96,6094,24,29,20450,Brown,1981,2,1.4
V0452,-1,,honda,gas,std,four,sedan,fwd,front,87.3,172.6,60.6,51.6,3824,ohc,eight,311,mpfi,3.49,2.78,15.0,243,5540,16,23,30285,Black,1990,1,4.4
V0453,-2,141,honda,gas,std,four,hatchback,4wd,front,110.7,151.0,65.6,49.1,3099,rotor,three,167,1bbl,2.73,3.81,12.3,142,5396,30,34,19392,White,1985,1,3.2
V0454,0,89,toyota,gas,std,four,hardtop,fwd,front,120.1,157.3,61.4,55.9,3505,ohc,six,226,spfi,2.59,2.92,7.6,67,4493,30,36,20160,Red,1988,4,4.1
V0455,-1,116,plymouth,gas,std,four,hatchback,rwd,front,118.3,145.8,69.7,48.5,3281,ohcv,twelve,124,mpfi,3.38,2.43,17.6,56,5816,39,47,,Black,1983,2,1.2
V0456,3,128,toyota,gas,std,two,hatchback,fwd,front,112.1,192.4,66.9,49.2,1955,ohc,eight,248,2bbl,3.6,3.67,14.1,103,5891,34,26,22506,Silver,1980,4,2.1
V0457,0,72,toyota,gas,turbo,four,sedan,fwd,front,118.4,142.5,63.3,54.2,50000,ohc,three,70,mpfi,3.03,3.38,10.8,176,5279,36,44,16148,Brown,1984,2,1.6
V0458,-3,107,audi,gas,std,four,hatchback,rwd,front,108.7,186.8,69.8,52.2,2591,l,two,245,idi,3.09,3.6,12.3,164,6481,23,26,45400,Silver,1988,2,4.1
V0459,-3,178,plymouth,gas,std,four,hatchback,rwd,front,118.7,175.5,66.4,58.5,3768,ohc,three,0,2bbl,2.81,2.67,15.9,95,5444,16,21,20585,Grey,1986,3,4.3
V0460,3,221,toyota,gas,std,two,sedan,fwd,front,89.9,162.7,60.9,57.5,2594,ohc,eight,181,2bbl,,,18.0,,5861,30,38,25972,White,1987,4,3.1
V0461,-3,73,bmw,gas,std,four,sedan,fwd,front,110.2,179.9,68.9,53.0,1990,ohcf,two,215,4bbl,2.83,3.06,7.5,88,5750,30,35,45400,Green,1984,4,1.7
V0462,-2,242,mazda,gas,turbo,two,hatchback,rwd,front,116.0,192.0,61.4,52.4,3751,ohc,two,148,mpfi,3.72,3.42,12.3,267,4540,35,38,23446,Brown,1987,3,1.2
V0463,1,77,volkswagen,gas,turbo,two,hatchback,fwd,front,116.1,182.8,65.8,53.7,3960,rotor,six,304,mpfi,3.81,3.65,20.6,,6273,14,18,26535,Green,1983,3,4.7
V0464,-2,214,honda,gas,turbo,four,wagon,4wd,front,108.8,191.7,66.9,55.0,2280,ohc,four,99,mpfi,2.78,3.15,13.0,,5293,44,49,15806,Green,1980,3,2.9
V0465,-1,242,honda,gas,std,two,sedan,fwd,front,117.7,195.1,64.4,59.5,1952,dohc,three,233,mpfi,3.65,3.5,7.5,266,5808,34,41,27150,Green,1989,2,4.0
V0466,0,,nissan,gas,std,four,hatchback,fwd,front,108.0,203.5,64.2,50.4,2661,ohc,six,280,mpfi,3.35,2.94,8.6,235,6355,22,27,28769,Grey,1989,5,4.0
V0467,-3,137,toyota,gas,std,two,hardtop,fwd,front,105.1,170.9,68.4,48.8,3584,ohc,six,322,4bbl,3.81,2.83,9.4,266,5901,19,25,,Silver,1984,4,4.5
V0468,1,191,volkswagen,gas,std,four,sedan,fwd,front,119.8,169.4,64.1,58.8,3808,l,four,145,mfi,3.12,3.09,22.8,85,4322,29,33,18146,Brown,1983,2,2.7
V0469,-1,82,BMW#,gas,std,four,sedan,fwd,front,97.4,158.9,61.9,55.5,3360,ohc,three,98,mpfi,3.41,3.25,8.6,185,5023,41,46,17615,Brown,1985,3,1.6
V0470,-2,72,volkswagen,gas,std,four,hatchback,fwd,front,100.5,158.5,69.6,52.0,1890,ohcv,twelve,154,mpfi,3.68,2.85,10.1,239,5292,34,42,0,White,1986,1,2.2
V0471,-2,177,honda,gas,std,two,hatchback,fwd,front,99.4,162.2,62.7,48.0,3271,ohcv,three,291,spdi,3.65,3.64,17.4,125,5773,20,24,23653,Silver,1986,4,3.9
V0472,0,,volvo,gas,turbo,four,wagon,fwd,front,112.8,167.3,71.6,49.0,2005,dohc,twelve,146,mpfi,,2.42,20.9,254,5696,34,37,40613,Blue,1982,3,4.2
V0473,0,125,toyota,gas,turbo,four,sedan,fwd,front,120.9,190.2,64.6,48.1,1913,ohc,six,306,1bbl,2.68,3.11,13.4,277,,28,35,29382,Red,1988,3,1.1
V0474,-1,,bmw,diesel,turbo,two,convertible,rwd,front,94.8,143.1,68.3,53.3,2982,dohc,four,321,spdi,2.95,2.4,21.1,152,6447,19,27,45400,Black,1986,5,3.8
V0475,2,147,peugot,gas,std,two,sedan,fwd,front,114.2,167.9,70.6,52.1,2757,l,six,214,mpfi,3.52,3.44,20.0,272,6080,25,30,$26525,White,1983,2,3.3
V0476,1,256,plymouth,gas,turbo,four,sedan,rwd,front,91.9,200.5,68.6,48.5,2776,ohc,three,306,mpfi,3.72,3.5,11.1,,4299,19,27,21975,Brown,1984,2,2.1
V0477,0,172,subaru,diesel,std,two,hatchback,fwd,front,91.6,203.3,65.8,52.4,2046,ohc,four,244,mfi,2.82,2.34,18.1,63,5299,27,30,22209,Black,1985,2,4.5
V0478,-3,121,subaru,gas,std,two,sedan,fwd,front,111.7,148.6,69.8,53.3,2947,dohc,three,296,mpfi,2.95,3.96,10.3,133,5097,25,32,,Black,1988,2,2.7
V0479,0,171,audi,gas,std,four,wagon,fwd,front,89.8,187.2,72.3,59.6,3143,ohc,six,94,mpfi,3.61,2.89,9.5,249,5158,42,45,41955,Silver,1984,4,4.1
V0480,2,,mazda,gas,turbo,four,sedan,rwd,front,87.3,181.7,72.1,48.5,0,ohc,four,67,mpfi,3.08,2.13,21.5,192,5685,37,41,16419,Red,1988,2,4.9
V0481,2,174,volvo,gas,std,two,sedan,rwd,front,94.2,153.4,65.9,51.4,2962,ohc,eight,184,mpfi,3.83,2.95,8.0,,5268,35,41,,Red,1989,5,1.9
V0482,0,88,saab,gas,turbo,four,wagon,rwd,front,113.6,176.3,66.6,52.1,3798,ohc,five,319,mpfi,3.29,2.42,20.7,161,4626,17,25,42930,Brown,1987,1,2.8
V0483,-2,180,nissan,gas,std,two,hardtop,rwd,front,99.6,189.6,63.3,48.3,3280,dohc,eight,311,mpfi,,2.8,18.7,118,6421,18,21,26424,Silver,1984,5,2.5
V0484,3,66,honda,diesel,turbo,four,hardtop,fwd,front,89.3,146.8,61.8,48.6,1609,dohc,six,112,mpfi,2.91,4.08,17.6,250,4321,38,42,20716,Red,1988,3,4.7
V0485,0,249,audi,gas,std,two,sedan,rwd,rear,91.1,149.6,63.9,48.6,3869,ohcv,three,69,mpfi,3.54,4.08,17.6,81,5348,33,38,26809,Red,1984,5,2.9
V0486,3,90,nissan,gas,turbo,four,wagon,fwd,front,92.6,166.2,60.7,50.2,1867,ohc,four,308,spdi,2.76,2.78,14.7,271,6294,24,29,28924,Green,1988,2,1.8
V0487,1,218,alfa-romero,gas,std,four,convertible,rwd,front,117.1,180.3,67.8,54.4,2062,dohc,six,147,1bbl,2.89,2.38,21.0,267,,36,39,31602,Brown,1982,3,3.1
V0488,-3,134,mazda,gas,std,two,hatchback,4wd,front,112.5,182.3,63.9,50.7,3585,ohc,two,211,mpfi,3.72,2.33,17.7,166,6271,30,33,22019,Green,1990,1,2.3
V0489,-1,123,plymouth,gas,turbo,two,sedan,fwd,rear,92.5,177.7,69.1,53.7,3972,ohc,three,179,spdi,3.3,3.91,20.6,93,6376,29,35,,Blue,1987,1,3.0
V0490,-2,170,toyota,diesel,turbo,four,hatchback,4wd,front,-106.4,190.0,61.8,52.4,3947,dohc,six,257,2bbl,3.39,3.52,200,149,5554,22,28,23983,Blue,1988,3,4.4
V0491,0,226,nissan,gas,std,four,sedan,rwd,front,99.5,195.9,64.3,48.1,1724,dohcv,four,77,2bbl,3.58,2.15,16.0,283,,42,49,20280,Red,1988,5,2.9
V0492,-1,241,toyota,gas,std,four,hatchback,rwd,front,105.1,147.2,66.4,58.8,2399,dohc,eight,208,mfi,2.75,3.94,9.3,183,5569,35,38,23219,Silver,1982,4,1.9
V0493,-1,149,toyota,gas,std,four,hatchback,fwd,front,89.8,178.4,60.8,48.4,2879,ohcf,six,171,mpfi,3.91,3.35,9.5,280,6533,35,39,25383,Brown,1984,1,3.6
V0494,-2,,mitsubishi,gas,std,two,hatchback,fwd,front,110.8,180.2,64.0,58.0,1554,dohcv,six,298,1bbl,2.55,4.11,15.3,253,4511,26,29,24645,Red,1990,3,2.3
V0495,3,,audi,gas,turbo,two,sedan,rwd,front,86.8,152.4,66.2,49.0,3199,dohc,two,281,mpfi,3.06,3.55,10.2,94,6208,19,25,45400,Black,1980,2,4.2
V0496,-3,171,mazda,gas,std,four,sedan,fwd,front,107.4,152.0,72.3,50.6,3587,ohcv,four,186,idi,3.52,3.71,200,258,4458,32,40,25975,Red,1980,4,3.5
V0497,-3,67,mitsubishi,gas,turbo,four,sedan,fwd,front,110.3,177.5,69.8,52.1,-100,dohc,twelve,116,idi,3.46,2.82,17.4,59,,36,41,13974,White,1983,5,4.0
V0498,3,207,dodge,gas,std,four,wagon,rwd,front,105.9,163.2,61.8,52.0,0,l,three,208,1bbl,3.03,3.28,10.4,216,6125,27,30,21980,Silver,1984,5,1.9
V0499,-1,180,mazda,gas,turbo,two,sedan,fwd,front,92.6,197.6,65.3,48.8,2133,ohc,four,116,2bbl,3.52,2.42,18.4,230,6423,43,50,20874,Black,1989,5,3.6
V0500,-1,143,subaru,diesel,turbo,four,hatchback,fwd,front,101.7,142.9,62.7,57.7,0,ohc,six,195,idi,3.21,4.16,19.0,171,4400,-5,31,25209,Brown,1988,1,4.1
V0501,0,169,volkswagen,gas,turbo,four,sedan,fwd,front,104.3,176.6,65.0,52.9,2010,ohc,eight,211,mpfi,3.8,3.96,16.5,205,4591,28,31,23231,Grey,1986,3,4.0
V0502,-2,206,TOYOTA ,gas,turbo,four,hatchback,fwd,front,116.8,162.2,64.5,49.8,2667,ohc,six,147,mpfi,3.82,4.15,19.1,284,5098,35,39,45400,Green,1982,1,3.4
V0503,3,155,volkswagen,gas,turbo,four,sedan,fwd,front,96.6,156.4,66.3,56.9,1872,ohc,five,232,2bbl,3.57,4.15,11.1,172,5188,31,37,21512,Silver,1985,5,4.1
V0504,1,177,audi,gas,std,four,sedan,fwd,front,91.4,171.7,-63.6,57.6,2316,ohc,three,211,idi,2.57,2.97,13.1,190,,30,34,45400,Green,1981,1,2.0
V0505,2,190,chevrolet,diesel,std,four,sedan,rwd,front,92.8,203.8,69.7,55.0,2854,ohcv,eight,112,mpfi,3.33,3.73,15.4,147,4552,41,45,14329,White,1986,4,3.9
V0506,2,155,dodge,gas,turbo,two,wagon,rwd,front,87.3,176.5,65.8,55.7,2800,ohc,six,275,idi,2.62,4.12,20.9,148,5302,23,31,22968,White,1989,3,1.9
V0507,-1,84,mitsubishi,gas,std,four,hatchback,fwd,front,110.6,173.0,64.0,58.7,2465,ohc,two,146,mpfi,3.8,2.37,7.2,169,5902,36,39,16738,Black,1980,5,2.4
V0508,-3,88,bmw,gas,turbo,two,hatchback,rwd,front,94.4,178.2,64.8,50.0,3887,dohc,four,212,idi,3.54,2.24,9.5,230,4781,28,33,45400,White,1984,4,2.4
V0509,-2,82,mercedes-benz,gas,std,four,convertible,rwd,front,92.4,194.4,62.3,56.4,3488,ohc,five,91,2bbl,3.71,2.23,20.1,60,4176,39,43,36046,Grey,1980,2,3.0
V0510,1,237,audi,gas,std,two,sedan,rwd,front,117.0,192.8,60.7,57.5,2602,dohc,four,100,2bbl,3.26,2.19,20.7,90,5656,37,42,28384,Grey,1983,5,1.0
V0511,-2,83,isuzu,gas,std,four,hatchback,fwd,rear,114.4,205.9,60.5,51.9,2871,ohcv,four,121,mpfi,3.46,3.17,22.0,270,6347,34,42,19736,White,1982,4,3.6
V0512,1,126,chevrolet,gas,std,four,hatchback,fwd,front,105.9,163.5,72.3,57.4,2308,dohc,four,286,4bbl,3.71,3.94,14.0,86,4473,26,33,19215,Green,1987,1,1.1
V0513,1,198,bmw,diesel,std,four,sedan,fwd,front,101.7,171.9,63.7,53.0,2973,dohc,twelve,119,1bbl,2.63,3.96,18.8,280,6290,34,38,$45400,Green,1982,5,2.3
V0514,3,212,audi,gas,std,four,sedan,fwd,front,95.2,158.3,63.9,54.6,3818,ohcf,three,227,idi,2.78,3.8,18.0,195,4540,25,28,45400,Red,1980,3,2.4
V0515,-2,152,volvo,gas,turbo,four,convertible,fwd,rear,93.3,192.5,72.0,55.8,1699,ohcf,two,177,idi,3.62,2.99,12.8,256,4778,37,40,42514,Black,1990,4,1.9
V0516,-1,77,volvo,gas,turbo,four,sedan,fwd,front,111.4,202.0,61.4,50.9,2424,ohc,twelve,194,2bbl,2.78,3.86,17.3,201,6324,31,34,40929,Green,1981,2,1.4
V0517,0,116,nissan,diesel,turbo,two,hatchback,rwd,front,102.3,141.4,64.5,56.4,1789,dohcv,five,106,mpfi,3.03,3.22,10.4,247,,37,44,20118,Blue,1989,5,2.2
V0518,2,160,mitsubishi,gas,std,four,wagon,4wd,front,91.8,189.8,63.4,53.4,3345,ohc,eight,307,mpfi,2.73,3.06,9.5,96,4167,16,23,23856,Red,1986,4,4.9
V0519,-3,214,mitsubishi,gas,std,two,hatchback,fwd,front,110.6,188.7,66.0,52.7,2192,ohc,eight,264,2bbl,3.46,3.71,12.8,284,5037,28,36,25744,Red,1988,2,1.7
V0520,-2,,toyota,gas,std,four,sedan,fwd,front,108.8,170.2,69.7,52.2,2172,ohc,six,251,2bbl,2.54,4.01,20.3,51,4313,27,35,19975,Grey,1985,4,4.5
V0521,1,225,toyota,diesel,std,four,convertible,fwd,front,108.0,162.2,71.2,53.2,2874,ohcv,four,112,idi,2.76,,9.6,78,6330,39,43,15869,Red,1984,2,4.9
V0522,-1,256,plymouth,gas,std,four,sedan,rwd,front,92.6,155.7,71.1,52.1,3248,dohc,four,116,2bbl,3.73,2.96,16.0,279,4734,34,41,18775,Brown,1981,2,2.2
V0523,-2,116,honda,gas,std,two,hatchback,fwd,front,101.7,153.0,68.9,58.5,3668,ohc,two,113,2bbl,,2.18,7.1,245,5695,33,37,21628,White,1986,1,5.0
V0524,0,,subaru,gas,TURBO,two,sedan,4wd,front,114.9,199.6,69.2,54.1,2218,dohc,two,83,4bbl,2.68,4.06,21.3,230,5461,38,46,19748,Blue,1989,1,1.2
V0525,3,149,mazda,gas,std,two,hatchback,rwd,front,99.3,206.1,61.1,53.2,3196,ohc,twelve,-10,4bbl,3.8,3.4,21.4,169,5299,35,40,22435,Grey,1982,3,4.1
V0526,-2,225,dodge,diesel,std,four,wagon,rwd,front,114.7,196.3,68.7,53.9,2929,ohc,three,228,2bbl,,2.18,17.3,209,5966,25,28,22567,Silver,1989,1,1.4
V0527,3,162,toyota,gas,std,four,sedan,fwd,front,120.8,189.7,64.4,55.3,1621,ohcv,two,186,mpfi,3.69,2.69,20.7,62,5379,33,41,16393,Brown,1984,3,4.4
V0528,1,198,mazda,gas,std,two,wagon,rwd,front,106.8,190.8,69.4,56.2,1888,ohc,four,180,4bbl,2.66,3.33,15.7,113,4924,30,38,17094,White,1980,4,3.6
V0529,-2,188,nissan,gas,std,four,convertible,fwd,front,90.5,168.7,60.9,50.9,2775,ohc,five,175,mfi,3.48,2.78,15.4,,4540,34,42,24516,Silver,1990,4,1.6
V0530,1,203,honda,gas,std,four,sedan,rwd,front,95.5,171.0,72.3,51.2,3499,ohc,four,98,2bbl,,3.0,8.4,222,,37,45,18744,Silver,1984,2,3.8
V0531,0,139,subaru,gas,std,two,hatchback,fwd,front,104.9,156.5,67.0,55.8,2938,ohc,five,82,2bbl,3.18,2.23,12.0,157,6498,41,49,19310,White,1980,3,1.7
V0532,-1,130,audi,gas,std,two,hatchback,rwd,front,114.6,187.3,62.0,57.0,2773,rotor,six,289,1bbl,2.84,2.74,10.6,140,5514,22,30,45400,Blue,1980,2,1.5
V0533,-3,156,audi,diesel,std,two,hardtop,rwd,front,116.8,168.8,65.2,53.1,2609,ohc,four,128,mpfi,3.61,3.36,11.3,193,,35,39,40519,White,1987,2,3.0
V0534,0,186,mercedes-benz,gas,std,two,hatchback,fwd,front,115.8,150.6,66.9,52.3,2853,ohc,five,167,mpfi,2.95,4.0,20.8,85,6155,36,41,45078,White,1983,4,2.3
V0535,2,119,toyota,gas,std,four,sedan,4wd,front,92.6,151.8,67.0,59.3,2437,ohcv,two,156,1bbl,3.14,2.13,16.8,98,5991,37,43,999999,Black,1981,5,1.4
V0536,-1,243,toyota,gas,std,four,hatchback,rwd,front,99.5,161.4,63.0,58.2,3878,l,four,288,idi,,2.31,9.6,81,6455,16,22,24429,Red,1988,3,3.5
V0537,1,,toyota,diesel,std,four,hatchback,fwd,front,94.8,178.1,62.2,52.7,3920,ohc,four,208,1bbl,3.52,3.02,18.0,,5233,25,31,0,Grey,1984,2,1.3
V0538,0,254,toyota,gas,std,four,wagon,4wd,front,90.7,194.6,60.6,-59.3,1866,ohc,three,138,idi,2.73,3.11,21.9,,6533,-5,49,22473,Grey,1980,4,1.0
V0539,-2,115,volkswagen,gas,turbo,four,sedan,rwd,front,113.2,186.0,65.7,58.6,3756,ohc,four,88,2bbl,2.79,2.99,8.9,168,,33,39,1000000,Red,1983,5,3.6
V0540,1,222,honda,diesel,std,two,hardtop,rwd,front,114.4,142.9,67.1,56.7,2432,ohc,five,198,idi,,3.92,7.9,247,5515,33,38,,Black,1980,1,1.6
V0541,-2,223,toyota,gas,std,,sedan,fwd,front,106.6,205.7,61.5,49.1,1901,ohcv,five,237,spdi,2.91,3.45,16.2,169,4303,28,33,23250,Blue,1986,1,2.6
V0542,1,79,porsche,gas,std,,wagon,rwd,front,88.4,167.2,67.9,57.5,2083,ohc,two,106,mpfi,2.85,2.24,7.6,146,5791,44,49,45400,Brown,1982,4,2.8
V0543,-2,,toyota,gas,std,four,hatchback,fwd,front,88.1,171.4,63.3,53.3,2426,ohc,twelve,208,2bbl,,2.65,11.8,253,5790,29,32,26538,White,1986,2,2.4
V0544,-2,82,subaru,gas,std,four,hatchback,fwd,front,101.6,157.8,68.9,55.6,3037,ohc,four,183,2bbl,3.66,3.36,18.1,117,5316,35,40,21926,Black,1984,1,3.5
V0545,0,171,audi,gas,std,two,hatchback,rwd,front,98.4,184.2,64.9,54.1,3193,ohc,four,155,idi,3.2,3.85,11.8,800,4741,36,39,45400,Blue,1982,4,2.0
V0546,1,73,subaru,diesel,std,two,sedan,fwd,front,116.2,144.8,66.7,56.2,1950,ohc,six,187,mfi,3.77,4.04,-1,,,34,37,26509,Green,1990,1,3.8
V0547,-2,221,audi,diesel,std,four,sedan,rwd,front,101.2,160.7,65.2,53.5,2689,ohc,three,179,idi,3.13,3.87,22.3,256,4238,29,35,45400,Silver,1983,4,3.0
V0548,2,164,bmw,gas,turbo,four,sedan,fwd,front,111.5,152.3,67.2,57.9,1710,dohc,three,120,mpfi,3.19,3.07,14.6,240,6331,39,45,45400,Red,1982,5,4.5
V0549,-1,,toyota,gas,std,four,sedan,rwd,front,117.5,193.6,64.7,57.6,3280,l,four,305,1bbl,3.03,3.78,11.0,239,4382,18,23,30842,White,1982,2,3.9
V0550,0,112,audi,gas,turbo,four,hatchback,rwd,front,111.5,162.2,66.7,50.3,2846,ohcv,five,242,mpfi,2.75,3.84,12.4,144,6338,25,32,45400,Blue,1984,3,3.8
V0551,2,118,mitsubishi,diesel,std,two,wagon,fwd,front,91.4,182.4,66.0,56.5,3808,ohcv,four,313,mpfi,2.98,2.78,9.4,130,6465,20,23,23611,Green,1987,5,3.0
V0552,0,217,volkswagen,gas,std,four,sedan,rwd,front,87.6,154.0,70.3,57.8,2509,ohc,four,245,1bbl,2.92,3.8,15.1,210,4657,23,27,25407,Red,1987,5,3.2
V0553,1,75,audi,gas,std,four,hatchback,fwd,front,107.4,145.8,71.5,50.3,3500,ohcf,five,300,idi,2.62,3.24,22.0,154,5661,16,23,45400,Grey,1984,1,4.8
V0554,0,101,porsche,gas,std,two,hatchback,fwd,front,111.7,194.5,66.9,52.5,3096,ohc,six,269,1bbl,3.92,2.54,17.3,87,4921,20,27,45400,Brown,1984,2,4.0
V0555,-2,68,mazda,diesel,std,four,wagon,rwd,front,106.2,146.6,72.3,53.1,1655,ohc,four,201,mpfi,2.85,3.53,10.5,272,5075,36,44,,Silver,1980,5,2.9
V0556,3,66,nissan,gas,std,two,sedan,rwd,front,105.2,163.8,67.4,59.4,2787,ohcv,five,208,mpfi,2.72,4.08,21.6,69,5903,30,33,$18061,Brown,1980,2,4.2
V0557,-2,223,nissan,diesel,turbo,two,sedan,fwd,front,110.6,142.6,70.3,52.5,1521,dohc,two,86,4bbl,3.58,3.82,21.4,246,5092,44,48,19803,Silver,1990,2,3.5
V0558,-3,142,honda,gas,std,two,sedan,4wd,front,88.2,154.8,71.0,50.1,3156,ohc,two,130,mpfi,2.89,2.72,11.7,115,5815,34,42,16340,Black,1987,5,2.7
V0559,3,112,volvo,gas,std,four,sedan,rwd,front,120.3,181.2,72.1,48.2,1922,dohc,two,235,2bbl,,3.46,13.4,141,,34,39,38781,Red,1981,4,1.6
V0560,1,199,audi,gas,std,two,convertible,fwd,front,103.0,204.0,67.3,59.3,2347,ohcv,three,225,2bbl,2.91,3.5,11.4,,5677,30,36,38976,Green,1987,5,3.7
V0561,-1,184,mazda,gas,std,four,sedan,rwd,front,87.7,169.6,63.5,59.2,3709,dohc,four,102,1bbl,3.01,4.03,15.2,280,5640,31,34,22425,Blue,1985,3,1.7
V0562,2,83,saab,gas,turbo,four,sedan,fwd,front,113.7,142.9,66.9,52.2,3747,ohc,five,94,mpfi,3.94,3.58,15.4,244,5827,33,37,30949,Red,1990,5,2.4
V0563,-2,202,plymouth,gas,std,two,sedan,fwd,front,86.7,156.8,68.2,49.8,2454,ohc,three,161,1bbl,2.65,3.65,13.2,,5833,33,39,12964,Blue,1990,1,3.6
V0564,3,102,plymouth,gas,std,four,convertible,rwd,front,94.4,157.2,62.1,59.4,3967,ohc,eight,166,1bbl,3.35,3.51,10.2,83,5415,33,37,16027,Grey,1989,2,2.3
V0565,-2,211,porsche,gas,std,four,sedan,fwd,front,98.9,153.5,66.0,47.8,2049,ohc,four,142,1bbl,2.64,3.89,14.9,82,4517,35,40,,Black,1986,5,2.6
V0566,-3,80,volkswagen,gas,std,,sedan,rwd,front,86.8,147.1,66.5,59.1,3604,ohc,two,292,mpfi,2.73,2.95,13.2,287,6371,21,24,-500,Green,1988,1,1.4
V0567,-2,100,plymouth,gas,std,two,wagon,fwd,front,108.8,189.2,60.5,51.8,2696,dohc,three,150,1bbl,3.43,2.92,13.8,131,4505,36,44,14608,Red,1983,1,2.0
V0568,0,141,toyota,gas,std,two,convertible,fwd,front,90.5,145.5,66.2,54.7,1707,ohc,five,216,mpfi,,3.24,13.7,200,,36,42,999999,Green,1986,3,3.3
V0569,3,142,volkswagen,gas,std,four,sedan,rwd,front,87.8,167.8,71.4,56.6,1603,ohcf,six,167,2bbl,2.61,2.86,7.6,205,5432,34,41,21534,Black,1984,1,3.9
V0570,1,229,mercedes-benz,gas,std,two,sedan,fwd,front,103.3,180.3,63.0,53.0,2576,ohc,three,310,2bbl,3.71,2.86,15.3,284,5717,18,25,45400,Brown,1989,1,1.5
V0571,0,,nissan,gas,std,two,sedan,fwd,front,90.5,145.4,65.7,52.1,3919,ohc,eight,83,1bbl,3.81,3.45,11.8,212,4277,32,38,19435,White,1987,1,4.6
V0572,2,182,honda,diesel,turbo,two,hatchback,fwd,front,90.5,195.4,70.0,49.1,1792,ohc,four,182,idi,3.75,2.09,7.2,254,5547,32,36,24399,Grey,1985,1,3.5
V0573,3,158,nissan,gas,std,four,hardtop,fwd,front,106.0,204.3,64.8,54.0,3199,ohc,four,233,idi,3.79,2.25,11.9,800,4336,27,35,24562,Green,1983,3,2.0
V0574,0,120,volvo,gas,std,four,hatchback,fwd,front,97.0,167.9,62.5,56.8,1812,l,six,120,idi,3.34,4.16,16.8,,5148,35,40,33895,Green,1986,3,4.0
V0575,-1,243,honda,gas,std,four,convertible,rwd,front,111.9,159.6,67.4,56.9,3932,ohc,four,160,mpfi,3.05,2.7,18.3,-50,5273,26,29,18911,Brown,1990,4,1.4
V0576,2,248,toyota,gas,std,four,sedan,fwd,front,94.1,189.9,71.6,51.0,3460,ohc,four,211,2bbl,3.67,2.99,22.1,284,4940,27,31,26513,Silver,1986,1,3.3
V0577,2,236,toyota,diesel,std,two,hatchback,rwd,front,96.3,204.6,65.4,53.1,2004,l,four,117,1bbl,,2.32,21.2,174,5227,36,40,17598,White,1985,1,4.0
V0578,1,,audi,gas,std,four,sedan,4wd,front,101.5,146.6,60.6,49.1,3786,ohc,six,315,spfi,3.62,3.69,18.2,183,4320,17,20,45400,Brown,1988,2,3.6
V0579,-3,,toyota,d,turbo,four,hatchback,rwd,front,115.9,148.8,61.0,52.6,50000,ohc,five,64,2bbl,2.98,3.87,22.2,245,4649,43,48,18364,White,1986,2,2.6
V0580,1,108,toyota,gas,std,two,sedan,4wd,front,106.8,185.7,65.7,58.4,3853,dohc,four,69,mpfi,2.71,3.58,11.1,181,,38,46,17029,Brown,1989,3,2.2
V0581,3,220,honda,gas,turbo,two,wagon,fwd,front,102.3,164.9,71.1,49.0,3688,ohc,three,72,1bbl,3.93,,17.9,256,,41,46,20198,White,1982,5,4.0
V0582,1,185,volkswagen,gas,std,four,sedan,rwd,front,109.1,168.2,67.6,56.1,2324,ohc,four,108,mpfi,3.26,2.89,22.7,180,5880,36,39,18848,Green,1986,4,2.4
V0583,-1,94,toyota,gas,turbo,two,sedan,fwd,front,116.5,163.4,71.0,49.0,2767,ohc,three,168,mpfi,2.81,2.65,12.1,160,4631,33,37,19518,White,1989,5,3.1
V0584,-1,141,audi,gas,std,two,sedan,fwd,front,105.1,150.4,63.1,56.1,2364,ohc,six,299,2bbl,2.83,2.95,21.5,197,4230,25,31,45400,Green,1986,5,4.0
V0585,3,212,jaguar,diesel,turbo,two,sedan,rwd,front,107.7,190.7,70.9,59.3,3237,ohcv,two,99,1bbl,2.87,3.23,10.8,90,5481,38,46,45084,Green,1988,2,2.3
V0586,-3,103,saab,gas,std,two,wagon,fwd,front,94.2,178.4,66.8,54.5,1656,ohc,six,182,1bbl,3.57,2.62,20.7,75,6416,36,42,25177,Brown,1987,3,4.7
V0587,0,237,mazda,diesel,std,four,wagon,fwd,front,107.3,174.7,62.0,49.8,1803,dohc,four,137,mpfi,3.05,3.58,8.9,106,5848,39,47,15281,Red,1983,5,1.6
V0588,-1,194,audi,gas,std,four,hardtop,rwd,front,101.9,157.7,65.4,49.9,2794,dohc,six,264,1bbl,3.62,3.09,19.9,173,5837,24,27,45400,Black,1986,1,3.2
V0589,-2,164,volvo,gas,std,four,sedan,rwd,front,111.4,200.0,68.3,52.1,2457,dohc,six,92,idi,3.83,3.73,20.0,58,4977,36,41,23381,Grey,1989,5,2.3
V0590,-3,,toyota,gas,std,four,sedan,fwd,front,90.4,190.1,66.7,52.6,2205,ohc,four,135,1bbl,3.14,2.65,22.5,224,5149,41,48,21056,Silver,1980,2,3.4
V0591,0,167,nissan,gas,std,two,sedan,fwd,front,119.7,172.7,70.6,-54.8,2312,ohc,five,261,mpfi,2.55,3.39,18.4,154,6180,31,36,,Red,1989,5,4.7
V0592,-3,92,toyota,diesel,std,four,hatchback,fwd,front,107.2,157.5,66.9,55.2,3771,l,four,155,mpfi,3.45,2.15,20.7,-50,6517,31,36,21480,Red,1982,2,3.7
V0593,-3,130,nissan,gas,std,,sedan,4wd,front,89.2,179.0,61.9,52.7,1667,ohc,six,98,mpfi,3.93,3.22,18.5,104,5028,41,46,999999,White,1989,4,1.5
V0594,1,204,honda,gas,std,four,hatchback,rwd,front,96.1,194.0,65.3,59.0,3567,ohc,four,213,idi,3.35,3.46,20.8,162,6356,30,35,,Red,1985,2,4.9
V0595,1,230,plymouth,gas,std,four,hatchback,4wd,front,112.1,151.5,65.3,49.0,3492,dohc,twelve,204,mpfi,3.06,3.0,22.2,266,5635,25,33,22345,Silver,1986,3,1.8
V0596,3,241,nissan,gas,turbo,,hardtop,fwd,front,110.5,166.1,66.1,54.8,2298,ohc,four,194,1bbl,3.36,3.17,14.5,258,5447,31,34,23646,White,1980,5,2.3
V0597,0,201,nissan,gas,std,four,hatchback,rwd,front,116.9,141.2,65.4,55.9,1700,l,six,269,mpfi,3.49,3.05,12.8,,4328,27,30,26573,Red,1980,4,1.8
V0598,1,187,bmw,gas,std,four,hatchback,fwd,front,102.9,142.2,64.3,49.1,3194,dohc,three,74,2bbl,2.91,3.45,22.6,196,6515,38,46,43073,Black,1990,5,4.1
V0599,-2,120,toyota,gas,std,four,sedan,rwd,front,118.5,167.6,67.6,59.7,2404,dohc,four,285,1bbl,3.68,,15.9,122,4568,26,32,22925,Red,1980,4,2.9
V0600,-1,80,toyota,gas,std,four,sedan,rwd,front,97.3,144.6,64.4,57.1,3408,ohc,twelve,230,2bbl,3.88,3.75,11.6,57,6597,26,34,20879,Grey,1989,2,3.3
V0601,0,68,toyota,gas,std,four,sedan,rwd,front,120.8,168.3,67.7,49.8,2897,dohc,eight,317,mpfi,3.06,3.89,14.8,91,6301,23,27,25249,Grey,1981,3,1.9
V0602,1,69,volvo,gas,turbo,four,sedan,fwd,front,96.1,169.9,63.1,55.2,3825,ohcv,twelve,242,idi,2.75,3.23,12.1,104,4853,26,30,41380,Brown,1981,5,4.0
V0603,-1,119,subaru,gas,turbo,two,hatchback,fwd,front,119.7,199.2,68.1,59.3,1533,dohc,eight,124,mpfi,3.34,2.9,15.8,69,5398,39,47,17116,Red,1990,5,1.6
V0604,3,81,toyota,gas,std,two,sedan,fwd,front,119.7,-153.5,61.1,54.4,2898,ohc,twelve,150,idi,3.24,2.72,8.2,83,,34,40,18424,Brown,1987,5,3.2
V0605,-1,77,alfa-romero,gas,std,four,sedan,fwd,front,120.0,195.9,64.8,56.6,1559,l,four,0,mpfi,3.19,,12.7,800,5266,44,50,18511,Silver,1988,1,3.1
V0606,-1,243,audi,gas,std,four,sedan,rwd,front,93.2,178.0,63.3,58.3,3783,rotor,five,290,1bbl,2.7,2.99,14.7,182,6213,16,20,45400,Brown,1984,1,4.8
V0607,1,91,porsche,gas,standard,two,wagon,fwd,front,106.2,204.3,65.3,55.3,3027,l,two,294,mpfi,3.27,2.37,19.5,196,5723,21,25,45400,Silver,1988,3,3.3
V0608,3,82,volkswagen,Gas,std,two,sedan,fwd,front,95.6,155.3,60.9,56.5,1825,dohc,six,240,spdi,2.9,,14.5,221,,29,35,25761,Silver,1984,1,3.1
V0609,-1,192,nissan,gas,std,four,convertible,rwd,front,117.5,190.8,67.9,51.7,2125,dohc,five,203,idi,3.63,2.59,20.0,159,6129,32,37,21984,Brown,1986,1,4.8
V0610,0,175,nissan,diesel,std,two,sedan,rwd,front,95.1,201.7,71.4,56.2,3559,ohc,three,275,2bbl,2.96,2.58,17.0,285,4421,23,26,999999,Black,1987,1,2.3
V0611,2,232,honda,gas,std,two,hardtop,rwd,front,94.8,-185.9,62.9,49.4,3826,dohc,four,303,idi,2.81,2.27,13.9,0,5833,22,30,25876,Brown,1981,1,2.6
V0612,2,107,peugot,gas,turbo,four,sedan,4wd,rear,93.3,197.4,63.0,48.0,2937,dohc,three,85,idi,3.05,2.55,22.2,183,4833,40,44,15610,Grey,1989,2,4.4
V0613,0,,toyota,gas,std,two,hatchback,fwd,front,92.9,146.1,66.8,57.4,3746,ohc,four,267,4bbl,3.15,2.44,9.3,170,5519,26,33,24765,Green,1984,3,2.1
V0614,0,223,subaru,diesel,turbo,two,convertible,fwd,front,108.8,160.9,71.1,59.4,3837,dohc,three,287,mpfi,2.7,3.08,7.6,221,6406,17,22,30192,Green,1987,3,1.4
V0615,-1,229,mazda,gas,std,four,wagon,rwd,front,100.3,-203.2,67.9,53.1,1996,ohc,five,118,1bbl,3.05,3.45,9.3,110,6126,38,43,14653,Grey,1987,4,4.0
V0616,3,143,audi,diesel,std,four,sedan,fwd,front,106.6,203.8,65.4,49.9,2175,dohc,four,257,mpfi,2.89,3.82,17.0,186,4935,23,30,,Black,1990,2,2.2
V0617,0,163,mazda,gas,std,four,hatchback,fwd,front,110.0,177.2,63.5,52.9,3732,ohc,five,63,idi,3.63,2.08,19.6,135,4987,36,42,14777,Red,1988,2,2.0
V0618,3,,bmw,gas,std,four,hardtop,fwd,front,106.5,143.3,63.8,52.8,2400,ohcv,eight,119,mpfi,3.2,2.33,22.5,281,6050,40,48,45400,Red,1985,2,3.0
V0619,1,155,toyota,gas,turbo,four,sedan,rwd,front,108.8,146.7,62.2,58.5,3906,ohc,four,277,2bbl,3.25mm,3.04,19.0,196,6104,17,22,26125,Black,1981,3,4.6
V0620,0,195,audi,gas,std,two,hatchback,rwd,front,92.9,171.5,60.3,52.5,3201,ohcv,six,240,4bbl,3.64,4.07,20.7,118,4463,29,35,45400,Green,1984,5,2.2
V0621,1,114,bmw,gas,std,two,hatchback,fwd,front,112.5,161.8,66.9,55.5,1620,ohc,four,83,2bbl,3.65,2.17,12.0,0,4184,44,49,36320,Silver,1986,3,4.9
V0622,-1,85,audi,gas,std,four,wagon,fwd,front,102.8,176.2,65.6,51.0,3844,ohc,four,185,idi,3.91,2.55,12.0,77,5137,31,39,38369,Silver,1988,1,4.7
V0623,-3,107,mercedes-benz,gas,std,four,hatchback,rwd,front,105.0,193.1,65.2,54.8,2053,dohc,three,235,mpfi,2.65,2.95,22.7,,6174,29,33,45400,White,1984,5,3.8
V0624,-3,190,toyota,gas,std,four,hatchback,fwd,front,93.1,173.0,71.1,49.2,3666,ohc,four,166,mpfi,3.53,3.93,14.1,254,6335,31,37,25204,Green,1980,3,2.7
V0625,0,218,saab,gas,turbo,four,wagon,fwd,rear,93.9,198.0,68.4,52.4,3574,ohc,twelve,268,2bbl,3.58,2.25,10.3,50,5524,22,29,32174,Black,1988,3,4.7
V0626,-2,86,BMW#,gas,turbo,,sedan,fwd,front,104.0,190.2,61.5,55.6,2858,ohcv,four,164,2bbl,3.12,3.68,10.9,255,6090,34,39,24159,Silver,1986,3,3.5
V0627,0,102,nissan,gas,std,four,sedan,fwd,front,93.6,161.1,65.5,55.2,2409,ohcf,four,80,1bbl,3.74,3.47,16.4,171,4636,38,43,15076,Grey,1981,4,3.4
V0628,3,214,isuzu,gas,std,four,hatchback,rwd,front,86.8,165.3,63.1,54.0,3772,l,six,144,spdi,3.85,3.24,21.6,,5903,34,37,19469,Blue,1987,5,2.8
V0629,0,103,honda,gas,std,four,hatchback,rwd,rear,91.8,163.2,62.5,54.7,3347,dohc,two,282,spdi,3.1,2.69,17.0,147,4227,18,22,,Silver,1983,5,3.7
V0630,-3,227,mitsubishi,gas,turbo,four,wagon,rwd,front,111.7,164.1,62.8,48.4,2505,ohcv,two,174,1bbl,3.07,2.75,14.1,49,4414,36,39,14182,Brown,1983,2,1.4
V0631,2,231,subaru,gas,std,two,hatchback,fwd,front,100.1,149.9,69.3,54.8,1709,l,three,295,1bbl,3.35,3.0,14.7,,4743,25,29,31571,White,1989,1,3.7
V0632,3,65,honda,gas,std,two,sedan,rwd,front,112.9,163.2,69.6,54.9,2623,rotor,three,303,mpfi,2.54,,10.5,285,4750,20,24,31155,Silver,1980,2,3.0
V0633,2,138,honda,gas,std,two,hatchback,fwd,front,107.5,200.9,71.4,58.7,3908,ohc,four,283,spdi,3.64,4.02,19.0,254,4597,24,30,31205,Green,1988,4,2.7
V0634,2,203,mazda,gas,turbo,four,wagon,4wd,front,100.6,162.6,61.6,49.7,3174,dohc,four,266,idi,,3.03,12.0,130,4624,26,33,22563,Red,1980,2,3.1
V0635,2,68,nissan,gas,std,,hatchback,fwd,front,111.4,164.1,66.6,59.3,2854,dohc,six,186,mpfi,2.79,2.49,17.8,153,5910,27,35,$22307,Green,1980,3,2.9
V0636,-2,215,mazda,gas,turbo,four,sedan,fwd,front,115.0,142.1,66.1,52.9,2084,ohcv,five,221,2bbl,3.91,3.65,11.0,97,5243,33,40,19117,Green,1984,5,2.1
V0637,-2,253,mitsubishi,gas,std,four,sedan,fwd,front,110.6,158.7,63.7,52.6,2888,ohc,twelve,304,mpfi,2.85,3.27,9.9,239,4928,25,33,25736,Black,1984,2,1.9
V0638,0,158,volkswagen,gas,std,two,sedan,fwd,front,112.7,173.3,62.7,52.5,3828,ohc,two,187,mpfi,2.91,2.97,18.0,195,4516,25,33,23496,Silver,1985,3,3.4
V0639,-1,183,dodge,gas,std,four,sedan,fwd,front,118.6,158.4,60.5,49.3,3968,ohc,eight,150,mfi,2.94,,0,246,5980,28,34,22193,Grey,1982,2,3.6
V0640,-2,229,porsche,gas,turbo,four,hatchback,fwd,front,101.2,164.8,71.2,51.1,3314,l,four,186,1bbl,,3.92,14.7,70,5295,32,36,45400,Brown,1988,2,3.5
V0641,0,172,nissan,Diesel,turbo,four,wagon,fwd,front,100.1,198.7,66.2,53.4,3328,ohc,five,265,mpfi,3.29,2.77,14.4,92,,25,32,23982,Red,1990,1,3.5
V0642,-2,81,audi,gas,turbo,two,sedan,rwd,rear,114.8,156.1,63.5,57.8,3373,dohc,six,284,mpfi,3.93,2.12,14.2,214,4385,23,29,45400,Grey,1981,3,3.3
V0643,-2,169,honda,gas,turbo,four,sedan,fwd,front,99.7,207.3,69.8,55.6,2111,ohc,four,318,mfi,3.0,2.28,20.5,73,6304,26,29,25012,Green,1982,1,2.9
V0644,-1,197,nissan,gas,turbo,two,sedan,fwd,front,100.5,141.4,61.8,48.2,2407,l,four,251,2bbl,3.2,,22.6,74,4905,28,31,22010,Blue,1980,3,1.4
V0645,-1,113,subaru,gas,std,four,hatchback,fwd,front,117.5,204.7,64.1,56.3,2064,dohc,four,86,mpfi,3.67,,17.6,172,5944,41,44,18602,Brown,1984,2,4.4
V0646,0,213,toyota,gas,std,two,wagon,rwd,front,97.2,168.5,65.1,51.3,2009,ohc,two,255,1bbl,3.8,3.36,11.8,188,4151,28,33,24022,Blue,1985,4,2.8
V0647,-2,219,alfa-romero,gas,std,two,hatchback,rwd,front,113.0,169.4,67.3,58.4,3496,dohcv,six,310,idi,2.66,,8.5,,,22,28,35716,Brown,1980,3,2.2
V0648,-1,250,honda,gas,turbo,two,sedan,rwd,front,94.5,152.5,60.7,50.7,1489,rotor,four,-10,idi,3.03,2.9,16.4,180,4212,31,34,22332,Green,1989,3,2.4
V0649,2,178,mazda,gas,std,four,hatchback,fwd,front,116.8,150.3,69.6,56.8,2033,dohc,two,96,2bbl,,3.44,14.0,232,5022,39,45,20089,Green,1981,1,1.6
V0650,-2,96,saab,gas,std,four,sedan,fwd,front,90.1,206.5,72.1,55.7,3535,ohc,twelve,141,4bbl,3.33,4.14,15.3,179,4352,37,41,29844,White,1981,1,1.7
V0651,-1,205,honda,gas,turbo,,hatchback,rwd,front,102.1,155.2,66.5,52.0,1753,ohc,two,215,2bbl,3.92,3.67,17.0,90,5808,36,40,19797,Blue,1986,2,3.1
V0652,1,,porsche,gas,std,two,hatchback,fwd,front,87.2,192.0,70.3,56.2,2189,ohc,four,229,2bbl,2.72,3.59,18.6,103,6507,34,42,45400,White,1982,1,4.9
V0653,1,176,mazda,gas,std,four,sedan,fwd,front,113.0,185.1,60.6,55.2,2613,ohc,four,93,1bbl,3.47,3.04,16.8,174,5724,43,47,18419,Blue,1982,2,2.3
V0654,2,240,plymouth,gas,std,four,hardtop,fwd,front,95.2,145.6,63.4,49.1,1493,ohc,six,275,mfi,3.78,3.11,13.1,187,5687,25,31,22214,Black,1987,1,4.2
V0655,-1,188,honda,diesel,std,four,sedan,4wd,front,99.8,206.4,63.3,-59.7,2303,ohc,three,167,2bbl,3.49,2.73,12.2,209,4322,38,45,20672,Grey,1983,3,4.6
V0656,-3,166,toyota,gas,std,four,hatchback,fwd,front,89.9,185.9,70.0,52.8,0,ohc,four,259,idi,,3.19,20.9,169,,21,27,25416,Brown,1980,5,3.3
V0657,2,108,mercedes-benz,diesel,std,four,sedan,fwd,front,92.7,150.5,64.1,50.5,2259,ohc,four,212,mpfi,3.16,2.26,12.7,141,5578,35,41,45400,White,1989,4,1.6
V0658,2,181,mitsubishi,gas,std,two,sedan,fwd,front,110.5,187.6,70.7,53.8,3460,dohcv,four,222,idi,3.43,3.85,20.5,211,5389,24,28,21611,White,1990,5,2.7
V0659,1,97,peugot,diesel,turbo,,hatchback,fwd,front,106.7,178.1,65.9,57.6,2883,ohcv,six,157,2bbl,3.86,,14.0,266,6437,29,34,21566,Silver,1980,4,4.2
V0660,1,109,porsche,gas,std,four,hatchback,rwd,front,92.1,167.4,63.3,48.0,2850,ohc,four,316,1bbl,3.56,2.45,14.1,259,6534,24,27,45400,Red,1982,1,2.3
V0661,-3,164,porsche,gas,std,two,hatchback,4wd,front,88.0,143.5,66.4,55.6,3255,ohc,three,177,mpfi,2.62,3.69,20.0,,5703,27,34,45400,Green,1982,4,3.8
V0662,-2,218,bmw,gas,std,four,sedan,fwd,front,97.3,197.9,61.1,49.3,3298,ohc,two,282,mpfi,3.49,3.24,11.7,145,5795,19,26,45400,Green,1989,1,2.8
V0663,-1,206,toyota,gas,std,four,sedan,fwd,front,87.0,169.0,61.2,53.2,3819,dohc,four,237,2bbl,3.92,3.98,22.2,216,4782,28,32,25662,Grey,1986,5,3.1
V0664,3,87,mazda,gas,std,two,hatchback,4wd,front,87.2,170.4,60.7,53.9,2827,ohcv,six,231,1bbl,3.57,3.26,0,247,4610,32,36,26904,Blue,1987,5,3.6
V0665,2,241,toyota,diesel,std,four,convertible,rwd,front,118.1,183.8,-71.8,53.0,2604,ohc,four,111,mpfi,3.36,3.04,17.8,109,6561,37,44,15775,Brown,1985,5,1.0
V0666,2,187,honda,gas,turbo,four,sedan,rwd,front,95.8,186.2,67.5,58.3,2258,ohcv,eight,172,2bbl,,2.77,22.3,51,,33,41,,Brown,1989,2,2.6
V0667,-3,231,mazda,gas,turbo,four,hatchback,fwd,front,97.3,163.9,67.9,48.1,3699,dohc,four,216,1bbl,3.92,2.3,8.0,143,5213,30,35,21691,Brown,1987,3,3.3
V0668,-3,77,mercedes-benz,diesel,std,four,hatchback,fwd,front,118.2,173.8,69.5,53.1,50000,ohc,two,132,idi,3.64,3.77,13.8,49,4612,32,36,36971,Brown,1990,5,2.2
V0669,3,169,plymouth,gas,std,four,sedan,fwd,front,113.8,161.9,70.4,58.1,1890,rotor,four,214,mfi,3.16,3.8,11.3,154,4515,31,37,17667,Grey,1988,3,4.3
V0670,3,85,honda,gas,std,four,sedan,fwd,front,106.1,183.9,60.4,56.8,3634,l,three,247,1bbl,3.1,2.28,12.3,65,5261,28,35,,Brown,1980,4,3.3
V0671,-2,161,mazda,gas,TURBO,four,hatchback,rwd,front,109.2,187.6,60.6,51.1,2753,ohcf,six,153,spdi,3.33,2.91,9.3,210,4275,31,39,22109,Red,1985,2,2.5
V0672,1,,toyota,gas,std,four,hatchback,rwd,front,113.6,157.4,61.8,54.6,1769,l,eight,171,idi,,3.7,19.6,200,4161,36,40,20142,Green,1981,1,1.5
V0673,0,246,honda,gas,std,four,wagon,rwd,front,106.4,190.8,-71.8,51.7,3328,ohc,four,65,mpfi,3.49,,13.6,62,6090,43,50,13154,Silver,1984,2,2.7
V0674,0,218,volvo,gas,std,two,sedan,fwd,front,109.7,159.3,68.2,53.6,3298,ohc,four,323,mpfi,3.14,2.66,17.9,172,6308,19,22,45400,White,1983,3,4.8
V0675,-3,73,bmw,gas,std,four,sedan,fwd,front,110.2,179.9,68.9,53.0,1990,ohcf,two,215,4bbl,2.83,3.06,7.5,88,5750,30,35,45400,Green,1984,4,1.7
V0676,1,150,mazda,gas,std,four,convertible,rwd,front,102.4,148.3,61.6,48.0,3375,ohc,four,292,2bbl,2.71,3.23,12.7,102,4766,23,30,24674,White,1984,3,1.4
V0677,-1,101,audi,gas,turbo,four,convertible,fwd,front,115.7,177.3,60.8,50.6,1935,ohc,six,322,mpfi,2.83,3.27,20.3,222,5853,20,28,45400,White,1989,3,2.3
V0678,2,108,honda,gas,turbo,four,wagon,fwd,front,107.4,182.8,61.7,59.2,2278,dohc,two,275,mfi,2.8,2.34,9.1,115,4833,22,27,21999,Green,1983,1,3.4
V0679,1,242,volvo,gas,std,four,wagon,fwd,front,107.9,161.6,63.1,54.7,3894,ohc,six,169,1bbl,3.48,,19.7,224,,27,34,42828,Black,1987,2,2.0
V0680,-1,148,audi,gas,std,two,wagon,fwd,front,92.2,192.0,67.0,58.6,3630,ohcv,twelve,200,spdi,3.83,3.84,20.9,111,6481,30,37,41806,Black,1989,1,4.4
V0681,1,234,honda,gas,turbo,four,hatchback,4wd,front,116.3,172.0,66.9,49.0,1814,ohc,six,114,idi,,3.38,21.7,208,,40,47,19090,Blue,1983,5,2.6
V0682,-3,101,saab,gas,std,four,hatchback,rwd,front,96.7,191.2,62.4,49.4,3697,l,six,317,4bbl,3.7,,20.2,171,5358,19,22,42729,Green,1983,4,4.9
V0683,-3,126,dodge,gas,std,,hardtop,rwd,front,97.5,162.0,66.8,59.6,2506,dohc,three,137,mpfi,3.67,2.12,10.3,145,5762,34,42,17915,Blue,1988,5,2.6
V0684,2,210,plymouth,gas,std,two,sedan,fwd,front,107.6,206.2,63.7,48.7,2716,dohc,twelve,174,spfi,3.01,3.36,21.3,,5621,0,37,18346,Silver,1980,3,2.6
V0685,3,228,mitsubishi,gas,turbo,two,hardtop,4wd,front,99.5,181.2,66.6,49.7,1549,ohc,four,275,spfi,2.7,3.07,22.7,267,,31,35,26133,White,1987,4,4.6
V0686,-1,235,volvo,gas,std,two,wagon,4wd,rear,102.6,201.2,71.8,53.6,3702,ohc,four,106,mpfi,3.93,2.13,21.9,131,5720,35,39,32614,Red,1990,1,3.7
V0687,-2,149,honda,gas,std,,hatchback,fwd,front,116.9,172.3,69.9,56.5,2799,ohcf,six,272,mpfi,3.75,3.63,7.3,189,6542,26,31,25218,Black,1989,2,3.0
V0688,-3,205,toyota,gas,turbo,four,hatchback,4wd,front,96.1,179.1,62.7,48.4,3239,dohc,six,116,2bbl,3.08,2.32,9.9,140,4373,32,35,17347,Blue,1982,1,4.7
V0689,2,97,nissan,gas,std,four,hatchback,fwd,front,95.7,176.6,63.9,57.5,2796,ohcf,five,170,mpfi,3.2,,8.6,147,6415,37,40,19129,Green,1982,1,2.9
V0690,-3,83,chevrolet,gas,std,two,sedan,fwd,front,117.8,174.3,71.3,55.5,2431,ohc,four,307,1bbl,,2.77,18.8,100,5789,21,24,21819,Silver,1988,1,1.6
V0691,-1,219,saab,diesel,std,two,sedan,rwd,front,95.8,184.5,71.0,49.2,4038,ohcf,six,284,mpfi,2.94,2.47,12.5,107,6229,19,26,38438,Green,1990,4,1.5
V0692,1,194,mazda,gas,turbo,four,wagon,rwd,front,95.3,154.2,61.7,58.0,2371,ohc,three,234,mpfi,3.12,4.02,20.4,198,4654,32,38,25553,Black,1987,1,3.1
V0693,0,105,plymouth,gas,std,,hatchback,rwd,front,87.9,158.6,71.0,54.3,2096,ohc,four,209,mpfi,3.24,2.26,12.8,50,,29,36,,Black,1989,2,3.9
V0694,-2,,mitsubishi,gas,turbo,two,hatchback,4wd,front,107.3,194.7,60.5,58.5,3199,dohcv,six,9999,mpfi,2.93,3.16,21.7,173,5454,28,31,21106,Silver,1987,4,2.4
V0695,2,,mazda,diesel,std,four,hardtop,fwd,front,111.5,146.4,67.5,57.7,3722,ohc,four,228,1bbl,2.97,3.34,13.8,224,,26,32,24750,Blue,1986,3,3.6
V0696,-2,251,mazda,gas,std,two,sedan,fwd,front,104.3,181.6,71.7,50.9,3423,ohc,twelve,256,2bbl,3.4,3.61,15.1,246,,24,28,27532,Blue,1986,5,4.8
V0697,-2,131,honda,diesel,turbo,two,hatchback,rwd,front,86.8,207.0,68.0,49.1,2624,dohc,six,160,1bbl,3.33,3.5,16.0,64,6559,32,40,,Brown,1983,5,3.9
V0698,3,203,toyota,gas,turbo,four,sedan,fwd,front,89.5,158.7,62.2,55.7,3084,ohc,four,206,2bbl,2.72,3.18,9.7,56,5611,30,36,,Brown,1988,4,1.5
V0699,2,216,toyota,gas,std,four,wagon,fwd,front,102.6,181.1,63.1,49.1,2252,rotor,four,281,mpfi,3.75,3.04,21.7,174,5359,26,31,25155,Brown,1980,3,2.1
V0700,0,99,mitsubishi,gas,std,four,wagon,rwd,front,87.8,205.8,65.0,50.2,2742,dohc,four,176,2bbl,3.02,2.7,16.7,90,,31,35,15628,Red,1981,1,2.2
V0701,3,68,honda,gas,STD,two,sedan,rwd,front,103.8,145.1,69.0,54.2,2484,ohc,four,104,mpfi,3.85,2.6,13.9,184,5839,37,45,17032,Red,1988,1,3.2
V0702,-3,239,toyota,gas,turbo,four,sedan,rwd,front,-89.7,164.9,69.2,51.5,2845,ohc,eight,298,spdi,3.2,3.89,16.3,,4441,25,29,28445,Red,1984,4,1.2
V0703,-2,238,plymouth,diesel,std,two,wagon,rwd,front,111.4,207.3,71.6,58.1,3328,dohc,eight,79,mpfi,3.91,2.95,15.7,90,5696,37,42,11571,Blue,1980,3,4.3
V0704,2,,nissan,Gas,turbo,,hardtop,4wd,front,115.7,184.6,68.2,54.5,1568,dohc,six,224,2bbl,2.67,2.4,9.9,114,5041,33,39,20780,Silver,1986,1,2.8
V0705,1,86,honda,gas,turbo,two,convertible,fwd,front,119.0,191.8,67.8,48.4,2430,ohc,four,173,1bbl,3.12,2.26,19.3,148,,45,37,18510,Black,1982,4,3.1
V0706,0,75,dodge,gas,STD,two,hardtop,rwd,front,95.6,162.1,71.0,51.6,3500,ohcv,four,286,mpfi,2.75,2.55,7.6,,4819,24,30,21169,Red,1988,4,2.8
V0707,-3,233,mitsubishi,gas,std,two,hatchback,rwd,front,120.7,175.8,62.9,59.1,3015,ohcv,six,123,2bbl,2.81,3.8,8.6,67,6034,37,44,15038,Green,1981,4,4.0
V0708,3,102,bmw,gas,std,two,sedan,fwd,front,93.0,148.0,63.5,56.4,1521,ohc,four,313,mpfi,3.13,3.72,15.0,143,6049,21,26,45400,White,1986,1,3.2
V0709,3,237,bmw,gas,std,two,hatchback,fwd,front,119.8,156.5,64.4,49.1,2282,dohc,four,158,mpfi,3.2,,9.6,210,5418,34,40,45400,Brown,1985,4,3.8
V0710,2,250,honda,diesel,std,four,hatchback,4wd,front,113.4,148.2,69.2,52.4,2542,l,two,166,idi,2.85,2.63,16.3,254,5769,32,38,22842,Red,1982,4,1.4
V0711,-1,209,audi,diesel,std,four,hatchback,fwd,front,119.8,178.1,69.2,51.0,3590,ohcv,four,0,mpfi,3.83,3.16,17.1,,4722,23,30,45400,Red,1989,1,2.3
V0712,0,92,subaru,gas,turbo,four,sedan,4wd,front,87.7,164.5,70.3,52.0,2844,ohcv,four,301,1bbl,3.21,2.58,17.8,73,5700,25,33,26494,Blue,1982,4,1.4
V0713,-3,114,honda,gas,std,two,hatchback,rwd,front,112.4,207.4,66.9,55.5,1787,ohc,four,111,mpfi,3.35,4.07,12.7,219,5110,37,42,,Silver,1987,3,3.5
V0714,1,225,volvo,gas,std,four,hatchback,rwd,front,96.6,151.4,62.6,50.3,3208,ohc,six,175,1bbl,3.54,2.13,15.5,,5789,34,41,32525,Brown,1985,1,3.6
V0715,1,185,jaguar,gas,std,four,sedan,fwd,front,102.4,143.3,67.0,58.1,2729,l,four,281,mpfi,3.54,3.09,8.8,220,6159,28,36,45400,Red,1982,5,1.2
V0716,1,242,nissan,gas,std,four,sedan,rwd,front,105.7,145.9,63.9,53.3,3906,ohc,two,142,mfi,3.08,2.79,20.0,199,5915,33,40,21380,Black,1990,1,4.0
V0717,3,171,jaguar,diesel,std,two,sedan,fwd,front,90.2,141.8,63.7,55.7,3905,dohc,four,73,mpfi,2.98,3.96,9.6,281,4308,35,42,45400,Green,1981,4,4.7
V0718,3,167,mercedes-benz,gas,std,four,sedan,fwd,front,114.9,194.5,70.6,56.4,1662,ohc,four,130,mpfi,3.54,2.5,8.1,135,6324,0,46,42313,Black,1987,1,1.9
V0719,0,97,honda,gas,std,four,hardtop,rwd,front,117.8,143.3,60.6,57.3,3613,l,eight,232,mpfi,3.34,2.97,15.9,148,4939,27,30,1000000,Brown,1986,2,2.6
V0720,2,190,subaru,gas,turbo,two,hardtop,fwd,rear,92.5,204.5,63.0,56.1,2894,dohc,three,250,mpfi,3.74,4.04,8.7,229,5752,27,32,27843,Blue,1986,5,2.3
V0721,1,110,bmw,gas,turbo,four,sedan,rwd,front,106.1,147.8,66.4,53.3,3022,ohc,four,-10,mpfi,,3.34,9.6,100,4560,31,36,45400,Blue,1990,2,3.1
V0722,2,142,isuzu,Diesel,std,two,sedan,fwd,front,96.4,184.2,70.6,59.7,3379,ohc,five,267,mpfi,3.29,3.18,12.4,52,4434,26,29,18507,Silver,1985,4,1.3
V0723,-1,,mazda,gas,turbo,four,hardtop,fwd,front,88.0,182.3,71.2,58.8,3967,ohc,six,314,mfi,3.74,3.36,17.9,214,5130,17,24,31212,Blue,1983,4,4.0
V0724,-2,210,saab,gas,turbo,four,sedan,rwd,front,120.1,158.5,65.6,51.3,3232,ohc,four,208,1bbl,3.7,,13.5,83,5439,24,30,30644,Red,1986,5,4.7
V0725,3,113,toyota,gas,std,two,convertible,4wd,front,93.3,192.6,69.7,53.1,2241,ohc,four,134,1bbl,3.93,3.4,13.2,,5364,38,44,20107,Blue,1987,2,4.0
V0726,-2,102,subaru,gas,std,two,hatchback,fwd,front,87.8,150.5,66.6,48.1,3007,dohc,three,218,4bbl,2.76,3.4,14.6,160,5357,26,34,26444,Blue,1986,3,3.5
V0727,3,72,honda,diesel,std,four,hatchback,4wd,front,111.2,202.4,72.2,54.8,3992,dohcv,six,126,spdi,2.63,3.96,22.5,48,6443,33,36,,Black,1989,4,3.5
V0728,1,80,dodge,gas,std,two,wagon,fwd,rear,94.7,171.3,63.3,54.8,3364,ohc,six,226,mfi,3.1,,13.1,156,6596,26,29,19879,White,1983,4,4.6
V0729,2,176,toyota,gas,std,four,hatchback,rwd,front,87.5,199.9,63.4,54.8,2575,ohc,eight,237,1bbl,2.98,3.34,15.2,146,6511,27,32,21516,White,1988,2,2.5
V0730,0,254,toyota,diesel,std,four,hatchback,fwd,front,87.1,142.5,69.4,49.3,2456,ohcv,three,101,mpfi,3.06,2.69,9.4,100,4305,38,46,15958,Brown,1982,3,2.3
V0731,-3,,plymouth,gas,std,two,sedan,rwd,front,91.7,153.3,69.2,56.8,2714,ohc,three,288,idi,3.51,2.67,0,,4281,21,28,24389,Green,1990,4,3.2
V0732,1,199,toyota,gas,turbo,four,hardtop,rwd,front,89.6,152.2,64.0,49.0,3875,ohc,four,61,idi,2.81,2.43,13.3,173,4590,38,45,16593,White,1989,3,1.6
V0733,1,232,subaru,gas,std,two,sedan,rwd,front,116.3,163.4,72.0,50.3,2264,ohc,two,95,2bbl,3.13,2.99,9.4,142,5161,41,45,17174,Blue,1988,2,2.1
V0734,2,163,toyota,gas,std,two,wagon,rwd,front,113.0,201.8,71.2,51.8,1891,ohc,eight,315,2bbl,3.02,2.62,13.0,288,4336,27,31,30197,White,1984,3,2.7
V0735,-3,,volvo,gas,std,four,sedan,fwd,front,91.7,184.0,71.5,55.8,2579,ohc,six,261,2bbl,3.26,4.04,14.9,159,5804,23,30,43296,Brown,1987,1,3.3
V0736,1,136,volkswagen,gas,turbo,four,sedan,fwd,front,103.7,190.1,68.8,51.0,3725,dohc,four,80,2bbl,3.53,2.31,14.7,224,4477,35,43,20915,Red,1981,5,4.6
V0737,1,72,dodge,gas,turbo,,sedan,fwd,front,104.0,178.5,66.3,51.9,1967,ohcv,twelve,189,1bbl,3.89,3.25,19.3,241,5541,36,44,21549,Red,1984,1,2.5
V0738,1,67,porsche,gas,std,four,hatchback,rwd,front,108.5,176.9,71.2,53.6,2418,ohcv,six,248,2bbl,2.76,2.09,15.4,242,4708,28,33,45400,Grey,1987,4,2.2
V0739,-3,,honda,gas,std,,sedan,fwd,rear,104.7,181.4,61.1,48.1,1747,ohc,four,118,2bbl,,3.59,12.7,,4818,39,47,20310,Black,1986,1,2.4
V0740,1,222,volkswagen,diesel,std,four,sedan,4wd,front,116.1,155.1,63.3,51.3,4042,rotor,five,280,idi,3.2,3.87,8.6,188,5957,16,19,27938,Blue,1982,3,3.8
V0741,1,189,toyota,diesel,std,four,sedan,fwd,front,100.3,151.3,62.7,49.3,3240,ohc,six,298,1bbl,3.41,3.18,11.5,66,4679,22,29,23083,Brown,1990,2,1.5
V0742,0,135,nissan,diesel,std,four,wagon,rwd,front,106.3,148.4,63.8,50.6,3658,ohc,five,132,idi,3.11,2.43,18.6,,6221,31,34,16954,Silver,1986,1,1.4
V0743,3,,toyota,gas,std,four,hatchback,fwd,front,93.6,152.1,61.5,59.0,2755,dohcv,two,96,mpfi,2.76,2.33,22.0,9999,4420,39,43,14303,Silver,1988,5,2.9
V0744,0,107,volvo,gas,std,four,hatchback,fwd,front,96.2,202.5,63.0,51.5,3620,ohc,five,87,2bbl,3.64,3.9,20.9,237,4870,37,44,36616,Black,1983,5,3.9
V0745,0,166,volvo,gas,std,four,hatchback,fwd,front,95.9,203.1,68.6,50.4,2816,l,three,178,idi,3.67,2.91,0,281,6473,33,37,45400,Brown,1990,4,1.6
V0746,-2,130,mazda,gas,turbo,two,hardtop,fwd,front,91.1,147.7,64.2,58.6,3329,dohc,six,203,mpfi,3.47,3.17,13.4,131,5618,31,36,20292,Red,1984,1,1.0
V0747,-1,220,toyota,gas,turbo,four,hatchback,fwd,front,100.6,154.0,68.9,49.3,2148,ohc,four,136,mpfi,3.32,2.67,15.6,168,5488,35,42,18006,Blue,1984,1,1.0
V0748,1,75,honda,gas,std,four,sedan,fwd,front,110.6,204.3,66.3,53.7,1817,dohc,five,226,1bbl,2.58,2.55,17.8,268,6506,27,35,25606,Green,1982,4,3.1
V0749,-2,103,bmw,gas,turbo,two,sedan,fwd,front,108.0,142.9,68.3,51.9,2284,ohc,four,81,mpfi,3.34,3.86,10.6,267,4793,38,46,45400,White,1982,1,2.5
V0750,0,163,honda,gas,turbo,two,hatchback,rwd,front,87.3,152.0,62.4,52.5,3977,ohc,four,279,mpfi,3.81,4.11,8.6,182,4712,16,23,26014,White,1980,1,1.5
V0751,3,200,mercedes-benz,gas,std,two,hatchback,fwd,front,113.5,158.0,67.7,51.1,2540,ohc,four,150,4bbl,3.57,3.45,12.9,92,,34,40,41745,Green,1985,1,4.9
V0752,1,126,alfa-romero,gas,std,two,hatchback,4wd,front,111.4,179.7,64.7,51.5,3843,dohc,twelve,199,2bbl,3.59,2.75,13.9,161,5253,29,33,33008,Brown,1989,4,1.6
V0753,3,149,audi,gas,std,four,sedan,rwd,front,116.1,183.1,68.6,47.8,2199,ohc,eight,203,4bbl,3.25,3.68,20.9,241,5586,29,37,45400,Blue,1987,2,4.4
V0754,-3,,toyota,gas,std,four,wagon,fwd,front,95.1,181.4,69.0,51.2,1597,l,two,215,mpfi,3.39,2.47,13.3,213,4373,32,38,23487,Red,1989,1,3.1
V0755,-3,,honda,diesel,turbo,four,sedan,fwd,front,116.7,202.8,62.6,52.3,1531,ohc,six,160,mpfi,2.97,,12.9,,6209,33,40,16962,Silver,1987,4,1.2
V0756,2,67,mercedes-benz,gas,turbo,four,sedan,fwd,front,120.4,181.6,66.7,57.7,2258,rotor,eight,122,mpfi,2.62,3.93,15.4,177,5306,37,43,45400,Silver,1983,2,2.2
V0757,1,168,volvo,gas,std,four,hatchback,4wd,front,101.8,192.1,70.4,55.6,4015,dohc,six,232,mpfi,3.4,,12.1,244,5617,26,31,45400,Red,1989,4,2.0
V0758,-1,238,subaru,gas,std,four,sedan,fwd,rear,109.3,202.3,63.5,51.9,3508,ohcv,four,158,2bbl,3.85,2.37,12.6,123,5520,29,37,19826,Brown,1990,1,3.8
V0759,-3,167,chevrolet,gas,std,four,hardtop,fwd,rear,87.8,194.9,68.9,55.7,2407,ohc,six,224,mpfi,2.65,2.85,15.0,278,4365,27,31,24674,White,1987,3,4.1
V0760,-3,161,honda,diesel,turbo,two,hatchback,fwd,front,110.2,144.3,63.6,51.3,2520,ohc,eight,83,2bbl,2.92,2.79,13.8,279,5791,41,45,20248,Black,1982,1,2.3
V0761,3,200,mercedes-benz,gas,std,two,hatchback,fwd,front,113.5,158.0,67.7,51.1,2540,ohc,four,150,4bbl,3.57,3.45,12.9,92,,34,40,41745,Green,1985,1,4.9
V0762,-1,199,saab,gas,std,four,sedan,rwd,front,99.1,157.1,70.1,50.1,3143,ohc,four,306,idi,3.81,3.56,20.4,73,6279,18,26,36941,Blue,1988,5,2.6
V0763,1,201,plymouth,Gas,std,two,convertible,fwd,front,88.5,149.4,62.1,49.8,2809,ohcf,four,326,spdi,3.72,2.6,17.2,189,5274,18,26,23992,White,1990,2,3.4
V0764,-1,77,subaru,gas,std,two,wagon,rwd,front,98.1,179.9,68.2,57.2,3479,dohc,two,288,2bbl,3.33,3.96,11.9,250,5214,20,26,32465,Black,1984,4,4.8
V0765,0,74,volkswagen,gas,std,two,sedan,rwd,front,89.8,202.9,65.9,48.7,3395,dohc,six,73,mfi,3.49,2.64,12.5,,5620,42,47,17834,Black,1981,5,3.7
V0766,3,222,alfa-romero,gas,std,two,wagon,fwd,front,92.3,152.7,62.9,49.1,2466,dohc,six,258,2bbl,2.87,3.85,13.5,161,5962,24,32,33978,Green,1980,5,4.1
V0767,1,185,alfa-romero,diesel,std,four,hatchback,rwd,front,113.8,161.9,62.5,54.5,3403,l,eight,142,2bbl,3.02,2.24,21.8,108,4437,31,36,26224,Grey,1983,4,3.8
V0768,-3,125,nissan,gas,std,four,sedan,fwd,front,112.4,182.8,69.9,51.4,2551,ohcf,six,302,mpfi,3.09,2.78,20.2,201,4912,26,32,28206,Red,1990,1,3.8
V0769,0,149,mazda,g,turbo,two,hatchback,rwd,front,96.9,160.8,62.9,56.7,3817,ohc,twelve,324,idi,2.59,3.04,16.9,172,4385,18,21,29674,Silver,1981,1,2.4
V0770,-2,98,jaguar,gas,std,four,wagon,fwd,front,90.6,149.9,60.5,52.0,2973,ohc,six,9999,mpfi,2.97,3.63,8.9,80,4733,26,31,,Brown,1986,1,1.3
V0771,2,227,dodge,gas,std,two,hatchback,fwd,front,101.3,182.5,69.1,50.0,2639,ohcv,five,187,1bbl,3.14,3.07,19.5,74,6207,30,34,-500,Black,1981,2,2.6
V0772,2,219,subaru,gas,std,four,sedan,fwd,front,87.5,185.6,60.6,57.5,1612,ohc,four,102,mpfi,2.81,,8.6,248,6357,43,46,,White,1982,3,2.3
V0773,1,187,nissan,gas,std,four,sedan,fwd,front,93.7,196.6,68.5,48.6,3341,rotor,six,244,1bbl,2.55,3.32,12.5,143,5003,25,31,24693,Grey,1989,1,3.7
V0774,-3,,nissan,gas,std,four,sedan,fwd,front,103.3,155.8,67.9,48.3,3321,ohc,eight,146,2bbl,3.63,2.3,22.5,204,5500,31,38,22076,White,1986,1,4.1
V0775,-2,,mazda,gas,turbo,two,sedan,fwd,front,107.1,188.2,60.9,56.7,3135,ohc,eight,89,mpfi,3.93,2.56,21.7,195,5456,39,43,,Blue,1986,3,2.1
V0776,-3,107,audi,gas,standard,four,hatchback,rwd,front,108.7,186.8,69.8,52.2,2591,l,two,245,idi,3.09,3.6,12.3,164,6481,23,26,45400,Silver,1988,2,4.1
V0777,-2,213,mazda,gas,turbo,four,wagon,rwd,front,115.0,150.4,65.7,51.5,3565,dohc,five,144,mpfi,,2.64,14.0,210,,35,43,,Green,1980,4,2.1
V0778,-1,252,nissan,gas,std,four,convertible,fwd,front,110.2,202.0,66.1,51.2,3973,dohc,four,89,1bbl,2.93,2.85,21.8,76,6082,33,41,13646,Red,1982,2,3.4
V0779,1,169,mazda,gas,std,four,wagon,rwd,front,88.6,145.9,64.9,50.9,1924,ohc,five,215,mpfi,3.62,3.31,14.6,123,4170,30,34,19844,Brown,1986,1,3.1
V0780,-1,66,chevrolet,gas,std,,wagon,rwd,front,111.0,153.1,71.6,-56.7,1577,dohc,eight,171,mpfi,3.77,3.89,8.2,195,4601,36,42,$19893,Black,1983,3,4.6
V0781,0,134,nissan,gas,std,two,sedan,fwd,front,110.7,198.8,67.5,47.8,2508,ohc,two,107,4bbl,2.64,3.58,14.6,284,,41,47,20904,Blue,1988,2,3.5
V0782,0,160,volvo,diesel,std,four,wagon,fwd,front,119.7,193.7,71.1,50.1,3824,dohcv,six,205,idi,3.24,2.95,9.6,99,,27,30,38474,Blue,1981,5,4.4
V0783,-1,,chevrolet,gas,turbo,two,sedan,fwd,front,109.4,164.0,68.7,55.3,3373,ohc,six,115,2bbl,3.23,4.13,22.6,219,4691,31,38,17512,Blue,1980,1,4.4
V0784,3,154,nissan,gas,turbo,two,hardtop,fwd,front,112.2,207.5,67.9,49.5,2045,ohc,six,166,2bbl,3.52,3.74,17.0,64,4588,33,41,17019,Red,1990,2,4.2
V0785,0,164,nissan,gas,std,two,convertible,4wd,front,99.2,142.5,70.0,49.5,3371,ohc,five,177,spfi,2.72,3.39,10.3,151,5874,32,38,21298,Red,1985,3,3.7
V0786,0,221,audi,gas,std,two,sedan,fwd,front,118.4,159.2,69.8,55.5,2507,dohcv,four,120,mpfi,3.03,3.34,12.9,69,6399,37,45,28688,Silver,1980,1,4.3
V0787,0,65,bmw,gas,std,four,hardtop,4wd,front,94.5,162.2,67.4,53.2,2717,l,five,178,1bbl,3.35,,7.1,106,4316,31,37,,Red,1981,3,3.1
V0788,3,162,saab,gas,std,two,hatchback,fwd,front,113.6,143.5,63.1,53.1,3346,rotor,four,78,mpfi,3.36,2.7,22.4,,5293,40,46,18664,Red,1980,2,1.8
V0789,-2,101,subaru,gas,turbo,,wagon,fwd,rear,119.1,161.0,71.1,59.5,3439,ohc,four,214,mpfi,2.89,3.24,12.0,284,6582,24,27,30233,Red,1982,2,2.6
V0790,-3,204,mazda,gas,std,four,sedan,rwd,front,101.5,148.5,-67.0,57.0,3594,ohc,four,272,2bbl,2.68,2.91,19.2,71,,20,26,23214,White,1981,3,2.8
V0791,-1,207,toyota,diesel,std,,convertible,fwd,front,108.3,166.7,71.9,49.1,1848,ohc,four,316,1bbl,,4.13,22.4,127,6164,22,27,24605,Brown,1981,4,5.0
V0792,-3,188,audi,diesel,std,four,hardtop,fwd,front,89.6,153.6,61.3,58.4,2973,ohc,five,286,mpfi,3.34,2.49,7.5,66,5912,24,32,,Silver,1990,1,4.5
V0793,0,181,toyota,gas,std,two,hardtop,fwd,front,117.3,148.0,63.8,58.2,2837,ohc,four,231,spdi,2.72,,19.2,72,5225,28,34,20960,Silver,1990,2,3.2
V0794,1,100,mitsubishi,gas,std,four,hatchback,rwd,front,87.7,198.0,68.4,53.1,2005,ohc,three,248,2bbl,3.87,2.14,9.5,163,5669,30,36,19936,Blue,1986,3,3.6
V0795,2,84,toyota,gas,std,four,sedan,fwd,front,101.0,162.4,70.1,52.0,4035,ohcf,three,247,1bbl,3.51,3.1,0,135,4387,27,32,25459,Brown,1988,4,2.3
V0796,-3,151,bmw,gas,std,four,sedan,4wd,front,96.9,194.3,70.5,56.3,3080,ohc,four,243,2bbl,3.45,4.01,14.8,237,4620,28,31,45400,White,1982,2,1.3
V0797,-2,238,nissan,gas,std,four,sedan,fwd,front,101.8,191.0,66.0,57.2,3940,ohcv,three,0,mpfi,3.12,2.97,15.8,179,4604,22,26,26948,Blue,1989,4,2.0
V0798,3,237,toyota,gas,std,two,wagon,fwd,front,88.8,190.0,69.8,48.3,2792,ohc,four,150,4bbl,3.46,2.84,13.8,232,5246,31,34,22922,Silver,1986,3,1.1
V0799,1,193,volvo,gas,std,four,hardtop,rwd,front,97.9,171.5,67.3,58.5,2586,ohcv,twelve,232,4bbl,,2.57,12.9,168,,30,36,43581,Red,1981,4,1.8
V0800,2,213,audi,gas,std,four,sedan,4wd,front,112.4,152.1,64.5,-52.8,3435,dohc,three,284,2bbl,3.51,,7.2,248,,20,23,45400,Blue,1985,3,1.1
V0801,1,190,mercedes-benz,gas,std,four,sedan,rwd,front,95.8,159.9,64.2,54.7,2859,ohc,four,163,mpfi,3.21,3.95,17.9,229,5500,31,38,45400,Silver,1987,3,1.3
V0802,-1,119,toyota,gas,std,two,wagon,4wd,front,89.5,153.0,60.3,48.8,2041,ohc,twelve,243,spdi,2.62,2.4,13.7,255,4357,26,31,25446,Green,1982,3,4.9
V0803,2,203,audi,gas,std,four,hardtop,rwd,front,88.9,200.9,65.8,48.8,2220,ohc,twelve,116,mpfi,2.7,2.38,-1,100,6282,300,40,31198,Brown,1987,3,2.7
V0804,2,76,mazda,gas,turbo,two,sedan,rwd,front,101.0,184.5,66.3,59.5,3149,dohc,three,126,2bbl,3.68,3.29,22.5,111,4692,31,35,16597,Grey,1990,4,1.5
V0805,-3,164,nissan,gas,turbo,four,sedan,fwd,front,103.1,151.3,64.2,55.0,3519,ohc,four,157,4bbl,3.06,3.63,7.4,55,4446,31,34,17110,Silver,1988,5,1.8
V0806,-1,203,volkswagen,gas,turbo,four,hardtop,rwd,front,91.3,191.9,65.7,58.4,2946,dohc,three,180,2bbl,3.16,3.13,14.0,50,6358,29,32,15811,White,1987,3,2.9
V0807,2,78,mitsubishi,gas,std,two,convertible,fwd,front,117.8,197.6,71.6,49.0,2405,ohc,four,114,spfi,3.75,3.59,10.6,70,4932,39,46,11573,Silver,1980,1,1.2
V0808,2,229,honda,gas,std,four,sedan,fwd,front,117.4,204.9,66.5,56.0,1609,ohc,three,325,4bbl,2.66,2.73,22.7,90,5927,20,26,22713,Black,1989,1,4.9
V0809,0,243,mazda,diesel,std,two,hatchback,rwd,front,119.9,141.1,71.5,53.6,3936,ohc,two,240,idi,2.84,3.84,11.5,89,6337,20,25,20930,White,1982,5,5.0
V0810,0,237,bmw,gas,std,four,wagon,rwd,front,115.2,163.3,61.2,56.5,-100,ohc,four,241,2bbl,2.92,3.89,13.4,95,6037,30,34,45400,Red,1982,3,1.4
V0811,-1,72,jaguar,gas,std,four,wagon,rwd,front,99.6,162.3,68.9,56.9,3704,ohc,four,208,spfi,3.59,2.98,8.6,210,4561,30,34,45400,White,1980,3,2.4
V0812,-1,182,volkswagen,gas,std,four,sedan,fwd,front,98.3,179.2,68.7,54.6,3384,ohc,twelve,9999,1bbl,2.8,3.31,22.5,244,4843,28,32,24290,White,1983,3,4.3
V0813,-2,135,volvo,gas,std,two,wagon,fwd,front,110.3,187.3,70.4,51.1,3802,ohc,four,183,idi,3.44,2.19,14.7,205,5417,25,33,41303,Blue,1987,1,3.3
V0814,1,,mazda,gas,std,two,wagon,fwd,front,88.5,176.9,69.5,51.3,3711,ohcf,five,164,mpfi,3.89,3.14,14.9,278,,34,38,25207,Grey,1986,1,4.2
V0815,2,152,bmw,gas,std,,hatchback,fwd,front,116.3,203.0,71.8,52.7,2059,ohc,two,106,mpfi,,,21.6,58,4645,36,42,32675,Grey,1988,4,4.7
V0816,-1,193,jaguar,gas,std,four,hatchback,fwd,front,101.2,143.0,65.8,54.6,1533,dohc,four,9999,mpfi,3.81,4.09,14.5,233,6027,27,30,45400,Green,1988,2,2.4
V0817,-3,209,toyota,gas,turbo,two,sedan,rwd,front,95.9,180.3,69.4,48.8,2415,ohc,twelve,171,2bbl,3.47,3.82,17.5,100,5270,38,41,17779,Blue,1984,1,3.9
V0818,0,96,toyota,gas,std,four,sedan,fwd,front,89.2,157.5,64.2,53.1,2574,ohc,six,196,1bbl,3.05,2.27,20.0,225,6065,27,32,25214,Blue,1981,5,3.5
V0819,-3,163,dodge,gas,std,two,sedan,fwd,front,104.2,192.5,63.6,53.3,2004,ohc,three,236,mpfi,3.76,3.33,12.2,134,5441,33,38,20616,Black,1987,5,4.2
V0820,3,229,mitsubishi,gas,std,two,convertible,fwd,front,90.8,199.2,70.6,52.5,3097,ohcf,twelve,215,mpfi,,2.56,10.4,275,4806,31,39,23898,Red,1980,3,4.5
V0821,0,184,dodge,gas,std,four,sedan,fwd,front,109.2,184.7,61.0,52.2,2480,ohc,six,135,2bbl,3.64,,10.9,81,6080,37,42,14612,Black,1989,1,1.4
V0822,-2,136,volkswagen,gas,std,four,hardtop,4wd,front,89.8,193.3,68.3,48.2,3076,ohcv,four,280,2bbl,2.8,3.0,19.7,104,5660,20,24,24198,Silver,1985,2,4.8
V0823,-1,163,dodge,gas,std,,hatchback,fwd,front,93.9,186.0,65.9,52.4,3485,ohc,four,324,spdi,3.6,2.72,14.3,87,6216,15,19,22267,Brown,1989,5,1.8
V0824,3,106,chevrolet,gas,std,two,sedan,fwd,front,94.0,198.1,62.0,56.3,3450,ohc,two,168,2bbl,3.74,2.68,7.6,270,,29,34,21776,Green,1987,4,3.5
V0825,2,181,volvo,gas,std,two,wagon,fwd,front,119.3,186.1,69.7,55.4,2232,ohc,four,142,mpfi,2.64,3.84,19.4,172,5698,36,41,35358,Green,1984,4,1.0
V0826,-1,208,toyota,diesel,std,two,hatchback,fwd,front,88.7,172.5,62.2,52.0,3778,l,six,68,4bbl,2.92,3.79,20.9,197,5402,39,46,$18128,Blue,1990,2,1.3
V0827,-3,110,toyota,gas,turbo,four,hatchback,rwd,front,108.2,155.4,68.5,57.8,2330,dohc,three,283,1bbl,3.86,3.64,9.5,165,5508,21,24,24174,Green,1988,1,3.3
V0828,0,224,honda,diesel,std,four,sedan,rwd,front,112.3,194.7,67.9,57.3,2234,ohc,two,182,mpfi,2.99,3.27,14.7,136,4919,35,41,$1000000,Silver,1987,1,4.0
V0829,1,104,volvo,gas,turbo,four,sedan,fwd,front,115.4,192.2,65.1,49.8,1548,ohc,twelve,151,idi,3.25,3.36,17.8,193,6347,36,42,34610,Red,1985,2,4.1
V0830,3,231,subaru,gas,std,four,hatchback,rwd,front,-117.7,176.4,63.4,48.5,2310,ohcv,two,88,2bbl,,2.21,17.6,217,5625,38,41,19941,Red,1986,5,4.9
V0831,-3,219,toyota,gas,std,four,hatchback,rwd,front,103.3,186.3,70.0,54.4,2406,ohc,six,115,idi,3.18,3.75,19.9,219,5780,36,41,20885,Brown,1990,3,4.3
V0832,-3,104,toyota,gas,std,four,hatchback,rwd,front,110.5,186.2,63.4,48.2,3828,rotor,two,237,mpfi,3.59,3.18,11.9,240,5441,27,35,27541,Blue,1982,5,2.4
V0833,-1,206,toyota,gas,std,four,hatchback,4wd,front,113.5,165.4,65.9,58.1,3160,ohc,six,262,mpfi,2.69,3.44,200,261,5838,20,24,27842,Brown,1990,4,4.7
V0834,-1,115,porsche,gas,std,four,sedan,fwd,front,100.3,146.4,70.7,56.7,2395,ohc,four,322,1bbl,3.28,2.48,19.4,137,4754,21,24,45400,Black,1982,1,1.7
V0835,1,164,nissan,gas,std,four,hatchback,fwd,front,89.6,196.3,67.8,53.6,1885,ohc,four,210,mfi,3.2,2.31,19.6,168,6153,32,35,22967,Black,1986,3,1.7
V0836,2,77,jaguar,diesel,turbo,four,sedan,rwd,front,96.1,179.7,69.1,57.8,3956,rotor,eight,86,1bbl,3.04,2.39,16.7,,5907,32,38,45400,Red,1986,4,2.0
V0837,-3,,nissan,gas,std,two,sedan,rwd,front,104.6,188.0,72.1,50.5,3233,ohc,eight,87,mpfi,2.92,2.66,12.6,155,5161,39,42,16170,White,1985,2,2.1
V0838,-2,111,honda,gas,std,two,hardtop,4wd,front,105.4,141.3,62.4,57.4,2894,ohc,three,167,idi,3.63,2.64,11.6,222,5197,36,42,23070,Blue,1988,2,3.3
V0839,3,,nissan_,gas,std,four,hatchback,rwd,front,109.4,197.7,63.1,51.4,3834,dohc,three,187,mpfi,3.26,2.47,19.5,164,,26,34,22465,White,1980,4,4.6
V0840,1,212,volkswagen,diesel,turbo,four,hatchback,fwd,front,109.9,143.9,69.0,59.2,2179,ohc,five,307,mpfi,3.8,3.38,18.5,131,6444,25,31,24498,Grey,1988,4,3.3
V0841,2,117,bmw,gas,std,four,sedan,fwd,front,116.9,179.0,64.6,54.6,3045,ohc,four,250,2bbl,3.55,2.45,12.6,89,6316,23,29,45400,Red,1983,1,4.4
V0842,1,243,honda,diesel,std,,wagon,4wd,front,92.8,143.0,62.2,54.9,3037,ohc,six,188,mpfi,3.27,2.86,11.1,65,5838,27,30,17093,Red,1985,2,2.3
V0843,-1,226,volkswagen,gas,turbo,four,sedan,fwd,front,103.7,170.3,70.5,53.6,1732,ohc,four,226,1bbl,3.39,2.37,15.3,,5036,33,39,,Black,1990,3,3.7
V0844,2,,toyota,diesel,std,,hatchback,fwd,front,89.2,170.4,66.4,54.5,3086,ohc,four,155,mpfi,3.34,3.31,7.1,285,6250,36,43,25816,Silver,1983,3,3.8
V0845,-1,244,volvo,gas,std,four,hatchback,fwd,front,96.0,141.6,62.0,48.6,3123,dohc,four,229,4bbl,3.77,3.04,16.2,236,4523,27,35,45400,Green,1984,4,3.5
V0846,3,136,honda,gas,std,,sedan,fwd,front,93.3,200.2,63.9,59.0,2118,ohcf,eight,271,mpfi,2.6,3.53,18.7,186,6340,25,28,26392,Grey,1983,3,3.7
V0847,2,87,peugot,gas,turbo,four,wagon,4wd,front,120.0,153.1,60.9,59.6,2874,dohc,twelve,267,mpfi,2.71,2.9,11.8,-50,4856,27,35,26245,Green,1990,4,2.1
V0848,0,217,honda,gas,std,four,sedan,fwd,front,103.7,202.3,68.0,59.4,2419,ohc,eight,120,1bbl,2.68,3.8,16.9,279,5971,38,42,23551,Blue,1985,3,3.2
V0849,0,,toyota,gas,std,two,hatchback,fwd,front,90.2,-206.2,67.7,56.1,2217,dohc,three,117,2bbl,2.78,2.37,-1,147,5192,37,41,17966,Black,1985,3,1.6
V0850,-1,124,jaguar,gas,std,four,hatchback,fwd,front,87.1,153.3,69.6,51.0,1868,dohc,twelve,236,1bbl,3.66,3.3,9.9,162,4461,29,32,45400,Grey,1982,4,4.4
V0851,1,230,toyota,gas,turbo,two,hatchback,4wd,front,102.0,153.0,70.7,52.8,3202,dohc,two,172,2bbl,3.32,2.22,16.2,276,5015,35,43,26371,Blue,1989,1,2.6
V0852,-1,238,mercedes-benz,gas,std,four,hatchback,fwd,front,119.4,174.1,69.5,56.3,2016,ohc,eight,242,1bbl,3.37,2.84,7.4,107,4419,25,28,$45400,Blue,1984,1,1.8
V0853,3,121,mazda,gas,std,four,sedan,fwd,front,91.8,170.8,62.1,51.9,3068,ohc,twelve,243,2bbl,2.88,3.39,11.4,187,4662,22,29,25784,Silver,1986,5,3.8
V0854,0,150,toyota,gas,turbo,four,hatchback,fwd,front,112.8,177.3,-71.3,53.9,2483,ohc,five,120,mpfi,,2.53,9.2,285,4176,37,45,22231,Green,1989,5,4.2
V0855,0,194,bmw,gas,turbo,two,sedan,rwd,front,111.4,157.5,62.4,50.8,2656,dohc,twelve,164,mpfi,3.63,2.24,22.6,149,5697,31,37,45400,Blue,1986,2,4.3
V0856,-1,161,bmw,gas,STD,four,sedan,fwd,rear,108.8,147.8,67.3,51.7,3943,ohc,six,86,mpfi,3.46,3.27,19.9,,6322,36,40,39603,Brown,1990,3,4.1
V0857,3,161,audi,d,std,four,sedan,fwd,front,107.6,164.3,64.2,52.2,3605,dohc,five,310,2bbl,3.26,3.47,15.8,239,6469,23,26,45400,Silver,1987,3,1.6
V0858,-3,145,isuzu,diesel,turbo,four,hatchback,fwd,front,107.9,161.4,65.0,52.3,3779,ohc,four,147,2bbl,3.84,3.91,9.1,129,6322,33,37,15846,White,1982,4,4.5
V0859,-3,230,nissan,gas,std,two,sedan,rwd,front,104.2,168.3,62.5,48.3,1925,ohcv,five,163,idi,3.57,2.7,18.0,102,6579,500,41,17844,Grey,1989,3,1.9
V0860,3,,mazda,gas,turbo,four,sedan,fwd,front,117.9,199.4,63.9,55.5,3982,ohc,six,143,2bbl,3.63,3.18,7.0,130,6151,27,30,19156,Black,1983,5,4.8
V0861,-1,210,isuzu,gas,std,two,sedan,rwd,front,103.0,161.3,70.5,52.0,2663,dohc,three,250,mpfi,3.66,2.35,19.4,57,5151,23,26,17055,Red,1984,4,4.7
V0862,2,125,mitsubishi,gas,std,four,wagon,rwd,front,93.1,155.7,61.0,56.6,1737,ohcv,four,305,2bbl,3.73,2.4,22.4,68,4911,22,29,19023,Red,1989,2,3.3
V0863,1,235,honda,gas,std,two,hatchback,fwd,front,105.0,185.3,65.8,58.3,2722,ohcv,four,205,mpfi,2.67,2.12,15.9,149,6299,28,33,20152,Silver,1982,2,3.4
V0864,-2,166,volkswagen,gas,std,two,sedan,fwd,front,116.2,201.4,60.4,57.4,3728,ohc,three,248,idi,3.19,4.11,7.5,91,5202,23,27,21379,Brown,1982,1,2.6
V0865,-1,204,honda,gas,std,four,convertible,fwd,front,104.0,142.5,70.8,48.3,3072,dohcv,four,69,2bbl,2.63,2.58,17.5,74,,41,45,11833,Silver,1990,2,4.3
V0866,-1,237,nissan,gas,turbo,two,hatchback,fwd,front,115.5,144.1,65.3,56.3,2773,dohc,six,291,1bbl,2.91,4.1,20.9,95,5014,21,24,24612,White,1988,1,1.0
V0867,3,139,toyota,gas,std,two,sedan,fwd,front,92.4,208.0,62.7,-56.5,2095,l,six,229,mpfi,2.83,2.53,8.0,52,6396,34,40,18319,Grey,1986,4,2.0
V0868,-1,,toyota,gas,std,two,sedan,rwd,front,99.4,173.1,64.4,53.4,3102,dohc,twelve,253,idi,3.53,3.67,8.5,80,5453,500,29,21505,Grey,1986,5,2.6
V0869,3,73,toyota,gas,std,two,sedan,rwd,front,94.8,189.4,68.2,-54.3,3075,ohc,two,139,1bbl,2.99,3.42,8.8,181,4423,30,34,19281,Black,1987,2,1.4
V0870,-1,128,alfa-romero,gas,std,two,sedan,rwd,front,113.9,144.5,67.4,55.8,1997,ohcf,four,195,2bbl,3.3,4.05,8.1,231,6455,33,40,31352,Grey,1981,3,4.1
V0871,0,98,honda,g,std,four,sedan,fwd,front,99.2,204.6,61.7,56.4,3270,ohcv,twelve,314,mpfi,3.54,2.47,20.8,248,5240,20,28,30950,Red,1983,5,1.9
V0872,2,223,mitsubishi,diesel,std,two,sedan,fwd,front,106.7,148.1,71.4,59.6,3825,dohc,three,203,idi,,2.23,16.6,228,6222,29,32,23570,Brown,1985,1,4.5
V0873,-2,101,volkswagen,gas,std,,sedan,fwd,front,103.2,168.4,63.1,58.4,2590,dohc,eight,112,mpfi,3.32,3.72,11.9,152,,35,43,17981,Silver,1982,2,3.2
V0874,0,164,nissan,gas,standard,two,wagon,fwd,front,113.1,145.1,60.7,48.8,2403,ohc,two,176,spfi,3.23,4.11,11.4,160,6477,35,40,,Black,1989,4,3.8
V0875,2,104,audi,diesel,std,four,sedan,fwd,front,115.5,187.3,-61.8,52.5,3300,ohc,eight,96,mpfi,3.88,2.33,7.1,261,5761,37,41,41564,Black,1986,2,4.7
V0876,-2,112,bmw,gas,std,four,sedan,rwd,front,88.1,195.9,65.5,51.2,1704,ohc,four,189,idi,3.1,3.19,21.8,279,6047,37,45,45400,White,1982,1,4.5
V0877,0,233,saab,gas,std,,sedan,fwd,front,119.9,199.6,63.5,55.8,1614,ohc,four,249,mpfi,3.38,2.99,12.6,276,4522,27,35,41342,White,1985,4,5.0
V0878,-2,104,mitsubishi,gas,turbo,four,hatchback,fwd,front,90.2,193.8,67.5,58.1,2568,ohc,six,177,2bbl,3.83,2.39,17.8,209,4757,34,41,18862,Silver,1980,5,4.1
V0879,-3,85,nissan,gas,std,two,sedan,fwd,front,110.9,165.6,64.6,54.2,3530,ohc,eight,197,1bbl,3.52,2.64,9.4,213,5375,29,35,23895,Blue,1982,3,4.3
V0880,-1,164,toyota,gas,std,four,sedan,rwd,front,99.3,163.9,70.2,55.1,3118,ohcf,two,131,2bbl,2.6,2.7,8.5,9999,4886,37,41,18166,Grey,1987,1,2.0
V0881,-2,77,peugot,diesel,std,four,hatchback,fwd,front,96.4,153.5,61.4,49.4,3638,dohc,five,246,mpfi,3.9,3.68,12.1,79,,23,30,19480,Silver,1988,5,4.7
V0882,-1,149,mazda,gas,turbo,,sedan,fwd,front,98.5,141.8,66.2,59.6,2770,ohc,five,155,mpfi,3.18,2.61,16.3,208,4915,32,36,20877,Green,1981,1,3.9
V0883,2,123,volvo,gas,std,two,hatchback,fwd,front,95.3,189.6,63.7,55.7,3736,rotor,two,275,2bbl,3.76,2.49,19.0,116,6225,20,25,44762,Grey,1985,5,4.8
V0884,0,,bmw,diesel,std,four,hatchback,fwd,front,117.0,175.9,65.3,53.7,2323,ohcv,six,73,2bbl,3.61,2.92,18.3,218,,40,44,44366,Silver,1985,5,3.5
V0885,1,215,bmw,diesel,std,four,hatchback,fwd,front,118.2,168.8,65.5,51.4,2841,ohcv,five,210,1bbl,2.97,2.61,8.2,277,5400,26,32,45400,Black,1989,2,4.3
V0886,3,116,mazda,gas,std,,sedan,fwd,front,117.2,196.6,60.9,54.8,3250,ohc,four,206,1bbl,2.57,2.56,8.2,236,4495,27,31,25148,Blue,1982,2,1.6
V0887,2,147,volvo,gas,std,four,hatchback,4wd,front,117.7,159.9,68.5,51.1,2511,ohcv,four,263,mpfi,2.92,2.63,11.0,,4200,23,28,45400,Green,1982,4,2.9
V0888,0,203,toyota,gas,turbo,four,hatchback,4wd,front,90.0,168.1,71.5,51.5,3209,ohc,six,87,mpfi,2.67,4.05,7.1,276,6103,34,40,21121,White,1982,5,4.8
V0889,3,233,volvo,gas,std,two,hatchback,fwd,front,101.1,165.6,63.6,56.0,2322,ohc,three,308,mpfi,3.32,3.09,22.8,-50,5560,25,33,45400,White,1983,4,4.1
V0890,1,76,jaguar,gas,turbo,two,sedan,fwd,front,92.7,149.1,68.5,54.9,3151,ohc,four,63,2bbl,3.92,3.79,19.0,103,4646,39,46,,Silver,1985,1,1.7
V0891,-2,219,toyota,gas,std,two,sedan,rwd,front,112.0,144.7,62.8,49.5,3516,ohc,five,140,mpfi,2.98,4.15,7.1,172,4972,30,33,18632,Brown,1988,1,2.0
V0892,3,166,honda,gas,std,four,wagon,fwd,front,116.2,165.0,68.5,50.1,2631,l,six,306,2bbl,3.07,2.41,19.9,198,4417,22,26,,Black,1989,5,2.0
V0893,0,,audi,diesel,turbo,four,convertible,fwd,rear,97.8,187.3,66.9,54.6,1493,ohc,four,217,1bbl,,3.53,11.4,99,5796,34,37,38904,Black,1983,3,1.2
V0894,1,102,isuzu,gas,std,two,hatchback,4wd,front,117.4,176.0,68.2,54.5,1559,l,twelve,62,spdi,3.88,3.93,8.9,,6469,47,52,8802,Red,1985,5,3.7
V0895,3,233,honda,gas,turbo,four,hardtop,rwd,front,90.5,155.2,67.4,53.4,1696,dohc,four,231,1bbl,3.19,3.87,19.3,205,,30,38,22719,Silver,1988,4,1.5
V0896,1,,volvo,gas,std,two,hatchback,fwd,front,111.4,160.6,63.3,55.0,2869,ohc,two,315,2bbl,3.09,3.58,21.9,,6351,22,26,45400,Silver,1986,5,4.9
V0897,-1,138,mazda,gas,std,four,sedan,rwd,front,87.6,143.6,60.9,54.9,2881,ohc,eight,180,idi,3.5,2.78,8.5,69,6363,33,41,18457,Black,1984,4,2.1
V0898,-3,,nissan,gas,std,two,sedan,fwd,front,114.2,194.1,66.7,55.3,2475,ohc,two,146,1bbl,3.51,2.08,20.5,257,5036,37,42,21454,Blue,1989,3,1.0
V0899,1,142,bmw,gas,std,two,sedan,rwd,front,113.8,151.9,61.7,59.7,3841,ohc,four,155,mpfi,,3.47,22.6,85,5677,34,41,44222,White,1980,4,4.7
V0900,0,93,toyota,gas,turbo,four,hatchback,4wd,front,112.5,141.4,69.0,58.9,3553,l,six,155,2bbl,3.88,2.45,12.7,145,5887,30,37,19324,Green,1985,1,2.9
V0901,3,182,mitsubishi,gas,turbo,two,hardtop,fwd,front,108.2,197.3,62.8,50.0,2430,ohc,four,152,mpfi,3.6,4.03,7.3,193,6356,36,40,19911,Black,1983,2,2.4
V0902,1,238,volvo,gas,turbo,four,hatchback,fwd,front,92.9,170.1,65.6,57.8,3596,ohc,two,160,2bbl,3.1,4.06,22.8,131,4842,29,36,,Brown,1988,5,1.0
V0903,3,161,toyota,gas,std,four,hatchback,fwd,front,114.8,179.7,66.1,57.9,2866,dohcv,eight,117,mpfi,3.08,2.64,7.2,129,4323,40,44,-500,Green,1987,3,5.0
V0904,0,160,volvo,diesel,std,four,wagon,fwd,front,119.7,193.7,71.1,50.1,3824,dohcv,six,205,idi,3.24,2.95,9.6,99,,27,30,38474,Blue,1981,5,4.4
V0905,-1,75,toyota,gas,turbo,two,hatchback,fwd,front,93.0,165.1,62.3,54.4,1577,ohc,two,283,1bbl,3.2,2.58,18.6,201,5533,30,38,26174,Brown,1983,5,1.4
V0906,-1,195,mercedes-benz,diesel,turbo,two,sedan,fwd,front,91.1,170.4,60.8,52.6,3655,ohcf,three,164,2bbl,3.89,3.38,20.3,,5485,29,34,45400,Red,1987,1,3.0
V0907,-3,135,volvo,gas,std,two,sedan,fwd,front,97.6,143.2,67.5,52.4,2968,ohcv,twelve,170,mpfi,3.76,4.07,17.9,117,5182,30,33,33494,Red,1984,4,4.5
V0908,1,192,honda,gas,std,two,sedan,fwd,front,117.3,196.8,69.7,50.5,2416,ohc,four,240,mfi,3.2,2.26,7.8,165,4336,32,36,23600,Green,1981,5,4.2
V0909,-2,219,peugot,gas,turbo,four,sedan,fwd,front,111.9,165.1,67.4,56.2,2928,ohcf,eight,157,idi,3.67,4.11,15.7,92,6158,29,32,15476,Black,1988,4,1.0
V0910,-2,145,toyota,gas,std,four,wagon,4wd,front,99.7,151.6,65.6,51.6,2608,ohc,four,293,mpfi,3.36,2.75,7.3,61,5487,27,33,,Green,1986,5,1.1
V0911,0,145,dodge,diesel,std,two,hardtop,fwd,front,103.6,152.2,69.3,51.6,2843,rotor,four,175,2bbl,3.07,3.79,8.3,,6497,35,38,,White,1987,1,1.4
V0912,3,166,mazda,gas,std,two,hatchback,fwd,front,113.8,156.5,68.9,53.8,2081,ohc,five,230,idi,3.77,2.09,20.7,268,4575,34,37,27823,Red,1988,3,3.1
V0913,3,248,toyota,gas,std,,sedan,rwd,front,96.9,148.2,63.2,57.4,3401,ohcv,twelve,64,2bbl,3.33,3.06,21.2,263,4182,42,46,20580,Green,1987,4,2.9
V0914,2,217,toyota,gas,std,,hardtop,rwd,front,117.6,184.7,65.4,50.9,3839,ohc,four,208,spfi,3.52,2.76,21.1,224,4526,26,31,25372,Silver,1986,4,2.0
V0915,3,207,plymouth,gas,std,,hardtop,fwd,front,101.0,153.1,71.5,57.6,2234,ohcv,six,80,mpfi,3.3,2.56,16.6,139,5207,38,42,14426,Silver,1983,1,2.3
V0916,-2,187,volvo,diesel,std,four,sedan,fwd,front,115.2,167.6,62.6,48.3,2828,dohc,two,140,mpfi,2.93,,11.5,186,5030,35,43,37088,Red,1988,1,3.3
V0917,1,149,mitsubishi,diesel,std,four,sedan,fwd,front,113.4,203.8,65.6,53.8,3385,ohc,eight,85,mpfi,2.7,,9.8,163,5351,36,39,1000000,Red,1990,2,4.9
V0918,-2,228,audi,gas,std,four,hatchback,fwd,front,103.4,173.5,61.3,55.0,2247,ohc,two,75,2bbl,3.01,3.28,15.5,207,6096,46,52,34778,Brown,1990,5,4.6
V0919,3,73,subaru,gas,std,two,sedan,rwd,front,91.8,175.8,63.1,57.8,1614,dohc,six,279,2bbl,3.86,2.28,22.1,191,5791,25,32,28817,Grey,1985,4,3.1
V0920,0,108,toyota,gas,std,two,hatchback,rwd,front,113.3,149.6,70.4,49.5,2991,ohc,four,70,4bbl,2.61,3.4,10.5,,5551,42,47,17238,Black,1982,3,4.4
V0921,1,81,nissan,gas,turbo,,sedan,rwd,front,110.1,184.1,63.0,56.3,2657,ohc,four,69,1bbl,3.81,2.92,14.9,282,5999,42,48,19862,Silver,1989,3,2.5
V0922,0,207,volkswagen,diesel,std,four,hatchback,rwd,front,98.4,174.1,67.1,58.1,2048,ohc,five,210,1bbl,2.61,2.12,10.7,204,6319,30,33,22926,Grey,1982,2,1.8
V0923,0,135,audi,gas,std,four,sedan,rwd,front,88.0,174.1,-64.9,54.7,2343,l,three,281,2bbl,3.04,3.37,7.9,135,6063,29,37,45400,White,1988,3,3.5
V0924,-3,,nissan,gas,turbo,four,hatchback,rwd,front,114.0,197.7,67.8,51.2,1841,dohc,four,163,mpfi,3.23,3.74,22.1,174,5393,35,39,20677,Silver,1984,3,3.7
V0925,1,233,plymouth,gas,std,four,hatchback,rwd,rear,88.8,151.8,62.1,49.8,3186,dohc,two,212,idi,3.72,2.76,22.1,,4228,31,35,21595,Blue,1985,5,1.7
V0926,-1,184,  audi,gas,std,two,sedan,rwd,front,106.8,181.1,71.4,59.2,3158,ohc,eight,270,idi,3.21,3.38,20.8,274,5955,26,32,30207,White,1990,2,3.3
V0927,2,128,dodge,gas,std,four,sedan,fwd,front,106.4,148.5,69.6,51.5,1655,dohc,two,258,mpfi,3.91,2.83,19.0,157,4286,30,33,20519,Red,1986,5,3.0
V0928,3,228,saab,gas,std,four,hardtop,rwd,front,87.4,180.4,71.3,57.1,3643,l,twelve,252,1bbl,3.47,3.3,12.4,130,4708,21,29,35995,Brown,1990,3,1.7
V0929,1,216,toyota,gas,std,four,hardtop,rwd,front,115.3,186.7,67.8,52.9,2125,ohc,four,95,mpfi,2.66,2.89,7.5,172,5409,44,48,16368,Green,1984,4,3.9
V0930,-3,109,audi,diesel,std,four,sedan,rwd,front,97.5,188.6,71.2,54.8,2988,dohc,twelve,267,2bbl,3.47,,10.1,242,6204,22,30,45400,Red,1984,5,1.8
V0931,0,,nissan,gas,std,two,hardtop,rwd,front,92.4,152.3,65.3,49.1,2827,ohc,two,167,4bbl,3.09,2.97,10.7,75,5610,34,38,15962,Silver,1986,2,2.8
V0932,1,107,mazda,gas,std,four,sedan,fwd,front,90.1,166.2,64.5,58.7,3263,ohc,four,323,2bbl,2.6,,20.6,65,5593,24,20,24191,White,1981,2,4.0
V0933,1,185,toyota,gas,std,four,sedan,rwd,front,90.7,148.2,64.9,57.8,2597,ohcv,three,78,mpfi,3.87,3.31,19.2,278,,44,50,19658,Red,1985,5,1.9
V0934,0,113,chevrolet,gas,turbo,two,convertible,rwd,front,118.0,188.0,62.5,56.0,2786,ohc,twelve,117,2bbl,3.66,3.51,17.7,243,5553,34,38,,Blue,1980,3,1.6
V0935,-1,116,audi,gas,std,four,sedan,fwd,front,89.8,197.7,61.4,51.8,1763,dohc,eight,279,mpfi,,3.44,11.8,253,5378,29,37,45400,Red,1984,5,3.1
V0936,-2,238,toyota,gas,std,four,sedan,fwd,front,106.4,156.7,64.8,59.1,3228,rotor,four,152,mpfi,3.8,3.64,22.9,193,6401,29,32,20767,Red,1987,1,1.2
V0937,1,176,nissan,gas,std,four,sedan,fwd,rear,90.0,194.4,69.0,49.9,2932,ohcf,eight,124,2bbl,,3.59,18.0,192,4536,38,41,18604,Black,1985,3,3.2
V0938,-3,186,bmw,gas,turbo,four,sedan,rwd,front,-98.3,158.6,64.1,55.7,1941,ohc,four,153,mpfi,3.5,3.07,12.8,226,5712,32,37,45400,White,1990,1,1.9
V0939,-2,235,honda,diesel,std,four,hatchback,rwd,front,-90.3,154.9,62.0,56.5,1992,l,six,271,2bbl,3.27,2.65,17.6,267,4747,26,32,28079,Green,1990,2,3.0
V0940,-2,146,toyota,gas,std,,sedan,rwd,front,88.8,154.0,60.8,51.5,50000,ohc,six,108,1bbl,3.41,3.14,20.2,146,4461,500,40,17732,Red,1989,3,1.7
V0941,0,203,honda,gas,std,,sedan,rwd,rear,109.6,181.0,67.3,58.7,3988,ohc,four,196,mpfi,3.14,4.14,17.6,54,5027,30,33,19511,Green,1981,1,2.6
V0942,-2,,toyota,gas,turbo,,hatchback,fwd,rear,118.1,175.2,67.9,56.9,2684,ohc,four,139,1bbl,3.47,3.51,20.8,93,5598,37,40,16701,Brown,1985,2,2.5
V0943,0,85,plymouth,diesel,std,,hatchback,rwd,front,113.0,185.5,66.3,54.8,3675,dohc,four,120,spdi,3.84,2.89,18.6,93,6382,33,36,15411,Silver,1983,4,1.1
V0944,1,176,nissan,gas,turbo,two,hardtop,rwd,front,115.9,149.5,60.4,50.6,2695,ohc,four,316,mpfi,3.8,2.71,11.6,249,5483,22,29,29503,Silver,1981,2,3.1
V0945,3,68,audi,gas,std,four,sedan,fwd,front,110.2,202.8,61.9,56.3,2216,dohc,two,226,1bbl,3.61,3.25,16.3,218,5859,34,39,45400,Blue,1980,4,1.6
V0946,-1,113,saab,gas,std,four,hatchback,rwd,front,92.7,177.1,66.6,56.5,2400,l,three,213,2bbl,3.55,2.96,13.1,106,,33,38,29457,Brown,1981,1,4.2
V0947,-1,136,mercedes-benz,gas,std,four,sedan,4wd,front,111.3,200.4,64.9,49.1,3422,ohc,four,77,2bbl,3.72,2.57,8.9,62,4867,40,44,34685,Silver,1985,5,2.5
V0948,3,201,mazda,gas,std,four,sedan,rwd,front,112.1,177.2,60.5,56.5,1536,ohcv,two,160,mpfi,3.09,3.64,8.9,195,5137,34,37,19771,Black,1989,4,2.2
V0949,2,181,subaru,gas,std,four,sedan,fwd,front,98.5,193.9,70.5,54.7,3629,ohc,six,282,1bbl,2.58,3.26,7.4,132,4554,21,27,26350,Green,1984,3,4.3
V0950,1,66,toyota,gas,turbo,four,sedan,rwd,front,101.5,187.0,62.8,56.4,3072,ohc,eight,304,idi,3.53,3.11,18.3,168,5329,17,23,26274,White,1983,3,1.6
V0951,-3,,plymouth,gas,turbo,four,hatchback,fwd,front,101.8,164.7,67.3,53.4,4032,ohc,six,282,2bbl,3.67,2.74,200,93,5959,19,24,21688,Brown,1984,5,3.1
V0952,-2,129,toyota,gas,std,four,hatchback,fwd,front,95.2,143.4,67.7,48.5,3921,dohc,five,123,1bbl,2.71,,9.1,216,6468,31,34,22580,Silver,1990,1,3.6
V0953,2,164,plymouth,gas,std,two,hardtop,rwd,front,114.5,172.6,69.0,49.3,3575,ohc,six,200,2bbl,3.56,3.84,14.9,108,,30,34,18555,Black,1988,3,2.4
V0954,-1,239,mercedes-benz,gas,std,four,hardtop,fwd,front,117.0,176.3,62.3,54.2,1494,ohcv,four,172,mpfi,3.06,2.16,21.4,179,5554,38,45,45400,Brown,1986,4,4.6
V0955,-2,162,nissan,diesel,std,two,sedan,fwd,front,95.2,203.0,65.6,58.1,3742,ohc,two,68,mfi,3.84,3.85,9.7,172,,37,43,15813,White,1986,3,4.7
V0956,-2,,volkswagen,gas,turbo,four,hatchback,fwd,front,99.4,207.2,67.0,52.2,2078,ohc,eight,317,mpfi,2.59,3.57,19.9,180,6021,21,28,,Brown,1985,2,2.6
V0957,0,121,honda,gas,std,two,hatchback,rwd,front,89.1,187.2,71.0,48.3,1899,ohcf,three,223,mpfi,3.32,3.83,17.0,210,,30,34,24805,Grey,1984,4,1.6
V0958,2,71,volvo,gas,std,four,sedan,fwd,rear,106.4,167.4,70.9,52.1,2926,ohc,six,323,2bbl,3.18,2.42,17.9,101,5362,24,29,45338,Green,1989,1,3.4
V0959,-3,,toyota,gas,turbo,two,sedan,rwd,front,95.6,144.7,66.7,57.6,2969,dohc,six,172,2bbl,3.64,2.3,17.3,214,5462,31,39,23545,Blue,1988,5,3.6
V0960,2,250,volvo,diesel,turbo,four,sedan,rwd,rear,106.2,185.8,62.6,57.7,-100,ohcv,three,161,idi,2.82,2.69,8.0,163,5074,32,35,34815,Black,1990,3,4.3
V0961,-3,225,subaru,gas,std,four,wagon,rwd,front,112.3,200.4,69.4,58.4,2125,ohcv,twelve,87,1bbl,2.9,3.29,11.6,210,6061,45,50,19754,White,1983,4,2.4
V0962,0,189,nissan,gas,turbo,two,sedan,fwd,front,120.4,197.3,65.0,56.4,2676,ohcv,twelve,230,2bbl,3.31,2.59,7.2,264,4232,32,35,27284,White,1984,3,1.1
V0963,2,,bmw,gas,std,two,sedan,rwd,front,101.6,203.1,60.8,49.0,3996,ohc,four,310,mpfi,2.55,4.01,18.3,199,5312,20,28,45400,Black,1990,3,3.1
V0964,0,76,bmw,gas,std,four,sedan,4wd,front,89.6,198.5,66.2,59.7,3911,ohc,six,68,1bbl,3.57,2.59,12.2,196,5060,35,42,43642,White,1987,5,1.1
V0965,-3,244,bmw,gas,std,four,wagon,fwd,front,91.1,156.0,67.4,58.5,1903,ohc,four,99,1bbl,3.81,2.76,11.6,286,5540,40,45,45400,White,1990,4,2.7
V0966,2,231,mazda,gas,std,four,hatchback,rwd,front,90.1,175.4,68.2,57.9,3020,dohc,eight,205,mpfi,2.69,2.2,22.8,211,5481,29,34,,Silver,1982,5,4.1
V0967,2,99,mazda,gas,std,four,sedan,fwd,front,113.7,161.7,66.4,51.7,1513,ohc,six,263,1bbl,3.4,2.13,9.8,132,5534,32,38,21310,Red,1990,4,4.6
V0968,0,139,dodge,gas,turbo,four,sedan,rwd,front,87.0,193.2,64.9,51.5,1656,ohc,eight,228,2bbl,2.85,2.18,18.7,148,5975,35,38,18997,Green,1982,2,2.3
V0969,0,126,porsche,gas,turbo,two,sedan,fwd,front,92.7,176.5,64.1,49.0,2127,ohc,three,182,1bbl,3.62,4.01,13.8,150,5173,35,39,45400,Silver,1990,3,3.8
V0970,-1,241,volkswagen,gas,std,four,convertible,rwd,front,116.4,191.3,69.6,49.2,3271,ohcv,four,153,mpfi,2.74,4.02,19.9,93,4457,31,35,16326,White,1984,2,3.4
V0971,1,180,chevrolet,diesel,std,two,hatchback,rwd,front,120.2,198.5,68.2,49.5,3527,ohc,eight,281,2bbl,3.58,,22.3,211,4592,21,29,26346,Brown,1988,2,2.1
V0972,-3,234,mazda,diesel,std,four,hatchback,fwd,front,105.8,205.5,60.3,51.1,2388,ohc,two,177,2bbl,2.86,3.84,19.2,195,4891,31,39,,Grey,1987,1,2.5
V0973,2,206,toyota,gas,std,two,sedan,rwd,front,89.2,204.2,72.0,51.9,4001,l,three,281,4bbl,,3.94,9.5,73,5506,19,23,23576,Grey,1988,3,3.6
V0974,-1,122,plymouth,gas,std,two,hardtop,fwd,front,90.0,176.4,67.2,59.5,2114,ohcv,two,209,idi,2.55,2.59,22.0,173,5205,28,36,17997,Brown,1990,2,2.9
V0975,-1,,dodge,gas,std,two,hatchback,fwd,front,120.5,189.7,72.0,54.4,3212,ohc,two,69,mpfi,3.75,3.36,12.2,210,5396,39,45,15214,White,1982,2,2.0
V0976,-1,235,nissan,gas,std,four,hatchback,rwd,front,107.1,160.9,66.4,53.0,1956,l,two,171,2bbl,3.78,2.94,-1,150,5853,32,37,19757,Silver,1982,4,1.3
V0977,3,184,volkswagen,gas,std,four,sedan,fwd,front,112.4,146.6,70.9,52.1,2989,ohcf,four,202,2bbl,3.41,3.45,18.1,62,5252,31,37,,Silver,1980,1,2.4
V0978,2,193,toyota,gas,std,,sedan,fwd,front,113.7,196.8,63.4,52.8,2956,l,five,195,2bbl,3.67,3.52,16.7,135,4320,26,31,19705,Brown,1989,5,2.3
V0979,2,,audi,diesel,std,four,wagon,fwd,front,117.1,162.1,70.9,52.4,2095,dohc,four,312,2bbl,3.8,4.06,18.6,65,5991,25,29,45400,Silver,1980,4,2.0
V0980,3,216,nissan,gas,turbo,two,sedan,4wd,front,113.3,142.8,72.2,59.0,3218,ohc,two,306,mpfi,3.23,2.2,16.6,63,5964,17,23,23794,White,1983,2,1.5
V0981,1,70,peugot,gas,std,four,wagon,rwd,front,100.4,156.4,68.4,51.9,2253,ohc,twelve,72,1bbl,3.2,2.72,19.7,268,,46,53,,Green,1981,3,2.0
V0982,1,226,dodge,gas,std,four,sedan,rwd,front,109.9,162.8,63.1,57.1,2457,ohc,five,257,idi,,2.21,16.8,77,4303,24,30,19136,Green,1982,3,1.4
V0983,1,193,saab,gas,std,two,sedan,rwd,front,101.0,143.2,60.7,52.6,3783,dohc,four,194,idi,,3.33,20.8,283,4982,27,32,39675,Grey,1985,4,4.6
V0984,1,,volkswagen,gas,std,two,hatchback,fwd,front,106.9,180.5,63.6,54.4,3353,ohc,four,206,1bbl,3.39,2.91,13.0,159,5910,31,38,23224,Silver,1980,4,3.8
V0985,-1,113,mazda,gas,turbo,two,wagon,4wd,front,99.7,194.1,70.0,56.6,1493,ohcv,four,237,mpfi,3.51,3.11,7.3,72,5087,34,37,18460,Red,1985,5,2.3
V0986,1,203,mercedes-benz,gas,std,four,hardtop,rwd,front,91.8,146.0,68.1,59.0,1785,dohcv,four,264,mfi,3.6,4.08,15.9,184,5249,27,33,45400,Silver,1988,1,4.8
V0987,-2,120,mercedes-benz,gas,std,two,hatchback,rwd,front,89.6,169.4,60.7,50.4,3557,dohc,eight,275,mpfi,3.36,3.77,7.1,254,4803,24,29,45400,Brown,1985,1,1.4
V0988,-3,178,TOYOTA ,gas,std,four,wagon,rwd,front,120.8,183.5,66.2,53.5,3722,ohcv,four,75,1bbl,3.54,3.55,9.8,265,,34,40,36118,Grey,1980,3,1.4
V0989,0,246,bmw,gas,std,four,hatchback,4wd,front,92.5,152.3,63.8,50.0,3335,dohc,five,65,2bbl,2.81,2.88,16.0,215,,41,49,45400,Green,1987,2,1.3
V0990,-2,133,mitsubishi,gas,turbo,four,sedan,fwd,front,117.9,174.8,65.0,50.0,2794,dohc,four,204,mpfi,3.93,,19.3,107,4803,27,31,19334,Blue,1980,2,3.3
V0991,1,112,nissan,gas,std,two,sedan,rwd,front,86.8,163.5,64.2,58.3,0,ohc,two,210,2bbl,2.88,3.44,20.8,258,5688,27,34,26576,Silver,1981,1,2.5
V0992,2,90,porsche,gas,std,four,sedan,fwd,front,118.3,181.1,71.7,53.0,3511,ohcf,six,77,1bbl,3.55,3.8,15.6,282,4662,40,46,45400,Brown,1983,3,4.1
V0993,1,191,audi,gas,std,,sedan,fwd,front,108.2,149.2,66.9,52.5,4065,ohc,four,205,idi,3.1,2.92,20.9,200,5669,24,27,45400,White,1986,4,1.0
V0994,2,220,volvo,gas,std,four,sedan,rwd,front,106.7,166.7,67.3,58.0,2676,ohc,two,101,spdi,2.67,3.58,21.2,254,4726,36,43,37650,Grey,1985,4,4.1
V0995,3,115,peugot,gas,turbo,four,sedan,rwd,front,116.6,189.4,64.1,51.9,2633,ohcf,two,136,1bbl,3.16,2.5,15.7,,5961,37,45,21000,Brown,1981,1,3.1
V0996,3,72,volvo,diesel,std,four,hatchback,fwd,front,108.8,169.8,62.5,48.3,2936,ohc,four,112,idi,3.89,3.99,14.3,159,5138,37,44,32311,Green,1990,5,4.4
V0997,0,114,toyota,gas,std,four,sedan,fwd,front,113.1,175.1,70.1,53.1,4036,ohc,eight,122,idi,,2.68,12.6,94,6567,37,41,15916,Blue,1989,3,4.8
V0998,-2,170,dodge,gas,std,four,sedan,rwd,front,106.2,144.8,63.4,50.0,3148,dohc,eight,70,spdi,3.56mm,3.79,22.2,103,5989,42,48,12044,Blue,1989,2,3.5
V0999,-2,186,volkswagen,gas,turbo,four,hardtop,fwd,front,101.4,188.6,69.9,58.0,2378,dohc,six,211,idi,3.22,3.36,16.3,145,,32,35,0,Red,1985,5,4.2
V1000,1,78,honda,gas,std,four,hatchback,fwd,front,102.2,143.8,67.6,54.4,1862,ohcv,three,93,spdi,2.73,2.71,10.3,110,6548,44,50,13426,Silver,1990,1,1.8
V1001,0,,mazda,gas,std,four,wagon,rwd,front,112.5,143.7,66.4,56.5,2028,ohc,twelve,132,mpfi,3.27,4.04,10.8,241,5625,39,44,19829,Green,1987,4,3.2
V1002,3,90,toyota,diesel,std,four,hatchback,rwd,front,100.7,164.7,66.8,-54.1,2863,ohc,four,280,2bbl,3.31,2.41,14.0,120,5941,24,32,25131,Brown,1981,1,3.6
V1003,-3,241,dodge,diesel,std,four,sedan,rwd,front,103.5,142.8,69.3,54.2,2015,ohcv,six,94,4bbl,3.78,3.52,14.5,130,4462,38,44,14931,Blue,1985,1,2.9
V1004,1,155,mercedes-benz,gas,std,two,sedan,rwd,front,101.2,176.9,64.4,59.7,3651,dohc,four,290,mfi,3.48,3.92,15.4,105,4866,17,22,$45400,Brown,1986,4,2.5
V1005,-2,141,subaru,gas,std,four,hatchback,fwd,front,116.5,166.9,72.1,-50.2,1743,dohcv,four,289,2bbl,3.37,3.34,22.3,68,,26,29,22511,Brown,1987,1,2.0
V1006,0,148,audi,gas,std,two,sedan,fwd,front,109.9,-168.2,62.3,53.4,2010,dohcv,eight,262,2bbl,3.47,2.25,13.9,269,6041,26,29,45400,Black,1985,3,4.0
V1007,0,194,volkswagen,gas,std,two,hardtop,fwd,front,115.1,174.5,60.6,49.9,-100,dohc,four,110,idi,3.47,3.16,14.9,167,4977,34,42,,Silver,1985,5,3.2
V1008,-1,148,volvo,gas,std,four,hardtop,fwd,front,88.7,198.8,66.3,58.6,3610,ohcv,four,68,2bbl,2.54,3.21,8.3,263,4850,36,40,37352,Grey,1981,4,3.7
V1009,-2,136,toyota,gas,turbo,four,convertible,rwd,front,108.8,166.9,70.1,49.2,2260,ohc,six,124,2bbl,,2.94,14.0,67,4156,36,41,14847,Black,1980,2,4.2
V1010,-2,104,honda,gas,std,two,hatchback,rwd,front,116.7,165.4,69.3,59.2,1681,ohc,twelve,191,mpfi,,3.44,12.4,,4956,31,34,16987,Brown,1987,3,4.1
V1011,0,197,honda,gas,std,four,sedan,fwd,front,103.9,156.2,67.8,51.8,3285,ohc,six,186,1bbl,2.94,2.41,15.8,129,4382,27,35,19279,Blue,1989,2,3.9
V1012,-3,163,mercedes-benz,diesel,std,four,sedan,rwd,front,108.8,155.8,72.0,53.0,2964,ohcv,six,204,mpfi,3.13,3.08,21.8,101,4554,32,36,45400,Red,1989,2,3.6
V1013,0,201,volvo,gas,std,four,sedan,fwd,front,97.2,168.3,67.5,56.0,3930,ohcv,six,314,1bbl,2.63,2.53,9.2,,4150,16,24,45400,Silver,1989,5,2.8
V1014,0,212,honda,gas,turbo,four,sedan,fwd,front,120.4,174.0,66.8,51.1,2866,dohc,five,72,1bbl,,4.0,22.5,232,,38,41,18975,White,1985,2,3.2
V1015,-1,,jaguar,gas,turbo,four,sedan,rwd,front,97.1,187.2,61.8,56.5,3834,ohc,twelve,77,mpfi,,3.77,16.8,211,6466,34,40,45400,White,1985,3,1.7
