,ObservationID,Date,Location,MinTemp,MaxTemp,Rainfall,Evaporation,Sunshine,WindGustDir,WindGustSpeed,WindDir9am,WindDir3pm,WindSpeed9am,WindSpeed3pm,Humidity9am,Humidity3pm,Pressure9am,Pressure3pm,Cloud9am,Cloud3pm,Temp9am,Temp3pm,RainToday,UVIndex,Visibility_km,DewPoint,RainTomorrow
0,W0001,2021-05-21,Adelaide,-0.0761268227139507,-0.861704971959859,-0.01117654000252082,-0.04358857428550549,-0.9897189503683651,S,1.0450807514186522,WSW,NW,1.8457424097611934,2.1757894261116926,2.036185849161061,0.8454186993498343,-2.112082413305719,-2.538754158526403,0.7920447391076386,0.7891650524206958,-0.06465483129008955,-0.6504612323025641,Yes,-0.09809427057321506,-0.7119508631589919,0.6255589041735161,Yes
1,W0002,2022-04-26,Adelaide,0.020098239620619462,-1.2780543422979807,-0.19899422381972226,1.2992319610115803,0.4586098275670907,SW,-1.3663442951092848,SSW,N,-0.7179641190210321,0.2236613122270904,-1.1433151434778104,0.4275354777405742,0.5861599996880511,0.4632349722175523,-0.626647161235161,-0.13953353100771732,-0.4589660555957454,-1.0408393686026214,No,1.2206565192521275,1.0380413699045625,3.078561957038863e-16,No
2,W0003,2019-11-19,Perth,0.7514087133633525,0.5608220433620551,0.5522765114490822,0.26266874078225105,0.08078492897523287,WNW,-0.23155603791966745,ESE,NW,-0.557732460972143,-0.9964187589507859,-0.507414944950036,-0.036779212936381436,1.5362453563760148,1.4150851844046677,-0.15374986112089445,-0.13953353100771732,0.42354001785024553,0.5561620980794317,No,1.5503442167084631,0.8980419912594777,1.1108202710630186,No
3,W0004,2015-07-22,Melbourne,-1.1538475208611365,-0.029006231283616374,-1.5512815473035702,0.6631590758708553,0.6160368686470316,NNE,-0.5861773682914229,NE,E,0.1633100002478579,-0.8337414161270691,-1.5672486091629931,-1.1975659396287706,1.440162663566221e-14,-0.14692542021008037,-0.626647161235161,-0.13953353100771732,-0.6655100302320411,-0.774672457488946,Yes,-1.4168450603985576,-1.5908358513197993,-1.3328173264876895,No
4,W0005,2017-08-28,Newcastle,-0.3263119847838329,-0.4280077111909827,1.378674320244767,-0.23205461432720167,0.6160368686470316,NNE,-0.08970750577096526,ENE,ESE,-0.4776166319476985,-0.5083867304796353,-0.7723733610032752,-0.6868197798841194,1.440162663566221e-14,0.03002109359392478,-0.15374986112089445,0.3248157607064892,-0.40263588069493733,-0.7214390752662108,Yes,-0.42778196802955065,0.4702661120661645,-1.0901866430429386,No
5,W0006,2022-04-06,Darwin,1.7521493616428827,2.330306867299071,-0.12386715029284176,-1.1743848145356828,-0.7063502764244715,SSE,-0.5152531022170718,ESE,W,-1.5191224092654776,-0.020354702008484854,-1.5672486091629931,0.009652256131314126,0.6241634139555777,1.0123793254024218,-1.572441761463694,-1.532581406150337,2.188552164742228,2.188652486243308,No,-0.7574696654858862,-1.4663919591908352,1.6307431641589138,No
6,W0007,2020-06-20,Canberra,-1.384787670464105,-1.902578397805162,-0.2741212973466028,-0.5147536743897461,1.0883179918868542,NE,0.2649138246007902,SW,SSW,-1.278774922192144,-1.7284668016575118,0.7113937688948647,-0.6403883108164238,-0.3512575522440559,1.0611921567966296,-1.0995444613494274,0.7891650524206958,-1.69822990341352,-1.7151288767572659,No,0.8909688217957918,0.7891535856466345,-2.0087170875123537,No
7,W0008,2018-07-04,Hobart,-1.461767720331761,-0.3933119303294727,0.17664114381467996,0.003527935724918602,-1.2101168078802822,SE,2.6763388711287273,ESE,NNW,1.044584119516748,0.3049999836389488,1.029343868158752,0.2882410705374875,-1.9093975372122869,-1.1719948794885005,-0.15374986112089445,1.2535143441349024,-1.2288117792401205,-1.3247507404572088,Yes,1.5503442167084631,1.3024846406786106,3.078561957038863e-16,Yes
8,W0009,2019-07-25,Townsville,1.1170639502347195,0.07508111130091356,-1.175646179669168,1.6054892760793364,-0.17109833675267244,NE,-0.37340457006836963,ESE,E,0.323541658296747,-1.5657894588337948,-1.4612652427416974,-1.1047030014933794,1.440162663566221e-14,1.45169480795032,-1.572441761463694,0.7891650524206958,1.0243952167921975,0.44969533363396186,No,0.5612811243394562,-0.43972984912688345,1.3187894283013766,No
9,W0010,2018-09-26,Adelaide,-0.30706697231691893,-1.3300980135902452,-0.01117654000252082,-1.3864091095825908,-0.42298160248057776,WSW,2.5344903389800253,S,WSW,2.246321554883416,1.28106404058125,0.8173771353161604,2.0526368951099188,1.440162663566221e-14,-0.9645403460631137,0.7920447391076386,2.1822129275633153,-0.740616930099785,-0.9166281434162397,No,1.2206565192521275,-1.5286139052553176,-0.5356022237406499,Yes
10,W0011,2016-03-26,Sydney,-0.3648020097176612,-0.3933119303294727,0.17664114381467996,-1.457083874598227,-2.0287374214959746,NE,2.7472631372030785,NNE,ESE,-0.3173849738988094,-0.427048059067777,0.9763521849481039,0.2882410705374875,-2.213424851352442,-2.099438675978505,1.7378393393361715,1.7178636358491088,-0.3463057057941292,-0.47301662489344715,No,-0.09809427057321506,0.6569319502596107,-0.18898696167671974,Yes
11,W0012,2018-03-27,Perth,-0.44178205958531735,0.7343009476696056,-0.19899422381972226,-0.6561032044210181,-0.9582335421523768,NNE,-1.437268561183636,NW,SE,0.08319417122341337,0.7930320121100993,-1.1963068266884582,0.38110400867287864,0.06678000469863599,0.03002109359392478,-0.15374986112089445,0.7891650524206958,-0.045878106323153964,0.21901734400210962,No,1.5503442167084631,-1.5752803648036788,-0.9515405382173663,No
12,W0013,2022-07-29,Perth,0.03934325208753343,-0.2371809164526775,0.17664114381467996,1.204998940990732,0.3641536029191265,W,-1.5791170933323382,N,WSW,-0.9583116060943657,-0.5897254018914938,0.5524187192629211,0.4275354777405742,1.0295331661424418,-0.1957382516042882,-0.15374986112089445,-0.13953353100771732,0.06678224347846218,-0.49076108563435844,No,-1.746532757854893,-0.43972984912688345,-0.29297154029589906,No
13,W0014,2022-09-12,Newcastle,-0.865172333857426,-0.6708781772215537,0.47714943792220166,1.4170232360376405,-0.5804086435605186,NNW,-1.2954200290349338,S,NNE,-1.5191224092654776,-0.5083867304796353,-0.8253650442139232,0.05608372519900969,-0.7439594996750778,0.6218766742487313,0.7920447391076386,-0.13953353100771732,-0.9659376297030167,-0.6859501537843874,No,-1.746532757854893,-0.17528657835283537,-1.1421789323525278,No
14,W0015,2021-02-24,Darwin,1.1940440001023753,2.4343942098836,-0.499502517927244,0.30978525079267494,-1.178631399664294,WNW,1.0450807514186522,W,WNW,-0.07703748682547573,-0.427048059067777,1.665244066686526,0.9382816374852254,-0.6806204758958811,-1.403855828611012,0.7920447391076386,1.2535143441349024,1.9069012902381883,1.9402300358705447,Yes,0.5612811243394562,-0.04306494296581131,3.078561957038863e-16,Yes
15,W0016,2020-10-28,Cairns,0.9246138255655791,1.4976081266228276,-1.1005191061422877,0.1448774657561909,-0.5804086435605186,NE,-0.30248030399401854,NW,W,0.1633100002478579,0.4676773264626657,-0.6663899945819796,-1.0118400633579883,1.440162663566221e-14,-0.20794145945284365,-1.572441761463694,-0.13953353100771732,1.7566874905027003,1.3369183706795469,No,1.5503442167084631,1.520261451904297,0.4349205100383543,No
16,W0017,2017-03-25,Darwin,1.5019641995730002,1.653739140499623,-1.1005191061422877,-0.8681274994679263,0.23821197005517372,WSW,-0.30248030399401854,SSE,WNW,-0.7179641190210321,0.8743706835219578,-0.6663899945819796,-0.7796827180195104,-0.5159390140699613,0.20696760739794381,0.31914743899337206,-0.6038828227219238,1.1746090165276848,1.7805298892023396,No,0.5612811243394562,0.2758225306146587,1.0068356924438393,No
17,W0018,2019-07-30,Darwin,1.2132890125692897,1.0639108658539513,-0.048740076765961246,0.09776095574576679,-1.6823979311201047,SSW,-2.5197361024123344e-16,N,NW,0.6440049743945252,-0.1830320448322017,1.5592607002652303,0.7061242921467475,-0.47793559980244915,-2.4899413271321955,1.7378393393361715,1.7178636358491088,1.4750366159986605,0.9997736166022243,Yes,-1.087157362942222,-0.28417498396567864,0.5215743255543368,Yes
18,W0019,2021-05-20,Sydney,0.1548133268890179,0.0,0.17664114381467996,-1.1743848145356828,-0.7693210928564478,NE,1.683399146087812,NE,ESE,-0.07703748682547573,-0.3457093876559185,0.9233605017374561,0.7525557612144431,-2.1500858275732457,-0.8547114754261426,0.31914743899337206,2.1822129275633153,0.06678224347846218,-0.22459417452068292,Yes,-1.4168450603985576,-0.7741728092234739,0.41758974693515816,Yes
19,W0020,2016-02-13,Cairns,1.4249841497053437,0.751648838100361,-1.4761544737766898,-1.480642129603439,1.3716866658307478,W,0.12306529245208801,SW,NNW,0.003078342198968814,-0.5083867304796353,-1.302290193109754,-0.083210682004077,1.4855741373526459,0.03002109359392478,0.31914743899337206,-0.6038828227219238,1.5313667908994688,0.6448844017839902,Yes,-1.746532757854893,0.42359965251780346,2.0293507155324337,No
20,W0021,2017-06-02,Cairns,1.540454224506828,0.2138642347469541,0.852784805556604,0.42757652581873506,1.5605991151266767,NE,0.33583809067514125,WNW,NNW,0.003078342198968814,-0.6710640733033523,-0.4014315785287403,0.7525557612144431,0.8395160948048376,1.0489889489480742,0.7920447391076386,-1.532581406150337,1.2684926413623645,0.39646195141122664,No,0.8909688217957918,1.4113730462914538,0.816197298308678,No
21,W0022,2022-06-17,Perth,0.6359386385618687,0.14447267302393413,0.17664114381467996,0.26266874078225105,0.0,WNW,-1.0826472308118806,SSE,WSW,-0.07703748682547573,-0.10169337342034328,0.7643854521055126,-0.17607362013946812,0.5354887806646967,0.2435772309435962,-0.15374986112089445,-1.0682321144361304,0.12311241837927026,0.5029287158566965,Yes,1.5503442167084631,0.49359934184034554,0.48691279934794396,No
22,W0023,2019-05-12,Townsville,1.6559242993083125,0.24856001560846408,-0.19899422381972226,-1.2450595795513189,-1.3990292571762113,NW,2.1798690086082697,SSW,SE,-0.07703748682547573,1.5250800548168253,1.0823355513693997,1.820479549771441,-2.669465822562646,-1.782155271916133,2.210736639450438,0.3248157607064892,1.2121624664615571,0.43195087289304995,Yes,-0.42778196802955065,-0.9997273637072209,2.1333352941516126,Yes
23,W0024,2022-04-01,Canberra,-1.3270526330633627,-0.9484444241136343,-1.6264086208304507,1.0165329009490358,-0.07664211210470799,NE,-0.37340457006836963,W,S,-0.6378482899965876,-0.427048059067777,0.6584020856842168,-1.0582715324256837,0.8015126805373254,0.19476439954938837,-0.15374986112089445,0.7891650524206958,-1.2288117792401205,-0.8988836826753277,No,0.23159342688312057,-1.0386160799975221,-1.7314248778612094,No
24,W0025,2015-11-04,Cairns,1.578944249440656,1.3588250031767877,-0.19899422381972226,0.6631590758708553,0.17524115362319734,NE,-1.0117229647375294,SW,WSW,0.40365748732119155,-0.7524027447152106,-0.4014315785287403,-0.4546624345456415,0.8395160948048376,1.4028819765560983,0.31914743899337206,0.7891650524206958,1.155832291560749,0.9997736166022243,No,0.5612811243394562,0.9835971670981405,2.2893121620803814,No
25,W0026,2022-07-29,Sydney,-0.7881922839897697,-0.11574568343739164,-1.175646179669168,-0.020030319280293342,0.0,NE,-0.8698744325888272,WSW,NW,-0.6378482899965876,1.118386697757533,-0.878356727424571,0.19537813240209637,0.6875024377347744,0.03002109359392478,-1.0995444613494274,-0.13953353100771732,-0.5528496804304253,-0.31331647822524145,Yes,1.2206565192521275,-1.551947135029498,3.078561957038863e-16,No
26,W0027,2015-03-20,Darwin,1.0785739253008915,1.6710870309303782,-0.349248370873483,-1.5042003846086511,-0.23406915318464885,E,-1.2954200290349338,NNE,ENE,-0.6378482899965876,-1.1590961017745027,0.23446861999903396,-1.3368603468318572,0.028776590431123777,0.3900157251262336,0.7920447391076386,-0.13953353100771732,1.9256780152051238,1.0884959203067828,No,-1.087157362942222,-0.6808398901267511,0.27894364210958594,No
27,W0028,2020-11-01,Cairns,1.4442291621722578,0.6996051668080957,-1.1005191061422877,0.5218095458395833,0.2696973782711618,E,0.12306529245208801,SSW,NE,0.08319417122341337,0.3049999836389488,-1.249298509899106,-0.6403883108164238,0.7381736567581287,-0.17133183590719123,-0.626647161235161,-1.532581406150337,1.399929716130917,0.9820291558613129,No,-0.7574696654858862,0.7347093828402131,0.6948819565863019,No
28,W0029,2020-04-22,Wollongong,-0.6727222091882856,-0.9310965336828796,-1.175646179669168,-1.1743848145356828,-2.0917082379279512,NW,2.9600359354261316,SSE,ENE,2.326437383907861,-0.020354702008484854,0.3404519864203297,1.1240075137560077,-1.8967297324564591,-0.7204761890920607,0.31914743899337206,0.7891650524206958,-0.9096074548022086,-0.5262500071161818,Yes,1.5503442167084631,-1.6841687704165225,0.05364372176803117,Yes
29,W0030,2015-01-07,Perth,0.5012235512934706,0.821040399823381,1.6040555408254085,-1.5042003846086511,0.23821197005517372,ENE,-1.437268561183636,NE,WNW,-1.278774922192144,-0.020354702008484854,0.0754935703670904,0.5203984158759654,-0.3639253569998981,1.207630650979267,-1.572441761463694,-0.6038828227219238,0.2733262181147582,0.7158622447476374,Yes,-0.42778196802955065,1.4580395058398155,0.10563601107762083,Yes
30,W0031,2019-08-25,Darwin,1.2132890125692897,0.7863446189618709,2.9563428643092564,1.2756737060063679,-1.6194271146881285,E,-2.5197361024123344e-16,SSW,S,0.8843524614678588,0.142322640815232,2.089177532371709,1.4490277972298766,-2.4794487512250565,-2.319096417252461,0.7920447391076386,1.2535143441349024,1.4374831660647889,0.48518425511578517,Yes,-0.7574696654858862,1.2013739783238275,0.5735666148639265,Yes
31,W0032,2018-11-11,Cairns,0.9823488629663214,1.5496517979150937,0.326895290868441,-0.7974527344522903,0.4586098275670907,WNW,-1.2244957629605828,SE,NW,0.1633100002478579,0.8743706835219578,-1.1963068266884582,-0.12964215107177257,-0.5666102330933301,0.9025504547654506,-0.15374986112089445,-1.0682321144361304,1.3248228162631726,0.8223290091931073,Yes,-0.42778196802955065,0.1358231519695743,0.2616128790063892,No
32,W0033,2018-05-25,Sydney,-0.03763679778012243,0.023037440008648286,0.6274035849759627,0.23911048577703908,-0.7378356846404595,SE,-0.23155603791966745,W,SE,-1.439006580241033,0.142322640815232,0.39344366963097754,0.47396694680826973,-0.21191169992982048,-0.061502965270220124,-0.626647161235161,-1.0682321144361304,-0.3463057057941292,-0.27782755674341814,Yes,-0.42778196802955065,-0.5097295384494258,-0.604925276153436,No
33,W0034,2017-12-07,Adelaide,-0.4032920346514891,-1.0004880954058994,-0.8000108120347658,0.1448774657561909,-0.29703996961662527,NE,-1.437268561183636,S,S,0.7241208034189698,-0.9150800875389276,-1.1433151434778104,-1.3368603468318572,1.2955570660150562,0.18256119170083296,-0.15374986112089445,-0.6038828227219238,-0.6655100302320411,-1.1118172115662681,No,-1.4168450603985576,-0.26084175419149813,0.41758974693515816,No
34,W0035,2019-07-12,Sydney,0.03934325208753343,0.3873431390545046,-0.8000108120347658,0.47469303582915934,1.4346574822627245,NE,-1.2954200290349338,S,E,-0.07703748682547573,0.6303546692863825,0.7113937688948647,0.7525557612144431,1.440162663566221e-14,-0.4153959928782443,-0.15374986112089445,-1.0682321144361304,-0.3838591557280014,0.8578179306749305,No,0.23159342688312057,-0.5719514845139078,0.7642050089990884,No
35,W0036,2016-11-17,Townsville,0.6744286634956966,1.6363912500688689,0.852784805556604,0.21555223077182672,1.5291137069106886,WSW,-1.1535714968862316,NW,SE,-0.9583116060943657,-0.5083867304796353,-0.5604066281606839,-0.9654085942902927,0.016108785675281574,0.2801868544892625,-1.0995444613494274,-0.13953353100771732,0.4798701927510536,1.9934634180932793,No,0.8909688217957918,1.4735949923559362,3.078561957038863e-16,No
36,W0037,2018-08-19,Wollongong,-0.9036623587912539,0.4740825912082799,-0.9502649590885267,0.9929746459438238,0.0,NE,0.6904594210468967,WNW,NNE,-0.1571533158499203,0.3863386550508073,-1.5672486091629931,0.05608372519900969,1.440162663566221e-14,1.6591493413757206,-1.0995444613494274,0.7891650524206958,-1.0598212545376966,-0.047149567111565906,No,0.5612811243394562,-0.6886176333848114,-0.6569175654630257,No
37,W0038,2019-04-07,Melbourne,-1.384787670464105,-1.3821416848825105,0.06395053352435937,-1.5513168946190752,-1.556456298256152,NNW,-2.5197361024123344e-16,NNE,W,-0.07703748682547573,0.142322640815232,1.8772107995291174,1.9597739569745278,-1.2000004708852963,-2.29469000155535,0.7920447391076386,0.3248157607064892,-1.3039186791078645,-1.7683622589800012,No,0.8909688217957918,0.15137863848569472,-2.060709376821943,Yes
38,W0039,2018-01-04,Canberra,-1.8081779447362136,-1.0178359858366548,-0.349248370873483,-0.44407890937410976,0.017814112543256468,SSW,-0.37340457006836963,SSE,SSE,0.003078342198968814,-1.0777574303626443,-0.13647316247550104,-1.4761547540349438,1.440162663566221e-14,0.7072991291886054,-1.572441761463694,0.7891650524206958,-0.9471609047360807,-1.7151288767572659,No,0.5612811243394562,1.5358169384204177,3.078561957038863e-16,No
39,W0040,2022-08-16,Brisbane,0.693673675962611,0.1965163443161988,-0.8000108120347658,-0.9859187744939866,0.49009523578307934,NE,0.6904594210468967,WSW,SSE,-0.6378482899965876,0.3049999836389488,-0.24245652889679675,-1.3368603468318572,1.440162663566221e-14,-0.049299757421664696,-1.0995444613494274,0.7891650524206958,0.254549493147822,0.39646195141122664,No,0.23159342688312057,-0.24528626767537742,0.7468742458958916,No
40,W0041,2022-08-24,Cairns,1.5212092120399137,1.0812587562847067,-1.4761544737766898,-1.409967364587803,-0.6748648682084833,NNW,0.5486108888981945,SE,ESE,-0.8781957770699212,-0.10169337342034328,0.3404519864203297,0.24180960146979194,1.440162663566221e-14,0.5974702585516343,-1.0995444613494274,0.7891650524206958,1.5876969658002769,1.3901517529022815,No,0.8909688217957918,0.7191538963240924,0.5215743255543368,No
41,W0042,2017-02-11,Perth,-0.28782195985000497,1.0465629754231967,-0.6497566649810048,0.003527935724918602,-0.07664211210470799,WSW,-1.3663442951092848,SE,NNE,0.4837733163456361,1.118386697757533,-0.18946484568614888,0.4275354777405742,-0.4652677950466069,-0.732679396940616,-1.0995444613494274,-0.13953353100771732,0.3296563930155656,0.041572736592992605,No,0.8909688217957918,-1.2175041749329079,-1.072855879939742,No
42,W0043,2021-02-10,Newcastle,0.38575347649198616,-1.0872275475596749,0.28933175410500056,1.2756737060063679,-0.9897189503683651,S,1.1160050174930032,WSW,NNW,2.566784870981194,2.9078374688184185,0.02250188715644254,1.2168704518913986,-0.6932882806517234,-0.6960697733949498,0.31914743899337206,0.7891650524206958,-0.02710138135621772,-0.6682056930434754,Yes,0.23159342688312057,1.2713736676463696,1.0414972186502323,Yes
43,W0044,2017-06-27,Darwin,1.3864941247715157,2.4690899907451107,-1.8517898414110918,1.5819310210741244,0.8364347261589491,NE,-0.5861773682914229,SW,NW,-0.9583116060943657,1.0370480263456747,-1.5142569259523453,-1.4297232849672483,1.1942146279683472,1.5737268864358465,-0.15374986112089445,0.7891650524206958,1.8130176654035084,1.496618517347752,No,1.5503442167084631,1.2402626946141289,1.977358426222844,No
44,W0045,2021-11-26,Canberra,-1.6157278200670733,-0.9310965336828796,-0.2741212973466028,0.003527935724918602,0.0,NNE,-1.437268561183636,NE,E,0.4837733163456361,-0.9150800875389276,-0.030489796054205317,0.10251519426670525,1.6882590134460636,-0.24455108299850992,-1.572441761463694,-0.6038828227219238,-1.9423273279836875,-1.1118172115662681,No,0.23159342688312057,0.7113761530660321,-1.5754480099324408,No
45,W0046,2022-06-15,Melbourne,-0.5957421593206295,-0.5320950537755132,-0.2741212973466028,1.5583727660689126,-0.48595241891255414,E,0.8323079531955989,S,N,0.08319417122341337,-1.2404347731863612,-0.2954482121074446,0.05608372519900969,0.32013609981542246,-0.4520056164238967,0.7920447391076386,0.7891650524206958,-0.7781703800336569,-0.7036946145252988,No,-0.42778196802955065,1.4191507895495141,0.08830524797442438,No
46,W0047,2015-01-20,Townsville,1.2132890125692897,0.4220389199160146,-0.19899422381972226,1.6054892760793364,-1.0841751750163295,NNE,1.3997020817904076,E,SSE,2.8071323580545275,0.8743706835219578,2.036185849161061,2.2847942404483965,-2.3654385084225056,-1.3062301658225826,2.210736639450438,1.2535143441349024,1.2684926413623645,0.7513511662294607,No,-0.42778196802955065,-0.004176226675510102,1.6827354534685035,Yes
47,W0048,2015-03-07,Newcastle,0.3665084640250718,0.3873431390545046,0.28933175410500056,0.6160425658604315,-1.8083395639840574,SSW,-2.5197361024123344e-16,S,WNW,2.0059740678100826,0.5490159978745242,1.6122523834758782,0.4275354777405742,-1.4533565660020829,-0.1957382516042882,1.264942039221905,0.3248157607064892,0.8178512421559013,0.7513511662294607,Yes,-0.7574696654858862,0.1980450980340563,0.41758974693515816,Yes
48,W0049,2017-12-16,Townsville,1.6559242993083125,0.9251277424079115,-1.175646179669168,0.8280668609073397,1.2142596247508068,SW,0.40676235674949235,ESE,S,-0.7179641190210321,-0.9150800875389276,-1.620240292373641,0.5668298849436608,-0.2752507237090171,-0.3055671222412732,0.31914743899337206,-1.532581406150337,1.8130176654035084,1.3901517529022815,No,1.2206565192521275,0.8435977884530564,3.078561957038863e-16,No
49,W0050,2021-08-02,Wollongong,-0.5957421593206295,-0.3759640398987174,-1.9269169149379723,-0.9623605194887744,-0.013671295672731591,S,0.40676235674949235,WSW,NNW,-0.7179641190210321,-0.9150800875389276,-0.4014315785287403,-0.5939568417487282,-0.5666102330933301,-0.488615239969563,0.7920447391076386,0.3248157607064892,-1.0785979795046325,-0.774672457488946,No,1.2206565192521275,0.16693412500181515,-1.0901866430429386,No
50,W0051,2017-01-07,Sydney,0.09707828948827565,-0.2371809164526775,1.378674320244767,-0.9152440094783505,1.7809969726385941,ESE,-0.16063177184531635,W,S,-0.7980799480454767,0.3049999836389488,0.6584020856842168,-1.243997408696466,-0.3639253569998981,-0.22014466730139906,-0.15374986112089445,-1.532581406150337,0.17944259328007833,-0.08263848859338918,No,0.23159342688312057,-1.4897251889650163,-0.2063177247799165,No
51,W0052,2019-09-03,Townsville,1.2325340250362034,1.4802602361920725,-0.19899422381972226,0.12131921075097873,-1.021204358584353,S,1.1160050174930032,SE,WNW,2.086089896834527,0.142322640815232,0.8703688185268083,2.1919313023130056,-1.5673668088046337,-0.8547114754261426,0.7920447391076386,2.1822129275633153,1.3248228162631726,1.2304516062340765,No,-0.09809427057321506,-0.7663950659654138,0.31360516831597884,Yes
52,W0053,2015-01-19,Newcastle,-0.9613973961919962,-0.792313410236839,0.28933175410500056,0.8751833709177637,-0.5174378271285425,W,0.90323221926995,W,NE,1.8457424097611934,1.9317734118761174,0.7643854521055126,0.33467253960518306,-0.6932882806517234,-0.17133183590719123,2.210736639450438,0.7891650524206958,-0.9283841797691449,-1.307006279716297,No,0.23159342688312057,-1.0697270530297631,-0.3103023033990955,Yes
53,W0054,2017-01-29,Canberra,-0.8844173463243399,-1.3127501231594905,-0.2741212973466028,0.003527935724918602,-0.07664211210470799,SW,-0.5861773682914229,NNE,SSE,-1.278774922192144,0.3049999836389488,-1.1963068266884582,-1.1511344705610749,0.9028551185840342,-0.0004869260274568548,0.31914743899337206,0.7891650524206958,-1.0222678046038247,-1.5021953478663257,No,-1.087157362942222,-0.3852856463204618,-0.3796253558118816,No
54,W0055,2018-12-10,Wollongong,-0.3648020097176612,-1.0872275475596749,-0.19899422381972226,-1.362850854577379,-0.8322919092884242,SW,-2.5197361024123344e-16,N,S,1.044584119516748,0.9557093549338163,0.49942703605227323,1.402596328162181,-0.26258291895317487,-1.3794494129139012,0.31914743899337206,1.2535143441349024,-0.5152962304965532,-1.12956167230718,Yes,0.23159342688312057,1.1702630052915861,-0.15432543547032684,Yes
55,W0056,2017-03-15,Melbourne,-0.46102707205223137,-1.3127501231594905,0.852784805556604,1.7703970611158208,-0.7378356846404595,WNW,-1.1535714968862316,SSE,S,0.8843524614678588,-0.1830320448322017,-1.4612652427416974,0.7525557612144431,1.440162663566221e-14,-0.6594601498492974,-0.15374986112089445,0.7891650524206958,-0.6279565802981689,-0.9876059863798863,No,0.8909688217957918,1.7613714929041646,-1.2634942740749036,No
56,W0057,2018-06-06,Adelaide,0.000853227153705498,-0.5147471633447579,-1.8517898414110918,-1.2686178345565307,1.3402012576147597,SE,0.33583809067514125,NW,W,0.08319417122341337,0.9557093549338163,-0.4544232617393882,-0.5939568417487282,1.4729063325968181,1.3784755608589874,0.31914743899337206,0.3248157607064892,-0.06465483129008955,-0.47301662489344715,No,0.5612811243394562,-1.3030593507715704,3.078561957038863e-16,No
57,W0058,2022-02-24,Cairns,1.2325340250362034,1.6016954692073582,-1.4010274002498093,-1.480642129603439,-0.04515670388871993,SW,-0.8698744325888272,NNE,SSE,-1.1986590931676995,-0.020354702008484854,-0.5604066281606839,-1.1975659396287706,-0.19924389517397828,0.9513632861596585,-0.15374986112089445,-0.13953353100771732,1.8130176654035084,1.3014294491977232,Yes,-0.09809427057321506,0.8280423019369357,1.232135612785394,No
58,W0059,2016-04-15,Melbourne,-0.19159689751543482,-0.7402697389445737,0.326895290868441,0.26266874078225105,1.0883179918868542,E,-0.728025900440125,WNW,WSW,-0.3975008029232539,0.142322640815232,0.39344366963097754,-1.1047030014933794,1.0548687756540973,0.08493552891241726,-0.626647161235161,-0.13953353100771732,-0.10220828122396138,-0.8456503004525925,No,-1.4168450603985576,-1.3730590400941127,0.5042435624511407,No
59,W0060,2022-07-08,Perth,-0.11461684764777863,-0.6361823963600431,-1.325900326722929,-0.49119541938453387,-0.8322919092884242,ENE,0.6195351549725456,S,NW,0.1633100002478579,-1.4844507874219364,-0.7723733610032752,-1.5225862231026395,0.1301190284778326,0.03002109359392478,0.7920447391076386,0.7891650524206958,-0.06465483129008955,-0.5439944678570937,Yes,0.8909688217957918,-1.1163935125781246,-0.5875945130502396,No
60,W0061,2019-05-07,Brisbane,0.7321637008964389,0.16182056345468881,-0.2741212973466028,0.7809503508969154,-0.8322919092884242,NE,0.12306529245208801,S,N,-1.439006580241033,-0.9964187589507859,-1.0903234602671625,0.7525557612144431,-0.6299492568725268,0.536454219308871,-1.572441761463694,0.7891650524206958,0.254549493147822,0.5206731765976085,No,0.8909688217957918,-0.46306307890106424,0.8335280614118742,No
61,W0062,2018-03-29,Darwin,1.4827191871060859,1.6884349213611334,1.7543096878791695,-0.06714682929071744,-2.0917082379279512,W,-2.5197361024123344e-16,WNW,NW,2.1662057258589718,1.687757397640542,1.8242191163184696,0.7989872302821387,-0.42726438077909473,-2.0628290524328525,0.31914743899337206,1.7178636358491088,1.2684926413623645,1.3014294491977232,No,-1.087157362942222,-0.46306307890106424,1.9946891893260403,Yes
62,W0063,2017-04-15,Sydney,-0.8266823089235981,-0.7576176293753291,-0.12386715029284176,-1.6455499146399233,0.5845514604310434,NW,0.1939895585264391,N,WSW,-0.4776166319476985,-1.2404347731863612,0.6584020856842168,-0.6403883108164238,0.8901873138281919,0.3167964780349149,0.7920447391076386,-0.6038828227219238,-0.7030634801659129,-0.3488053997070647,No,-1.087157362942222,0.8124868154208156,-1.5581172468292441,No
63,W0064,2018-08-22,Hobart,-0.8074372964566837,-0.8790528623906143,1.228420173191006,0.003527935724918602,1.3402012576147597,ENE,-1.2954200290349338,WSW,N,-1.439006580241033,-0.9964187589507859,0.49942703605227323,0.05608372519900969,1.6502555991785512,-0.4398024085753413,-0.626647161235161,-1.532581406150337,-0.4965195055296172,-0.6327167715616522,Yes,-1.4168450603985576,-1.3419480670618715,0.14029753728401373,No
64,W0065,2016-05-10,Canberra,-1.9236480195376977,-1.850534726512897,-0.8000108120347658,0.5453678008447952,-0.9897189503683651,E,-1.1535714968862316,WSW,E,0.1633100002478579,0.6303546692863825,-1.1433151434778104,0.47396694680826973,0.5228209759088545,-0.3055671222412732,0.7920447391076386,0.3248157607064892,-1.9235506030167515,-2.2297182382437053,No,-1.087157362942222,1.0458191131626229,-1.0901866430429386,No
65,W0066,2016-12-15,Newcastle,-0.23008692244926277,0.09242900173166886,-0.7248837385078853,0.8751833709177637,1.2772304411827835,SSW,-0.37340457006836963,E,E,-0.23726914487436485,-0.5897254018914938,0.6054104024735689,-0.7796827180195104,-0.45259999029076475,0.5974702585516343,0.7920447391076386,0.3248157607064892,-0.13976173115783386,0.5029287158566965,No,-0.09809427057321506,-1.676391027158462,0.2616128790063892,No
66,W0067,2017-04-30,Brisbane,0.38575347649198616,-0.06370201214512697,-1.325900326722929,1.0872076659646719,0.5215806439990673,NW,-0.9407986986631783,N,SE,-0.23726914487436485,0.5490159978745242,-1.620240292373641,-0.12964215107177257,-0.45259999029076475,-0.03709654957310927,-0.15374986112089445,0.3248157607064892,0.5925305425526697,-0.24233863526159488,Yes,-0.09809427057321506,-1.1397267423523054,0.4002589838319614,No
67,W0068,2017-10-20,Hobart,-1.7311978948685574,-1.6597079317745915,2.881215790782376,-1.5748751496242872,-1.0526897668003414,SE,-2.5197361024123344e-16,SSW,WNW,0.4837733163456361,0.06098396940337357,0.49942703605227323,0.984713106552921,-0.3005863332207015,-0.9889467617602107,2.210736639450438,2.1822129275633153,-1.641899728512712,-1.8570845626845598,No,1.2206565192521275,0.26804478735659837,-0.8302251964949908,Yes
68,W0069,2022-11-23,Townsville,1.4827191871060859,1.8966096065301945,-0.8751378855616462,-0.18493810431677757,-0.36001078604860165,WSW,0.1939895585264391,ENE,S,0.8843524614678588,0.06098396940337357,-0.878356727424571,-1.569017692170335,1.067536580409954,-0.4398024085753413,-1.572441761463694,-1.532581406150337,1.9632314651389964,2.170908025502396,No,0.8909688217957918,-0.26084175419149813,2.012019952429237,No
69,W0070,2021-04-10,Canberra,-1.8659129821369558,-1.1566191092826947,0.852784805556604,-0.7503362244418663,-0.8008065010724359,NE,-2.075586955852796,SW,WNW,0.08319417122341337,-0.3457093876559185,-0.9843400938458667,-0.083210682004077,0.7761770710256409,1.5127108471930832,-1.0995444613494274,-0.13953353100771732,-1.0598212545376966,-1.0763282900844449,Yes,-1.4168450603985576,-1.4975029322230764,-1.783417167170799,No
70,W0071,2022-01-08,Wollongong,-0.6342321842544577,-0.7402697389445737,1.228420173191006,0.6396008208656434,1.2772304411827835,WNW,0.05214102637773692,SSW,S,-1.3588907512165884,-0.7524027447152106,0.0754935703670904,0.5668298849436608,0.0034409809194393716,-0.24455108299850992,-1.572441761463694,-1.0682321144361304,-0.834500554934465,-0.4197832426707119,No,-1.087157362942222,-0.7041731199009318,-1.107517406146135,No
71,W0072,2015-08-22,Townsville,1.6944143242421406,0.4046910294852599,-1.325900326722929,0.30978525079267494,1.7495115644226062,SW,0.8323079531955989,ESE,NW,-0.4776166319476985,-1.4031121160100781,0.1814769367883861,-0.501093903613337,1.440162663566221e-14,0.08493552891241726,0.31914743899337206,-0.13953353100771732,1.193385741494621,0.591651019561255,No,1.2206565192521275,-0.7041731199009318,3.078561957038863e-16,No
72,W0073,2018-01-06,Melbourne,-1.384787670464105,-0.9310965336828796,-0.8000108120347658,-0.46763716437932196,0.0,WNW,-0.018783239696614173,SSW,S,0.003078342198968814,-0.1830320448322017,-0.24245652889679675,0.47396694680826973,0.0034409809194393716,0.670689505642939,0.31914743899337206,-0.6038828227219238,-1.8296669781820716,-1.466706426384502,Yes,0.23159342688312057,-0.04306494296581131,-1.3848096157972791,No
73,W0074,2017-05-19,Melbourne,-0.9613973961919962,-1.4341853561747757,-1.1005191061422877,0.6396008208656434,1.7495115644226062,NE,-1.508192827257987,WNW,SE,0.323541658296747,0.6303546692863825,-0.13647316247550104,-0.7796827180195104,0.5354887806646967,0.7317055448857024,0.31914743899337206,-0.13953353100771732,-0.8157238299675287,-1.0763282900844449,No,-1.4168450603985576,-1.3963922698682931,-0.10233314616073717,No
74,W0075,2015-05-30,Brisbane,0.30877342662433027,0.6302136050850751,-0.19899422381972226,-1.0330352845044104,-0.7378356846404595,WNW,2.605414605054376,W,NNE,1.6855107517123042,0.3863386550508073,0.6054104024735689,0.7061242921467475,-0.5159390140699613,-0.7692890204862685,1.264942039221905,2.1822129275633153,0.949288316924453,0.8933068521567544,Yes,1.5503442167084631,-0.424174362610763,-0.5702637499470432,Yes
75,W0076,2018-06-29,Canberra,-1.7504429073354713,-1.6250121509130817,-1.9269169149379723,-0.6561032044210181,1.5920845233426653,NE,0.5486108888981945,NE,N,-0.8781957770699212,0.8743706835219578,-1.4612652427416974,-1.1047030014933794,0.23146146652455582,0.5242510114603156,-1.572441761463694,-0.13953353100771732,-1.585569553611904,-1.7506177982390896,No,-1.746532757854893,-0.6808398901267511,-1.246163510971707,No
76,W0077,2020-09-03,Sydney,-0.6919672216551996,0.1791684538854441,0.17664114381467996,0.6160425658604315,0.8994055425909252,S,-0.08970750577096526,NE,WSW,-0.23726914487436485,-0.3457093876559185,-1.3552818763204018,-0.5475253726810326,-0.21191169992982048,1.524914055041625,-1.0995444613494274,-0.13953353100771732,-0.4401893306288091,0.6271399410430789,Yes,0.23159342688312057,-1.4586142159327753,-0.3103023033990955,No
77,W0078,2018-05-15,Sydney,0.30877342662433027,-1.0525317666981648,-0.12386715029284176,1.6290475310845485,1.2772304411827835,E,0.6904594210468967,NE,NE,-0.4776166319476985,0.3863386550508073,0.02250188715644254,-1.2904288777641617,-0.3512575522440559,0.03002109359392478,0.31914743899337206,0.7891650524206958,-0.12098500619089761,-0.8101613789707692,No,1.5503442167084631,-0.39306338957852216,0.5908973779671233,No
78,W0079,2016-03-11,Darwin,2.117804598514249,0.9945193041309314,-0.048740076765961246,1.5819310210741244,-1.713883339336093,SW,-2.5197361024123344e-16,NNW,W,1.7656265807367488,2.0944507546998343,0.2874603032096818,0.6132613540113564,1.440162663566221e-14,-0.8058986440319209,0.7920447391076386,2.1822129275633153,1.8693478403043164,1.0884959203067828,Yes,-1.4168450603985576,-1.5052806754811365,2.7745735289698836,Yes
79,W0080,2020-08-01,Sydney,-0.845927321390512,0.33529946776223934,-0.8000108120347658,1.110765920969884,1.6865407479906296,W,-2.075586955852796,NE,ESE,-0.1571533158499203,-0.8337414161270691,-0.13647316247550104,0.38110400867287864,1.2955570660150562,-0.0004869260274568548,-1.0995444613494274,-1.0682321144361304,-1.3039186791078645,0.8223290091931073,No,-0.09809427057321506,-0.39306338957852216,-0.708909854772615,No
80,W0081,2016-03-22,Hobart,-0.8266823089235981,-2.0240136308204475,0.7776577320297238,-1.3864091095825908,0.0,SW,-0.44432883614272073,NW,NNE,0.1633100002478579,-0.5897254018914938,0.02250188715644254,-0.6403883108164238,0.7255058520022866,-0.049299757421664696,-0.15374986112089445,-0.13953353100771732,-1.1724816043393125,-1.7151288767572659,No,-1.746532757854893,0.24471155758241758,0.08830524797442438,No
81,W0082,2017-02-20,Adelaide,-0.7497022590559418,-1.0351838762674095,0.10151407028779945,0.3569017608030992,0.0,N,0.90323221926995,W,SE,-0.4776166319476985,-0.9964187589507859,0.4464353528416254,-0.036779212936381436,0.028776590431123777,0.32899968588347034,-0.626647161235161,-1.0682321144361304,-0.7218402051328489,-1.2005395152708265,No,-1.4168450603985576,-0.6186179440622691,-0.033010093747951386,No
82,W0083,2019-10-15,Brisbane,1.0978189377678051,1.0465629754231967,-0.6497566649810048,-0.7267779694366542,1.3087158493987716,WSW,-0.44432883614272073,ENE,S,-1.1986590931676995,0.9557093549338163,-1.4612652427416974,-0.5475253726810326,-0.6172814521166846,-0.5252248635152154,0.7920447391076386,-1.532581406150337,1.1182788416268772,1.4433851351250169,No,-1.087157362942222,1.520261451904297,1.422774006920556,No
83,W0084,2015-02-25,Newcastle,0.3665084640250718,0.12712478259317883,0.25176821734156046,0.09776095574576679,0.6160368686470316,E,-0.30248030399401854,ESE,WNW,-1.278774922192144,0.06098396940337357,-1.3552818763204018,-0.7332512489518149,-0.553942428337488,-0.31777033008981476,0.31914743899337206,-1.532581406150337,0.44231674281718175,0.4674397943748732,No,1.2206565192521275,0.0969344356792731,0.7122127196894987,No
84,W0085,2016-09-28,Brisbane,0.7514087133633525,-0.3412682590372074,-1.8517898414110918,1.6526057860897607,-0.2655545614006369,S,-0.8698744325888272,SSW,NW,-1.278774922192144,-0.5083867304796353,0.7643854521055126,-0.501093903613337,1.1562112137008351,1.45169480795032,-1.0995444613494274,0.3248157607064892,0.34843311798250187,-0.15361633155703638,Yes,-0.09809427057321506,-0.06639817273999209,3.078561957038863e-16,No
85,W0086,2017-06-02,Canberra,-1.0768674709934802,-0.3759640398987174,0.17664114381467996,0.8280668609073397,0.0,SE,0.47768662282384344,N,SE,0.323541658296747,-0.1830320448322017,0.8703688185268083,0.8918501684175298,-1.5420311992929494,-0.6960697733949498,1.264942039221905,2.1822129275633153,-0.9847143546699526,-0.7391835360071227,Yes,-0.42778196802955065,-0.5330627682236065,-1.1595096954557247,Yes
86,W0087,2020-12-08,Sydney,-0.4802720845191453,-0.6361823963600431,0.6274035849759627,0.19199397576661478,0.8364347261589491,ESE,0.90323221926995,WNW,WNW,-0.07703748682547573,0.4676773264626657,0.4464353528416254,-1.0582715324256837,1.3715638945500805,-0.024893341724553836,-1.572441761463694,-1.0682321144361304,-0.3650824307610655,-0.5439944678570937,No,1.2206565192521275,1.5824833979687793,3.078561957038863e-16,No
87,W0088,2019-04-20,Cairns,1.4442291621722578,1.6710870309303782,0.47714943792220166,0.47469303582915934,-0.7693210928564478,ENE,0.47768662282384344,E,NNW,0.40365748732119155,-0.1830320448322017,0.12848525357773824,-0.3153680273425548,0.9915297518749008,-0.5008184478181046,-1.0995444613494274,-0.13953353100771732,1.7379107655357642,1.2304516062340765,No,1.5503442167084631,-1.60639133783592,0.7815357721022845,No
88,W0089,2018-04-02,Adelaide,-0.7689472715228558,0.4393868103467699,1.0781660261372452,-1.5042003846086511,-0.7063502764244715,N,-0.08970750577096526,WSW,E,0.1633100002478579,-0.2643707162440601,-1.4612652427416974,0.659692823079052,-0.667952671140039,1.256443482373461,-1.572441761463694,-0.13953353100771732,-1.1912583293062482,0.21901734400210962,No,-0.42778196802955065,0.32248899016301996,-0.43161764512147094,No
89,W0090,2020-08-30,Hobart,-1.8274229572031275,-0.3759640398987174,-1.0253920326154071,-0.32628763434804964,-0.48595241891255414,SW,-1.2244957629605828,N,W,0.8042366324434143,-1.7284668016575118,-1.4082735595310496,-1.4761547540349438,1.7389302324694325,0.6096734664001758,-0.15374986112089445,0.7891650524206958,-1.0785979795046325,-1.1827950545299153,No,0.5612811243394562,-0.15195334857865458,-0.9168790120109733,No
90,W0091,2020-05-24,Canberra,-1.1730925333280504,-1.0004880954058994,0.25176821734156046,0.451134780823947,1.7180261562066175,N,0.47768662282384344,E,ENE,0.1633100002478579,0.3049999836389488,-1.249298509899106,-0.6403883108164238,0.7128380472464443,-0.6106473184550896,0.7920447391076386,-0.6038828227219238,-1.585569553611904,-0.8456503004525925,No,0.23159342688312057,-1.62194682435204,-0.5702637499470432,No
91,W0092,2016-12-14,Wollongong,-0.6727222091882856,-0.5494429442062679,1.4538013937716474,-1.2450595795513189,0.5530660522150554,NW,0.2649138246007902,SSE,ESE,-0.07703748682547573,0.06098396940337357,-0.7193816777926274,0.05608372519900969,1.5615809658876703,0.6828927134914945,0.31914743899337206,-1.0682321144361304,-1.0034910796368885,-0.6149723108207402,Yes,-1.087157362942222,1.325817870452791,0.24428211590319304,No
92,W0093,2016-01-19,Brisbane,0.5204685637603842,0.9771714137001761,-1.8517898414110918,-1.433525619593015,0.0,ENE,-0.30248030399401854,NNE,SSW,0.08319417122341337,-1.4031121160100781,-0.6663899945819796,-1.3368603468318572,1.440162663566221e-14,0.9879729097053108,-1.0995444613494274,0.7891650524206958,1.0243952167921975,1.1062403810476948,No,-1.4168450603985576,-1.264170634481269,0.5042435624511407,No
93,W0094,2018-11-05,Canberra,-1.1538475208611365,-1.4688811370362858,1.5289284672985282,-1.409967364587803,-0.5489232353445306,NE,-0.8698744325888272,SSE,NE,0.5638891453700806,-0.10169337342034328,0.2874603032096818,-0.7332512489518149,1.7009268182019202,0.6950959213400499,-1.572441761463694,0.3248157607064892,-1.2288117792401205,-1.1118172115662681,No,-0.42778196802955065,1.0924855727109837,-0.39695611891507804,No
94,W0095,2019-10-05,Canberra,-0.8844173463243399,-1.1566191092826947,0.17664114381467996,-1.362850854577379,-2.249135279007892,N,3.030960201500483,NE,NE,2.326437383907861,2.9078374688184185,0.02250188715644254,1.3561648590944855,-2.4921165559808984,-2.514347742829292,1.7378393393361715,0.7891650524206958,-1.0222678046038247,-1.4134730441617671,No,-1.4168450603985576,0.9758194238400801,-1.592778773035637,Yes
95,W0096,2020-10-16,Perth,0.1355683144221036,-0.6708781772215537,1.6040555408254085,-1.3864091095825908,0.0,NW,-1.1535714968862316,S,S,0.8042366324434143,-0.2643707162440601,-0.4544232617393882,-0.6403883108164238,-0.6932882806517234,0.5974702585516343,0.7920447391076386,-0.6038828227219238,-0.19609190605864127,-0.5262500071161818,No,1.2206565192521275,0.8902642480014179,0.9375126400310535,No
96,W0097,2021-07-01,Melbourne,-1.4425227078648468,-0.13309357386814694,1.5289284672985282,1.4170232360376405,0.4271244193511026,SSE,-0.9407986986631783,NE,WNW,0.8843524614678588,-1.0777574303626443,-0.6663899945819796,0.6132613540113564,-0.4652677950466069,0.6462830899458422,-0.626647161235161,-0.6038828227219238,-0.47774278056268127,-0.6859501537843874,No,1.2206565192521275,1.131374289001285,-1.592778773035637,No
97,W0098,2021-04-14,Brisbane,0.11632330195518963,-0.46270349205249267,0.47714943792220166,0.16843572076140284,0.99386176723889,ENE,-1.508192827257987,E,E,-0.07703748682547573,-0.5897254018914938,-0.5604066281606839,0.2882410705374875,0.9028551185840342,0.03002109359392478,-1.0995444613494274,-1.532581406150337,0.31087966804863004,-0.4375277034116232,No,0.5612811243394562,1.6291498575171408,-0.3103023033990955,No
98,W0099,2017-06-24,Darwin,1.6751693117752262,1.2894334414537678,-0.7248837385078853,1.6997222961001845,-1.021204358584353,W,0.6195351549725456,W,NW,-1.5191224092654776,-0.5083867304796353,0.39344366963097754,0.5203984158759654,-0.3765931617557403,0.03002109359392478,0.7920447391076386,-0.6038828227219238,1.287269366329301,1.0884959203067828,No,0.8909688217957918,-1.4663919591908352,1.9080353738100577,No
99,W0100,2020-08-27,Darwin,2.021579536179679,1.6016954692073582,3.1817240848898978,1.5583727660689126,-0.643379459992495,NE,-2.075586955852796,SE,ESE,2.086089896834527,0.7930320121100993,1.665244066686526,2.0062054260422233,-0.667952671140039,-0.8058986440319209,2.210736639450438,2.1822129275633153,2.057115089973676,1.9757189573523686,Yes,-0.09809427057321506,-0.7197286064170523,3.078561957038863e-16,Yes
100,W0101,2022-07-21,Darwin,1.7713943741097964,1.9139574969609487,0.10151407028779945,-0.2084963593219895,1.245745032966795,SSW,0.6195351549725456,W,S,0.7241208034189698,-0.9150800875389276,-0.9313484106352189,-0.5939568417487282,0.23146146652455582,0.03002109359392478,-0.626647161235161,0.7891650524206958,1.5501435158664043,1.6385742032750452,No,-0.09809427057321506,-1.28750386425545,1.2494663758885909,No
101,W0102,2018-03-11,Darwin,1.367249112304602,1.393520784038297,0.47714943792220166,1.7232805511053966,1.6550553397746415,S,0.12306529245208801,N,W,-0.8781957770699212,-0.3457093876559185,0.6054104024735689,-1.4761547540349438,0.9281907280957186,-0.22014466730139906,-0.15374986112089445,0.3248157607064892,1.2684926413623645,1.7272965069796036,No,-0.42778196802955065,0.14360089522763464,1.440104770023752,No
102,W0103,2016-10-15,Canberra,-1.0768674709934802,0.0,-1.6264086208304507,-1.0801517945148347,0.8994055425909252,SSE,0.40676235674949235,SE,ESE,-0.1571533158499203,-0.10169337342034328,-0.8253650442139232,-1.1047030014933794,-0.6806204758958811,-0.13472221236152496,0.31914743899337206,-0.6038828227219238,-1.3414721290417362,-1.3779841226799436,Yes,-0.7574696654858862,0.44693288229198397,-1.6101095361388338,No
103,W0104,2015-02-27,Newcastle,-0.0761268227139507,0.1791684538854441,-0.8751378855616462,0.4040182708135231,-0.7063502764244715,WNW,0.40676235674949235,S,WNW,-1.439006580241033,-0.5083867304796353,0.12848525357773824,-1.4297232849672483,-0.08523365237142724,1.0367857410995187,-1.0995444613494274,-0.13953353100771732,-0.1773151810917057,0.414206412152138,No,0.5612811243394562,1.4813727356139959,0.08830524797442438,No
104,W0105,2015-05-20,Sydney,0.23179337675667375,-0.28922458774494214,0.9279118790834844,0.003527935724918602,0.6790076850790082,NNE,-0.7989501665144761,NNW,WNW,-0.07703748682547573,0.6303546692863825,-1.4082735595310496,-1.4297232849672483,1.3462282850384248,1.5371172628901941,-1.0995444613494274,-0.13953353100771732,-0.21486863102557752,0.05931719733390393,No,1.5503442167084631,0.47804385532422483,0.6602204303799091,No
105,W0106,2021-04-28,Newcastle,-0.6727222091882856,-0.25452880688343216,0.28933175410500056,0.3804600158083112,-2.249135279007892,SSW,-2.5197361024123344e-16,S,NNE,2.8071323580545275,1.118386697757533,2.3011442652143,2.14549983324531,-0.8579697424776288,-0.8425082675775871,0.7920447391076386,1.7178636358491088,-0.740616930099785,-0.49076108563435844,Yes,-0.42778196802955065,-0.15973109183671494,0.27894364210958594,Yes
106,W0107,2022-06-07,Adelaide,-0.28782195985000497,0.0,-1.175646179669168,-0.5147536743897461,0.20672656183918567,SSW,-1.1535714968862316,W,ESE,-0.8781957770699212,-0.020354702008484854,0.39344366963097754,-2.4976470735242464,-0.4652677950466069,1.0001761175538664,0.7920447391076386,-1.532581406150337,-0.609179855331233,-0.18910525303885964,No,1.5503442167084631,-1.0463938232555823,0.5735666148639265,No
107,W0108,2019-01-23,Wollongong,-0.7304572465890279,-0.25452880688343216,0.25176821734156046,-0.7738944794470782,-0.29703996961662527,E,-2.5197361024123344e-16,WSW,E,0.5638891453700806,-0.10169337342034328,0.7643854521055126,-0.17607362013946812,-0.14857267615062386,-0.488615239969563,-0.15374986112089445,-0.13953353100771732,-0.609179855331233,-0.08263848859338918,No,1.2206565192521275,-0.7041731199009318,-1.3674788526940826,No
108,W0109,2017-06-20,Sydney,0.25103838922358807,0.16182056345468881,-1.7015356943573312,-1.1037100495200467,0.0,SW,-1.2244957629605828,E,N,-0.1571533158499203,-0.9150800875389276,0.1814769367883861,-1.2904288777641617,-0.78196291394259,-0.3055671222412732,-0.626647161235161,-0.13953353100771732,0.010452068577654107,0.023828275852080652,No,-1.087157362942222,0.3302667334210803,1.093489507959822,No
109,W0110,2020-04-06,Cairns,1.8483744239774529,0.30060368690072936,0.026386996760919268,-1.1743848145356828,-0.6748648682084833,47,-2.5197361024123344e-16,E,SE,0.003078342198968814,1.118386697757533,1.9302024827397652,0.7525557612144431,1.440162663566221e-14,-2.4167220800408766,2.210736639450438,0.3248157607064892,1.3623762661970444,0.5384176373385204,No,-1.4168450603985576,-0.39306338957852216,2.271981398977185,Yes
110,W0111,2015-10-23,Cairns,0.7514087133633525,0.5434741529312999,1.228420173191006,0.28622699578746297,0.23821197005517372,WSW,-1.5791170933323382,ESE,SSE,-0.07703748682547573,-0.8337414161270691,2.6720860476888353,-0.2225050892071637,-0.021894628592230632,0.19476439954938837,-0.626647161235161,-1.0682321144361304,0.5549770926187979,0.21901734400210962,Yes,1.2206565192521275,-1.419725499642474,1.3707817176109662,No
111,W0112,2018-08-12,Canberra,-0.9036623587912539,-0.9657923145443895,1.153293099664126,-0.44407890937410976,-0.5489232353445306,W,-1.2954200290349338,ESE,SSE,0.1633100002478579,-0.3457093876559185,0.23446861999903396,-0.6403883108164238,0.1174512237220048,0.1337483603066251,-1.572441761463694,0.3248157607064892,-0.6467333052651052,-1.3424952011981204,Yes,0.8909688217957918,-0.556395997997787,3.078561957038863e-16,No
112,W0113,2020-08-12,Townsville,1.0785739253008915,1.6190433596381135,-0.19899422381972226,0.9929746459438238,-1.2101168078802822,SW,0.7613836871212478,NE,E,1.204815777565637,0.3863386550508073,0.9763521849481039,0.659692823079052,-0.8199663282101166,-1.6601231934306067,0.7920447391076386,0.7891650524206958,1.831794390370444,1.9047411143887207,No,-1.4168450603985576,1.5358169384204177,1.3881124807141623,Yes
113,W0114,2015-10-21,Sydney,0.3665084640250718,-0.9831402049751442,0.5522765114490822,-1.339292599572167,-0.7693210928564478,W,0.40676235674949235,E,SE,2.086089896834527,1.9317734118761174,0.5524187192629211,1.9597739569745278,-0.75662730443092,-0.7082729812435052,-0.15374986112089445,-0.13953353100771732,-0.008324656389281471,-0.5972278500798289,No,0.23159342688312057,-1.1163935125781246,0.5735666148639265,Yes
114,W0115,2021-08-10,Perth,0.6166936260949544,-0.7749655198060837,-0.19899422381972226,-0.608986694410594,-0.9582335421523768,WSW,-0.657101634365774,WSW,ESE,-1.0384274351188103,-0.6710640733033523,0.4464353528416254,0.10251519426670525,1.440162663566221e-14,-0.5252248635152154,0.31914743899337206,0.7891650524206958,0.19821931824701391,-0.5439944678570937,No,0.23159342688312057,0.11248992219539353,1.024166455547036,No
115,W0116,2022-08-28,Darwin,1.8868644489112807,1.2894334414537678,-1.5512815473035702,-1.0330352845044104,-0.6118940517765069,E,-1.2244957629605828,NW,ENE,-0.6378482899965876,0.7930320121100993,-0.7193816777926274,0.009652256131314126,-0.4906034045582913,0.03002109359392478,-0.626647161235161,0.3248157607064892,1.7003573156018923,1.4788740566068401,Yes,1.2206565192521275,0.38471093622750224,1.6654046903653068,No
116,W0117,2016-05-24,Wollongong,0.289528414157416,-0.6708781772215537,-0.19899422381972226,0.7809503508969154,-1.9342811968480103,SW,2.8891116693517804,ENE,ESE,1.4451632646389707,2.82649879740656,0.8173771353161604,1.6811851425683544,-2.669465822562646,-2.0262194288871864,0.7920447391076386,1.7178636358491088,-0.06465483129008955,-0.47301662489344715,Yes,0.8909688217957918,-1.0463938232555823,-0.5009406975342571,Yes
117,W0118,2021-06-14,Canberra,-1.384787670464105,0.0,0.17664114381467996,0.9929746459438238,-0.7693210928564478,SW,-0.7989501665144761,NNE,NE,0.003078342198968814,0.9557093549338163,0.02250188715644254,0.47396694680826973,-0.6299492568725268,0.41442214082334444,-0.15374986112089445,-1.0682321144361304,-1.3039186791078645,-1.2715173582344734,No,0.23159342688312057,-0.556395997997787,-0.708909854772615,No
118,W0119,2019-05-12,Cairns,0.693673675962611,1.5669996883458477,0.7025306585028432,-0.8445692444627143,-0.9582335421523768,NE,-0.5861773682914229,SE,SSW,-1.118543264143255,-0.3457093876559185,0.6054104024735689,-0.083210682004077,0.35813951408294903,0.18256119170083296,0.31914743899337206,-1.0682321144361304,1.399929716130917,1.9047411143887207,No,-0.42778196802955065,0.22915607106629715,-0.015679330644754626,No
119,W0120,2022-09-01,Canberra,-0.7497022590559418,-0.7576176293753291,-1.9269169149379723,1.5583727660689126,0.0,SE,-0.08970750577096526,ENE,ESE,0.8843524614678588,1.118386697757533,-1.3552818763204018,0.14894666333440082,-0.5159390140699613,0.03002109359392478,-0.15374986112089445,-1.532581406150337,-0.9659376297030167,-0.31331647822524145,No,-0.42778196802955065,0.26804478735659837,-0.5875945130502396,No
120,W0121,2016-10-24,Newcastle,0.23179337675667375,-0.792313410236839,0.326895290868441,-1.1743848145356828,1.1198034001028427,N,-0.9407986986631783,E,S,-0.9583116060943657,0.142322640815232,-1.3552818763204018,0.7061242921467475,1.1055399946774662,0.4998445957632047,0.7920447391076386,-0.13953353100771732,-0.045878106323153964,-0.5972278500798289,No,0.23159342688312057,0.6491542070015504,0.7988665352054812,No
121,W0122,2019-04-25,Perth,-0.0761268227139507,0.5087783720697898,0.7025306585028432,-0.04358857428550549,1.182774216534819,NE,1.0450807514186522,NNE,W,-0.3173849738988094,0.3863386550508073,0.1814769367883861,0.4275354777405742,0.1174512237220048,0.4876413879146493,0.31914743899337206,-0.6038828227219238,0.5925305425526697,0.3787174906703147,Yes,-0.7574696654858862,-0.06639817273999209,0.0016514324584418231,No
122,W0123,2019-10-18,Darwin,1.2132890125692897,2.070088510837745,-0.5746295914541245,-0.09070508429592938,1.0883179918868542,ESE,-0.018783239696614173,SSW,E,0.24342582927230247,0.9557093549338163,0.0754935703670904,0.4275354777405742,0.9281907280957186,-0.6960697733949498,0.7920447391076386,-0.6038828227219238,1.0807253916930049,1.4433851351250169,No,-0.09809427057321506,0.4547106255500443,1.7867200320876822,No
123,W0124,2021-06-26,Townsville,1.6751693117752262,0.31795157733148466,-0.2741212973466028,-0.18493810431677757,-2.595474769383762,W,0.33583809067514125,W,NW,-1.1986590931676995,0.142322640815232,-1.5142569259523453,-0.5939568417487282,0.7635092662697988,1.293053105919141,0.7920447391076386,0.3248157607064892,1.249715916395429,0.48518425511578517,No,1.5503442167084631,-0.5019517951913655,3.078561957038863e-16,No
124,W0125,2016-01-07,Townsville,0.9438588380324928,0.9598235232694214,-1.1005191061422877,1.3463484710220042,-0.8952627257204003,SW,-1.1535714968862316,WSW,NW,-0.3173849738988094,-0.5897254018914938,-1.620240292373641,0.5203984158759654,-0.45259999029076475,-0.5618344870608678,0.31914743899337206,0.7891650524206958,0.8178512421559013,0.9820291558613129,No,0.23159342688312057,-1.4586142159327753,1.5787508748493242,No
125,W0126,2022-11-04,Darwin,1.5212092120399137,1.0118671945616866,0.326895290868441,0.7809503508969154,-0.9582335421523768,WNW,0.5486108888981945,N,W,-0.8781957770699212,1.0370480263456747,0.2874603032096818,0.6132613540113564,1.3968995040617649,-0.37878636933257803,-0.15374986112089445,-0.6038828227219238,1.7379107655357642,1.4611295958659287,No,-1.4168450603985576,1.5902611412268397,0.7122127196894987,No
126,W0127,2017-09-20,Newcastle,0.25103838922358807,-0.6188345059292885,1.6040555408254085,-0.7267779694366542,-0.29703996961662527,NE,-0.7989501665144761,SE,WSW,0.08319417122341337,0.8743706835219578,-0.6663899945819796,-0.2225050892071637,1.440162663566221e-14,0.03002109359392478,0.7920447391076386,0.7891650524206958,0.029228793544590355,-0.6327167715616522,Yes,-0.42778196802955065,-0.34639693003016064,-0.4836099344310606,No
127,W0128,2022-11-12,Cairns,1.1555539751685475,0.7863446189618709,-0.349248370873483,-0.9388022644835625,1.6550553397746415,W,0.12306529245208801,ESE,NNW,0.7241208034189698,0.142322640815232,-0.18946484568614888,0.10251519426670525,0.054112199942808185,0.03002109359392478,-0.15374986112089445,-1.532581406150337,0.7615210672550933,0.804584548452196,No,-0.42778196802955065,-1.2175041749329079,1.3187894283013766,No
128,W0129,2018-02-27,Adelaide,-0.018391785313208467,-0.15044146429890223,-0.19899422381972226,0.3804600158083112,1.1198034001028427,ENE,0.6904594210468967,SE,SW,-0.8781957770699212,0.6303546692863825,-1.302290193109754,-0.036779212936381436,1.440162663566221e-14,0.1337483603066251,-1.0995444613494274,-1.0682321144361304,-0.0834315562570258,-0.40203878192979997,No,1.5503442167084631,-0.9452831609007993,0.08830524797442438,No
129,W0130,2017-12-26,Cairns,1.8483744239774529,0.36999524862374933,1.6791826143522892,-1.2450595795513189,-0.17109833675267244,SE,-0.5152531022170718,NW,ENE,0.7241208034189698,-0.8337414161270691,-0.507414944950036,0.47396694680826973,0.1301190284778326,0.3900157251262336,-0.15374986112089445,-0.13953353100771732,1.493813340965597,0.8400734699340192,No,-1.746532757854893,0.9758194238400801,1.5440893486429312,No
130,W0131,2019-08-02,Adelaide,-0.7112122341221135,0.5434741529312999,-0.499502517927244,0.47469303582915934,0.049299520759244805,NE,0.1939895585264391,SSW,ENE,-0.8781957770699212,0.3049999836389488,-1.3552818763204018,-0.826114187087206,1.5489131611318425,0.07273232106386184,-1.572441761463694,0.7891650524206958,0.461093467784118,0.9287957736385777,No,-1.746532757854893,1.4347062760656348,3.078561957038863e-16,No
131,W0132,2019-12-23,Brisbane,0.1548133268890179,1.2720855510230125,-0.5746295914541245,-0.3027293793428377,0.8364347261589491,SSE,-0.728025900440125,NNE,E,-1.0384274351188103,0.3863386550508073,-0.2954482121074446,-0.3617994964102504,-0.14857267615062386,0.03612269751820943,-0.15374986112089445,-0.13953353100771732,0.7615210672550933,0.7158622447476374,No,1.5503442167084631,0.3535999631952611,0.14029753728401373,No
132,W0133,2022-08-25,Hobart,-1.7889329322692993,-1.746447383928367,0.5522765114490822,1.0400911559542476,1.2772304411827835,N,0.6904594210468967,SSE,WNW,-0.07703748682547573,-0.9150800875389276,0.0754935703670904,-0.036779212936381436,0.40881073310630345,-0.732679396940616,-1.572441761463694,-1.532581406150337,-1.4353557538764161,-1.4489619656435904,Yes,-0.7574696654858862,-1.6452800541262211,3.078561957038863e-16,No
133,W0134,2016-08-12,Darwin,1.8868644489112807,1.2720855510230125,-0.048740076765961246,1.5112562560584881,-1.2416022160962703,NE,0.5486108888981945,NW,S,-0.07703748682547573,2.82649879740656,0.8173771353161604,0.7061242921467475,-2.3781063131783475,-2.233673962312587,2.210736639450438,0.7891650524206958,1.8505711153373803,1.6740631247568691,Yes,0.23159342688312057,0.8824865047433575,0.9895049293406432,Yes
134,W0135,2018-02-24,Newcastle,0.020098239620619462,-0.28922458774494214,0.28933175410500056,-1.5277586396138632,-1.713883339336093,NE,2.250793274682621,SE,NE,1.3650474356145261,-0.020354702008484854,1.1883189177906954,1.8669110188391367,-0.4145965760232525,-0.2323478751499545,0.7920447391076386,1.7178636358491088,0.04800551851152593,-0.13587187081612442,Yes,0.5612811243394562,1.0147081401303815,-0.6915790916694186,Yes
135,W0136,2021-04-03,Canberra,-1.2308275707287926,-1.399489575313266,0.10151407028779945,1.204998940990732,0.7734639097269724,S,-1.5791170933323382,WSW,NNW,-1.5191224092654776,-1.1590961017745027,-0.9843400938458667,0.7061242921467475,0.6114956091997356,0.9757697018567554,0.7920447391076386,-0.13953353100771732,-1.472909203810288,-1.7328733374981775,No,-1.087157362942222,0.9991526536142612,-1.5407864837260477,No
136,W0137,2019-11-28,Wollongong,-0.7497022590559418,0.31795157733148466,-0.12386715029284176,1.0165329009490358,0.99386176723889,NE,0.33583809067514125,SE,W,0.1633100002478579,0.9557093549338163,0.02250188715644254,-0.26893655827485924,0.24412927128039802,1.476101223647431,-0.626647161235161,-0.13953353100771732,-1.1537048793723765,0.5029287158566965,No,1.5503442167084631,0.6724874367757309,-1.038194353733349,No
137,W0138,2021-01-19,Newcastle,0.05858826455444773,-1.0698796571289195,-0.8000108120347658,1.4641397460480643,-0.7063502764244715,N,-0.9407986986631783,WNW,SSE,0.003078342198968814,0.5490159978745242,0.6054104024735689,-1.3832918158995526,1.713594622957748,1.3296627294647936,-0.626647161235161,-1.0682321144361304,-0.10220828122396138,-0.6859501537843874,Yes,-1.087157362942222,-1.0230605934814017,-0.2063177247799165,No
138,W0139,2019-01-22,Townsville,0.7129186884295245,1.393520784038297,-2.002043988464853,-1.2215013245461068,1.6550553397746415,NE,-0.9407986986631783,ENE,SSW,-0.07703748682547573,-1.2404347731863612,-0.878356727424571,-0.8725456561549015,1.440162663566221e-14,0.03612269751820943,-1.572441761463694,-1.532581406150337,0.6864141673873496,1.2836849884568118,Yes,1.5503442167084631,1.0535968564206826,1.3187894283013766,No
139,W0140,2020-08-07,Cairns,1.540454224506828,0.6475614955158304,0.4020223643953215,-1.5513168946190752,0.39563901113511457,N,-1.0117229647375294,SW,NW,-1.5191224092654776,-0.10169337342034328,-0.18946484568614888,0.5668298849436608,0.3961429283504613,1.2686466902220301,-0.626647161235161,0.7891650524206958,1.1182788416268772,1.0707514595658714,No,-1.087157362942222,0.8902642480014179,1.0068356924438393,No
140,W0141,2020-04-26,Canberra,-1.1153574959273085,-1.0004880954058994,0.17664114381467996,0.5689260558500071,-0.48595241891255414,NW,2.3217175407569717,WSW,ENE,0.8042366324434143,0.3049999836389488,1.8772107995291174,1.820479549771441,-0.18657609041815046,-2.245877170161142,0.7920447391076386,0.3248157607064892,-1.2288117792401205,-0.9876059863798863,Yes,0.5612811243394562,0.8124868154208156,-0.43161764512147094,Yes
141,W0142,2016-07-28,Melbourne,-1.0768674709934802,-1.0351838762674095,-1.0253920326154071,0.47469303582915934,0.7104930932949963,NE,-0.8698744325888272,ENE,NNE,-1.1986590931676995,-1.3217734445982197,0.6054104024735689,-1.1975659396287706,-0.667952671140039,-0.13472221236152496,-0.626647161235161,-0.6038828227219238,-1.3039186791078645,-1.360239661939032,No,0.5612811243394562,-0.8986167013524379,3.078561957038863e-16,No
142,W0143,11/11/2017,Wollongong,-0.03763679778012243,0.0,1.153293099664126,0.7573920958917035,1.4976282986947005,SE,-0.08970750577096526,ESE,W,-0.9583116060943657,-0.6710640733033523,-0.34843989531809244,0.5668298849436608,0.016108785675281574,0.9879729097053108,0.7920447391076386,-1.0682321144361304,-0.3463057057941292,0.6271399410430789,No,0.23159342688312057,0.1747118682598755,0.4695820362447478,No
143,W0144,2020-05-26,Sydney,0.3280184390912439,-1.1566191092826947,0.326895290868441,-1.5748751496242872,0.9623763590229019,SSW,0.5486108888981945,SSE,WSW,-0.23726914487436485,0.142322640815232,-0.18946484568614888,0.33467253960518306,0.24412927128039802,0.26798364664070706,0.7920447391076386,0.3248157607064892,-0.008324656389281471,-0.8811392219344157,No,0.8909688217957918,-0.556395997997787,0.0016514324584418231,No
144,W0145,2016-08-20,Townsville,0.9823488629663214,1.3588250031767877,-0.349248370873483,-0.49119541938453387,0.7104930932949963,SSE,-1.508192827257987,WNW,W,0.24342582927230247,0.142322640815232,0.0754935703670904,0.10251519426670525,0.8015126805373254,-0.757085812637713,-0.15374986112089445,-0.6038828227219238,0.49864691771798986,1.5853408210523106,Yes,0.8909688217957918,1.6913718035816225,0.41758974693515816,No
145,W0146,2019-08-14,Perth,0.0778332770213617,-0.029006231283616374,0.326895290868441,-1.5042003846086511,0.0,SE,-0.8698744325888272,E,WNW,-1.439006580241033,-0.5897254018914938,0.23446861999903396,0.7061242921467475,0.5861599996880511,1.366272353010446,-0.15374986112089445,-1.532581406150337,0.4798701927510536,-0.24233863526159488,Yes,0.8909688217957918,-1.5675026215456187,-0.36229459270868486,No
146,W0147,2021-02-07,Wollongong,-0.5764971468537154,0.5955178242235651,-0.19899422381972226,-0.020030319280293342,0.0,SSW,-2.5197361024123344e-16,ENE,WSW,1.1246999485411926,0.5490159978745242,1.6122523834758782,1.5883222044329632,-1.1113258375944153,-0.9889467617602107,2.210736639450438,0.7891650524206958,-1.0034910796368885,1.0352625380840474,Yes,-0.09809427057321506,1.6369276007752007,-0.5875945130502396,Yes
147,W0148,2019-03-21,Perth,-0.38404702218457515,-0.13309357386814694,-0.19899422381972226,-1.1979430695408948,0.14375574540720926,ESE,0.33583809067514125,NE,NE,-0.7980799480454767,0.3863386550508073,-1.5142569259523453,0.009652256131314126,-0.021894628592230632,0.29239006233781795,-0.15374986112089445,-1.0682321144361304,0.04800551851152593,-0.11812741007521309,No,0.5612811243394562,-0.3697301598043414,-0.5182714606374536,No
148,W0149,2022-02-28,Wollongong,-0.19159689751543482,-0.2024851355911669,-0.19899422381972226,-0.5147536743897461,-1.2416022160962703,WSW,-2.5197361024123344e-16,E,NNW,0.08319417122341337,0.3863386550508073,1.5062690170545825,0.4275354777405742,-0.4399321855349369,-1.428262244308109,1.7378393393361715,1.7178636358491088,-0.12098500619089761,0.1657839617793744,No,-0.7574696654858862,1.5591501681945983,3.078561957038863e-16,No
149,W0150,2018-04-25,Townsville,1.6366792868413982,1.861913825668684,1.7543096878791695,1.4641397460480643,1.3087158493987716,SW,1.1160050174930032,ESE,SSE,-1.5191224092654776,-0.5083867304796353,-1.620240292373641,-1.0582715324256837,1.5235775516201582,1.097801780342282,-0.626647161235161,-0.13953353100771732,1.9632314651389964,2.3128637114296904,No,-1.4168450603985576,0.2836002738727188,0.9721741662374463,No
150,W0151,2018-12-23,Hobart,-1.5772377951332452,-2.128100973404978,2.430453349621094,0.3804600158083112,-0.6118940517765069,SSW,-2.5197361024123344e-16,SW,SE,-0.07703748682547573,1.28106404058125,2.142169215582357,1.2633019209590943,1.440162663566221e-14,-0.6594601498492974,1.7378393393361715,0.7891650524206958,-1.8484437031490075,-1.8393401019436482,Yes,-0.42778196802955065,1.0924855727109837,-1.766086404067602,Yes
151,W0152,2015-04-21,Cairns,0.7321637008964389,1.8445659352379287,1.6040555408254085,0.3569017608030992,0.23821197005517372,SE,1.1160050174930032,NNW,SSE,-1.1986590931676995,-0.8337414161270691,-0.507414944950036,-0.2225050892071637,0.6241634139555777,-0.7448826047891576,0.31914743899337206,-0.13953353100771732,1.6064736907672124,2.046696800316015,No,1.2206565192521275,-0.9608386474169197,1.1108202710630186,No
152,W0153,2020-02-26,Hobart,-1.0576224585265663,-1.8852305073744071,-0.349248370873483,-0.67966145942623,0.049299520759244805,NW,1.0450807514186522,SW,ENE,-0.7980799480454767,-0.2643707162440601,0.0754935703670904,-0.26893655827485924,1.0802043851657819,0.12154515245806968,0.7920447391076386,-1.532581406150337,-1.472909203810288,-1.8748290234254714,No,0.5612811243394562,0.19026735477599593,-0.22364848788311295,No
153,W0154,2020-11-15,Newcastle,-0.8074372964566837,-0.5667908346370232,-1.6264086208304507,-1.6455499146399233,1.0883179918868542,NE,-0.657101634365774,NNE,W,0.8843524614678588,-1.4031121160100781,-1.1433151434778104,0.10251519426670525,-0.28791852846485927,1.6469461335271514,-0.626647161235161,0.7891650524206958,-0.9847143546699526,-0.8633947611935044,No,1.5503442167084631,-0.9375054176427391,-1.3328173264876895,No
154,W0155,2017-11-11,Perth,0.03934325208753343,-0.8096613006675937,-1.4010274002498093,-1.3864091095825908,0.049299520759244805,E,-1.5791170933323382,SE,SE,-0.07703748682547573,-1.2404347731863612,-0.24245652889679675,-1.243997408696466,-0.47793559980244915,-0.12251900451298339,0.31914743899337206,0.7891650524206958,-0.2899755308933212,-0.4197832426707119,No,0.23159342688312057,0.3769331929694419,-0.22364848788311295,No
155,W0156,2022-04-21,Brisbane,0.30877342662433027,-0.029006231283616374,-0.5746295914541245,-0.04358857428550549,0.2696973782711618,ENE,-1.437268561183636,ENE,NW,-0.4776166319476985,-0.7524027447152106,0.02250188715644254,-1.2904288777641617,1.3588960897942526,0.03002109359392478,-0.626647161235161,-0.6038828227219238,0.04800551851152593,-0.10038294933430114,No,-0.42778196802955065,1.2480404378721885,0.5908973779671233,No
156,W0157,2019-12-23,Canberra,-1.6349728325339872,-1.7290994934976116,0.17664114381467996,0.21555223077182672,-1.8398249722000455,NE,-2.5197361024123344e-16,ESE,ENE,0.40365748732119155,2.82649879740656,1.2413106010013433,0.2882410705374875,-2.3020994846433087,-2.1238450916756157,1.7378393393361715,1.7178636358491088,-1.3039186791078645,-1.289261818975385,Yes,0.5612811243394562,0.8513755317111167,-1.1941712216621174,Yes
157,W0158,2022-06-25,Hobart,-1.3270526330633627,-0.8443570815291043,-0.12386715029284176,-0.3027293793428377,0.0,ENE,0.47768662282384344,NNE,ENE,-1.118543264143255,-1.1590961017745027,-0.08348147926485318,-1.1975659396287706,1.5615809658876703,1.2808498980705718,-0.15374986112089445,-1.532581406150337,-1.1537048793723765,-0.49076108563435844,No,1.5503442167084631,-0.9997273637072209,-1.211501984765314,No
158,W0159,2020-12-06,Perth,0.693673675962611,0.5781699337928105,1.303547246717887,1.228557195995944,1.4346574822627245,N,-0.5152531022170718,W,ENE,-1.0384274351188103,-0.020354702008484854,0.0754935703670904,-0.083210682004077,-0.04723023810391504,0.804924791977021,0.31914743899337206,-0.13953353100771732,0.4047632928833099,0.3077396477066681,No,-0.09809427057321506,-0.9919496204491607,0.03631295866483472,No
159,W0160,2020-10-16,Brisbane,0.000853227153705498,1.098606646715462,-0.19899422381972226,0.07420270074055464,-2.1861644625759156,NE,1.683399146087812,NNW,E,0.5638891453700806,1.6064187262286835,1.1353272345800476,1.6347536735006587,-0.18657609041815046,-2.47773811928364,0.7920447391076386,2.1822129275633153,0.8741814170567094,1.2659405277158997,Yes,-1.4168450603985576,-0.2530640109334378,-0.8302251964949908,Yes
160,W0161,2021-01-29,Darwin,1.6751693117752262,2.3129589768683156,-1.0253920326154071,-1.0094770294991986,1.1198034001028427,NW,-0.16063177184531635,S,ENE,-1.1986590931676995,-0.3457093876559185,-0.8253650442139232,-1.3368603468318572,1.3715638945500805,1.6591493413757206,-1.572441761463694,-0.6038828227219238,2.2261056146761,2.738730769211571,No,-0.7574696654858862,-1.4041700131263535,1.2494663758885909,No
161,W0162,2021-03-18,Sydney,0.2702834016905017,-0.9657923145443895,-1.8517898414110918,-0.7032197144314423,0.4271244193511026,SSW,0.12306529245208801,ENE,SE,-0.1571533158499203,-0.7524027447152106,0.49942703605227323,-0.9189771252225971,1.118207799433294,1.293053105919141,-0.15374986112089445,0.3248157607064892,-0.02710138135621772,-0.5262500071161818,No,0.23159342688312057,-0.8675057283201968,-0.604925276153436,No
162,W0163,2016-12-25,Brisbane,0.30877342662433027,1.167998208438482,-0.19899422381972226,-0.34984588935326183,0.2696973782711618,NW,-1.3663442951092848,NW,NNW,-0.7179641190210321,1.0370480263456747,-0.6663899945819796,-0.501093903613337,-0.75662730443092,0.40221893297478906,0.7920447391076386,-1.532581406150337,0.6864141673873496,1.514362978088664,No,-0.7574696654858862,1.6369276007752007,-0.2063177247799165,No
163,W0164,2019-12-13,Melbourne,0.020098239620619462,0.7169530572388504,0.9279118790834844,0.003527935724918602,-2.312106095439868,SW,-2.5197361024123344e-16,SW,N,1.3650474356145261,1.850434740464259,1.665244066686526,0.9382816374852254,1.440162663566221e-14,-1.4526686600052199,1.7378393393361715,1.2535143441349024,-0.3463057057941292,0.1657839617793744,No,-0.42778196802955065,1.1858184918077068,0.19228982659360339,Yes
164,W0165,2016-09-27,Melbourne,-0.7689472715228558,0.12712478259317883,-0.7248837385078853,-1.315734344566955,0.39563901113511457,S,-1.1535714968862316,SSW,NNW,0.8042366324434143,1.0370480263456747,-0.4544232617393882,-0.7796827180195104,1.0041975566307575,-0.2811607065441623,-1.572441761463694,0.3248157607064892,-0.6467333052651052,0.34322856918849143,No,0.8909688217957918,0.6102654907112491,0.01898219556163827,No
165,W0166,2019-04-05,Canberra,-1.6349728325339872,-0.49739927291400327,-0.499502517927244,0.8751833709177637,1.5291137069106886,WNW,-1.508192827257987,SE,ESE,-0.3173849738988094,-1.3217734445982197,0.6054104024735689,-0.6868197798841194,0.8521838995606797,0.7317055448857024,-1.0995444613494274,-0.13953353100771732,-0.6655100302320411,-1.360239661939032,No,-1.4168450603985576,-0.050842686223871385,-1.1421789323525278,No
166,W0167,2019-03-26,Sydney,-0.28782195985000497,-0.28922458774494214,0.17664114381467996,-1.480642129603439,-2.154679054359927,N,-2.5197361024123344e-16,NNW,NNE,2.727016529030083,0.2236613122270904,0.49942703605227323,2.0062054260422233,-1.4786921755137528,-2.5997701977691663,2.210736639450438,2.1822129275633153,-0.045878106323153964,0.023828275852080652,No,-1.4168450603985576,0.5402658013887071,3.078561957038863e-16,Yes
167,W0168,2020-01-10,Adelaide,-0.5957421593206295,0.2659079060392194,0.25176821734156046,1.6054892760793364,0.5845514604310434,NNW,-1.437268561183636,S,NNW,0.8843524614678588,-1.1590961017745027,-1.5672486091629931,-1.1975659396287706,1.440162663566221e-14,-0.5740376949094232,-0.15374986112089445,-0.13953353100771732,-0.10220828122396138,-0.5972278500798289,No,0.5612811243394562,-1.357503553577992,-0.7262406178758118,No
168,W0169,2020-07-16,Wollongong,-0.845927321390512,-0.2371809164526775,-1.0253920326154071,-0.5147536743897461,-0.04515670388871993,SW,0.7613836871212478,NNE,ESE,-0.4776166319476985,-1.7284668016575118,-0.030489796054205317,-1.1975659396287706,-0.5286068188258035,1.4394916001017508,-1.572441761463694,-1.0682321144361304,-0.4589660555957454,-0.9166281434162397,No,-1.4168450603985576,0.4391551390339236,-1.315486563384493,No
169,W0170,2016-02-18,Newcastle,-0.5380071219198875,0.0,0.28933175410500056,-0.9388022644835625,-0.5174378271285425,SE,1.7543234121621631,NW,ESE,1.2849316065900815,-0.020354702008484854,1.1883189177906954,0.4275354777405742,-0.24991511419734708,-1.6113103620363989,2.210736639450438,1.7178636358491088,-0.9096074548022086,-0.9343726041571511,No,1.2206565192521275,-0.27639724070761856,-1.3328173264876895,Yes
170,W0171,2016-04-21,Adelaide,-1.0576224585265663,-0.2198330260219222,-0.01117654000252082,-0.2556128693324136,0.8679201343749372,S,0.8323079531955989,S,ENE,0.1633100002478579,0.9557093549338163,-1.1433151434778104,-0.40823096547794596,0.8521838995606797,1.1100049881908374,-1.0995444613494274,-1.532581406150337,-0.7218402051328489,-0.7214390752662108,No,-0.7574696654858862,-1.4663919591908352,-0.9862020644237595,No
171,W0172,2020-02-03,Darwin,-0.0761268227139507,1.6710870309303782,-0.349248370873483,0.003527935724918602,0.8679201343749372,NNW,-1.2954200290349338,ENE,SE,-1.439006580241033,0.2236613122270904,-1.3552818763204018,-0.6868197798841194,-0.45259999029076475,0.10934194460952812,-0.626647161235161,-0.6038828227219238,1.6252504157341485,2.1354191040205737,No,-0.09809427057321506,-1.4352809861585945,0.31360516831597884,No
172,W0173,2018-05-24,Brisbane,0.4819785388265563,0.023037440008648286,-1.6264086208304507,-0.8916857544731384,1.4346574822627245,NE,-1.437268561183636,NNW,SSE,-1.118543264143255,-0.5083867304796353,-1.4612652427416974,0.7525557612144431,1.4982419421084736,-0.5984441106065341,-1.572441761463694,-0.13953353100771732,0.3672098429494381,0.07706165807481588,No,1.5503442167084631,1.4269285328075745,3.078561957038863e-16,No
173,W0174,2016-03-05,Melbourne,-1.1730925333280504,-1.17396699971345,-0.7248837385078853,0.6396008208656434,0.7734639097269724,SE,-1.2244957629605828,SW,SE,-1.0384274351188103,-0.1830320448322017,0.2874603032096818,-0.083210682004077,1.0928721899216385,0.15815477600373595,0.31914743899337206,-0.13953353100771732,-0.8157238299675287,-0.9166281434162397,No,-0.42778196802955065,-1.5286139052553176,-1.5754480099324408,No
174,W0175,2022-02-25,Adelaide,-0.018391785313208467,-0.18513724516041222,-1.4761544737766898,-1.362850854577379,-0.5489232353445306,SW,-1.1535714968862316,SW,N,0.08319417122341337,-0.9150800875389276,-1.0373317770565145,0.10251519426670525,-0.3639253569998981,0.9635664940082139,-0.15374986112089445,0.7891650524206958,0.14188914334620584,0.23676180474302094,No,-0.42778196802955065,-0.5252850249655462,-0.1716561985735233,No
175,W0176,2022-05-14,Canberra,-0.8266823089235981,-1.3821416848825105,1.303547246717887,0.003527935724918602,-0.4544670106965661,NE,0.8323079531955989,NNE,E,0.8042366324434143,-0.10169337342034328,0.7643854521055126,-0.12964215107177257,0.8901873138281919,-0.4153959928782443,-1.572441761463694,-0.6038828227219238,-0.8720540048683368,-1.1118172115662681,Yes,0.5612811243394562,1.3024846406786106,0.05364372176803117,No
176,W0177,2020-04-24,Adelaide,-0.8844173463243399,0.023037440008648286,1.378674320244767,1.0165329009490358,0.30118278648714986,NW,-1.2954200290349338,NE,NE,0.8843524614678588,-0.427048059067777,0.3404519864203297,0.10251519426670525,-0.47793559980244915,-0.049299757421664696,0.31914743899337206,0.7891650524206958,-0.4965195055296172,-0.6327167715616522,No,-1.746532757854893,1.4735949923559362,-0.6742483285662222,No
177,W0178,2015-02-13,Townsville,0.9053688130986649,0.9424756328386661,-0.19899422381972226,-0.9859187744939866,-0.3914961942645897,NE,1.1869292835673544,ESE,NE,0.1633100002478579,-0.020354702008484854,1.8242191163184696,2.0526368951099188,-1.0606546185710608,-1.1353852559428481,1.7378393393361715,0.3248157607064892,0.7239676173212215,0.8400734699340192,Yes,-0.7574696654858862,-0.1441756053205945,1.3881124807141623,Yes
178,W0179,2021-01-08,Sydney,-0.268576947383091,-0.27187669731418745,0.5522765114490822,0.6867173308760672,-1.5879417064721402,NE,1.2578535496417054,NE,SSW,-0.07703748682547573,-0.3457093876559185,1.029343868158752,2.099068364177614,-2.3401028989108354,-1.7089360248248284,2.210736639450438,1.7178636358491088,0.21699604321395013,-0.5617389285980057,No,-0.09809427057321506,1.4735949923559362,-0.10233314616073717,Yes
179,W0180,2018-08-17,Melbourne,-0.7304572465890279,-0.7229218485138185,1.228420173191006,1.3227902160167924,0.23821197005517372,NNW,1.1160050174930032,SW,N,0.24342582927230247,-0.1830320448322017,0.6584020856842168,0.659692823079052,1.2955570660150562,0.6950959213400499,0.31914743899337206,-1.532581406150337,-0.8532772799014009,-1.0053504471207981,No,-0.7574696654858862,-0.5875069710300282,-0.10233314616073717,No
180,W0181,2018-03-14,Wollongong,-0.7497022590559418,-0.8096613006675937,0.326895290868441,1.5819310210741244,1.4976282986947005,WNW,-1.2954200290349338,SE,SW,0.6440049743945252,0.6303546692863825,-0.6133983113713317,-1.1975659396287706,1.2195502374800316,-0.024893341724553836,-0.626647161235161,0.3248157607064892,-0.7030634801659129,-0.8811392219344157,No,-0.7574696654858862,-1.5752803648036788,-0.5009406975342571,No
181,W0182,2015-08-26,Perth,0.4819785388265563,-0.7229218485138185,-0.5746295914541245,0.7102755858812796,0.0,NE,-0.37340457006836963,E,NNW,-1.1986590931676995,0.711693340698241,-0.507414944950036,-0.036779212936381436,1.2322180422358595,0.14595156815518054,0.31914743899337206,0.3248157607064892,0.14188914334620584,-0.6149723108207402,No,1.5503442167084631,-0.07417591599805216,0.07097448487122793,No
182,W0183,2021-04-17,Perth,-0.5572521343868015,0.1791684538854441,0.17664114381467996,0.003527935724918602,-1.6509125229041166,ENE,1.612474880013461,WSW,SE,2.727016529030083,1.4437413834049668,0.5524187192629211,1.8669110188391367,1.440162663566221e-14,-0.42759920072679974,0.31914743899337206,2.1822129275633153,-0.47774278056268127,-0.10038294933430114,No,-0.09809427057321506,1.0069303968723216,0.10563601107762083,Yes
183,W0184,2016-10-09,Melbourne,-0.38404702218457515,-1.486229027467041,0.06395053352435937,-1.5984334046294992,-1.902795788632022,NW,0.8323079531955989,SSW,SSW,-0.3173849738988094,1.7690960690524005,0.7113937688948647,0.7525557612144431,-2.3654385084225056,-1.5991071541878434,1.7378393393361715,1.2535143441349024,-0.759393655066721,-1.3247507404572088,Yes,0.23159342688312057,-0.361952416546281,-0.8302251964949908,Yes
184,W0185,2017-07-05,Adelaide,0.17405833935593185,0.4740825912082799,0.9279118790834844,-0.608986694410594,1.025347175454878,SSW,-2.5197361024123344e-16,SSE,WSW,-0.9583116060943657,-0.020354702008484854,0.6584020856842168,-0.3153680273425548,0.6241634139555777,0.03002109359392478,0.7920447391076386,-0.13953353100771732,0.7051908923542852,0.11255057955663916,No,-1.087157362942222,0.7735980991305144,0.6775511934831058,No
185,W0186,2015-11-01,Melbourne,-1.4040326829310188,-1.0351838762674095,0.026386996760919268,0.003527935724918602,0.8679201343749372,NE,-0.728025900440125,SW,ENE,-0.7179641190210321,-0.3457093876559185,-1.5142569259523453,0.10251519426670525,-0.7312916949192356,1.0611921567966296,0.7920447391076386,0.3248157607064892,-0.7781703800336569,-1.289261818975385,No,0.8909688217957918,-1.6686132839004018,-1.176840458558921,No
186,W0187,2019-10-13,Melbourne,-1.500257745265589,-0.09839779300663695,-0.349248370873483,-0.1378215943063535,1.3402012576147597,NE,0.33583809067514125,ESE,WNW,-0.8781957770699212,-1.0777574303626443,-0.6663899945819796,0.14894666333440082,-0.7439594996750778,0.03002109359392478,-0.626647161235161,-1.0682321144361304,-1.6606764534796479,-1.2182839760117385,No,-0.42778196802955065,1.3958175597753337,-1.3501480895908862,No
187,W0188,2015-11-02,Canberra,-0.9036623587912539,-1.7117516030668565,-1.4010274002498093,0.8280668609073397,-0.9582335421523768,N,-1.3663442951092848,E,NNW,-0.7980799480454767,-1.1590961017745027,-0.5604066281606839,-0.9654085942902927,0.7255058520022866,0.4876413879146493,0.7920447391076386,-1.532581406150337,-0.9283841797691449,-1.5909176515708843,No,0.5612811243394562,-0.05862042948193174,-1.246163510971707,No
188,W0189,2019-10-17,Adelaide,-0.1531068725816069,-0.9484444241136343,-0.2741212973466028,-0.11426333930114153,-0.6118940517765069,SW,0.05214102637773692,SSW,ESE,-0.07703748682547573,-0.1830320448322017,2.2481525820036525,0.659692823079052,-0.5919458426050002,0.03002109359392478,0.31914743899337206,0.3248157607064892,-0.15853845612476944,-0.8279058397116812,Yes,1.5503442167084631,1.1858184918077068,0.27894364210958594,Yes
189,W0190,2022-12-14,Adelaide,-0.6149871717875434,-1.10457543799043,-0.42437544440036346,1.134324175975096,-0.3285253778326133,SW,0.40676235674949235,SE,ESE,0.6440049743945252,0.3049999836389488,0.39344366963097754,0.47396694680826973,-0.553942428337488,-0.07370617311876168,-0.15374986112089445,-1.532581406150337,-0.609179855331233,-1.0585838293435328,No,-1.4168450603985576,1.5669279114526586,-1.1421789323525278,No
190,W0191,2018-01-09,Sydney,-0.6919672216551996,0.0,0.17664114381467996,-0.6561032044210181,-1.0526897668003414,SE,1.683399146087812,WSW,SE,0.6440049743945252,1.850434740464259,1.4002856506332868,1.6811851425683544,-2.1374180228174033,-1.5869039463393018,1.7378393393361715,2.1822129275633153,-1.0785979795046325,-1.0940727508253567,Yes,-1.746532757854893,0.2758225306146587,-0.9862020644237595,Yes
191,W0192,2022-03-16,Adelaide,-0.9998874211258241,0.5434741529312999,0.5522765114490822,-0.7032197144314423,0.5215806439990673,NW,-0.5152531022170718,SSW,SSW,-0.4776166319476985,-0.020354702008484854,-1.5672486091629931,-0.3617994964102504,0.5988278044438933,-0.354379953635481,-1.0995444613494274,-1.532581406150337,-0.13976173115783386,0.2545062654839329,No,1.5503442167084631,1.574705654710719,-1.1421789323525278,No
192,W0193,2016-10-22,Wollongong,0.1548133268890179,0.4567347007775246,0.852784805556604,0.4982512908343713,0.6790076850790082,NNW,-1.2244957629605828,NNW,ESE,-1.439006580241033,-1.6471281302456533,-1.620240292373641,-0.17607362013946812,1.3335604802825682,0.9635664940082139,-0.15374986112089445,-1.0682321144361304,0.42354001785024553,0.07706165807481588,Yes,0.8909688217957918,0.12026766545345387,0.05364372176803117,No
193,W0194,2015-10-15,Sydney,-0.1338618601146926,-0.029006231283616374,0.9279118790834844,1.134324175975096,1.7495115644226062,SW,-0.30248030399401854,SSW,ENE,-1.278774922192144,-1.6471281302456533,0.02250188715644254,-0.6868197798841194,0.24412927128039802,0.2435772309435962,-0.15374986112089445,-0.13953353100771732,-0.12098500619089761,-0.5262500071161818,No,-0.09809427057321506,-1.2563928912232092,0.10563601107762083,No
194,W0195,2018-05-16,Perth,-0.056881810247036736,-0.7749655198060837,0.326895290868441,-1.480642129603439,1.2772304411827835,SW,-0.23155603791966745,SE,SSE,-1.278774922192144,0.711693340698241,0.6584020856842168,-0.9189771252225971,-0.21191169992982048,-0.37878636933257803,-1.572441761463694,0.3248157607064892,-0.15853845612476944,-0.36654986044797666,No,0.5612811243394562,1.5980388844848994,0.15762830038721048,No
195,W0196,2021-05-05,Perth,-0.21084190998234878,-0.3759640398987174,1.6040555408254085,-0.49119541938453387,1.056832583670866,W,-0.08970750577096526,SE,E,-1.5191224092654776,-1.4031121160100781,-1.3552818763204018,0.2882410705374875,-0.579278037849158,1.0611921567966296,-0.626647161235161,-0.13953353100771732,-0.06465483129008955,-0.08263848859338918,No,0.5612811243394562,0.08137894916315266,-0.15432543547032684,No
196,W0197,2018-07-28,Adelaide,-0.46102707205223137,0.04038533043940359,1.003038952610365,-1.0330352845044104,-0.7378356846404595,NE,0.6904594210468967,ENE,E,-0.3173849738988094,-0.427048059067777,-1.249298509899106,-0.3153680273425548,1.3968995040617649,0.40221893297478906,-1.0995444613494274,-0.13953353100771732,-0.1773151810917057,-0.047149567111565906,No,1.2206565192521275,0.49359934184034554,-0.29297154029589906,No
197,W0198,2015-10-02,Newcastle,-0.5764971468537154,0.0,0.28933175410500056,-0.8445692444627143,-0.5489232353445306,NE,1.2578535496417054,NE,NNW,2.646900700005639,-0.427048059067777,1.1883189177906954,1.3561648590944855,1.440162663566221e-14,-2.514347742829292,0.7920447391076386,2.1822129275633153,-0.9659376297030167,0.23676180474302094,No,1.2206565192521275,0.15137863848569472,0.20962058969680014,Yes
198,W0199,2020-04-09,Brisbane,0.21254836428976012,1.2200418797307466,-1.0253920326154071,0.12131921075097873,-0.013671295672731591,SE,-0.657101634365774,NW,E,-0.7980799480454767,1.0370480263456747,-0.8253650442139232,0.2882410705374875,0.5354887806646967,0.7317055448857024,0.7920447391076386,-0.13953353100771732,0.34843311798250187,1.3014294491977232,No,0.8909688217957918,-0.9841718771911006,0.05364372176803117,No
199,W0200,2017-06-01,Brisbane,0.7706537258302668,-0.13309357386814694,1.6791826143522892,0.9222998809281875,-0.3285253778326133,NW,-0.657101634365774,SE,N,-1.439006580241033,-1.4844507874219364,0.7113937688948647,0.14894666333440082,0.06678000469863599,0.8659408312197843,0.7920447391076386,0.3248157607064892,0.7239676173212215,-0.1713607922979477,No,1.2206565192521275,-0.9219499311266185,0.7642050089990884,No
200,W0201,2022-03-19,Newcastle,-0.9229073712581681,-0.896400752821369,-0.12386715029284176,1.3463484710220042,1.056832583670866,SW,0.7613836871212478,SW,NNW,-0.3173849738988094,-1.4844507874219364,-1.5142569259523453,-0.036779212936381436,0.7381736567581287,0.04832590536676486,-0.15374986112089445,-1.532581406150337,-1.2288117792401205,-1.3424952011981204,No,0.8909688217957918,-0.04306494296581131,-1.5234557206228512,No
201,W0202,2017-04-26,Hobart,-0.7689472715228558,-1.5729684796208163,3.1817240848898978,0.027086190730130754,-1.8083395639840574,W,-2.5197361024123344e-16,NNE,ESE,1.925858238785638,1.687757397640542,2.089177532371709,1.7276166116360498,-0.9213087662568255,-2.1238450916756157,0.31914743899337206,1.7178636358491088,-0.759393655066721,-1.2360284367526497,Yes,-0.7574696654858862,-1.7308352299648837,-1.2808250371781,Yes
202,W0203,2016-06-26,Sydney,-0.28782195985000497,-0.2371809164526775,1.4538013937716474,1.0165329009490358,-0.29703996961662527,ENE,-0.657101634365774,E,ENE,-0.4776166319476985,-0.020354702008484854,0.7113937688948647,-0.9654085942902927,0.8648517043165219,-0.3055671222412732,-1.0995444613494274,-0.6038828227219238,-0.6655100302320411,-0.047149567111565906,No,1.5503442167084631,-0.7119508631589919,-0.2409792509863094,No
203,W0204,2018-08-21,Townsville,0.5782036011611265,1.7057828117918887,-1.0253920326154071,-0.44407890937410976,1.4976282986947005,NW,0.1939895585264391,SW,WSW,-0.23726914487436485,-0.020354702008484854,0.49942703605227323,-0.036779212936381436,-0.7439594996750778,1.4150851844046677,-1.0995444613494274,-0.6038828227219238,0.44231674281718175,1.7982743499432514,Yes,1.2206565192521275,0.21360058455017672,1.093489507959822,No
204,W0205,2019-02-07,Adelaide,0.7129186884295245,0.6822572763773403,-0.8000108120347658,1.204998940990732,-1.8083395639840574,SE,-2.5197361024123344e-16,ENE,S,2.4866690419567496,2.257128097523551,1.8242191163184696,0.33467253960518306,-2.6821336273184886,0.03002109359392478,1.264942039221905,1.7178636358491088,1.1182788416268772,0.786840087711284,No,0.23159342688312057,-0.7275063496751126,0.2269513527999963,Yes
205,W0206,2017-04-06,Cairns,1.4442291621722578,0.6822572763773403,1.153293099664126,1.3463484710220042,-2.595474769383762,S,-0.5152531022170718,NNE,WNW,-1.5191224092654776,0.711693340698241,0.3404519864203297,-0.17607362013946812,-0.47793559980244915,0.1337483603066251,-0.626647161235161,-1.0682321144361304,1.493813340965597,0.6271399410430789,No,1.5503442167084631,0.15915638174375507,0.8508588245150709,No
206,W0207,2019-06-18,Adelaide,-0.6919672216551996,0.30060368690072936,-0.01117654000252082,0.003527935724918602,0.0,E,-0.9407986986631783,NW,SW,-1.118543264143255,0.06098396940337357,-1.5672486091629931,-1.243997408696466,1.0041975566307575,0.03002109359392478,-0.15374986112089445,-1.532581406150337,0.14188914334620584,-0.5262500071161818,No,-0.7574696654858862,1.0691523429368033,-1.2288327478685106,No
207,W0208,2017-08-23,Cairns,1.3480040998376877,0.5087783720697898,0.026386996760919268,0.8987416259229756,-2.2176498707919037,SSW,2.8181874032774297,WNW,SSW,-0.07703748682547573,-0.020354702008484854,1.7182357498971739,-2.4976470735242464,-1.7067126611188692,-2.5997701977691663,0.31914743899337206,2.1822129275633153,1.155832291560749,0.5739065588203437,Yes,0.8909688217957918,1.3958175597753337,1.6134124010557171,Yes
208,W0209,2021-06-13,Brisbane,0.40499848895890045,0.10977689216242355,1.0781660261372452,-1.6219916596347113,0.9623763590229019,SSE,-0.657101634365774,W,SE,-1.3588907512165884,-1.7284668016575118,-0.13647316247550104,2.4240886476514834,-0.7059560854075512,-0.6960697733949498,-1.572441761463694,-0.6038828227219238,0.14188914334620584,0.3787174906703147,No,-1.4168450603985576,0.08915669242121274,1.2494663758885909,No
209,W0210,2018-01-07,Melbourne,1.6174342743744838,0.0,-0.5746295914541245,-1.2450595795513189,-0.7063502764244715,E,-0.37340457006836963,ENE,E,0.4837733163456361,0.2236613122270904,-1.0903234602671625,-0.501093903613337,-0.667952671140039,0.804924791977021,0.7920447391076386,-0.13953353100771732,-0.9847143546699526,-0.011660645629742629,No,-0.09809427057321506,0.6491542070015504,-0.7262406178758118,No
210,W0211,2017-12-20,Cairns,1.540454224506828,1.6363912500688689,-0.499502517927244,0.9222998809281875,-0.2655545614006369,NNW,-0.08970750577096526,W,W,-0.3975008029232539,-0.427048059067777,-0.6133983113713317,0.38110400867287864,1.3588960897942526,1.6713525492242622,-0.15374986112089445,-1.532581406150337,1.0807253916930049,1.656318664015957,No,0.5612811243394562,-0.5175072817074858,1.8560430845004687,No
211,W0212,2022-06-27,Hobart,-0.9229073712581681,-2.128100973404978,0.10151407028779945,-3.5302103150568858,0.0,NE,-0.37340457006836963,SSE,NW,-0.9583116060943657,-1.2404347731863612,-0.34843989531809244,-0.9654085942902927,1.5489131611318425,-0.5008184478181046,0.31914743899337206,0.3248157607064892,-1.3039186791078645,-1.8393401019436482,No,-0.42778196802955065,-1.2952816075135103,-0.29297154029589906,No
212,W0213,2021-05-12,Canberra,-0.7881922839897697,-2.0240136308204475,0.17664114381467996,-1.1979430695408948,0.0,SE,-0.44432883614272073,SE,SE,-0.4776166319476985,0.142322640815232,-0.2954482121074446,0.7061242921467475,0.35813951408294903,1.024582533250977,-0.626647161235161,-1.532581406150337,-1.2663652291739922,-1.7151288767572659,No,0.23159342688312057,1.1391520322593454,-1.454132668210065,No
213,W0214,2019-11-23,Adelaide,-0.0761268227139507,0.5261262625005452,0.326895290868441,-0.16137984931156563,0.8994055425909252,SSE,1.1160050174930032,S,SE,-0.9583116060943657,1.0370480263456747,-1.1433151434778104,0.5203984158759654,-0.7692951091867478,-0.08590938096731711,-0.15374986112089445,-0.13953353100771732,-1.4353557538764161,0.18352842252028634,No,1.5503442167084631,-1.0075051069652812,-0.8128944333917943,No
214,W0215,2017-03-21,Adelaide,-0.845927321390512,-0.27187669731418745,0.5522765114490822,-0.67966145942623,0.0,NNE,-1.3663442951092848,NE,ENE,0.40365748732119155,-1.4844507874219364,-1.620240292373641,0.24180960146979194,-0.09790145712726946,0.29239006233781795,-1.572441761463694,0.7891650524206958,-0.5716264053973612,-0.5439944678570937,No,0.23159342688312057,-0.610840200804209,-0.5182714606374536,No
215,W0216,2016-10-31,Hobart,-1.2308275707287926,-1.555620589190061,0.326895290868441,-0.5147536743897461,-0.5804086435605186,SSW,2.250793274682621,S,SE,0.9644682904923034,-0.10169337342034328,1.665244066686526,0.7989872302821387,-0.3005863332207015,-2.575363782072056,1.264942039221905,1.2535143441349024,-1.623123003545776,-1.7151288767572659,Yes,0.23159342688312057,-0.6808398901267511,-1.176840458558921,Yes
216,W0217,2020-04-07,Townsville,0.4819785388265563,1.792522263945664,-0.19899422381972226,-0.32628763434804964,-1.2101168078802822,ENE,-2.5197361024123344e-16,ESE,NNW,2.727016529030083,0.3049999836389488,2.1951608987930045,0.659692823079052,-0.19924389517397828,-0.9889467617602107,-0.15374986112089445,1.2535143441349024,1.0807253916930049,1.2836849884568118,Yes,0.23159342688312057,-0.3697301598043414,0.6602204303799091,Yes
217,W0218,2015-04-22,Darwin,1.5981892619075704,2.330306867299071,-0.048740076765961246,-0.09070508429592938,-0.3914961942645897,NNW,-2.5197361024123344e-16,N,SE,2.0059740678100826,2.82649879740656,0.7113937688948647,0.7525557612144431,-1.7447160753863815,-1.8797809347045626,1.7378393393361715,0.3248157607064892,1.6064736907672124,2.028952339575103,Yes,-0.42778196802955065,-1.6686132839004018,0.9375126400310535,Yes
218,W0219,2020-11-21,Townsville,1.5019641995730002,0.8557361806848909,-0.349248370873483,1.7468388061106086,0.5845514604310434,SE,0.33583809067514125,S,WSW,-0.07703748682547573,-1.6471281302456533,-1.0373317770565145,-1.3368603468318572,-0.07256584761558504,1.45169480795032,-1.0995444613494274,-1.0682321144361304,1.1746090165276848,0.8578179306749305,No,1.5503442167084631,-1.3030593507715704,1.9600276631196474,No
219,W0220,2020-07-20,Townsville,1.2325340250362034,0.4046910294852599,-0.19899422381972226,-0.538311929394958,-0.8952627257204003,SSW,-1.2954200290349338,SSW,ESE,-0.07703748682547573,0.3049999836389488,-1.3552818763204018,0.19537813240209637,-0.7946307186984322,1.4883044314959724,0.31914743899337206,-0.13953353100771732,1.2309391914284928,0.786840087711284,Yes,1.5503442167084631,0.8280423019369357,3.078561957038863e-16,No
220,W0221,2020-12-26,Newcastle,0.25103838922358807,-0.5667908346370232,0.7776577320297238,0.47469303582915934,1.403172074046736,WSW,-1.508192827257987,ESE,W,-0.9583116060943657,-0.5897254018914938,-0.5604066281606839,-0.2225050892071637,-0.13590487139478166,0.03002109359392478,0.7920447391076386,-0.6038828227219238,-0.25242208095944935,-0.27782755674341814,No,-1.087157362942222,0.7891535856466345,0.5562358517607303,No
221,W0222,2015-07-24,Canberra,-1.461767720331761,-0.896400752821369,-0.7248837385078853,-1.457083874598227,-0.013671295672731591,SSE,-0.8698744325888272,SSE,W,-0.1571533158499203,-0.10169337342034328,0.12848525357773824,0.5668298849436608,1.624919989666867,-0.6228505263036311,-0.15374986112089445,0.7891650524206958,-1.529239378711096,-1.3424952011981204,No,-1.4168450603985576,-0.361952416546281,-0.5009406975342571,No
222,W0223,2020-01-31,Wollongong,-0.018391785313208467,-1.10457543799043,0.7025306585028432,0.003527935724918602,1.4661428904787126,NW,-0.657101634365774,SE,SSW,-1.3588907512165884,0.142322640815232,0.6054104024735689,0.5668298849436608,-0.021894628592230632,1.1710210274336006,-0.15374986112089445,0.7891650524206958,-0.32752898082719334,-0.8456503004525925,No,0.8909688217957918,-1.3497258103199317,0.7642050089990884,No
223,W0224,2018-09-01,Brisbane,0.9823488629663214,-0.13309357386814694,1.378674320244767,0.8045086059021274,0.7104930932949963,NNE,0.33583809067514125,SW,ENE,0.8042366324434143,0.6303546692863825,-0.7723733610032752,-0.3153680273425548,0.1174512237220048,-0.14692542021008037,0.7920447391076386,-1.0682321144361304,0.5549770926187979,0.11255057955663916,Yes,0.8909688217957918,-0.8830612148363173,1.6827354534685035,No
224,W0225,2021-05-15,Cairns,0.8861238006317512,1.8792617160994394,-0.12386715029284176,0.003527935724918602,-0.23406915318464885,ENE,-0.16063177184531635,S,N,-0.7980799480454767,-1.5657894588337948,0.6584020856842168,0.009652256131314126,-0.3639253569998981,0.14595156815518054,0.31914743899337206,-1.0682321144361304,1.6628038656680204,2.2951192506887788,No,1.2206565192521275,1.3024846406786106,0.5562358517607303,No
225,W0226,2020-09-21,Hobart,-1.0961124834603941,-0.410659820760228,0.17664114381467996,1.7232805511053966,0.0,NNE,-1.3663442951092848,NW,S,-1.3588907512165884,-0.8337414161270691,-0.507414944950036,-0.2225050892071637,1.2195502374800316,-0.5374280713637708,0.31914743899337206,-0.6038828227219238,-1.3039186791078645,-0.47301662489344715,No,1.5503442167084631,-0.011953969933570178,-0.7782329071854012,No
226,W0227,2016-12-24,Perth,0.5397135762272985,-0.6014866154985332,1.6791826143522892,-0.49119541938453387,-1.6509125229041166,NE,1.683399146087812,WSW,W,-0.07703748682547573,0.142322640815232,1.9831941659504133,0.4275354777405742,-0.18657609041815046,0.03002109359392478,0.7920447391076386,1.2535143441349024,0.3859865679163737,-0.49076108563435844,No,1.5503442167084631,-0.5797292277719679,0.20962058969680014,Yes
227,W0228,2016-06-26,Brisbane,-0.0761268227139507,1.3241292223152772,-1.4761544737766898,1.2992319610115803,-0.3914961942645897,SSW,1.0450807514186522,NE,SSW,0.8042366324434143,0.06098396940337357,-0.030489796054205317,-1.2904288777641617,1.440162663566221e-14,1.3296627294647936,-1.0995444613494274,-0.6038828227219238,-0.12098500619089761,0.3609730299294034,No,-0.09809427057321506,-0.4708408221591246,-0.5702637499470432,No
228,W0229,2015-06-13,Hobart,-1.2693175956626206,-0.445355601621738,-0.349248370873483,1.228557195995944,0.804949317942961,NE,-1.508192827257987,WSW,NW,0.6440049743945252,-0.10169337342034328,-0.4014315785287403,0.659692823079052,1.440162663566221e-14,0.09713873676097269,0.31914743899337206,-0.13953353100771732,-0.7030634801659129,-0.6859501537843874,No,-0.09809427057321506,-0.07417591599805216,-1.7140941147580129,No
229,W0230,2019-01-15,Darwin,1.001593875433235,0.9424756328386661,1.6040555408254085,-0.2556128693324136,1.056832583670866,SE,0.9741564853443011,N,E,-1.439006580241033,-0.2643707162440601,0.4464353528416254,-1.1975659396287706,1.6122521849110392,1.1222081960393928,-1.0995444613494274,-1.0682321144361304,0.892958142023645,0.5206731765976085,No,1.2206565192521275,-0.04306494296581131,1.1108202710630186,No
230,W0231,2021-11-14,Canberra,-1.7889329322692993,-1.3474459040210005,0.17664114381467996,0.5453678008447952,0.0,ENE,0.1939895585264391,NW,NE,1.3650474356145261,0.5490159978745242,0.5524187192629211,1.1704389828237032,-1.2253360803969664,-2.4045188721923214,1.264942039221905,1.7178636358491088,-2.2239782024877273,-0.9343726041571511,No,0.8909688217957918,-0.0897314025141726,-1.176840458558921,Yes
231,W0232,2018-01-21,Melbourne,-1.2308275707287926,-1.399489575313266,-1.4010274002498093,0.003527935724918602,-0.2655545614006369,NNE,-0.44432883614272073,SW,ENE,0.1633100002478579,-0.3457093876559185,0.1814769367883861,-0.2225050892071637,1.7262624277136045,0.5852670507030788,0.31914743899337206,0.7891650524206958,-1.2475885042070565,-0.9876059863798863,Yes,-0.09809427057321506,0.3613777064533212,-0.604925276153436,No
232,W0233,2021-03-06,Brisbane,2.5027048478525296,-1.3474459040210005,-0.19899422381972226,1.0400911559542476,-2.0917082379279512,SE,-2.5197361024123344e-16,SW,WNW,2.4065532129323053,1.9317734118761174,0.49942703605227323,1.495459266297572,1.440162663566221e-14,-2.0140162210386445,2.210736639450438,-0.13953353100771732,0.9305115919575175,0.5206731765976085,No,1.2206565192521275,-1.1163935125781246,1.0761587448566257,Yes
233,W0234,21/02/2022,Brisbane,0.1548133268890179,0.057733220870158884,1.303547246717887,-0.11426333930114153,-0.8952627257204003,SW,-0.08970750577096526,SSE,ESE,0.4837733163456361,-1.0777574303626443,0.02250188715644254,0.5203984158759654,0.1807902475012014,0.04832590536676486,-1.0995444613494274,-1.0682321144361304,0.06678224347846218,-0.06489402785247786,No,-0.42778196802955065,1.4191507895495141,-0.18898696167671974,No
234,W0235,2015-02-08,Sydney,0.11632330195518963,-0.029006231283616374,0.6274035849759627,-0.3027293793428377,1.5920845233426653,ESE,0.9741564853443011,WNW,SSW,0.40365748732119155,0.7930320121100993,0.02250188715644254,0.5668298849436608,0.2821326855479102,-0.13472221236152496,-0.626647161235161,-0.13953353100771732,0.16066586831314209,-0.24233863526159488,Yes,-1.087157362942222,1.3180401271947313,-0.1369946723671304,No
235,W0236,2019-10-18,Newcastle,-0.1531068725816069,0.35264735819299464,0.28933175410500056,0.003527935724918602,-0.7378356846404595,SE,-2.5197361024123344e-16,SSE,W,2.246321554883416,-0.020354702008484854,0.3404519864203297,0.984713106552921,-0.5286068188258035,-1.3062301658225826,2.210736639450438,0.3248157607064892,0.5362003676518616,0.07706165807481588,Yes,-0.7574696654858862,0.5091548283564656,0.38292822072876526,Yes
236,W0237,2018-05-27,Wollongong,-0.44178205958531735,-0.04635412171437167,-0.349248370873483,-0.09070508429592938,1.4976282986947005,N,0.5486108888981945,NW,NW,0.7241208034189698,0.06098396940337357,-0.08348147926485318,-1.4297232849672483,1.440162663566221e-14,0.939160078311103,-1.572441761463694,-0.13953353100771732,-0.4589660555957454,-0.6149723108207402,No,-1.4168450603985576,-0.5252850249655462,-0.1716561985735233,No
237,W0238,16/04/2021,Darwin,2.2332746733157336,1.6016954692073582,1.5289284672985282,-0.6325449494158062,-0.07664211210470799,SE,-0.8698744325888272,WNW,NE,-0.3173849738988094,-0.7524027447152106,-0.8253650442139232,0.7061242921467475,1.713594622957748,-0.07370617311876168,-0.15374986112089445,-0.13953353100771732,1.8505711153373803,1.5498518995704873,No,-0.09809427057321506,1.3724843300011527,2.8438965813826695,No
238,W0239,2020-10-18,Perth,-0.0761268227139507,0.751648838100361,3.0314699378361376,-0.06714682929071744,-0.8322919092884242,NNW,2.0380204764595673,E,ESE,1.7656265807367488,-0.020354702008484854,0.5524187192629211,2.0526368951099188,-2.086746803794049,0.03002109359392478,0.7920447391076386,-0.13953353100771732,0.16066586831314209,0.23676180474302094,No,-0.42778196802955065,-0.8986167013524379,3.078561957038863e-16,Yes
239,W0240,2018-06-23,Newcastle,0.25103838922358807,-1.1219233284211847,-0.19899422381972226,0.42757652581873506,1.2772304411827835,NW,0.7613836871212478,N,N,-0.7179641190210321,0.2236613122270904,0.7643854521055126,0.659692823079052,-0.3765931617557403,1.610336509981499,0.31914743899337206,-1.532581406150337,-0.25242208095944935,-0.8279058397116812,No,0.8909688217957918,1.6524830872913214,0.34826669452237174,No
240,W0241,2021-09-17,Melbourne,-0.46102707205223137,-0.30657247817569744,0.5522765114490822,1.0165329009490358,0.11227033719122093,NNW,-2.5197361024123344e-16,N,N,-0.7980799480454767,-1.7284668016575118,0.5524187192629211,-1.1511344705610749,1.624919989666867,-0.757085812637713,-0.15374986112089445,0.3248157607064892,-0.06465483129008955,-0.27782755674341814,Yes,-1.4168450603985576,0.8280423019369357,-1.1941712216621174,No
241,W0242,2017-06-01,Brisbane,0.7706537258302668,-0.13309357386814694,1.6791826143522892,0.9222998809281875,-0.3285253778326133,NW,-0.657101634365774,SE,N,-1.439006580241033,-1.4844507874219364,0.7113937688948647,0.14894666333440082,0.06678000469863599,0.8659408312197843,0.7920447391076386,0.3248157607064892,0.7239676173212215,-0.1713607922979477,No,1.2206565192521275,-0.9219499311266185,0.7642050089990884,No
242,W0243,2015-04-28,Townsville,0.789898738297181,0.04038533043940359,1.228420173191006,1.228557195995944,-0.9897189503683651,W,0.12306529245208801,NW,WNW,-0.23726914487436485,-0.3457093876559185,-0.7723733610032752,-0.6403883108164238,0.6875024377347744,1.0123793254024218,0.31914743899337206,-1.532581406150337,0.5362003676518616,0.5206731765976085,No,0.5612811243394562,1.7302605198719239,-0.015679330644754626,No
243,W0244,2021-08-30,Cairns,1.3864941247715157,0.2659079060392194,0.6274035849759627,-0.09070508429592938,-0.5174378271285425,NNW,-0.657101634365774,SW,S,-0.07703748682547573,-0.6710640733033523,-1.620240292373641,-1.243997408696466,-0.5286068188258035,1.3174595216162241,-0.626647161235161,-1.532581406150337,0.9117348669905813,0.3787174906703147,No,0.5612811243394562,0.4858215985822852,1.8387123213972718,No
244,W0245,2019-10-13,Canberra,-0.8844173463243399,-1.6597079317745915,0.17664114381467996,1.2756737060063679,1.182774216534819,SW,-0.8698744325888272,NE,WNW,0.4837733163456361,-0.9150800875389276,-0.24245652889679675,0.4275354777405742,1.5742487706435269,-0.6594601498492974,-0.15374986112089445,-0.13953353100771732,-1.0785979795046325,-1.2360284367526497,No,-1.4168450603985576,-0.46306307890106424,-1.3328173264876895,No
245,W0246,2016-01-29,Townsville,0.9246138255655791,1.2720855510230125,1.378674320244767,0.451134780823947,1.4976282986947005,NNE,1.0450807514186522,SSW,SW,0.003078342198968814,-1.7284668016575118,0.7643854521055126,-0.501093903613337,0.8775195090723642,0.5242510114603156,-1.572441761463694,0.3248157607064892,1.5313667908994688,0.804584548452196,No,0.23159342688312057,0.5013770850984058,1.5094278224365385,No
246,W0247,2020-08-23,Perth,0.020098239620619462,0.4220389199160146,-1.2507732531960485,0.3569017608030992,0.5215806439990673,SE,0.2649138246007902,WSW,N,-0.3975008029232539,-1.1590961017745027,0.02250188715644254,-0.2225050892071637,0.5608243901763811,1.45169480795032,-1.572441761463694,0.3248157607064892,-0.23364535599251376,0.14803950103846245,No,-1.4168450603985576,-0.9530609041588595,-0.05034085685114783,No
247,W0248,20/11/2018,Hobart,-1.6349728325339872,-0.5841387250677785,1.6040555408254085,-0.27917112433762575,1.5605991151266767,N,-0.08970750577096526,SSW,N,-0.7179641190210321,0.6303546692863825,-1.1963068266884582,0.7061242921467475,-0.4652677950466069,-0.2323478751499545,-1.0995444613494274,-0.13953353100771732,-1.3978023039425445,-1.1118172115662681,No,-1.087157362942222,-0.46306307890106424,-1.003532827526956,No
248,W0249,2016-08-16,Darwin,1.2902690624369455,1.7057828117918887,-0.048740076765961246,-0.49119541938453387,-1.2101168078802822,WNW,1.3287778157160566,WNW,ESE,0.323541658296747,-0.020354702008484854,0.6584020856842168,2.1919313023130056,-1.7573838801422237,-2.0628290524328525,1.264942039221905,2.1822129275633153,1.3811529911639808,0.9997736166022243,No,1.5503442167084631,1.6835940603235622,1.596081637952521,Yes
249,W0250,2015-08-17,Melbourne,-0.8844173463243399,-0.7402697389445737,-1.4761544737766898,1.3699067260272162,0.4271244193511026,S,0.12306529245208801,W,N,-1.439006580241033,-0.020354702008484854,-1.0903234602671625,0.24180960146979194,1.5235775516201582,1.0611921567966296,0.31914743899337206,-0.6038828227219238,-0.759393655066721,-0.31331647822524145,No,0.23159342688312057,0.40804416600168275,-1.2288327478685106,No
250,W0251,2015-06-09,Cairns,1.1747989876354616,0.4914304816390352,-1.1005191061422877,1.6526057860897607,0.0,NE,0.12306529245208801,NNE,SW,0.08319417122341337,-0.6710640733033523,-1.1433151434778104,-0.826114187087206,0.8901873138281919,1.341865937313335,0.7920447391076386,-0.13953353100771732,0.6864141673873496,0.804584548452196,Yes,-1.4168450603985576,-1.0230605934814017,0.5215743255543368,No
251,W0252,2015-09-26,Canberra,-0.845927321390512,-1.4168374657440206,-0.7248837385078853,1.3463484710220042,1.3087158493987716,NNE,0.1939895585264391,WSW,S,-0.07703748682547573,1.0370480263456747,0.7643854521055126,-1.1047030014933794,-0.6426170616283545,-0.1957382516042882,0.31914743899337206,-0.13953353100771732,-1.1724816043393125,-1.484450887125414,No,-0.09809427057321506,0.5013770850984058,-1.592778773035637,No
252,W0253,2021-07-26,Hobart,-1.481012732798675,-1.590316370051571,-0.6497566649810048,-0.18493810431677757,0.0,NE,0.6904594210468967,NNE,ESE,0.24342582927230247,0.2236613122270904,0.6584020856842168,-0.5939568417487282,1.1815468232124906,-0.42759920072679974,0.7920447391076386,0.3248157607064892,-1.8108902532151359,-1.661895494534531,Yes,0.23159342688312057,0.20582284129211637,-1.766086404067602,No
253,W0254,2018-06-08,Newcastle,-0.0761268227139507,-0.30657247817569744,0.28933175410500056,1.4170232360376405,0.0,N,0.40676235674949235,SE,E,2.4866690419567496,2.3384667689354095,0.02250188715644254,1.0311445756206166,-2.2640960703757966,-2.5021445349807507,0.31914743899337206,1.7178636358491088,-0.6279565802981689,-0.4552721641525352,Yes,-0.42778196802955065,-1.1863932019006667,-1.1941712216621174,Yes
254,W0255,2022-02-22,Sydney,0.21254836428976012,-0.445355601621738,-0.9502649590885267,1.110765920969884,0.30118278648714986,WNW,0.1939895585264391,W,WNW,-0.23726914487436485,-0.9964187589507859,0.4464353528416254,-0.26893655827485924,-0.3259219427323715,-0.757085812637713,-0.626647161235161,-0.13953353100771732,-0.12098500619089761,-0.13587187081612442,No,-1.4168450603985576,-0.9452831609007993,0.19228982659360339,No
255,W0256,2017-10-01,Canberra,-1.1730925333280504,-0.7402697389445737,-1.8517898414110918,0.6867173308760672,-0.5174378271285425,E,0.6195351549725456,E,W,0.5638891453700806,-0.5897254018914938,-1.1963068266884582,-1.0582715324256837,0.7508414615139709,0.804924791977021,-0.15374986112089445,-1.0682321144361304,-1.529239378711096,-0.8279058397116812,No,0.23159342688312057,0.5247103148725863,-1.4021403789004758,No
256,W0257,2022-05-24,Melbourne,2.098559586047335,-2.2668840968510184,-0.2741212973466028,-1.0801517945148347,0.99386176723889,S,0.8323079531955989,SE,WSW,-0.3975008029232539,-0.10169337342034328,0.49942703605227323,-0.9654085942902927,0.9915297518749008,0.9269568704625476,-1.572441761463694,-0.13953353100771732,-0.8720540048683368,-0.3488053997070647,No,0.8909688217957918,0.7735980991305144,-1.1248481692493313,No
257,W0258,2017-07-25,Hobart,-1.1538475208611365,-2.2148404255587533,-0.8000108120347658,0.12131921075097873,0.5845514604310434,NNW,-1.2244957629605828,NW,S,-0.1571533158499203,-1.3217734445982197,-1.249298509899106,-1.569017692170335,-0.667952671140039,1.4028819765560983,0.31914743899337206,-1.0682321144361304,-1.3039186791078645,-1.999040248611853,No,-0.09809427057321506,-0.8130615255137751,-1.038194353733349,No
258,W0259,2018-01-25,Perth,0.3472634515581582,0.5434741529312999,-0.42437544440036346,1.0400911559542476,1.6550553397746415,NW,0.33583809067514125,WSW,NNW,-1.0384274351188103,-1.4844507874219364,-1.0373317770565145,-1.1047030014933794,1.118207799433294,0.2557804387921516,0.7920447391076386,-1.0682321144361304,-0.045878106323153964,0.32548410844757947,No,1.5503442167084631,0.9835971670981405,-0.015679330644754626,No
259,W0260,2018-03-17,Townsville,1.6559242993083125,1.6190433596381135,1.303547246717887,1.2756737060063679,0.8994055425909252,E,-1.3663442951092848,WNW,WNW,0.323541658296747,-1.5657894588337948,0.02250188715644254,-1.3832918158995526,1.5362453563760148,-0.36658316148403647,-0.626647161235161,-0.6038828227219238,1.9069012902381883,1.3014294491977232,Yes,0.8909688217957918,-1.4352809861585945,1.7693892689844861,No
260,W0261,2019-11-28,Brisbane,0.3665084640250718,0.5955178242235651,0.6274035849759627,0.0506444457353427,0.5845514604310434,SSE,-0.8698744325888272,W,ESE,-0.1571533158499203,-0.020354702008484854,-0.9313484106352189,-1.1047030014933794,1.440162663566221e-14,0.40221893297478906,-1.0995444613494274,-0.6038828227219238,0.8554046920897732,0.023828275852080652,No,0.23159342688312057,-0.7586173227073535,-0.3449638296054884,No
261,W0262,2017-03-27,Cairns,1.1170639502347195,0.9251277424079115,1.0781660261372452,1.2992319610115803,0.30118278648714986,ENE,-0.9407986986631783,SE,E,-1.278774922192144,-1.0777574303626443,-0.08348147926485318,0.009652256131314126,-0.04723023810391504,1.097801780342282,-1.0995444613494274,-1.0682321144361304,1.1746090165276848,0.8223290091931073,No,-0.09809427057321506,-0.23750852441731735,1.232135612785394,No
262,W0263,2015-03-29,Canberra,-1.7504429073354713,-0.8790528623906143,0.9279118790834844,-0.7738944794470782,-0.7063502764244715,NW,0.12306529245208801,NE,SW,-0.7980799480454767,-1.4844507874219364,-1.249298509899106,0.38110400867287864,1.3968995040617649,-0.5984441106065341,0.7920447391076386,-0.13953353100771732,-1.3414721290417362,-1.3957285834208555,No,-1.087157362942222,0.7424871260982729,-1.1941712216621174,No
263,W0264,2018-09-03,Newcastle,-0.17235188504852086,-0.445355601621738,0.28933175410500056,0.8516251159125517,-0.9582335421523768,ESE,0.05214102637773692,S,S,1.5252790936634153,0.7930320121100993,0.39344366963097754,0.5668298849436608,-0.6172814521166846,-2.245877170161142,0.31914743899337206,1.2535143441349024,0.12311241837927026,-0.31331647822524145,No,0.23159342688312057,0.9913749103562008,-0.2063177247799165,Yes
264,W0265,2021-01-07,Brisbane,0.5397135762272985,-0.2371809164526775,1.4538013937716474,-0.6561032044210181,1.7809969726385941,S,-0.37340457006836963,ENE,W,-0.6378482899965876,-1.3217734445982197,-0.18946484568614888,0.009652256131314126,-0.2752507237090171,0.07273232106386184,-1.572441761463694,-0.6038828227219238,0.4798701927510536,0.14803950103846245,No,-0.7574696654858862,1.5591501681945983,-0.08500238305754074,No
265,W0266,2022-10-04,Adelaide,-0.5572521343868015,0.07508111130091356,-1.2507732531960485,-1.2450595795513189,-0.9267481339363887,W,-1.2244957629605828,SE,S,-0.7179641190210321,-0.020354702008484854,-0.6133983113713317,-1.4761547540349438,1.0041975566307575,0.41442214082334444,0.31914743899337206,0.7891650524206958,-0.13976173115783386,-0.5617389285980057,No,-0.09809427057321506,0.6335987204854296,-1.003532827526956,No
266,W0267,2022-07-29,Newcastle,-0.3263119847838329,-0.13309357386814694,-1.2507732531960485,-0.06714682929071744,-0.1396129285366844,S,-2.5197361024123344e-16,SSW,SSE,0.40365748732119155,-1.3217734445982197,-0.24245652889679675,-0.036779212936381436,0.9535263376073886,1.1954274431306977,-1.0995444613494274,0.7891650524206958,-0.534072955463489,0.1657839617793744,No,1.5503442167084631,0.08137894916315266,0.14029753728401373,No
267,W0268,2017-06-26,Melbourne,-0.3263119847838329,-1.13927121885194,-1.7015356943573312,0.003527935724918602,1.3716866658307478,SW,-1.2244957629605828,WNW,NW,0.8843524614678588,0.06098396940337357,-0.34843989531809244,-1.243997408696466,-0.3765931617557403,-0.6838665655463944,0.31914743899337206,-0.6038828227219238,-0.4965195055296172,-0.9521170648980629,No,-0.7574696654858862,1.4035953030333934,-0.9862020644237595,No
268,W0269,2020-11-08,Perth,-0.03763679778012243,-0.15044146429890223,-1.7766627678842117,0.26266874078225105,-0.3285253778326133,SSW,-2.075586955852796,S,NW,-0.23726914487436485,-1.2404347731863612,-1.302290193109754,-1.1975659396287706,0.37080731883879126,0.1703579838522914,-1.0995444613494274,-1.0682321144361304,-0.0834315562570258,0.21901734400210962,No,-0.42778196802955065,0.4002664227436224,-0.8128944333917943,No
269,W0270,2015-10-06,Hobart,-1.2308275707287926,-1.5035769178977958,0.7776577320297238,-0.23205461432720167,-0.3914961942645897,NE,0.33583809067514125,WNW,SSE,2.8071323580545275,-0.020354702008484854,1.9831941659504133,0.8454186993498343,1.440162663566221e-14,0.03002109359392478,1.264942039221905,2.1822129275633153,-1.3602488540086721,-1.7151288767572659,Yes,-0.42778196802955065,-0.11306463228835337,-1.6621018254484234,Yes
270,W0271,2015-02-16,Brisbane,0.23179337675667375,0.04038533043940359,0.852784805556604,1.6054892760793364,-0.29703996961662527,E,0.90323221926995,ENE,ENE,0.4837733163456361,-0.020354702008484854,0.1814769367883861,-0.501093903613337,-0.00922682383638843,1.3052563137676827,-1.0995444613494274,-1.0682321144361304,0.17944259328007833,-0.08263848859338918,No,-1.087157362942222,-1.4975029322230764,0.0016514324584418231,No
271,W0272,2015-09-28,Townsville,1.1170639502347195,1.167998208438482,0.026386996760919268,-0.9152440094783505,0.0,SSE,0.8323079531955989,ENE,NW,-0.6378482899965876,0.9557093549338163,-0.507414944950036,-0.501093903613337,0.32013609981542246,0.15815477600373595,0.31914743899337206,-1.532581406150337,0.9117348669905813,1.6385742032750452,No,-0.42778196802955065,-0.8052837822557151,1.4920970593333416,No
272,W0273,2017-10-27,Darwin,1.713659336709054,1.9486532778224592,-1.1005191061422877,0.5689260558500071,-0.9582335421523768,256,1.1160050174930032,S,SE,-0.3975008029232539,1.118386697757533,0.4464353528416254,-0.40823096547794596,-0.23724730944150488,1.2320370666763778,0.31914743899337206,-0.6038828227219238,1.3811529911639808,1.514362978088664,No,1.5503442167084631,0.4547106255500443,0.8855203507214638,No
273,W0274,2021-11-21,Wollongong,-0.6919672216551996,-0.9484444241136343,-0.19899422381972226,0.003527935724918602,0.0,NNE,1.3997020817904076,SSW,N,2.727016529030083,-0.020354702008484854,0.7113937688948647,1.2168704518913986,-0.5032712093141335,-2.5509573663749587,2.210736639450438,1.2535143441349024,-0.6467333052651052,-1.1650505937890032,No,-0.09809427057321506,-0.41639661935270295,0.07097448487122793,Yes
274,W0275,2021-06-02,Perth,-0.4032920346514891,0.5087783720697898,0.4020223643953215,-0.538311929394958,1.245745032966795,WNW,-0.44432883614272073,WNW,ENE,0.8042366324434143,0.2236613122270904,-0.6663899945819796,-0.9654085942902927,-0.75662730443092,1.0123793254024218,-0.15374986112089445,-0.13953353100771732,0.17944259328007833,-0.31331647822524145,No,1.2206565192521275,-0.45528533564300416,-0.2583100140895058,No
275,W0276,2017-10-24,Townsville,0.5974486136280408,0.04038533043940359,0.4020223643953215,0.3804600158083112,-0.5174378271285425,SSE,0.12306529245208801,SSW,WNW,-1.0384274351188103,0.3863386550508073,-0.9843400938458667,-0.3153680273425548,1.2448858469916873,0.7195023370371608,-1.572441761463694,0.3248157607064892,0.8178512421559013,-0.011660645629742629,No,-1.746532757854893,-0.9608386474169197,0.3309359314191756,No
276,W0277,2022-12-20,Darwin,1.1747989876354616,0.5955178242235651,-0.048740076765961246,-0.3969623993636859,-0.8008065010724359,ESE,0.40676235674949235,ENE,WSW,0.9644682904923034,1.28106404058125,0.9763521849481039,0.984713106552921,1.440162663566221e-14,-0.5618344870608678,2.210736639450438,1.2535143441349024,0.6676374424204133,0.414206412152138,Yes,-0.42778196802955065,1.0147081401303815,1.6134124010557171,Yes
277,W0278,2020-07-12,Adelaide,-0.46102707205223137,0.5608220433620551,0.10151407028779945,1.7939553161210329,-0.10812752032069604,ENE,-0.16063177184531635,WSW,NNW,0.4837733163456361,-0.427048059067777,-1.5142569259523453,-0.26893655827485924,0.20612585701287142,-0.5740376949094232,0.7920447391076386,-0.13953353100771732,0.029228793544590355,0.13029504029755112,No,-0.7574696654858862,-1.6686132839004018,-0.15432543547032684,No
278,W0279,2015-02-24,Canberra,-1.3655426579971908,-1.5729684796208163,-0.8000108120347658,-0.32628763434804964,0.99386176723889,NW,-1.0826472308118806,SSE,NNE,-0.23726914487436485,0.3863386550508073,0.6584020856842168,0.19537813240209637,1.1688790184566629,-0.2811607065441623,0.31914743899337206,-0.13953353100771732,-1.548016103678032,-1.4312175049026787,No,0.5612811243394562,1.2091517215818874,-0.9688713013205628,No
279,W0280,29/10/2018,Darwin,1.4827191871060859,1.4629123457613182,0.4020223643953215,-0.9152440094783505,0.0,ESE,-0.37340457006836963,SW,NW,-0.9583116060943657,-0.3457093876559185,0.23446861999903396,-0.3153680273425548,-0.6426170616283545,0.04832590536676486,-1.572441761463694,-0.13953353100771732,1.043171941759133,1.851507732165986,No,0.23159342688312057,-1.3808367833521729,0.5908973779671233,No
280,W0281,06/09/2017,Townsville,0.7129186884295245,0.2659079060392194,-1.9269169149379723,-0.8916857544731384,-1.021204358584353,WNW,-2.075586955852796,ENE,WSW,-1.5191224092654776,0.3049999836389488,0.4464353528416254,-0.036779212936381436,0.8141804852931676,-0.7082729812435052,-0.15374986112089445,-0.13953353100771732,0.7239676173212215,0.3609730299294034,No,-0.42778196802955065,0.1358231519695743,3.078561957038863e-16,No
281,W0282,2021-04-17,Newcastle,-0.46102707205223137,-0.2024851355911669,1.0781660261372452,1.7939553161210329,1.2142596247508068,WNW,-0.44432883614272073,N,WSW,-0.8781957770699212,1.118386697757533,0.23446861999903396,-1.2904288777641617,-0.6426170616283545,1.6469461335271514,0.7920447391076386,-0.6038828227219238,-0.2899755308933212,0.023828275852080652,No,-1.4168450603985576,-1.6997242569326425,0.03631295866483472,No
282,W0283,2019-07-06,Brisbane,0.4819785388265563,-0.011658340852861694,1.303547246717887,0.003527935724918602,-0.17109833675267244,WNW,-0.44432883614272073,SSE,E,0.8843524614678588,-0.2643707162440601,0.49942703605227323,-1.1047030014933794,0.8141804852931676,1.6225397178300405,-0.15374986112089445,0.7891650524206958,0.5737538175857335,-0.26008309600250623,No,0.23159342688312057,-0.15195334857865458,0.7295434827926954,No
283,W0284,2019-06-04,Hobart,-1.2500725831957067,-0.3759640398987174,-0.048740076765961246,0.003527935724918602,1.2142596247508068,W,-1.437268561183636,ESE,SE,0.24342582927230247,1.118386697757533,-0.9313484106352189,-0.3617994964102504,1.440162663566221e-14,-0.757085812637713,-1.572441761463694,-0.13953353100771732,-1.0222678046038247,-0.2955720174843301,No,1.2206565192521275,-0.011953969933570178,-0.5356022237406499,No
284,W0285,2018-03-04,Darwin,1.040083900367063,1.2894334414537678,-1.7015356943573312,1.7703970611158208,1.182774216534819,SSE,0.90323221926995,W,S,-1.5191224092654776,0.9557093549338163,-1.0373317770565145,-0.8725456561549015,0.4214785378621457,0.5852670507030788,-0.15374986112089445,-0.6038828227219238,1.343599541230109,1.7805298892023396,No,0.23159342688312057,-0.6186179440622691,1.5267585855397345,No
285,W0286,2020-06-14,Canberra,-1.2308275707287926,-0.6014866154985332,0.17664114381467996,-0.6325449494158062,-1.4305146653921994,NW,-2.5197361024123344e-16,ESE,WNW,0.8042366324434143,0.3863386550508073,0.02250188715644254,2.14549983324531,1.440162663566221e-14,0.03002109359392478,2.210736639450438,2.1822129275633153,-0.5716264053973612,-1.0230949078617095,Yes,0.23159342688312057,1.4269285328075745,-0.4662791713278642,Yes
286,W0287,2019-06-14,Newcastle,-0.28782195985000497,-0.5841387250677785,0.10151407028779945,-0.538311929394958,0.0,NE,-1.3663442951092848,WSW,SSE,-0.6378482899965876,0.7930320121100993,0.1814769367883861,-0.6403883108164238,-0.553942428337488,0.6340798820972867,-0.15374986112089445,-0.6038828227219238,-0.609179855331233,-0.49076108563435844,No,-0.42778196802955065,0.42359965251780346,0.0016514324584418231,No
287,W0288,2021-04-01,Wollongong,-0.865172333857426,-1.0872275475596749,0.5522765114490822,-1.5277586396138632,-0.3914961942645897,SE,0.90323221926995,E,N,-0.4776166319476985,-0.8337414161270691,-0.2954482121074446,0.2882410705374875,1.0168653613865852,0.03002109359392478,-1.572441761463694,0.3248157607064892,-1.1537048793723765,-0.9166281434162397,No,-0.42778196802955065,-0.07417591599805216,-1.3674788526940826,No
288,W0289,2022-11-11,Brisbane,0.000853227153705498,1.1159545371462172,0.6274035849759627,1.252115451001156,0.99386176723889,ENE,-1.2244957629605828,ENE,SW,-0.23726914487436485,0.06098396940337357,-0.878356727424571,-0.8725456561549015,0.8648517043165219,-0.3055671222412732,-1.0995444613494274,-0.13953353100771732,0.8741814170567094,0.28999518696575616,Yes,-0.09809427057321506,-0.9219499311266185,0.868189587618267,No
289,W0290,2022-03-13,Hobart,-1.9236480195376977,-2.110753082974223,-1.6264086208304507,0.5924843108552195,0.5215806439990673,NE,0.40676235674949235,S,NW,-0.07703748682547573,0.5490159978745242,-0.18946484568614888,0.7061242921467475,0.1301190284778326,-0.049299757421664696,-1.572441761463694,0.3248157607064892,-1.7545600783143276,-1.7328733374981775,No,0.8909688217957918,0.5635990311628876,-1.5407864837260477,No
290,W0291,2017-02-18,Perth,0.23179337675667375,0.9077798519771562,-1.6264086208304507,-1.1743848145356828,1.2142596247508068,S,-1.3663442951092848,NE,W,0.24342582927230247,0.5490159978745242,0.3404519864203297,0.47396694680826973,1.2828892612592282,-0.6350537341521865,-0.626647161235161,-1.0682321144361304,0.461093467784118,1.2127071454931646,No,-0.7574696654858862,0.6958206665499119,0.9721741662374463,No
291,W0292,2019-03-16,Cairns,1.8483744239774529,0.6475614955158304,0.25176821734156046,0.027086190730130754,0.017814112543256468,N,-0.9407986986631783,SSE,NNW,-1.3588907512165884,-0.8337414161270691,-1.302290193109754,-0.5475253726810326,-0.00922682383638843,0.804924791977021,-0.15374986112089445,-1.532581406150337,1.399929716130917,0.9287957736385777,No,-0.42778196802955065,0.19026735477599593,2.4452890300091497,No
292,W0293,2018-10-23,Perth,-0.4802720845191453,0.9424756328386661,1.5289284672985282,1.1814406859855202,1.056832583670866,ESE,-1.3663442951092848,NNE,NNW,-0.1571533158499203,0.06098396940337357,-1.5672486091629931,-0.9654085942902927,-0.6426170616283545,0.40221893297478906,0.7920447391076386,-0.13953353100771732,0.6864141673873496,0.9287957736385777,No,-1.746532757854893,1.2402626946141289,0.45225127314155106,No
293,W0294,2022-06-21,Darwin,1.5019641995730002,0.7169530572388504,-1.2507732531960485,-0.5147536743897461,0.2696973782711618,E,0.5486108888981945,SE,WSW,0.40365748732119155,-0.020354702008484854,-0.507414944950036,-0.036779212936381436,1.308224870770884,0.03002109359392478,-0.15374986112089445,-0.13953353100771732,1.5125900659325324,0.9465402343794891,No,1.5503442167084631,-0.361952416546281,3.078561957038863e-16,No
294,W0295,2020-05-15,Darwin,2.194784648381905,1.2200418797307466,-0.048740076765961246,0.16843572076140284,-0.7063502764244715,W,-2.5197361024123344e-16,NE,W,0.1633100002478579,0.3863386550508073,2.1951608987930045,1.6811851425683544,1.440162663566221e-14,-0.1957382516042882,0.7920447391076386,0.7891650524206958,1.7942409404365722,1.4611295958659287,Yes,0.5612811243394562,-0.04306494296581131,1.3881124807141623,Yes
295,W0296,2017-11-29,Wollongong,-0.1531068725816069,-0.6708781772215537,-0.19899422381972226,0.8516251159125517,-0.7693210928564478,SSW,1.1160050174930032,S,SSW,0.323541658296747,-0.5083867304796353,2.2481525820036525,1.3097333900267898,-2.4161097274458596,-0.7692890204862685,0.31914743899337206,1.7178636358491088,-0.534072955463489,-0.8633947611935044,Yes,-0.42778196802955065,-1.7152797434487632,-0.7955636702885976,Yes
296,W0297,2019-10-09,Wollongong,-0.5380071219198875,-0.9831402049751442,-0.7248837385078853,-0.37340414435847374,0.08078492897523287,NE,-0.08970750577096526,E,S,-1.118543264143255,-1.4031121160100781,-0.6663899945819796,-1.1975659396287706,0.028776590431123777,0.023919489669654,0.7920447391076386,-0.13953353100771732,-0.7218402051328489,-0.5617389285980057,No,1.5503442167084631,0.3769331929694419,-0.9342097751141698,No
297,W0298,2019-09-19,Canberra,-1.1730925333280504,-1.6076642604823264,-1.7015356943573312,0.26266874078225105,1.1198034001028427,ESE,-0.37340457006836963,NE,NNW,-0.7179641190210321,0.6303546692863825,0.7643854521055126,-0.2225050892071637,0.19345805225702922,-0.5374280713637708,-0.15374986112089445,-0.6038828227219238,-1.585569553611904,-1.2537728974935618,Yes,0.5612811243394562,-1.4663919591908352,-0.2583100140895058,No
298,W0299,2018-05-30,Adelaide,0.09707828948827565,0.4220389199160146,0.026386996760919268,-0.9859187744939866,1.6865407479906296,W,-0.16063177184531635,E,S,0.1633100002478579,0.9557093549338163,-0.18946484568614888,-0.036779212936381436,1.4349029183292772,0.060529113215306414,0.7920447391076386,-0.6038828227219238,-0.27119880592638557,0.21901734400210962,No,-0.7574696654858862,-1.1863932019006667,0.05364372176803117,No
299,W0300,2020-11-23,Adelaide,-0.23008692244926277,-1.17396699971345,0.25176821734156046,0.003527935724918602,0.0,NE,-1.2244957629605828,N,ESE,-0.1571533158499203,-0.020354702008484854,0.6054104024735689,0.7525557612144431,0.8141804852931676,-0.03709654957310927,-1.0995444613494274,-0.6038828227219238,-0.5152962304965532,-0.9521170648980629,No,0.23159342688312057,1.699149546839683,-0.1716561985735233,No
300,W0301,2018-01-02,Adelaide,-1.0191324335927383,-0.3759640398987174,-1.9269169149379723,-1.1979430695408948,1.4661428904787126,ENE,-0.9407986986631783,N,ESE,-1.1986590931676995,0.8743706835219578,-0.4544232617393882,-0.5475253726810326,-0.5919458426050002,-0.3299735379383702,-0.626647161235161,-1.0682321144361304,-0.9659376297030167,-0.011660645629742629,No,-1.087157362942222,-1.2719483777393292,-0.08500238305754074,No
301,W0302,2015-10-29,Brisbane,0.7514087133633525,-0.48005138248324797,-0.6497566649810048,0.9929746459438238,-0.10812752032069604,WNW,-0.657101634365774,WNW,NNE,0.24342582927230247,0.4676773264626657,0.5524187192629211,0.7061242921467475,1.440162663566221e-14,1.073395364645185,-1.0995444613494274,0.3248157607064892,0.5925305425526697,-0.18910525303885964,No,-0.7574696654858862,-1.3263925805457513,-0.08500238305754074,No
302,W0303,2022-02-21,Canberra,-1.8851579946038695,-1.0525317666981648,-1.9269169149379723,0.33334350579788685,-0.42298160248057776,ENE,-1.0826472308118806,SE,E,0.5638891453700806,-0.9964187589507859,-1.302290193109754,0.5668298849436608,0.6748346329789321,-0.488615239969563,-0.15374986112089445,0.7891650524206958,-1.472909203810288,-1.8748290234254714,No,1.2206565192521275,0.5713767744209479,-2.4246554019890696,No
303,W0304,2016-06-06,Perth,0.2702834016905017,0.07508111130091356,-1.2507732531960485,1.6997222961001845,0.39563901113511457,WSW,-0.5861773682914229,NNW,SW,0.003078342198968814,-1.2404347731863612,-1.3552818763204018,0.33467253960518306,1.6502555991785512,1.5859300942843881,0.31914743899337206,-1.532581406150337,0.19821931824701391,0.3609730299294034,No,-1.4168450603985576,-0.5797292277719679,0.5389050886575336,No
304,W0305,2020-03-23,Wollongong,0.11632330195518963,-1.0698796571289195,-0.19899422381972226,0.6160425658604315,-2.0917082379279512,E,2.8891116693517804,ESE,NNE,0.5638891453700806,0.9557093549338163,1.5592607002652303,1.0311445756206166,-2.2007570465965998,-0.36658316148403647,0.31914743899337206,2.1822129275633153,-0.27119880592638557,-0.9521170648980629,No,0.8909688217957918,-1.2719483777393292,-0.708909854772615,Yes
305,W0306,2018-06-30,Canberra,-0.9036623587912539,-0.8096613006675937,3.0314699378361376,1.5348145110637006,-1.2730876243122584,WNW,0.1939895585264391,ENE,WSW,2.566784870981194,-0.2643707162440601,1.8242191163184696,1.9597739569745278,-2.6061267987834498,-2.0750322602814077,2.210736639450438,0.3248157607064892,-0.4965195055296172,-0.6682056930434754,No,0.23159342688312057,0.8824865047433575,-1.3674788526940826,Yes
306,W0307,28/02/2015,Hobart,-1.8466679696700414,-0.7749655198060837,1.303547246717887,0.003527935724918602,1.7495115644226062,SE,-1.3663442951092848,ENE,WSW,-0.557732460972143,-0.10169337342034328,0.7113937688948647,-1.243997408696466,0.1807902475012014,-0.40319278502968886,-0.15374986112089445,-0.13953353100771732,-2.2803083773885353,-0.8456503004525925,Yes,0.8909688217957918,-0.10528688903029329,-2.3899938757826766,No
307,W0308,2020-07-11,Wollongong,0.000853227153705498,-0.7229218485138185,-0.19899422381972226,-0.5618701844001699,-1.178631399664294,SW,0.9741564853443011,E,WNW,1.204815777565637,0.7930320121100993,1.347293967422639,2.14549983324531,-2.1627536323290735,0.03002109359392478,2.210736639450438,0.3248157607064892,-0.25242208095944935,-0.5439944678570937,Yes,-1.087157362942222,-0.9063944446104981,3.078561957038863e-16,Yes
308,W0309,2017-01-14,Wollongong,-0.6919672216551996,-0.896400752821369,0.25176821734156046,0.9222998809281875,-0.36001078604860165,NNE,-1.0826472308118806,SSW,E,-0.07703748682547573,-0.9150800875389276,0.0754935703670904,-1.3832918158995526,-0.5919458426050002,-0.2323478751499545,-0.15374986112089445,0.7891650524206958,-0.6655100302320411,-0.579483389338917,No,-1.4168450603985576,0.7347093828402131,-0.6222560392566325,No
309,W0310,07/04/2022,Townsville,1.0593289128339773,0.4914304816390352,-0.19899422381972226,0.12131921075097873,-1.5249708900401637,S,-2.5197361024123344e-16,NE,S,2.646900700005639,0.5490159978745242,0.6584020856842168,-0.036779212936381436,-0.3639253569998981,-0.5496312792123262,0.7920447391076386,-0.13953353100771732,0.7427443422881577,0.9642846951204009,No,1.2206565192521275,0.08137894916315266,1.024166455547036,Yes
310,W0311,2022-06-25,Melbourne,-0.7112122341221135,-0.827009191098349,-1.325900326722929,1.2756737060063679,-0.2025837449686608,W,0.9741564853443011,W,ESE,-0.3173849738988094,-0.6710640733033523,0.2874603032096818,-0.501093903613337,-0.5666102330933301,-0.2323478751499545,-0.15374986112089445,-0.13953353100771732,-0.4589660555957454,-0.579483389338917,No,1.5503442167084631,-1.1397267423523054,-1.315486563384493,No
311,W0312,2022-12-06,Sydney,-0.4032920346514891,-0.06370201214512697,0.47714943792220166,-1.8104576996764075,0.3641536029191265,NNE,-2.5197361024123344e-16,NE,WSW,0.6440049743945252,0.9557093549338163,0.02250188715644254,-0.7796827180195104,-0.5032712093141335,-0.14692542021008037,-1.0995444613494274,-0.6038828227219238,-0.32752898082719334,0.1657839617793744,No,1.2206565192521275,-1.5130584187391969,-0.9342097751141698,No
312,W0313,2019-05-08,Newcastle,-0.44178205958531735,0.2138642347469541,1.378674320244767,1.4641397460480643,-0.5489232353445306,N,-0.44432883614272073,SW,ENE,-0.3975008029232539,-0.020354702008484854,-0.2954482121074446,-0.3617994964102504,1.0548687756540973,-0.5984441106065341,-1.572441761463694,-1.0682321144361304,-0.3087522558602574,0.23676180474302094,Yes,1.2206565192521275,0.20582284129211637,0.24428211590319304,No
313,W0314,2020-11-23,Wollongong,-0.9229073712581681,-0.792313410236839,1.4538013937716474,0.07420270074055464,-0.17109833675267244,SW,-0.9407986986631783,SW,N,0.4837733163456361,1.0370480263456747,0.4464353528416254,0.5668298849436608,-0.24991511419734708,0.3167964780349149,-0.15374986112089445,-0.13953353100771732,-0.5904031303642971,-0.8456503004525925,No,0.8909688217957918,1.4113730462914538,-1.4714634313132615,No
314,W0315,2021-05-07,Townsville,1.1555539751685475,1.0292150849924413,-1.9269169149379723,-1.1037100495200467,1.403172074046736,NE,-0.5152531022170718,SSE,E,0.7241208034189698,1.0370480263456747,-0.24245652889679675,-1.0582715324256837,0.155454637989517,0.939160078311103,-1.572441761463694,-1.532581406150337,1.3811529911639808,0.6448844017839902,No,-1.746532757854893,-0.41639661935270295,1.6307431641589138,No
315,W0316,2018-09-13,Adelaide,-0.7689472715228558,0.5261262625005452,-0.048740076765961246,-1.2215013245461068,0.0,S,0.5486108888981945,NE,ENE,0.7241208034189698,-1.3217734445982197,0.12848525357773824,-1.1975659396287706,0.1807902475012014,0.41442214082334444,-0.626647161235161,-1.532581406150337,0.10433569341233401,0.09480611881572784,No,1.2206565192521275,-1.5363916485133777,-0.15432543547032684,No
316,W0317,2015-01-19,Townsville,1.1363089627016332,0.9771714137001761,-0.12386715029284176,1.5819310210741244,1.3087158493987716,SSE,0.6195351549725456,NNW,E,0.8843524614678588,-0.020354702008484854,-0.08348147926485318,-0.40823096547794596,1.440162663566221e-14,0.18256119170083296,-1.0995444613494274,0.3248157607064892,1.493813340965597,1.3014294491977232,Yes,-0.7574696654858862,1.5902611412268397,1.7000662165716998,No
317,W0318,2019-02-09,Cairns,1.0593289128339773,1.653739140499623,-1.5512815473035702,-1.457083874598227,0.6790076850790082,W,-0.5152531022170718,NNE,NNE,-0.6378482899965876,0.5490159978745242,-0.13647316247550104,-1.3368603468318572,0.2821326855479102,0.8781440390683397,-1.572441761463694,0.7891650524206958,1.4750366159986605,1.9579744966114565,No,0.8909688217957918,0.5402658013887071,1.4054432438173592,No
318,W0319,2017-09-27,Sydney,-0.7497022590559418,-0.011658340852861694,-0.5746295914541245,-0.8916857544731384,1.245745032966795,WSW,0.7613836871212478,NNW,N,-0.9583116060943657,-0.427048059067777,0.39344366963097754,0.38110400867287864,0.5734921949322089,1.0855985724937405,-0.15374986112089445,-0.6038828227219238,0.12311241837927026,-0.15361633155703638,Yes,-1.4168450603985576,-0.8130615255137751,-1.003532827526956,No
319,W0320,2021-12-29,Brisbane,0.38575347649198616,-0.16778935472965692,-0.19899422381972226,-0.2556128693324136,-1.713883339336093,NE,2.463566072905674,S,NNE,0.8042366324434143,2.257128097523551,1.5062690170545825,0.2882410705374875,-2.39077411793419,-0.5374280713637708,1.7378393393361715,-0.13953353100771732,-0.10220828122396138,-0.13587187081612442,Yes,0.23159342688312057,0.2991557603888395,0.8855203507214638,Yes
320,W0321,2019-01-06,Cairns,1.3864941247715157,0.7689967285311157,-1.9269169149379723,0.003527935724918602,-0.8952627257204003,NE,-1.0826472308118806,ESE,ESE,0.323541658296747,-1.6471281302456533,-1.4082735595310496,-1.2904288777641617,-0.6552848663841968,1.5127108471930832,-1.0995444613494274,-1.0682321144361304,1.193385741494621,0.7513511662294607,No,-0.09809427057321506,0.034712489614791106,2.0293507155324337,No
321,W0322,2022-03-31,Adelaide,-0.19159689751543482,-1.3127501231594905,-1.0253920326154071,0.003527935724918602,0.6790076850790082,NNW,0.47768662282384344,NW,WNW,-0.07703748682547573,0.711693340698241,0.12848525357773824,-0.5475253726810326,1.4855741373526459,1.256443482373461,-0.15374986112089445,-0.13953353100771732,-0.5904031303642971,-0.8633947611935044,Yes,-1.4168450603985576,-1.6608355406423414,-0.39695611891507804,No
322,W0323,2022-06-18,Brisbane,-0.056881810247036736,1.2720855510230125,-0.7248837385078853,0.003527935724918602,1.4346574822627245,E,-1.437268561183636,WSW,SSW,-1.0384274351188103,-0.5897254018914938,-0.878356727424571,-0.26893655827485924,-0.19924389517397828,0.6340798820972867,0.7920447391076386,-0.13953353100771732,0.21699604321395013,1.7272965069796036,Yes,-0.42778196802955065,-1.4352809861585945,0.7642050089990884,No
323,W0324,2016-05-02,Newcastle,-0.056881810247036736,0.09242900173166886,0.7776577320297238,1.7232805511053966,-1.6823979311201047,NE,1.7543234121621631,SE,SE,1.8457424097611934,1.5250800548168253,1.5592607002652303,1.2633019209590943,-0.42726438077909473,-1.4770750757023168,-0.15374986112089445,1.2535143441349024,0.08555896844539843,0.32548410844757947,Yes,1.5503442167084631,-1.427503242900534,3.078561957038863e-16,Yes
324,W0325,2021-12-14,Newcastle,-0.42253704711840306,-0.896400752821369,1.6791826143522892,0.003527935724918602,0.804949317942961,S,0.5486108888981945,E,SE,-0.9583116060943657,0.9557093549338163,-0.6133983113713317,-0.5939568417487282,1.4729063325968181,0.03002109359392478,-1.572441761463694,0.7891650524206958,-0.6279565802981689,-1.0053504471207981,No,-0.7574696654858862,0.3613777064533212,-0.7435713809790082,Yes
325,W0326,2017-02-18,Cairns,1.8676194364443666,1.1853460988692373,0.10151407028779945,0.8045086059021274,0.23821197005517372,SSW,0.2649138246007902,NNE,S,-0.557732460972143,0.4676773264626657,0.6584020856842168,-1.1975659396287706,1.5109097468643302,0.7927215841284656,-0.15374986112089445,-0.13953353100771732,1.3623762661970444,1.691807585497781,Yes,1.5503442167084631,-0.8363947552879559,1.3707817176109662,No
326,W0327,2016-02-09,Hobart,-1.692707869934729,-0.6188345059292885,0.17664114381467996,0.5924843108552195,0.0,NNW,2.6763388711287273,NNW,SW,2.566784870981194,0.3049999836389488,1.0823355513693997,1.8669110188391367,1.440162663566221e-14,-1.9774065974929784,1.264942039221905,0.7891650524206958,-1.8484437031490075,-0.3310609389661534,Yes,1.5503442167084631,-1.5597248782875583,-2.0433786137187466,Yes
327,W0328,2022-01-08,Cairns,1.0785739253008915,1.6884349213611334,-1.2507732531960485,0.8987416259229756,-0.3285253778326133,SW,0.7613836871212478,SSE,NNE,-1.1986590931676995,-1.5657894588337948,0.2874603032096818,0.19537813240209637,1.6502555991785512,1.6225397178300405,0.31914743899337206,-0.13953353100771732,0.6300839924865416,1.7982743499432514,No,-0.7574696654858862,0.14360089522763464,0.15762830038721048,No
328,W0329,2018-04-04,Melbourne,-0.8074372964566837,-0.410659820760228,-0.6497566649810048,0.003527935724918602,0.0,SSW,0.47768662282384344,ENE,ESE,-0.9583116060943657,-1.4844507874219364,-0.9843400938458667,-0.2225050892071637,-0.47793559980244915,1.0855985724937405,-1.0995444613494274,-0.13953353100771732,-0.5528496804304253,-0.9343726041571511,No,0.8909688217957918,1.6758163170655018,0.01898219556163827,No
329,W0330,2020-05-18,Cairns,1.5596992369737424,1.2894334414537678,-1.6264086208304507,-0.7974527344522903,-0.6118940517765069,NW,-1.0117229647375294,WSW,ESE,0.003078342198968814,-0.8337414161270691,-0.4014315785287403,0.19537813240209637,-0.6932882806517234,0.4632349722175523,-1.572441761463694,-1.0682321144361304,1.099502116659941,1.496618517347752,Yes,1.5503442167084631,1.504705965388177,1.422774006920556,No
330,W0331,2020-07-27,Adelaide,-0.3263119847838329,-1.0872275475596749,0.026386996760919268,-1.2215013245461068,-0.10812752032069604,ENE,-0.37340457006836963,NNE,E,-1.439006580241033,-0.3457093876559185,-1.1433151434778104,-1.1511344705610749,-0.04723023810391504,1.293053105919141,0.7920447391076386,-1.0682321144361304,-0.2899755308933212,-1.1118172115662681,No,0.5612811243394562,0.7813758423885742,-0.6222560392566325,No
331,W0332,2016-03-26,Hobart,-1.6542178450009013,-1.8852305073744071,0.026386996760919268,1.393464981032428,0.0,NNW,0.8323079531955989,SW,E,0.1633100002478579,-0.1830320448322017,0.39344366963097754,-0.9654085942902927,-0.6299492568725268,1.183224235282156,-1.0995444613494274,-1.532581406150337,-1.379025578975608,-1.7683622589800012,No,-1.4168450603985576,-0.011953969933570178,-1.315486563384493,Yes
332,W0333,2018-07-29,Canberra,-0.9613973961919962,-0.3586161494679627,-1.0253920326154071,1.7939553161210329,-0.7693210928564478,E,0.33583809067514125,ESE,W,-0.3975008029232539,-0.020354702008484854,0.1814769367883861,0.2882410705374875,-0.17390828566230826,-0.4520056164238967,0.31914743899337206,-1.0682321144361304,-0.7969471050005928,-0.8456503004525925,No,1.2206565192521275,-0.27639724070761856,-1.6967633516548164,No
333,W0334,2017-05-22,Sydney,-0.6534771967213716,-0.8096613006675937,1.4538013937716474,-1.5748751496242872,0.7734639097269724,SE,-0.018783239696614173,W,E,-1.278774922192144,-0.3457093876559185,-0.18946484568614888,0.47396694680826973,0.2821326855479102,0.536454219308871,-1.0995444613494274,-0.6038828227219238,-0.609179855331233,-1.1118172115662681,No,0.5612811243394562,-0.8363947552879559,-0.3796253558118816,No
334,W0335,2019-08-04,Newcastle,-0.0761268227139507,0.30060368690072936,1.6791826143522892,1.7703970611158208,1.8124823808545822,ENE,1.0450807514186522,NNW,E,-0.3975008029232539,-1.7284668016575118,-1.302290193109754,-0.036779212936381436,0.38347512359461905,1.0611921567966296,-0.15374986112089445,-1.532581406150337,-0.5152962304965532,-0.18910525303885964,No,-0.09809427057321506,-1.2563928912232092,-0.4142868820182745,No
335,W0336,2018-05-08,Townsville,1.4634741746391722,0.5955178242235651,-0.19899422381972226,-0.9623605194887744,-1.367543848960223,NE,2.605414605054376,NW,ESE,0.24342582927230247,-0.020354702008484854,1.347293967422639,0.33467253960518306,-0.75662730443092,-2.3068932094039054,1.7378393393361715,-0.13953353100771732,1.249715916395429,0.9287957736385777,No,1.2206565192521275,-0.8130615255137751,1.0414972186502323,Yes
336,W0337,2018-06-10,Townsville,1.578944249440656,0.5261262625005452,-1.5512815473035702,1.1814406859855202,0.0,NW,-1.1535714968862316,WNW,W,-1.118543264143255,-1.5657894588337948,0.5524187192629211,-0.17607362013946812,1.308224870770884,-0.14692542021008037,-1.572441761463694,-0.13953353100771732,1.399929716130917,0.9287957736385777,No,1.2206565192521275,-1.4430587294166548,3.078561957038863e-16,No
337,W0338,2016-01-25,Darwin,1.2325340250362034,1.98334905868397,1.0781660261372452,-0.020030319280293342,0.17524115362319734,NNE,-1.1535714968862316,SW,E,-1.118543264143255,-1.0777574303626443,-0.34843989531809244,-0.3153680273425548,1.308224870770884,-0.757085812637713,-0.626647161235161,0.3248157607064892,1.7754642154696365,1.4256406743841055,No,0.23159342688312057,-0.33861918677210057,1.4747662962301449,No
338,W0339,2018-04-18,Sydney,-0.0761268227139507,-0.3933119303294727,-0.048740076765961246,-0.5147536743897461,-0.1396129285366844,NNE,-1.2244957629605828,SSW,SW,0.08319417122341337,1.0370480263456747,-0.7723733610032752,-0.5475253726810326,1.118207799433294,0.15815477600373595,-1.572441761463694,-0.13953353100771732,-0.40263588069493733,-0.5085055463752705,No,-1.4168450603985576,1.4269285328075745,3.078561957038863e-16,No
339,W0340,2015-07-17,Sydney,-0.46102707205223137,0.1791684538854441,-1.4761544737766898,-1.5042003846086511,0.17524115362319734,WSW,-0.44432883614272073,SSW,SW,-1.278774922192144,0.5490159978745242,-0.08348147926485318,0.38110400867287864,0.054112199942808185,-0.5618344870608678,-0.15374986112089445,-1.532581406150337,0.21699604321395013,-0.24233863526159488,Yes,-0.42778196802955065,-0.33861918677210057,-0.899548248907777,No
340,W0341,2019-01-25,Newcastle,-0.3648020097176612,-0.27187669731418745,0.47714943792220166,0.23911048577703908,-0.4544670106965661,WNW,0.12306529245208801,N,E,0.323541658296747,0.4676773264626657,-1.620240292373641,-1.4761547540349438,1.440162663566221e-14,0.40221893297478906,0.7920447391076386,0.7891650524206958,-0.2899755308933212,-0.4375277034116232,No,0.23159342688312057,1.450261762581755,0.27894364210958594,No
341,W0342,2022-07-24,Canberra,-1.3270526330633627,-0.9657923145443895,-0.5746295914541245,-0.18493810431677757,-0.8952627257204003,SE,0.6195351549725456,W,SE,-0.23726914487436485,-0.5897254018914938,-0.6133983113713317,-0.17607362013946812,0.4974853663971845,-0.42759920072679974,-1.0995444613494274,-1.0682321144361304,-1.548016103678032,-1.5731731908299726,Yes,-1.087157362942222,0.6258209772273693,-1.6621018254484234,No
342,W0343,2017-12-23,Darwin,1.367249112304602,1.3241292223152772,-0.048740076765961246,-1.409967364587803,-1.2730876243122584,SSE,1.3997020817904076,W,SE,0.08319417122341337,1.850434740464259,2.142169215582357,0.33467253960518306,-1.6687092468513427,-1.001149969608766,0.31914743899337206,2.1822129275633153,1.099502116659941,0.9287957736385777,No,-0.42778196802955065,-0.0897314025141726,1.3881124807141623,Yes
343,W0344,2020-10-13,Perth,0.0778332770213617,0.751648838100361,0.7776577320297238,0.23911048577703908,-0.2025837449686608,E,0.40676235674949235,ESE,NW,-0.557732460972143,-1.2404347731863612,-1.1433151434778104,0.4275354777405742,0.978861947119073,0.011716281821098573,0.7920447391076386,0.7891650524206958,0.7051908923542852,0.44969533363396186,Yes,-0.42778196802955065,-1.2719483777393292,0.9201818769278567,No
344,W0345,2022-05-11,Cairns,1.7906393865767107,1.8445659352379287,0.17664114381467996,-0.1378215943063535,0.08078492897523287,NNW,1.0450807514186522,SW,SSE,0.003078342198968814,0.711693340698241,-0.6663899945819796,-1.1047030014933794,-0.5919458426050002,0.03002109359392478,0.31914743899337206,-1.0682321144361304,2.244882339643036,1.851507732165986,No,0.5612811243394562,-0.5719514845139078,3.078561957038863e-16,No
345,W0346,2017-04-12,Perth,0.3280184390912439,-0.6361823963600431,0.17664114381467996,-0.7267779694366542,0.0,WNW,-2.5197361024123344e-16,NNW,ENE,-0.1571533158499203,1.1997253691693914,2.089177532371709,0.659692823079052,-2.112082413305719,-1.159791671639959,1.264942039221905,1.2535143441349024,0.08555896844539843,-0.26008309600250623,No,0.23159342688312057,0.22915607106629715,0.5042435624511407,Yes
346,W0347,2017-12-26,Sydney,-0.7689472715228558,0.4914304816390352,1.5289284672985282,0.003527935724918602,0.9308909508069133,NE,-1.1535714968862316,WSW,E,0.003078342198968814,-0.427048059067777,-0.9843400938458667,-1.0582715324256837,0.23146146652455582,1.5493204707387358,-0.626647161235161,-1.532581406150337,-0.15853845612476944,-0.10038294933430114,Yes,0.5612811243394562,-1.2563928912232092,-0.4662791713278642,No
347,W0348,2019-08-03,Melbourne,-0.30706697231691893,-0.49739927291400327,1.378674320244767,-0.04358857428550549,-0.1396129285366844,WSW,-0.30248030399401854,E,ESE,-0.7179641190210321,-0.3457093876559185,0.6054104024735689,-1.3368603468318572,1.440162663566221e-14,0.4632349722175523,0.31914743899337206,0.3248157607064892,-0.740616930099785,-0.7391835360071227,No,1.2206565192521275,-0.7586173227073535,-0.36229459270868486,No
348,W0349,2017-02-19,Brisbane,0.11632330195518963,1.1159545371462172,-0.5746295914541245,-1.5513168946190752,-0.9267481339363887,NE,0.5486108888981945,N,S,0.323541658296747,-1.0777574303626443,-0.8253650442139232,-1.0582715324256837,0.7888448757814831,1.5493204707387358,-0.15374986112089445,-1.532581406150337,0.7427443422881577,0.6803733232658135,No,-1.746532757854893,-1.6297245676101004,0.5215743255543368,No
349,W0350,2016-02-16,Brisbane,-0.11461684764777863,0.14447267302393413,-1.7015356943573312,-0.6561032044210181,1.5605991151266767,W,0.1939895585264391,WSW,SSW,-0.1571533158499203,-1.4031121160100781,-1.3552818763204018,-1.1047030014933794,-0.5159390140699613,1.097801780342282,-1.0995444613494274,-1.0682321144361304,-0.4965195055296172,-0.18910525303885964,No,-0.42778196802955065,0.7113761530660321,-0.5529329868438467,No
350,W0351,2018-01-27,Perth,-0.09537183518086466,-0.5320950537755132,-0.499502517927244,-1.5984334046294992,0.0,SSE,-1.2244957629605828,ESE,E,0.5638891453700806,0.3049999836389488,0.5524187192629211,-1.1047030014933794,-0.667952671140039,1.256443482373461,-0.15374986112089445,-1.532581406150337,-0.23364535599251376,-0.47301662489344715,No,0.8909688217957918,-0.19861980812701613,-0.2583100140895058,No
351,W0352,2016-10-02,Adelaide,-0.7689472715228558,0.12712478259317883,-0.048740076765961246,1.7232805511053966,1.7809969726385941,NE,-1.0826472308118806,ESE,SW,0.1633100002478579,0.7930320121100993,0.12848525357773824,-1.1975659396287706,-0.6172814521166846,0.18256119170083296,0.31914743899337206,-0.6038828227219238,-0.0834315562570258,-0.15361633155703638,No,-1.746532757854893,0.6335987204854296,-0.7262406178758118,No
352,W0353,2018-12-18,Cairns,1.2517790375031177,1.98334905868397,-1.4761544737766898,-1.0094770294991986,1.7180261562066175,NE,0.47768662282384344,NE,NE,-0.3975008029232539,-0.2643707162440601,-1.302290193109754,-1.1975659396287706,0.5228209759088545,-0.6594601498492974,0.31914743899337206,-0.13953353100771732,1.7003573156018923,2.1531635647614857,No,-0.7574696654858862,1.123596545743225,0.5042435624511407,No
353,W0354,2022-02-12,Hobart,-0.9229073712581681,-1.6597079317745915,1.303547246717887,-0.7974527344522903,0.6790076850790082,E,-0.7989501665144761,SSW,E,0.003078342198968814,-0.427048059067777,0.6584020856842168,2.5169515857868743,1.440162663566221e-14,1.3784755608589874,-1.572441761463694,-1.0682321144361304,-1.3978023039425445,-1.5731731908299726,No,0.23159342688312057,0.4858215985822852,-0.3449638296054884,No
354,W0355,2015-08-29,Sydney,-0.0761268227139507,0.4220389199160146,-1.7015356943573312,0.3804600158083112,1.3716866658307478,SE,0.6904594210468967,NNW,ENE,-0.8781957770699212,1.118386697757533,-1.249298509899106,0.05608372519900969,-0.7692951091867478,0.5974702585516343,0.31914743899337206,-1.532581406150337,-0.12098500619089761,0.13029504029755112,No,-0.7574696654858862,1.6602608305493818,0.3309359314191756,No
355,W0356,2019-09-27,Cairns,1.6751693117752262,0.8036925093926256,0.326895290868441,-0.9623605194887744,1.6550553397746415,151,-0.728025900440125,SSE,S,-0.557732460972143,0.06098396940337357,-1.1433151434778104,-1.569017692170335,1.624919989666867,0.9513632861596585,0.7920447391076386,-0.13953353100771732,1.399929716130917,0.804584548452196,No,-1.746532757854893,0.9835971670981405,1.5267585855397345,No
356,W0357,2022-07-06,Perth,0.2702834016905017,0.2138642347469541,-0.349248370873483,-1.0565935395096226,0.30118278648714986,SW,-1.0826472308118806,SSE,W,-0.1571533158499203,0.711693340698241,-1.249298509899106,-0.036779212936381436,1.5489131611318425,-0.14692542021008037,-1.0995444613494274,-1.532581406150337,-0.1773151810917057,0.041572736592992605,No,-1.4168450603985576,1.3724843300011527,0.9028511138246605,No
357,W0358,2016-12-16,Canberra,-1.7504429073354713,-1.0351838762674095,3.256851158416778,0.26266874078225105,-1.713883339336093,ESE,-2.5197361024123344e-16,S,NW,-0.23726914487436485,0.7930320121100993,2.2481525820036525,2.0062054260422233,-1.2760072994203207,-0.5008184478181046,1.7378393393361715,0.7891650524206958,-1.3039186791078645,-0.6504612323025641,Yes,0.8909688217957918,0.8669310182272368,-1.8007479302739953,Yes
358,W0359,2018-05-22,Hobart,-1.0961124834603941,-1.9372741786666723,1.228420173191006,-0.7738944794470782,0.30118278648714986,SSE,0.7613836871212478,SSW,ESE,-1.118543264143255,-0.2643707162440601,0.6054104024735689,0.24180960146979194,0.34547170932710686,0.426625348671886,-0.15374986112089445,-0.13953353100771732,-1.51046265374416,-1.608662112311796,No,-0.09809427057321506,-0.7819505524815342,-1.1248481692493313,No
359,W0360,2018-03-23,Hobart,-1.6349728325339872,-1.8158389456513868,0.17664114381467996,0.12131921075097873,0.9308909508069133,SSE,-0.30248030399401854,WSW,W,-0.7980799480454767,-0.8337414161270691,0.2874603032096818,-2.4976470735242464,1.440162663566221e-14,0.6218766742487313,-1.0995444613494274,-0.6038828227219238,-1.9611040529506236,-1.9635513271300298,Yes,-1.087157362942222,-1.5052806754811365,-1.5407864837260477,No
360,W0361,2021-08-23,Brisbane,0.19330335182284583,0.7343009476696056,-0.19899422381972226,-0.2084963593219895,0.049299520759244805,NW,-0.37340457006836963,SSE,SSE,0.40365748732119155,0.7930320121100993,0.6054104024735689,-0.8725456561549015,1.206882432724175,0.03002109359392478,-0.15374986112089445,-0.6038828227219238,0.49864691771798986,0.7513511662294607,Yes,0.5612811243394562,-1.3263925805457513,-0.6222560392566325,No
361,W0362,2022-02-08,Perth,0.30877342662433027,0.5434741529312999,0.7025306585028432,0.19199397576661478,-0.8952627257204003,SSW,-0.44432883614272073,ESE,N,0.24342582927230247,-1.6471281302456533,-0.4014315785287403,0.47396694680826973,0.07944780945447819,1.4638980157988615,-1.0995444613494274,0.7891650524206958,0.7051908923542852,0.786840087711284,No,-0.09809427057321506,0.30693350364689953,3.078561957038863e-16,No
362,W0363,2022-08-01,Newcastle,-0.09537183518086466,-0.6708781772215537,0.28933175410500056,-1.5277586396138632,0.017814112543256468,SW,-0.23155603791966745,NNE,NNW,0.6440049743945252,0.4676773264626657,0.12848525357773824,-0.826114187087206,1.4982419421084736,0.04832590536676486,-0.626647161235161,-1.0682321144361304,0.04800551851152593,-0.22459417452068292,Yes,0.23159342688312057,-0.6263956873203295,3.078561957038863e-16,No
363,W0364,2021-05-02,Hobart,-1.0768674709934802,-0.46270349205249267,-1.7015356943573312,-0.7738944794470782,-0.3914961942645897,NE,-0.44432883614272073,NNE,SE,0.8843524614678588,-1.4844507874219364,-1.4082735595310496,-0.4546624345456415,0.1174512237220048,-0.6106473184550896,-1.572441761463694,-0.6038828227219238,-0.8157238299675287,-1.1650505937890032,Yes,-0.7574696654858862,-0.6186179440622691,-0.4142868820182745,No
364,W0365,2021-03-27,Cairns,1.2710240499700318,0.4220389199160146,-0.7248837385078853,-1.5277586396138632,0.20672656183918567,ESE,-0.08970750577096526,SSE,ENE,0.003078342198968814,-1.6471281302456533,-0.08348147926485318,-0.501093903613337,0.34547170932710686,0.560860635005968,0.7920447391076386,0.7891650524206958,0.9680650418913893,0.5384176373385204,No,-0.09809427057321506,0.6724874367757309,0.5215743255543368,No
365,W0366,29/10/2018,Darwin,1.4827191871060859,1.4629123457613182,0.4020223643953215,-0.9152440094783505,0.0,ESE,-0.37340457006836963,SW,NW,-0.9583116060943657,-0.3457093876559185,0.23446861999903396,-0.3153680273425548,-0.6426170616283545,0.04832590536676486,-1.572441761463694,-0.13953353100771732,1.043171941759133,1.851507732165986,No,0.23159342688312057,-1.3808367833521729,0.5908973779671233,No
366,W0367,2021-05-21,Perth,-0.21084190998234878,-0.4280077111909827,0.5522765114490822,0.42757652581873506,-0.5804086435605186,ESE,-1.1535714968862316,E,S,-0.3975008029232539,0.3863386550508073,0.12848525357773824,-0.9189771252225971,-0.14857267615062386,1.5859300942843881,-1.0995444613494274,-0.13953353100771732,0.010452068577654107,-0.15361633155703638,No,-0.7574696654858862,1.504705965388177,-0.5875945130502396,No
367,W0368,2017-11-02,Sydney,-0.46102707205223137,0.09242900173166886,0.47714943792220166,-0.6325449494158062,-0.6748648682084833,SW,0.05214102637773692,ESE,SSE,0.1633100002478579,0.9557093549338163,0.6584020856842168,-0.5475253726810326,1.440162663566221e-14,0.03002109359392478,-0.626647161235161,-0.6038828227219238,0.010452068577654107,0.3609730299294034,No,0.5612811243394562,0.18248961151793586,-1.1595096954557247,No
368,W0369,2022-04-29,Townsville,0.40499848895890045,0.33529946776223934,-0.19899422381972226,0.6396008208656434,-0.48595241891255414,SSW,1.7543234121621631,SE,SE,1.7656265807367488,-0.2643707162440601,0.3404519864203297,1.0311445756206166,1.440162663566221e-14,-1.159791671639959,2.210736639450438,1.2535143441349024,0.7427443422881577,0.2545062654839329,Yes,0.5612811243394562,1.769149236162225,0.4349205100383543,Yes
369,W0370,2017-06-30,Perth,0.19330335182284583,0.6475614955158304,0.17664114381467996,0.003527935724918602,-1.3045730325282467,ESE,-2.5197361024123344e-16,NNW,SSW,0.5638891453700806,0.3863386550508073,0.23446861999903396,0.7989872302821387,-2.3654385084225056,-1.1109788402457372,0.7920447391076386,0.3248157607064892,0.06678224347846218,0.804584548452196,Yes,-0.7574696654858862,1.5824833979687793,0.7815357721022845,Yes
370,W0371,2015-09-20,Adelaide,-1.0576224585265663,-0.2198330260219222,-0.01117654000252082,1.6526057860897607,-1.021204358584353,NNE,-2.5197361024123344e-16,E,SE,-0.1571533158499203,2.7451601259947016,0.6054104024735689,1.495459266297572,-0.5286068188258035,-2.0262194288871864,1.264942039221905,2.1822129275633153,-1.51046265374416,-0.9698615256389743,No,0.5612811243394562,-1.4897251889650163,-1.1248481692493313,Yes
371,W0372,2020-04-07,Canberra,-1.7889329322692993,-1.1566191092826947,0.17664114381467996,1.252115451001156,-1.8713103804160338,SSW,2.3217175407569717,NW,E,-0.07703748682547573,1.850434740464259,0.2874603032096818,0.7525557612144431,-0.16124048090646606,-0.6106473184550896,-0.15374986112089445,0.3248157607064892,-1.1537048793723765,-1.5199398086072373,No,-0.09809427057321506,0.516932571614526,-2.1127016661315325,Yes
372,W0373,2020-03-25,Canberra,-0.5957421593206295,-2.0413615212512024,0.17664114381467996,1.252115451001156,-1.1471459914483058,SSW,2.7472631372030785,WSW,N,2.1662057258589718,1.6064187262286835,1.1883189177906954,1.4490277972298766,-0.18657609041815046,-0.5374280713637708,1.264942039221905,0.3248157607064892,-0.9283841797691449,-1.7861067197209128,Yes,0.23159342688312057,-0.8130615255137751,3.078561957038863e-16,Yes
373,W0374,26/02/2019,Wollongong,-0.34555699725074723,0.4740825912082799,-1.5512815473035702,1.252115451001156,1.3402012576147597,ESE,0.33583809067514125,NW,SE,0.5638891453700806,-0.9964187589507859,-1.5142569259523453,-0.501093903613337,1.1308756041891506,0.9025504547654506,-0.15374986112089445,0.3248157607064892,-0.759393655066721,0.18352842252028634,Yes,-0.42778196802955065,1.6758163170655018,-0.6395868023598292,No
374,W0375,2016-03-23,Perth,-0.0761268227139507,-0.5320950537755132,0.6274035849759627,1.5348145110637006,-0.8952627257204003,WNW,-1.5791170933323382,NW,SE,-1.3588907512165884,-1.4031121160100781,-0.9843400938458667,0.5668298849436608,0.5354887806646967,0.4876413879146493,-0.15374986112089445,-0.6038828227219238,-0.4589660555957454,-0.8633947611935044,No,0.8909688217957918,0.5247103148725863,0.0016514324584418231,No
375,W0376,2016-09-24,Sydney,-0.5572521343868015,0.2138642347469541,1.153293099664126,1.6997222961001845,0.0,WNW,-1.5791170933323382,E,NNW,-1.118543264143255,-1.3217734445982197,0.02250188715644254,0.19537813240209637,0.6748346329789321,0.03612269751820943,-0.15374986112089445,-1.532581406150337,0.23577276818088572,0.48518425511578517,No,0.23159342688312057,-0.8441724985460163,-1.1595096954557247,No
376,W0377,2016-11-23,Newcastle,-0.9421523837250821,0.6822572763773403,1.153293099664126,0.0506444457353427,1.7180261562066175,NNE,-1.2244957629605828,SW,WSW,-0.1571533158499203,0.4676773264626657,0.3404519864203297,-0.9654085942902927,-0.7439594996750778,0.3778125172776782,0.31914743899337206,-0.13953353100771732,-0.1773151810917057,0.7513511662294607,No,-1.087157362942222,0.5869322609370681,-0.708909854772615,No
377,W0378,2021-08-23,Canberra,-1.4425227078648468,-1.6250121509130817,0.17664114381467996,1.7703970611158208,-0.7378356846404595,NNW,-0.5861773682914229,E,SSW,0.6440049743945252,0.4676773264626657,0.02250188715644254,-1.0118400633579883,1.440162663566221e-14,0.03002109359392478,-1.0995444613494274,-1.0682321144361304,-1.7357833533473919,-1.6796399552754426,Yes,1.2206565192521275,-1.6452800541262211,-1.3328173264876895,No
378,W0379,2019-12-03,Cairns,1.5596992369737424,0.5434741529312999,-0.8000108120347658,-1.5513168946190752,1.4976282986947005,NE,0.5486108888981945,NW,W,-0.7179641190210321,0.7930320121100993,-1.302290193109754,0.6132613540113564,0.29480049030375244,1.3906787687075568,-1.0995444613494274,-0.13953353100771732,1.3811529911639808,0.8578179306749305,No,0.5612811243394562,-0.4086188760946426,3.078561957038863e-16,No
379,W0380,2017-01-14,Darwin,1.7906393865767107,1.9486532778224592,1.228420173191006,-1.6455499146399233,-0.6748648682084833,NNE,0.47768662282384344,SE,WSW,-0.3173849738988094,0.6303546692863825,1.8772107995291174,0.7525557612144431,-0.8833053519893133,-1.1475884637914036,0.7920447391076386,0.3248157607064892,1.5876969658002769,1.4611295958659287,Yes,-0.7574696654858862,1.0302636266465022,2.271981398977185,Yes
380,W0381,2017-08-19,Darwin,2.021579536179679,2.12213218213001,-0.048740076765961246,1.2992319610115803,-1.745368747552081,S,1.4706263478647588,NW,N,1.1246999485411926,1.1997253691693914,2.089177532371709,1.3561648590944855,-0.5286068188258035,-0.9279307225174475,-0.15374986112089445,1.2535143441349024,1.5876969658002769,1.656318664015957,Yes,-1.087157362942222,1.1624852620335264,2.3239736882867743,Yes
381,W0382,2020-07-04,Perth,0.3472634515581582,0.751648838100361,0.7025306585028432,-1.315734344566955,1.7180261562066175,NE,-1.3663442951092848,NNW,SSE,-1.3588907512165884,0.3049999836389488,-0.4014315785287403,-1.2904288777641617,0.8395160948048376,1.2686466902220301,0.31914743899337206,-0.13953353100771732,-0.008324656389281471,1.1772182240113414,Yes,-0.7574696654858862,0.05026797613091153,1.0761587448566257,No
382,W0383,2015-05-28,Brisbane,0.6166936260949544,0.7689967285311157,-0.19899422381972226,-0.585428439405382,1.056832583670866,NE,0.6904594210468967,SW,SSE,-0.07703748682547573,-0.1830320448322017,-1.249298509899106,-0.9189771252225971,0.1807902475012014,0.7439087527342578,0.7920447391076386,0.7891650524206958,0.3296563930155656,1.15947376327043,No,-0.42778196802955065,-1.4508364726747152,-0.2409792509863094,No
383,W0384,2019-11-29,Sydney,0.3280184390912439,0.14447267302393413,1.0781660261372452,-0.7267779694366542,1.1198034001028427,NNE,1.1160050174930032,SSE,SSE,-0.7179641190210321,-0.10169337342034328,0.2874603032096818,-0.036779212936381436,1.440162663566221e-14,-0.08590938096731711,0.7920447391076386,-1.0682321144361304,0.14188914334620584,0.44969533363396186,No,-1.087157362942222,1.6602608305493818,0.03631295866483472,No
384,W0385,2018-03-11,Townsville,0.9438588380324928,1.861913825668684,-0.6497566649810048,-0.8681274994679263,-0.7693210928564478,SW,-0.5152531022170718,NW,WSW,-0.7980799480454767,-1.3217734445982197,0.39344366963097754,-0.6868197798841194,-0.6046136473608423,0.03002109359392478,-0.626647161235161,-0.13953353100771732,1.399929716130917,1.3014294491977232,No,-0.42778196802955065,-0.6730621468686907,1.5440893486429312,No
385,W0386,2015-06-02,Darwin,1.9638444987789367,0.9945193041309314,-0.499502517927244,1.6526057860897607,-0.07664211210470799,E,0.6904594210468967,ESE,SSE,-1.0384274351188103,0.4676773264626657,0.02250188715644254,-0.4546624345456415,-0.3512575522440559,-0.37878636933257803,-1.572441761463694,-0.6038828227219238,1.493813340965597,0.9997736166022243,No,-1.087157362942222,0.25248930084047794,3.078561957038863e-16,No
386,W0387,2021-06-06,Brisbane,0.40499848895890045,0.5434741529312999,0.5522765114490822,1.7232805511053966,-0.3285253778326133,NE,-1.5791170933323382,SSW,ENE,-0.07703748682547573,-0.5083867304796353,-0.9313484106352189,-1.4761547540349438,0.1301190284778326,0.03002109359392478,0.31914743899337206,-0.13953353100771732,0.029228793544590355,0.3609730299294034,No,-1.4168450603985576,0.1980450980340563,1.1801433234758043,No
387,W0388,2016-03-04,Adelaide,-0.4802720845191453,-0.6535302867907985,0.25176821734156046,1.1814406859855202,-0.8008065010724359,SSW,1.1160050174930032,SE,SSE,-0.23726914487436485,0.142322640815232,-1.302290193109754,-0.3617994964102504,1.2195502374800316,-0.6350537341521865,-0.15374986112089445,0.7891650524206958,-0.759393655066721,-0.9166281434162397,No,-0.09809427057321506,1.6369276007752007,-1.1941712216621174,No
388,W0389,2018-08-31,Adelaide,-0.21084190998234878,0.07508111130091356,0.5522765114490822,-0.8445692444627143,0.0,W,-0.8698744325888272,N,WNW,0.5638891453700806,-1.5657894588337948,-0.8253650442139232,-0.6403883108164238,0.978861947119073,-0.36658316148403647,-0.15374986112089445,0.3248157607064892,-0.21486863102557752,0.27225072622484486,No,-0.42778196802955065,-1.3652812968360524,-0.4489484082246674,No
389,W0390,2018-01-28,Wollongong,-0.24933193491617706,0.4046910294852599,-1.2507732531960485,-1.1272683045252587,0.7104930932949963,NW,-0.7989501665144761,NNE,S,0.8042366324434143,-1.4031121160100781,-0.4014315785287403,0.2882410705374875,-0.04723023810391504,0.6462830899458422,0.31914743899337206,0.7891650524206958,0.19821931824701391,0.2545062654839329,No,1.5503442167084631,0.32248899016301996,-0.9515405382173663,No
390,W0391,2022-10-07,Adelaide,-0.11461684764777863,-0.16778935472965692,0.9279118790834844,-0.27917112433762575,0.2696973782711618,NE,-0.44432883614272073,NNW,ESE,0.5638891453700806,-0.427048059067777,-1.0373317770565145,-0.036779212936381436,1.0168653613865852,-0.6838665655463944,-0.626647161235161,0.7891650524206958,-0.609179855331233,-0.5972278500798289,No,-1.4168450603985576,-0.9763941339330403,0.2616128790063892,No
391,W0392,2022-10-12,Newcastle,-0.1531068725816069,-0.49739927291400327,-1.4010274002498093,0.9222998809281875,0.3641536029191265,NE,-1.0826472308118806,N,SSW,0.8843524614678588,-1.2404347731863612,-1.1433151434778104,-1.569017692170335,-0.6172814521166846,1.500507639344514,-1.0995444613494274,0.3248157607064892,0.08555896844539843,-0.2068497137797716,No,0.5612811243394562,-1.1786154586426065,0.3655974576255685,No
392,W0393,2016-09-18,Adelaide,-0.268576947383091,0.28325579646997406,-1.1005191061422877,-1.5748751496242872,0.017814112543256468,SW,0.8323079531955989,SSE,W,-1.0384274351188103,-0.5897254018914938,0.02250188715644254,-0.3153680273425548,-0.00922682383638843,0.03002109359392478,0.31914743899337206,-0.13953353100771732,0.3672098429494381,0.23676180474302094,No,0.5612811243394562,-1.093060282803944,0.31360516831597884,No
393,W0394,2016-10-24,Adelaide,-0.0761268227139507,0.5608220433620551,-0.01117654000252082,0.1448774657561909,-1.6194271146881285,ENE,-2.5197361024123344e-16,ESE,SW,1.8457424097611934,1.9317734118761174,1.6122523834758782,2.14549983324531,-2.631462408295134,-1.696732816976273,1.7378393393361715,1.7178636358491088,0.42354001785024553,0.9997736166022243,Yes,-0.09809427057321506,0.11248992219539353,-0.29297154029589906,Yes
394,W0395,2015-07-25,Brisbane,0.17405833935593185,1.254737660592257,1.6040555408254085,0.4040182708135231,-0.3285253778326133,WSW,-1.2244957629605828,SW,ENE,-1.118543264143255,-0.020354702008484854,0.5524187192629211,0.2882410705374875,0.26946488079206804,1.6713525492242622,0.7920447391076386,-1.532581406150337,0.7990745171889652,0.5384176373385204,No,1.2206565192521275,1.2869291541624899,-0.4662791713278642,No
395,W0396,2018-04-02,Perth,0.289528414157416,0.3873431390545046,1.6791826143522892,0.3569017608030992,0.17524115362319734,NNE,-1.5791170933323382,N,NW,-0.557732460972143,-0.7524027447152106,-0.2954482121074446,-0.40823096547794596,1.0295331661424418,0.939160078311103,-1.0995444613494274,0.7891650524206958,0.5925305425526697,0.3077396477066681,No,-1.746532757854893,1.1702630052915861,0.45225127314155106,No
396,W0397,2017-09-04,Brisbane,-0.0761268227139507,-1.2954022327287353,-1.7766627678842117,-1.339292599572167,-0.29703996961662527,SSW,-1.0117229647375294,NW,SSE,0.8843524614678588,0.7930320121100993,-0.08348147926485318,-0.5475253726810326,-0.6299492568725268,-0.5008184478181046,-0.15374986112089445,0.3248157607064892,0.44231674281718175,0.5029287158566965,No,-0.7574696654858862,-0.229730781159257,1.4574355331269488,No
397,W0398,2021-10-21,Perth,-0.0761268227139507,-0.5667908346370232,0.326895290868441,-0.9859187744939866,-0.07664211210470799,NE,-0.8698744325888272,ENE,ESE,0.1633100002478579,-1.0777574303626443,-0.7723733610032752,-0.4546624345456415,1.440162663566221e-14,0.9757697018567554,0.31914743899337206,-0.6038828227219238,-0.21486863102557752,-0.36654986044797666,No,-1.746532757854893,1.4191507895495141,-0.05034085685114783,No
398,W0399,2021-10-21,Cairns,1.713659336709054,0.8383882902541362,0.026386996760919268,-1.6219916596347113,-2.0917082379279512,ENE,0.1939895585264391,W,SW,-0.07703748682547573,1.687757397640542,0.6584020856842168,0.2882410705374875,-0.667952671140039,-2.0506258445842973,0.7920447391076386,0.7891650524206958,1.3811529911639808,0.9997736166022243,Yes,0.8909688217957918,1.450261762581755,3.078561957038863e-16,Yes
399,W0400,2018-03-18,Cairns,0.6551836510287823,1.514956017053583,-0.42437544440036346,-1.0565935395096226,-0.8637773175044122,ENE,0.6195351549725456,SSW,WSW,-1.3588907512165884,-0.5083867304796353,0.2874603032096818,-0.9189771252225971,-0.6426170616283545,1.63474292567861,-1.0995444613494274,0.3248157607064892,0.5737538175857335,1.9047411143887207,No,-1.087157362942222,-1.3963922698682931,0.2962744052127827,No
400,W0401,2017-09-12,Newcastle,-0.23008692244926277,-0.6535302867907985,-0.9502649590885267,-0.8916857544731384,1.4976282986947005,NNW,0.05214102637773692,W,E,-1.439006580241033,-0.9150800875389276,0.23446861999903396,-0.083210682004077,0.6621668282230899,-0.1957382516042882,0.7920447391076386,0.7891650524206958,0.029228793544590355,-0.8633947611935044,Yes,1.2206565192521275,0.64137646374349,-0.8475559595981873,No
401,W0402,2019-12-07,Hobart,-1.8659129821369558,-0.6882260676523084,1.003038952610365,-1.339292599572167,-0.3914961942645897,S,1.0450807514186522,SSE,E,0.7241208034189698,0.4676773264626657,-0.7193816777926274,-1.3368603468318572,0.5734921949322089,1.1588178195850452,-0.15374986112089445,-0.6038828227219238,-1.9423273279836875,-1.1118172115662681,No,-1.4168450603985576,0.9991526536142612,-2.37266311267948,No
402,W0403,2018-07-30,Darwin,2.252519685782647,0.8557361806848909,0.326895290868441,0.003527935724918602,-0.5804086435605186,W,-0.37340457006836963,S,SSE,0.323541658296747,0.3049999836389488,-1.1433151434778104,-0.3617994964102504,1.6502555991785512,0.03612269751820943,-0.626647161235161,-1.532581406150337,1.7566874905027003,1.3546628314204583,No,-0.7574696654858862,-1.3652812968360524,1.7000662165716998,No
403,W0404,07/04/2022,Townsville,0.6166936260949544,0.1791684538854441,-0.19899422381972226,-1.3864091095825908,0.0,NE,2.8891116693517804,E,WSW,-0.07703748682547573,2.4198054403472677,0.8703688185268083,1.5883222044329632,-0.8579697424776288,-1.0865724245486403,0.31914743899337206,1.2535143441349024,0.461093467784118,0.18352842252028634,Yes,-1.746532757854893,-0.4941740519333054,-0.2409792509863094,Yes
404,W0405,2016-05-27,Newcastle,-0.7689472715228558,-0.28922458774494214,0.25176821734156046,-1.1743848145356828,0.4271244193511026,NE,-0.657101634365774,SW,SSW,0.323541658296747,-0.020354702008484854,-0.6133983113713317,0.10251519426670525,-0.3005863332207015,-0.6960697733949498,-1.0995444613494274,-1.0682321144361304,-0.534072955463489,-0.18910525303885964,Yes,-1.746532757854893,0.5713767744209479,-0.22364848788311295,No
405,W0406,2021-06-13,Melbourne,-0.7689472715228558,-1.4341853561747757,0.852784805556604,-0.7974527344522903,-0.8322919092884242,WNW,0.7613836871212478,SE,SE,-0.4776166319476985,0.142322640815232,-0.08348147926485318,-0.2225050892071637,-0.24991511419734708,-0.18353504375574667,-1.0995444613494274,-1.532581406150337,-1.0598212545376966,-1.2537728974935618,No,-0.42778196802955065,-1.2175041749329079,0.15762830038721048,No
406,W0407,2019-08-10,Townsville,1.6944143242421406,1.5496517979150937,-1.325900326722929,-0.8445692444627143,1.403172074046736,N,-1.5791170933323382,NNE,NNW,-0.07703748682547573,-1.2404347731863612,0.23446861999903396,0.009652256131314126,0.33280390457126463,1.2320370666763778,-0.15374986112089445,0.7891650524206958,1.7003573156018923,1.2127071454931646,No,-1.4168450603985576,1.4191507895495141,2.3413044513899703,No
407,W0408,2020-08-15,Canberra,-1.6157278200670733,0.0,-1.6264086208304507,-0.8210109894575024,-0.36001078604860165,WSW,-0.5152531022170718,ENE,NNW,0.8042366324434143,-0.020354702008484854,0.7643854521055126,0.659692823079052,-0.3385897474882137,1.5493204707387358,-1.0995444613494274,-1.0682321144361304,-1.8108902532151359,-1.0053504471207981,No,0.8909688217957918,-0.9997273637072209,3.078561957038863e-16,Yes
408,W0409,2016-10-27,Melbourne,-0.4995170969860593,-0.3759640398987174,-1.4761544737766898,0.451134780823947,0.5215806439990673,S,-1.2954200290349338,SE,NE,-0.6378482899965876,-1.4031121160100781,-0.6133983113713317,-1.0582715324256837,0.37080731883879126,1.1588178195850452,-0.626647161235161,0.7891650524206958,-0.3463057057941292,-0.13587187081612442,No,-0.7574696654858862,0.04249023287285146,-1.107517406146135,No
409,W0410,2016-10-12,Adelaide,-0.9421523837250821,-0.18513724516041222,1.378674320244767,-1.1743848145356828,0.9623763590229019,NW,0.6904594210468967,ESE,NW,-1.118543264143255,0.6303546692863825,0.02250188715644254,-0.2225050892071637,0.5988278044438933,0.03002109359392478,-0.15374986112089445,-0.6038828227219238,-0.4965195055296172,-0.11812741007521309,No,0.23159342688312057,0.1358231519695743,-0.9168790120109733,No
410,W0411,2015-08-11,Perth,0.25103838922358807,0.14447267302393413,1.378674320244767,0.42757652581873506,0.3641536029191265,NE,-0.23155603791966745,NNE,ENE,0.40365748732119155,-0.2643707162440601,-1.4082735595310496,-1.2904288777641617,-0.667952671140039,0.6828927134914945,-1.572441761463694,-1.532581406150337,-0.0834315562570258,0.5029287158566965,No,-0.7574696654858862,0.26804478735659837,0.8855203507214638,No
411,W0412,2020-09-09,Perth,-0.30706697231691893,0.2138642347469541,0.4020223643953215,0.5218095458395833,0.4586098275670907,NNE,0.1939895585264391,SW,NNW,-1.118543264143255,0.06098396940337357,0.3404519864203297,-1.0118400633579883,0.6748346329789321,-0.51302165566666,-0.626647161235161,-0.13953353100771732,-0.5528496804304253,0.6448844017839902,No,-0.42778196802955065,0.9447084508078393,0.48691279934794396,No
412,W0413,2015-01-09,Perth,0.19330335182284583,-0.2024851355911669,-0.42437544440036346,-1.2215013245461068,-0.3914961942645897,233,0.6195351549725456,WNW,W,-1.5191224092654776,0.4676773264626657,-0.6133983113713317,-1.3368603468318572,1.6882590134460636,-0.11031579666442796,0.7920447391076386,0.7891650524206958,0.08555896844539843,-0.40203878192979997,No,-0.42778196802955065,1.2635959243883093,0.19228982659360339,No
413,W0414,2017-05-23,Hobart,-1.4425227078648468,-0.5494429442062679,0.17664114381467996,0.26266874078225105,-1.902795788632022,S,2.7472631372030785,NE,WNW,0.4837733163456361,-0.020354702008484854,1.8772107995291174,1.5883222044329632,-1.9093975372122869,-0.4153959928782443,0.7920447391076386,0.3248157607064892,-0.834500554934465,-0.6682056930434754,No,1.2206565192521275,0.8669310182272368,-0.5529329868438467,Yes
414,W0415,2016-08-16,Perth,-0.4032920346514891,-0.792313410236839,-0.8751378855616462,-1.2215013245461068,-0.10812752032069604,SW,-1.0117229647375294,N,NNW,-0.4776166319476985,0.4676773264626657,0.6584020856842168,0.009652256131314126,0.7508414615139709,0.6218766742487313,0.7920447391076386,-0.6038828227219238,-0.19609190605864127,-0.8101613789707692,No,-1.746532757854893,-0.33861918677210057,0.38292822072876526,No
415,W0416,2021-02-14,Canberra,-1.7889329322692993,-0.32392036860645274,-0.7248837385078853,0.07420270074055464,0.33266819470313846,NE,0.7613836871212478,NE,NNW,-0.557732460972143,-1.2404347731863612,0.6054104024735689,0.05608372519900969,-0.19924389517397828,-0.07370617311876168,0.7920447391076386,-1.532581406150337,-1.585569553611904,-0.3488053997070647,Yes,0.8909688217957918,-1.7075020001907029,-1.4194711420036719,No
416,W0417,2016-11-10,Townsville,1.0978189377678051,0.6822572763773403,-0.5746295914541245,0.003527935724918602,-0.013671295672731591,NE,-2.5197361024123344e-16,WNW,WSW,0.1633100002478579,-0.2643707162440601,0.7643854521055126,-0.501093903613337,-0.6046136473608423,1.6225397178300405,-1.0995444613494274,-0.13953353100771732,0.7615210672550933,0.6626288625249022,No,-1.746532757854893,-1.419725499642474,1.7000662165716998,No
417,W0418,2022-06-19,Townsville,0.5974486136280408,1.0812587562847067,-0.8751378855616462,1.06364941095946,0.4586098275670907,SSW,-0.44432883614272073,W,W,-0.4776166319476985,-1.7284668016575118,0.1814769367883861,-0.5475253726810326,1.3588960897942526,1.476101223647431,-1.0995444613494274,0.3248157607064892,0.3672098429494381,1.0707514595658714,Yes,-1.4168450603985576,-1.4586142159327753,3.078561957038863e-16,No
418,W0419,2019-12-21,Cairns,1.1555539751685475,0.4567347007775246,-1.2507732531960485,0.003527935724918602,0.3641536029191265,N,-1.1535714968862316,SSE,S,0.08319417122341337,0.7930320121100993,0.3404519864203297,-0.3617994964102504,0.8775195090723642,1.0367857410995187,-0.626647161235161,-0.13953353100771732,0.7051908923542852,0.6271399410430789,No,-0.09809427057321506,-0.548618254739727,1.7867200320876822,No
419,W0420,2022-09-02,Melbourne,-0.30706697231691893,-1.0525317666981648,0.326895290868441,0.451134780823947,1.4346574822627245,NE,0.8323079531955989,NE,ENE,0.5638891453700806,-0.10169337342034328,-1.3552818763204018,0.659692823079052,1.440162663566221e-14,0.804924791977021,-0.15374986112089445,-1.532581406150337,-0.759393655066721,-1.0763282900844449,Yes,-0.7574696654858862,0.44693288229198397,-0.22364848788311295,No
420,W0421,2017-02-22,Sydney,-0.1338618601146926,-0.5494429442062679,0.17664114381467996,0.5689260558500071,0.0,N,-2.5197361024123344e-16,WSW,ENE,0.24342582927230247,0.3863386550508073,0.8703688185268083,2.099068364177614,-1.7953872944097358,-2.47773811928364,-0.15374986112089445,2.1822129275633153,-0.534072955463489,-0.26008309600250623,Yes,1.5503442167084631,0.9524861940658996,-0.033010093747951386,Yes
421,W0422,2015-03-18,Perth,-0.34555699725074723,0.3873431390545046,0.25176821734156046,-1.2686178345565307,0.0,NE,-1.1535714968862316,WSW,E,0.40365748732119155,0.3863386550508073,-1.1963068266884582,-0.5939568417487282,0.1807902475012014,0.4998445957632047,-1.572441761463694,-0.6038828227219238,-0.3650824307610655,0.13029504029755112,No,0.5612811243394562,0.08137894916315266,0.5735666148639265,No
422,W0423,2018-07-20,Townsville,1.0978189377678051,1.4802602361920725,-1.7766627678842117,-0.585428439405382,-1.021204358584353,SSE,-0.7989501665144761,SW,E,-0.9583116060943657,-0.020354702008484854,-1.0373317770565145,-0.5939568417487282,1.713594622957748,1.4638980157988615,-0.15374986112089445,-0.6038828227219238,0.8741814170567094,1.6740631247568691,No,0.8909688217957918,-0.8519502418040763,1.2841279020949836,No
423,W0424,2019-07-05,Melbourne,-0.34555699725074723,-1.3647937944517559,0.9279118790834844,0.9694163909386119,-0.5489232353445306,NNE,0.9741564853443011,SSE,N,0.08319417122341337,-1.7284668016575118,-0.13647316247550104,0.05608372519900969,0.8015126805373254,1.0855985724937405,-0.15374986112089445,-0.13953353100771732,-0.47774278056268127,-1.2537728974935618,Yes,-0.42778196802955065,-0.8052837822557151,-0.7262406178758118,No
424,W0425,2016-10-26,Sydney,0.3665084640250718,-0.3933119303294727,0.17664114381467996,0.28622699578746297,-0.8008065010724359,NE,-2.5197361024123344e-16,S,ENE,1.5252790936634153,2.0944507546998343,2.1951608987930045,1.1240075137560077,-0.3892609665115681,-1.940796973947326,0.31914743899337206,2.1822129275633153,0.3859865679163737,-0.15361633155703638,Yes,0.23159342688312057,0.33804447667914067,0.34826669452237174,Yes
425,W0426,2015-05-06,Hobart,-1.962138044471526,-1.9893178499589372,0.17664114381467996,-0.7032197144314423,-2.5639893611677738,WSW,-2.5197361024123344e-16,NNE,NNE,2.1662057258589718,1.687757397640542,2.142169215582357,0.4275354777405742,-1.6433736373396726,-2.1970643387669346,0.31914743899337206,0.3248157607064892,-2.3366385522893434,-1.9280624056482065,No,-1.4168450603985576,-0.6652844036106307,-1.6447710623452267,Yes
426,W0427,2015-01-13,Melbourne,-0.9229073712581681,-0.25452880688343216,0.7025306585028432,-1.1037100495200467,0.8364347261589491,WNW,0.90323221926995,S,W,-0.3173849738988094,-0.5897254018914938,-0.9313484106352189,-0.083210682004077,1.7009268182019202,-0.5374280713637708,-1.572441761463694,-0.13953353100771732,-0.25242208095944935,-0.9698615256389743,No,1.5503442167084631,1.6213721142590805,-1.6101095361388338,No
427,W0428,2018-04-01,Sydney,-0.865172333857426,0.31795157733148466,0.47714943792220166,-0.7503362244418663,-0.42298160248057776,N,0.47768662282384344,NE,SSW,-0.7980799480454767,-0.3457093876559185,-0.24245652889679675,-0.2225050892071637,-0.4906034045582913,0.19476439954938837,-0.626647161235161,0.3248157607064892,0.06678224347846218,0.7513511662294607,No,1.2206565192521275,-1.0697270530297631,-1.5061249575196545,No
428,W0429,2019-02-17,Brisbane,0.5589585886942121,1.4282165648998078,1.303547246717887,-0.9152440094783505,1.6550553397746415,S,-0.8698744325888272,SSW,ENE,0.1633100002478579,-1.1590961017745027,0.49942703605227323,-0.6868197798841194,1.6122521849110392,-0.09811258881587254,-0.15374986112089445,-0.6038828227219238,0.7802977922220296,1.3014294491977232,Yes,-0.09809427057321506,-0.3852856463204618,1.3361201914045733,No
429,W0430,2022-07-17,Cairns,1.4442291621722578,0.7863446189618709,0.4020223643953215,-2.7527878998848885,0.0,NW,-1.508192827257987,SSW,ENE,-0.3975008029232539,0.06098396940337357,-0.4544232617393882,-1.243997408696466,-0.42726438077909473,-0.29336391439271775,-0.626647161235161,-0.13953353100771732,1.6064736907672124,1.15947376327043,No,0.8909688217957918,0.4158219092597431,1.7867200320876822,No
430,W0431,2021-10-30,Hobart,-1.2500725831957067,-0.9484444241136343,-1.9269169149379723,0.003527935724918602,-0.07664211210470799,N,0.7613836871212478,W,WNW,0.08319417122341337,0.142322640815232,-0.9313484106352189,-0.7796827180195104,0.30746829505959467,0.1703579838522914,0.31914743899337206,0.7891650524206958,-1.0034910796368885,-1.2182839760117385,No,0.5612811243394562,0.5558212879048272,-0.5529329868438467,No
431,W0432,2019-12-19,Perth,0.6359386385618687,-0.4280077111909827,0.6274035849759627,1.2992319610115803,0.33266819470313846,SSE,-0.23155603791966745,W,NNW,0.5638891453700806,0.6303546692863825,0.12848525357773824,-0.826114187087206,1.1055399946774662,-0.7204761890920607,-0.15374986112089445,-0.13953353100771732,0.2921029430816938,-0.11812741007521309,No,-0.7574696654858862,1.4191507895495141,0.19228982659360339,No
432,W0433,2017-08-06,Wollongong,-0.5957421593206295,-0.48005138248324797,-0.19899422381972226,-0.5147536743897461,-2.0287374214959746,E,-2.5197361024123344e-16,E,E,0.003078342198968814,-0.020354702008484854,1.2943022842119911,0.6132613540113564,1.440162663566221e-14,-1.8309681033103549,2.210736639450438,0.3248157607064892,-0.740616930099785,-0.029405106370654584,Yes,-0.42778196802955065,-0.5019517951913655,-0.7955636702885976,Yes
433,W0434,2018-10-02,Darwin,1.0785739253008915,1.376172893607543,-0.499502517927244,0.8516251159125517,1.5291137069106886,ENE,-0.5861773682914229,WNW,NNW,-1.439006580241033,-0.5083867304796353,0.1814769367883861,0.4275354777405742,0.9281907280957186,0.3900157251262336,0.7920447391076386,0.7891650524206958,0.8366279671228376,0.9110513128976657,No,-0.09809427057321506,-1.6297245676101004,1.232135612785394,No
434,W0435,2021-07-03,Sydney,0.3665084640250718,-0.445355601621738,0.326895290868441,0.003527935724918602,-0.3914961942645897,ENE,0.1939895585264391,ENE,NNE,-0.8781957770699212,-1.7284668016575118,-0.4544232617393882,-0.4546624345456415,0.7888448757814831,1.0001761175538664,-0.15374986112089445,0.7891650524206958,0.06678224347846218,-0.15361633155703638,No,-0.09809427057321506,0.15915638174375507,1.1801433234758043,No
435,W0436,2015-09-14,Canberra,-1.8659129821369558,-0.2024851355911669,1.228420173191006,0.3804600158083112,0.8994055425909252,NE,-0.657101634365774,SE,W,-0.6378482899965876,0.9557093549338163,-1.1963068266884582,0.6132613540113564,0.7888448757814831,1.4150851844046677,-1.0995444613494274,0.7891650524206958,-1.379025578975608,-0.15361633155703638,No,-0.7574696654858862,-0.16750883509477502,-1.4021403789004758,No
436,W0437,2018-07-22,Darwin,2.021579536179679,2.2956110864375603,-1.325900326722929,-0.6325449494158062,0.49009523578307934,N,-1.2954200290349338,ESE,WSW,0.6440049743945252,0.06098396940337357,0.0754935703670904,-0.036779212936381436,-0.19924389517397828,0.9269568704625476,-0.15374986112089445,-1.532581406150337,2.3575426894446516,1.7982743499432514,Yes,-1.746532757854893,1.3880398165172734,1.5787508748493242,No
437,W0438,2017-08-05,Canberra,-1.7696879198023856,-1.0525317666981648,-1.325900326722929,-0.67966145942623,0.23821197005517372,SE,0.6195351549725456,N,E,0.323541658296747,-0.020354702008484854,-1.5672486091629931,-0.036779212936381436,1.4222351135734492,1.524914055041625,-1.0995444613494274,-0.13953353100771732,-1.3226954040748005,-0.9876059863798863,No,-0.42778196802955065,1.4969282221301166,-1.4887941944164584,No
438,W0439,2022-12-25,Wollongong,-0.0761268227139507,-0.08104990257588165,-0.19899422381972226,0.003527935724918602,-1.0526897668003414,WNW,-2.5197361024123344e-16,WNW,SSE,2.4866690419567496,-0.1830320448322017,0.8703688185268083,-0.036779212936381436,-0.870637547233471,-0.6594601498492974,1.7378393393361715,0.7891650524206958,-0.4965195055296172,-0.5439944678570937,No,0.8909688217957918,0.6647096935176705,3.078561957038863e-16,Yes
439,W0440,2015-11-27,Wollongong,-0.8844173463243399,0.35264735819299464,1.303547246717887,0.5689260558500071,1.025347175454878,SW,0.40676235674949235,ESE,NW,-0.23726914487436485,1.0370480263456747,-0.18946484568614888,-0.26893655827485924,1.3208926755267405,1.3540691451619042,0.31914743899337206,0.3248157607064892,0.254549493147822,0.3609730299294034,Yes,-1.4168450603985576,0.1358231519695743,-1.5234557206228512,No
440,W0441,2019-05-04,Newcastle,0.21254836428976012,0.4740825912082799,1.7543096878791695,-0.2084963593219895,0.4271244193511026,WSW,-0.657101634365774,E,S,-0.4776166319476985,0.7930320121100993,0.12848525357773824,-0.8725456561549015,-0.19924389517397828,0.6828927134914945,-0.15374986112089445,-0.13953353100771732,0.34843311798250187,0.041572736592992605,No,0.8909688217957918,-1.0152828502233415,-0.2409792509863094,No
441,W0442,2022-08-07,Cairns,0.693673675962611,1.723130702222644,1.153293099664126,-0.1378215943063535,-0.07664211210470799,ESE,1.1160050174930032,NW,E,-0.3975008029232539,0.3863386550508073,-0.507414944950036,-0.083210682004077,0.5101531711530123,0.03002109359392478,0.7920447391076386,-1.0682321144361304,1.6252504157341485,2.064441261056927,Yes,-0.09809427057321506,1.6758163170655018,0.9721741662374463,No
442,W0443,2019-04-28,Adelaide,-0.8074372964566837,-0.6361823963600431,1.153293099664126,1.1578824309803077,0.6160368686470316,ENE,-1.437268561183636,S,ENE,-1.278774922192144,-1.5657894588337948,-1.4082735595310496,0.19537813240209637,-0.19924389517397828,1.1588178195850452,-0.626647161235161,-1.0682321144361304,-1.0973747044715685,-0.26008309600250623,No,0.8909688217957918,-0.19084206486895577,-0.1716561985735233,No
443,W0444,2018-04-25,Darwin,1.2902690624369455,1.653739140499623,0.6274035849759627,-0.538311929394958,-0.1396129285366844,N,1.1160050174930032,ESE,SE,-1.0384274351188103,-0.5083867304796353,0.39344366963097754,-0.501093903613337,1.6122521849110392,0.26798364664070706,0.7920447391076386,0.7891650524206958,1.7942409404365722,1.4256406743841055,No,1.5503442167084631,-0.050842686223871385,3.078561957038863e-16,No
444,W0445,2015-08-28,Townsville,0.6744286634956966,1.376172893607543,-0.9502649590885267,0.09776095574576679,0.14375574540720926,NE,-0.8698744325888272,S,SW,-0.23726914487436485,0.3049999836389488,0.6584020856842168,-1.243997408696466,0.9028551185840342,0.03612269751820943,-0.15374986112089445,-0.13953353100771732,0.5549770926187979,0.5739065588203437,No,0.8909688217957918,1.644705344033261,1.1628125603726083,No
445,W0446,2019-05-14,Darwin,1.3095140749038598,2.2956110864375603,-0.6497566649810048,1.134324175975096,-0.8952627257204003,SE,-0.018783239696614173,N,S,-1.5191224092654776,0.3863386550508073,-1.620240292373641,-0.3617994964102504,0.9535263376073886,0.5974702585516343,-1.0995444613494274,0.3248157607064892,1.3248228162631726,1.4433851351250169,Yes,-0.7574696654858862,1.4658172490978758,0.7815357721022845,No
446,W0447,2018-09-30,Sydney,-0.865172333857426,0.5261262625005452,0.852784805556604,1.3463484710220042,0.14375574540720926,ENE,-0.44432883614272073,SW,ENE,0.7241208034189698,-0.6710640733033523,-0.08348147926485318,-0.7332512489518149,0.6875024377347744,0.18256119170083296,-0.15374986112089445,-1.532581406150337,-0.5528496804304253,0.6448844017839902,No,-1.4168450603985576,-1.5208361619972572,-1.211501984765314,No
447,W0448,2016-09-26,Wollongong,0.21254836428976012,-0.5147471633447579,-0.19899422381972226,-1.6219916596347113,-1.0841751750163295,ESE,0.6904594210468967,NNE,ESE,0.323541658296747,2.5011441117591264,0.5524187192629211,1.8669110188391367,-2.0994146085498766,-2.4655349114350846,-0.15374986112089445,1.2535143441349024,-0.12098500619089761,-0.047149567111565906,Yes,-0.42778196802955065,0.516932571614526,-0.6395868023598292,Yes
448,W0449,2019-04-19,Hobart,-1.1538475208611365,-1.0872275475596749,-1.0253920326154071,0.003527935724918602,0.4271244193511026,SW,0.8323079531955989,WSW,WSW,0.08319417122341337,-1.7284668016575118,0.1814769367883861,0.659692823079052,0.19345805225702922,1.5859300942843881,0.7920447391076386,-0.13953353100771732,-1.1724816043393125,-0.7924169182298573,No,0.5612811243394562,-0.8597279850621367,3.078561957038863e-16,No
449,W0450,2020-11-16,Adelaide,-0.4802720845191453,0.14447267302393413,-0.01117654000252082,1.134324175975096,0.0,ESE,1.2578535496417054,NNW,SSW,2.566784870981194,1.5250800548168253,0.8173771353161604,0.984713106552921,-2.631462408295134,-1.403855828611012,1.7378393393361715,1.2535143441349024,-0.3087522558602574,-0.13587187081612442,No,-1.4168450603985576,0.6647096935176705,3.078561957038863e-16,Yes
450,W0451,2019-08-17,Sydney,-0.8844173463243399,-0.15044146429890223,0.10151407028779945,-1.2686178345565307,0.0,NNE,-0.018783239696614173,SSW,WSW,-1.439006580241033,-1.4031121160100781,0.7113937688948647,0.47396694680826973,0.26946488079206804,0.6340798820972867,0.7920447391076386,-0.13953353100771732,-0.9659376297030167,0.28999518696575616,No,-0.7574696654858862,-1.4663919591908352,-0.32763306650229196,No
451,W0452,2017-09-28,Brisbane,0.19330335182284583,-0.2024851355911669,0.25176821734156046,0.003527935724918602,0.99386176723889,NNE,0.1939895585264391,WNW,ENE,0.40365748732119155,0.3863386550508073,0.7643854521055126,-1.3832918158995526,1.440162663566221e-14,0.5974702585516343,-0.15374986112089445,-1.532581406150337,0.254549493147822,-0.31331647822524145,No,-1.087157362942222,1.27915141090443,0.7642050089990884,No
452,W0453,2020-07-02,Sydney,-0.17235188504852086,0.4220389199160146,0.17664114381467996,-1.1037100495200467,0.0,SSE,-2.5197361024123344e-16,SW,N,-0.07703748682547573,2.9078374688184185,0.4464353528416254,1.4490277972298766,-1.4153531517345561,-0.5740376949094232,1.7378393393361715,0.3248157607064892,-0.02710138135621772,-0.2068497137797716,Yes,1.2206565192521275,0.18248961151793586,0.4695820362447478,Yes
453,W0454,2015-10-10,Cairns,0.963103850499407,0.9077798519771562,1.228420173191006,-1.5748751496242872,1.4976282986947005,WSW,-1.508192827257987,S,ENE,0.5638891453700806,-0.1830320448322017,-0.2954482121074446,-0.7796827180195104,1.1815468232124906,0.6584862977943975,-0.626647161235161,-0.6038828227219238,0.6488607174534778,0.6803733232658135,No,-1.4168450603985576,-0.5797292277719679,0.41758974693515816,No
454,W0455,2019-12-29,Canberra,-1.1346025083942224,-0.7749655198060837,0.17664114381467996,1.6290475310845485,-0.7378356846404595,W,-2.5197361024123344e-16,NNW,NNW,0.5638891453700806,-0.020354702008484854,1.5592607002652303,1.1704389828237032,-1.8967297324564591,-0.4764120321210076,0.7920447391076386,1.7178636358491088,-0.8532772799014009,-0.9698615256389743,No,-1.087157362942222,-1.0463938232555823,-1.6447710623452267,Yes
455,W0456,2016-11-24,Hobart,-1.1346025083942224,-1.4341853561747757,-0.12386715029284176,0.003527935724918602,0.3641536029191265,W,-0.16063177184531635,NW,NW,0.003078342198968814,0.7930320121100993,-1.0903234602671625,0.7061242921467475,1.2448858469916873,-0.17133183590719123,-1.0995444613494274,-1.532581406150337,-0.8908307298352727,-1.4489619656435904,Yes,-0.42778196802955065,-0.7586173227073535,-0.7262406178758118,No
456,W0457,2021-04-20,Perth,-0.34555699725074723,0.8557361806848909,1.7543096878791695,0.003527935724918602,-0.17109833675267244,SW,-0.018783239696614173,NNW,SSW,0.8042366324434143,-0.6710640733033523,0.4464353528416254,-1.0582715324256837,-0.00922682383638843,-0.17133183590719123,-1.572441761463694,-1.532581406150337,-0.7969471050005928,-0.11812741007521309,No,0.5612811243394562,0.19026735477599593,-1.003532827526956,No
457,W0458,2019-01-08,Perth,0.6744286634956966,0.2312121251777094,-0.7248837385078853,-1.1508265595304705,-0.29703996961662527,WNW,-0.23155603791966745,WNW,WSW,-0.9583116060943657,-1.5657894588337948,0.02250188715644254,0.659692823079052,0.19345805225702922,1.3052563137676827,-0.15374986112089445,-1.0682321144361304,0.7802977922220296,0.5739065588203437,No,1.5503442167084631,-1.357503553577992,0.08830524797442438,No
458,W0459,2020-09-17,Newcastle,-0.4802720845191453,-0.06370201214512697,0.28933175410500056,0.9929746459438238,-0.8952627257204003,WSW,0.8323079531955989,NW,SW,-0.1571533158499203,2.7451601259947016,0.8173771353161604,2.14549983324531,-1.8967297324564591,-1.3672462050653458,2.210736639450438,1.7178636358491088,-0.9096074548022086,0.13029504029755112,Yes,-1.4168450603985576,0.8824865047433575,-0.7262406178758118,Yes
459,W0460,2021-02-07,Wollongong,-0.5764971468537154,0.5955178242235651,-0.19899422381972226,-0.020030319280293342,0.0,SSW,-2.5197361024123344e-16,ENE,WSW,1.1246999485411926,0.5490159978745242,1.6122523834758782,1.5883222044329632,-1.1113258375944153,-0.9889467617602107,2.210736639450438,0.7891650524206958,-1.0034910796368885,1.0352625380840474,Yes,-0.09809427057321506,1.6369276007752007,-0.5875945130502396,Yes
460,W0461,2018-09-15,Melbourne,-1.4040326829310188,-0.32392036860645274,-1.325900326722929,0.12131921075097873,-0.8952627257204003,E,0.1939895585264391,SSE,N,-0.3975008029232539,-0.5897254018914938,-0.8253650442139232,-1.569017692170335,1.440162663566221e-14,-0.024893341724553836,-0.626647161235161,-1.532581406150337,-0.740616930099785,-0.579483389338917,Yes,1.5503442167084631,-1.5208361619972572,-1.922063271996371,No
461,W0462,2019-10-15,Melbourne,-0.7881922839897697,-0.861704971959859,-0.499502517927244,-0.18493810431677757,0.9308909508069133,NW,-0.9407986986631783,WNW,SW,-1.3588907512165884,1.118386697757533,-1.5142569259523453,-0.12964215107177257,1.440162663566221e-14,-0.2811607065441623,-0.15374986112089445,0.3248157607064892,-0.7969471050005928,-1.0940727508253567,No,-0.42778196802955065,0.22137832780823707,-0.6569175654630257,No
462,W0463,2021-09-05,Adelaide,0.020098239620619462,-0.029006231283616374,1.6791826143522892,-1.1979430695408948,1.7495115644226062,NNW,-1.2954200290349338,WSW,WSW,-0.557732460972143,0.8743706835219578,0.6054104024735689,-0.5475253726810326,0.30746829505959467,-0.20794145945284365,-0.626647161235161,-1.0682321144361304,0.44231674281718175,-0.4375277034116232,No,-0.7574696654858862,-0.5330627682236065,0.05364372176803117,No
463,W0464,2019-03-28,Newcastle,-0.6342321842544577,-0.6882260676523084,-1.8517898414110918,1.4405814910428525,0.08078492897523287,W,0.90323221926995,SSW,SSW,-0.4776166319476985,0.3863386550508073,0.0754935703670904,0.5203984158759654,1.1815468232124906,0.7072991291886054,-0.626647161235161,-0.13953353100771732,-0.7030634801659129,-0.9521170648980629,No,1.5503442167084631,-0.5641737412558474,-0.5529329868438467,No
464,W0465,2019-05-29,Darwin,2.0408245486465932,1.237389770161502,-0.8000108120347658,-0.18493810431677757,-0.7063502764244715,W,-1.3663442951092848,SSE,S,-1.3588907512165884,0.06098396940337357,0.12848525357773824,-0.501093903613337,1.2955570660150562,0.5852670507030788,-0.15374986112089445,-1.532581406150337,2.03833836500674,1.5498518995704873,No,1.5503442167084631,1.4891504788720562,1.7867200320876822,No
465,W0466,2018-11-13,Adelaide,0.09707828948827565,-0.5320950537755132,0.6274035849759627,0.7573920958917035,1.3087158493987716,WSW,0.5486108888981945,ENE,W,-0.23726914487436485,-0.3457093876559185,0.49942703605227323,-1.2904288777641617,1.440162663566221e-14,0.8171279998255765,0.7920447391076386,-1.532581406150337,0.17944259328007833,-0.4197832426707119,No,1.5503442167084631,0.5869322609370681,0.38292822072876526,No
466,W0467,2019-07-16,Perth,-0.4995170969860593,-0.25452880688343216,1.003038952610365,1.6054892760793364,0.0,S,0.8323079531955989,E,NE,-0.3173849738988094,0.142322640815232,0.6054104024735689,0.009652256131314126,0.2821326855479102,-0.40319278502968886,-0.626647161235161,-0.13953353100771732,-0.534072955463489,-0.7924169182298573,Yes,0.8909688217957918,-0.3852856463204618,0.31360516831597884,No
467,W0468,2019-09-08,Canberra,-1.0961124834603941,-0.3933119303294727,0.5522765114490822,0.6160425658604315,-0.48595241891255414,NE,-1.0117229647375294,W,W,-0.4776166319476985,-0.9964187589507859,-0.7723733610032752,-1.243997408696466,1.5362453563760148,-0.5862409027579787,0.7920447391076386,-1.0682321144361304,-0.6279565802981689,-0.9876059863798863,Yes,1.2206565192521275,0.6569319502596107,-1.454132668210065,No
468,W0469,2018-09-29,Darwin,1.9830895112458509,2.0353927299762344,0.7776577320297238,1.252115451001156,0.2696973782711618,SW,-0.37340457006836963,NW,SE,0.08319417122341337,0.06098396940337357,-1.302290193109754,-0.26893655827485924,-0.22457950468566268,-0.7204761890920607,-0.626647161235161,-0.6038828227219238,1.8693478403043164,2.4725638580978955,No,1.2206565192521275,1.6680385738074421,1.9080353738100577,No
469,W0470,2015-07-31,Wollongong,0.09707828948827565,-0.5667908346370232,-0.19899422381972226,1.204998940990732,-1.9972520132799862,ESE,-2.5197361024123344e-16,WNW,SW,-0.07703748682547573,-0.020354702008484854,2.142169215582357,1.6811851425683544,-1.8587263181889324,-1.5991071541878434,0.31914743899337206,1.7178636358491088,-0.13976173115783386,-0.4552721641525352,Yes,-0.42778196802955065,-0.35417467328822094,0.6428896672767129,Yes
470,W0471,2017-04-25,Sydney,-0.5380071219198875,0.2659079060392194,0.5522765114490822,-1.457083874598227,1.4976282986947005,NNE,-1.437268561183636,SSE,NNE,-1.3588907512165884,-1.1590961017745027,-0.9843400938458667,-0.7796827180195104,1.5109097468643302,1.4150851844046677,0.7920447391076386,-0.13953353100771732,-0.3650824307610655,0.609395480302167,No,-0.7574696654858862,-0.2530640109334378,3.078561957038863e-16,No
471,W0472,2019-07-05,Melbourne,-0.34555699725074723,-1.3647937944517559,0.9279118790834844,0.9694163909386119,-0.5489232353445306,NNE,0.9741564853443011,SSE,N,0.08319417122341337,-1.7284668016575118,-0.13647316247550104,0.05608372519900969,0.8015126805373254,1.0855985724937405,-0.15374986112089445,-0.13953353100771732,-0.47774278056268127,-1.2537728974935618,Yes,-0.42778196802955065,-0.8052837822557151,-0.7262406178758118,No
472,W0473,2016-02-10,Brisbane,0.9053688130986649,0.24856001560846408,-0.2741212973466028,0.003527935724918602,1.8124823808545822,WSW,0.40676235674949235,E,ESE,-0.7179641190210321,0.3863386550508073,-1.0373317770565145,-0.8725456561549015,0.5481565854205389,1.3784755608589874,0.31914743899337206,-1.0682321144361304,0.461093467784118,0.11255057955663916,No,1.5503442167084631,1.7535937496461043,3.078561957038863e-16,No
473,W0474,2015-08-28,Hobart,-1.481012732798675,-0.827009191098349,-0.7248837385078853,0.9694163909386119,-0.1396129285366844,S,-0.5861773682914229,SW,WNW,-1.0384274351188103,-1.5657894588337948,-0.9843400938458667,-0.6403883108164238,-0.24991511419734708,0.03002109359392478,-0.15374986112089445,-0.13953353100771732,-1.7545600783143276,-1.1827950545299153,No,1.2206565192521275,-1.3419480670618715,-0.708909854772615,No
474,W0475,2020-08-24,Wollongong,-0.44178205958531735,0.6475614955158304,-0.19899422381972226,0.003527935724918602,-2.595474769383762,N,-2.5197361024123344e-16,SSW,N,1.8457424097611934,2.257128097523551,1.9831941659504133,1.6347536735006587,-1.1493292518619276,-1.1231820480942927,1.7378393393361715,2.1822129275633153,0.42354001785024553,0.5561620980794317,No,1.5503442167084631,0.4002664227436224,-0.06767161995434429,Yes
475,W0476,2015-06-13,Wollongong,0.05858826455444773,0.5434741529312999,-0.19899422381972226,1.393464981032428,-0.42298160248057776,WNW,0.8323079531955989,NNW,SSE,0.8042366324434143,-1.0777574303626443,-0.7193816777926274,0.5203984158759654,1.5995843801552114,0.8171279998255765,-0.15374986112089445,-0.6038828227219238,-0.4214126056618732,0.1657839617793744,No,0.5612811243394562,0.0036015165825502497,-0.5529329868438467,No
476,W0477,2016-04-25,Canberra,-1.5579927826663311,-1.9893178499589372,0.25176821734156046,-0.585428439405382,1.5605991151266767,ESE,0.6904594210468967,SW,S,0.4837733163456361,-0.2643707162440601,0.12848525357773824,-0.8725456561549015,1.440162663566221e-14,0.8659408312197843,0.31914743899337206,0.3248157607064892,-1.548016103678032,-1.892573484166383,Yes,1.2206565192521275,-0.07417591599805216,-0.899548248907777,No
477,W0478,2020-01-09,Sydney,-0.5187621094529732,-0.410659820760228,0.17664114381467996,-1.457083874598227,0.33266819470313846,E,0.9741564853443011,E,WNW,0.40365748732119155,-1.4844507874219364,0.0754935703670904,-0.826114187087206,0.38347512359461905,0.939160078311103,-1.0995444613494274,-0.6038828227219238,-0.12098500619089761,-0.08263848859338918,No,-1.4168450603985576,0.96026393732396,0.07097448487122793,No
478,W0479,2016-10-11,Canberra,-1.384787670464105,-0.4280077111909827,0.5522765114490822,0.003527935724918602,0.3641536029191265,N,0.05214102637773692,W,W,-0.7980799480454767,0.711693340698241,-0.7723733610032752,0.05608372519900969,0.34547170932710686,0.023919489669654,0.7920447391076386,-1.0682321144361304,-1.773336803281264,-0.7214390752662108,No,0.8909688217957918,1.1858184918077068,-0.8302251964949908,No
479,W0480,2017-11-03,Canberra,-0.9421523837250821,-0.32392036860645274,-1.0253920326154071,1.2756737060063679,0.804949317942961,SSW,0.12306529245208801,WNW,SE,0.003078342198968814,-0.3457093876559185,-1.620240292373641,-0.5939568417487282,1.1308756041891506,1.5859300942843881,0.31914743899337206,0.3248157607064892,-1.3226954040748005,-0.774672457488946,No,0.5612811243394562,0.07360120590509231,-0.5875945130502396,No
480,W0481,2021-05-22,Darwin,1.7713943741097964,0.6822572763773403,0.17664114381467996,-1.0094770294991986,0.0,E,0.6195351549725456,E,W,0.40365748732119155,0.2236613122270904,0.39344366963097754,-0.6868197798841194,0.5988278044438933,0.18256119170083296,-1.572441761463694,-0.6038828227219238,1.6252504157341485,0.7158622447476374,Yes,0.23159342688312057,1.4891504788720562,1.9946891893260403,No
481,W0482,2016-11-21,Newcastle,0.3665084640250718,-1.0872275475596749,0.28933175410500056,-0.585428439405382,0.0,N,0.12306529245208801,NW,WNW,0.24342582927230247,1.3624027119931084,0.3404519864203297,0.659692823079052,1.440162663566221e-14,-1.159791671639959,-0.15374986112089445,1.2535143441349024,-0.045878106323153964,-0.774672457488946,Yes,0.8909688217957918,-1.0541715665136426,0.41758974693515816,Yes
482,W0483,2018-04-16,Brisbane,0.6166936260949544,-0.25452880688343216,1.6791826143522892,-0.18493810431677757,0.8364347261589491,NE,0.6195351549725456,NW,N,0.08319417122341337,-1.1590961017745027,0.5524187192629211,-1.243997408696466,-0.6172814521166846,-0.24455108299850992,-0.15374986112089445,-1.0682321144361304,0.34843311798250187,0.006083815111169327,No,-1.087157362942222,0.7424871260982729,1.1628125603726083,No
483,W0484,2020-06-06,Adelaide,-0.03763679778012243,-0.3586161494679627,-1.4761544737766898,-1.5042003846086511,-0.8322919092884242,NNE,-0.37340457006836963,SSE,SW,-1.5191224092654776,-1.2404347731863612,0.7643854521055126,0.14894666333440082,1.2195502374800316,0.4998445957632047,-0.15374986112089445,0.7891650524206958,0.2921029430816938,-0.06489402785247786,Yes,1.5503442167084631,-0.610840200804209,-0.1369946723671304,No
484,W0485,2015-11-27,Adelaide,-0.5380071219198875,-0.8096613006675937,-0.01117654000252082,1.5348145110637006,0.0,NW,-2.5197361024123344e-16,N,WNW,0.6440049743945252,-0.10169337342034328,1.4532773338439346,2.0526368951099188,1.440162663566221e-14,-0.6960697733949498,0.31914743899337206,2.1822129275633153,-0.534072955463489,-0.5262500071161818,Yes,-0.09809427057321506,-1.1552822288684257,-0.5875945130502396,Yes
485,W0486,2018-10-02,Melbourne,-1.1538475208611365,-1.0872275475596749,1.228420173191006,-0.8681274994679263,1.245745032966795,ENE,-1.2244957629605828,SE,S,-1.118543264143255,-0.8337414161270691,-1.5672486091629931,-0.9654085942902927,0.5228209759088545,-0.22014466730139906,-0.626647161235161,-1.532581406150337,-1.2851419541409281,-1.4134730441617671,No,-1.746532757854893,-0.01973171319163053,-1.3848096157972791,No
486,W0487,2016-02-05,Hobart,-1.500257745265589,-0.3586161494679627,1.6791826143522892,1.7703970611158208,0.5530660522150554,NE,-0.8698744325888272,SW,SSE,-0.07703748682547573,0.4676773264626657,0.7113937688948647,-0.036779212936381436,1.3335604802825682,1.183224235282156,0.31914743899337206,0.7891650524206958,-1.0598212545376966,-1.0408393686026214,No,-1.4168450603985576,-0.7663950659654138,-1.766086404067602,No
487,W0488,2016-06-11,Adelaide,0.11632330195518963,-1.2954022327287353,-0.2741212973466028,1.6054892760793364,-0.7693210928564478,NNW,-1.3663442951092848,NE,NW,-0.6378482899965876,-1.5657894588337948,0.23446861999903396,-0.036779212936381436,-0.04723023810391504,1.0611921567966296,-0.15374986112089445,-1.532581406150337,-0.25242208095944935,-0.8456503004525925,No,-1.4168450603985576,-1.1552822288684257,0.9201818769278567,No
488,W0489,2019-07-29,Wollongong,-0.5957421593206295,-0.11574568343739164,0.326895290868441,-0.9152440094783505,-0.10812752032069604,ENE,-1.2954200290349338,ENE,NE,-1.3588907512165884,-0.7524027447152106,-0.6133983113713317,0.4275354777405742,0.24412927128039802,-0.757085812637713,0.31914743899337206,-1.0682321144361304,-0.6467333052651052,-0.2068497137797716,No,0.8909688217957918,-0.05862042948193174,-0.4142868820182745,No
489,W0490,2017-12-03,Sydney,-0.11461684764777863,0.28325579646997406,-1.7015356943573312,-0.020030319280293342,-0.7693210928564478,ESE,0.6195351549725456,W,WNW,-0.557732460972143,-0.5083867304796353,-0.8253650442139232,-1.1047030014933794,1.440162663566221e-14,-0.1957382516042882,0.7920447391076386,-0.13953353100771732,-0.23364535599251376,0.609395480302167,Yes,-1.087157362942222,1.380262073259213,-0.7262406178758118,No
490,W0491,2021-05-23,Hobart,-1.8081779447362136,-1.3474459040210005,-0.8000108120347658,-0.8916857544731384,0.6475222768630202,SSE,-1.2954200290349338,SSE,ENE,0.003078342198968814,-1.5657894588337948,0.02250188715644254,-0.036779212936381436,1.0041975566307575,-0.6716633576978528,0.7920447391076386,0.3248157607064892,-1.7921135282482,-1.3424952011981204,No,-1.4168450603985576,0.18248961151793586,-2.3033400602666942,No
491,W0492,2017-10-22,Sydney,-0.7304572465890279,-0.6708781772215537,0.17664114381467996,0.027086190730130754,1.8124823808545822,NE,-1.1535714968862316,N,NE,0.5638891453700806,-0.5083867304796353,0.7643854521055126,-1.0118400633579883,-0.19924389517397828,-0.5984441106065341,-1.0995444613494274,0.3248157607064892,-1.0785979795046325,-0.2955720174843301,Yes,-0.09809427057321506,-0.9219499311266185,-1.3328173264876895,No
492,W0493,2015-08-30,Brisbane,1.0785739253008915,-0.46270349205249267,-0.8000108120347658,-1.5513168946190752,0.8679201343749372,152,-0.30248030399401854,NW,ENE,-0.7179641190210321,0.7930320121100993,-1.1963068266884582,-1.1047030014933794,1.4095673088176215,1.610336509981499,-0.626647161235161,-1.532581406150337,0.7802977922220296,-0.15361633155703638,No,-0.7574696654858862,-0.5330627682236065,0.31360516831597884,No
493,W0494,2021-07-15,Sydney,0.000853227153705498,-0.08104990257588165,1.0781660261372452,1.6997222961001845,-0.23406915318464885,WNW,0.2649138246007902,WNW,SSE,0.7241208034189698,0.142322640815232,0.6054104024735689,0.009652256131314126,1.1055399946774662,0.6462830899458422,-1.0995444613494274,0.3248157607064892,-0.23364535599251376,-0.2955720174843301,No,-0.42778196802955065,-0.4086188760946426,3.078561957038863e-16,No
494,W0495,2022-06-06,Melbourne,-0.34555699725074723,0.1965163443161988,0.06395053352435937,0.003527935724918602,-1.7768541557680693,NNE,-2.5197361024123344e-16,N,ENE,0.6440049743945252,-0.020354702008484854,1.2413106010013433,2.0062054260422233,-0.8833053519893133,-1.5991071541878434,-0.15374986112089445,0.7891650524206958,0.2921029430816938,0.5384176373385204,No,-1.087157362942222,0.5091548283564656,0.41758974693515816,Yes
495,W0496,2017-08-14,Hobart,-1.0191324335927383,-2.0413615212512024,-1.8517898414110918,1.6054892760793364,-0.8637773175044122,NE,-0.23155603791966745,NNW,S,-0.6378482899965876,-0.1830320448322017,0.1814769367883861,0.6132613540113564,0.8395160948048376,-0.3421767457869256,0.31914743899337206,0.3248157607064892,-1.2851419541409281,-1.7506177982390896,No,-1.4168450603985576,0.8202645586788754,-0.7609021440822047,No
496,W0497,2021-10-03,Cairns,-0.0761268227139507,0.5087783720697898,0.026386996760919268,0.9222998809281875,-1.7768541557680693,NE,0.8323079531955989,NNW,WSW,2.1662057258589718,1.6064187262286835,1.2413106010013433,2.1919313023130056,-1.605370223072146,0.03002109359392478,1.264942039221905,1.7178636358491088,0.49864691771798986,0.591651019561255,Yes,-0.42778196802955065,0.38471093622750224,0.41758974693515816,Yes
497,W0498,2018-11-21,Perth,-0.19159689751543482,0.9598235232694214,-1.0253920326154071,-1.6219916596347113,0.6790076850790082,NNW,1.0450807514186522,WNW,SW,0.40365748732119155,0.3049999836389488,-0.13647316247550104,-0.3617994964102504,0.26946488079206804,1.5737268864358465,-1.0995444613494274,-1.532581406150337,0.6300839924865416,0.8578179306749305,No,1.2206565192521275,-1.5986135945778597,-0.9688713013205628,No
498,W0499,2022-10-05,Townsville,0.5782036011611265,1.4802602361920725,-0.19899422381972226,1.5583727660689126,-1.4305146653921994,SSE,-2.5197361024123344e-16,S,ESE,2.727016529030083,2.0131120832879756,0.23446861999903396,0.2882410705374875,-1.9980721705031679,-2.47773811928364,0.7920447391076386,-0.13953353100771732,1.343599541230109,1.9402300358705447,Yes,0.8909688217957918,-1.0463938232555823,0.5908973779671233,Yes
499,W0500,2020-04-20,Wollongong,-0.19159689751543482,-1.13927121885194,-0.19899422381972226,-1.2215013245461068,-0.7063502764244715,SSW,-2.5197361024123344e-16,ENE,ESE,2.086089896834527,0.8743706835219578,0.6054104024735689,1.3097333900267898,-1.3266785184436896,-0.5740376949094232,2.210736639450438,2.1822129275633153,-0.4214126056618732,-0.9166281434162397,Yes,-1.087157362942222,-0.8597279850621367,-0.5356022237406499,Yes
500,W0501,2020-09-29,Hobart,-2.039118094339182,-2.197492535127998,0.17664114381467996,1.0400911559542476,0.0,NW,2.392641806831323,ESE,WSW,-0.1571533158499203,1.7690960690524005,0.39344366963097754,1.2633019209590943,1.440162663566221e-14,0.03002109359392478,2.210736639450438,0.7891650524206958,-1.7545600783143276,-2.460396227875558,Yes,-0.09809427057321506,-1.1552822288684257,-1.9393940350995673,Yes
501,W0502,2018-05-16,Sydney,-0.7112122341221135,0.4220389199160146,1.153293099664126,1.134324175975096,-0.3914961942645897,N,-0.728025900440125,S,WNW,-1.118543264143255,-0.8337414161270691,0.4464353528416254,0.659692823079052,0.21879366176871362,1.476101223647431,-0.626647161235161,-1.532581406150337,-0.9283841797691449,-0.047149567111565906,Yes,-0.42778196802955065,0.4624883688081047,-0.5009406975342571,No
502,W0503,2018-12-24,Hobart,-1.6542178450009013,-0.861704971959859,-0.9502649590885267,-0.6325449494158062,-0.7693210928564478,ENE,-1.1535714968862316,ENE,NNW,-0.3173849738988094,-0.3457093876559185,-0.08348147926485318,-1.1511344705610749,1.6122521849110392,0.670689505642939,-0.626647161235161,0.7891650524206958,-1.7921135282482,-0.9521170648980629,No,0.23159342688312057,1.4347062760656348,-2.0780401399251396,No
503,W0504,2021-01-27,Cairns,-0.0761268227139507,1.3067813318845218,0.026386996760919268,-1.0565935395096226,-0.48595241891255414,SSW,0.6904594210468967,E,ENE,2.727016529030083,0.06098396940337357,0.23446861999903396,1.4490277972298766,-1.605370223072146,-0.9157275146689059,1.264942039221905,1.7178636358491088,1.4374831660647889,1.2836849884568118,No,-0.7574696654858862,1.6602608305493818,1.2841279020949836,Yes
504,W0505,2017-07-04,Darwin,1.9253544738451087,0.8557361806848909,-0.048740076765961246,1.4876980010532763,0.6475222768630202,SW,-1.2954200290349338,SE,SE,-0.6378482899965876,-0.020354702008484854,-0.13647316247550104,-0.12964215107177257,0.8015126805373254,0.19476439954938837,-0.626647161235161,-1.0682321144361304,1.399929716130917,1.0352625380840474,No,0.8909688217957918,0.6491542070015504,1.9946891893260403,No
505,W0506,2015-01-30,Wollongong,-0.056881810247036736,-0.827009191098349,-0.5746295914541245,0.451134780823947,0.14375574540720926,NNW,1.0450807514186522,N,ENE,-0.07703748682547573,0.7930320121100993,0.39344366963097754,0.4275354777405742,1.2322180422358595,0.03002109359392478,-0.626647161235161,0.7891650524206958,-0.10220828122396138,-0.7036946145252988,No,0.5612811243394562,0.2758225306146587,-0.015679330644754626,No
506,W0507,2019-01-18,Adelaide,-0.3648020097176612,0.4914304816390352,-1.1005191061422877,1.3463484710220042,1.8124823808545822,NW,-0.8698744325888272,E,S,0.8042366324434143,0.3863386550508073,-1.0903234602671625,-1.1975659396287706,1.1688790184566629,1.1222081960393928,-0.626647161235161,-1.0682321144361304,-0.8157238299675287,0.4674397943748732,No,1.2206565192521275,0.20582284129211637,0.34826669452237174,No
507,W0508,2022-09-24,Sydney,-0.34555699725074723,-0.9310965336828796,-1.325900326722929,-1.1037100495200467,-0.7378356846404595,S,-1.0117229647375294,NW,NNE,-1.1986590931676995,0.3863386550508073,-0.6663899945819796,0.47396694680826973,-0.5032712093141335,0.7317055448857024,-0.626647161235161,-1.532581406150337,-0.21486863102557752,-1.0230949078617095,No,-0.42778196802955065,1.0069303968723216,0.10563601107762083,No
508,W0509,2021-02-09,Darwin,1.0785739253008915,1.8272180448071733,-1.5512815473035702,-0.34984588935326183,0.0,N,-0.30248030399401854,NNW,NNE,-1.5191224092654776,-0.020354702008484854,0.4464353528416254,-1.2904288777641617,0.04144439518696598,-0.6228505263036311,0.7920447391076386,-1.0682321144361304,0.8178512421559013,1.141729302529518,No,-1.4168450603985576,-0.08195365925611252,0.6948819565863019,No
509,W0510,2016-01-05,Melbourne,-0.6919672216551996,-1.0525317666981648,-1.0253920326154071,-0.37340414435847374,0.33266819470313846,WNW,-0.37340457006836963,ESE,NNE,-0.7980799480454767,0.3049999836389488,-0.9843400938458667,0.24180960146979194,-0.23724730944150488,-0.049299757421664696,-1.0995444613494274,-0.6038828227219238,-0.8720540048683368,-1.289261818975385,No,0.8909688217957918,1.4969282221301166,-0.4836099344310606,No
510,W0511,2022-07-24,Melbourne,-0.9613973961919962,-0.9831402049751442,0.06395053352435937,0.5453678008447952,-0.5174378271285425,NE,-2.5197361024123344e-16,NE,NW,2.4866690419567496,0.711693340698241,0.9763521849481039,2.1919313023130056,-1.5420311992929494,-1.6113103620363989,1.7378393393361715,1.2535143441349024,-1.2663652291739922,-1.4134730441617671,Yes,0.5612811243394562,-0.34639693003016064,-1.1595096954557247,Yes
511,W0512,2018-01-07,Melbourne,-0.21084190998234878,-1.6250121509130817,0.06395053352435937,0.4040182708135231,-1.0526897668003414,114,0.9741564853443011,W,W,2.8071323580545275,-0.10169337342034328,2.1951608987930045,2.3312257095160924,-2.188089241840758,-1.4892782835508722,0.7920447391076386,2.1822129275633153,-0.5152962304965532,-1.1827950545299153,Yes,-0.42778196802955065,1.4813727356139959,0.08830524797442438,Yes
512,W0513,2015-07-31,Brisbane,0.7321637008964389,-0.15044146429890223,-0.19899422381972226,-0.42052065436889785,-2.123193646143939,NE,1.9670962103852163,S,NNE,2.326437383907861,-0.3457093876559185,0.2874603032096818,0.2882410705374875,-1.491359980269595,-0.6472569420007419,1.264942039221905,2.1822129275633153,0.254549493147822,-0.06489402785247786,Yes,-0.7574696654858862,-0.7897282957395944,1.1281510341662147,Yes
513,W0514,2017-04-30,Wollongong,0.30877342662433027,-0.6014866154985332,-0.19899422381972226,1.4641397460480643,-1.0841751750163295,SSE,-2.5197361024123344e-16,E,S,1.1246999485411926,2.1757894261116926,2.1951608987930045,2.14549983324531,-2.22609265610827,-2.0384226367357416,0.31914743899337206,0.7891650524206958,-0.045878106323153964,-0.6149723108207402,No,0.23159342688312057,-0.9841718771911006,0.2616128790063892,Yes
514,W0515,2015-07-11,Brisbane,0.7514087133633525,0.6475614955158304,-0.19899422381972226,0.003527935724918602,-1.9657666050639984,S,-2.5197361024123344e-16,WSW,SSW,1.6053949226878599,2.1757894261116926,1.9831941659504133,2.0062054260422233,-0.7059560854075512,-1.5624975306421909,2.210736639450438,1.7178636358491088,0.3672098429494381,0.4674397943748732,Yes,-1.746532757854893,0.7347093828402131,1.2148048496821973,Yes
515,W0516,2021-04-18,Melbourne,-0.5187621094529732,-0.3759640398987174,0.852784805556604,1.204998940990732,0.804949317942961,SSE,-0.23155603791966745,ESE,N,0.08319417122341337,0.4676773264626657,-1.5142569259523453,-0.501093903613337,1.440162663566221e-14,1.6713525492242622,-1.572441761463694,-1.532581406150337,-0.045878106323153964,-0.7214390752662108,No,-0.09809427057321506,0.8435977884530564,-0.18898696167671974,No
516,W0517,2016-09-12,Darwin,1.8676194364443666,1.3588250031767877,0.9279118790834844,0.26266874078225105,-0.42298160248057776,NNE,1.1160050174930032,SW,ENE,0.40365748732119155,-0.020354702008484854,2.2481525820036525,2.099068364177614,-1.9600687562356556,-2.29469000155535,1.7378393393361715,1.7178636358491088,1.9820081901059319,1.3901517529022815,No,-0.09809427057321506,-1.0697270530297631,1.8560430845004687,Yes
517,W0518,2019-09-23,Darwin,1.5212092120399137,1.5323039074843383,1.4538013937716474,-1.457083874598227,0.08078492897523287,SE,-1.0117229647375294,SW,SSE,-0.3173849738988094,1.0370480263456747,-0.34843989531809244,0.6132613540113564,1.440162663566221e-14,0.41442214082334444,0.7920447391076386,-1.532581406150337,1.1746090165276848,1.1772182240113414,Yes,0.23159342688312057,-0.4708408221591246,1.093489507959822,No
518,W0519,2020-11-13,Adelaide,0.17405833935593185,-1.1913148901442052,-0.349248370873483,0.3804600158083112,0.33266819470313846,SSW,0.1939895585264391,NNW,SSW,-0.557732460972143,-0.9150800875389276,-0.6133983113713317,-1.2904288777641617,-0.03456243334807284,0.011716281821098573,0.7920447391076386,0.7891650524206958,-0.10220828122396138,-0.9343726041571511,No,-1.746532757854893,0.5713767744209479,-0.08500238305754074,No
519,W0520,2015-05-06,Melbourne,-1.0191324335927383,-0.3933119303294727,0.06395053352435937,1.5348145110637006,0.0,SW,2.8181874032774297,ENE,ENE,1.044584119516748,2.5824827831709847,1.347293967422639,0.7989872302821387,-0.19924389517397828,-0.9645403460631137,2.210736639450438,0.7891650524206958,-0.3838591557280014,-0.011660645629742629,No,0.5612811243394562,-0.8908389580943775,-0.10233314616073717,Yes
520,W0521,2019-05-23,Perth,0.1355683144221036,-0.06370201214512697,-0.7248837385078853,1.0400911559542476,-0.42298160248057776,SSE,-0.08970750577096526,NW,WNW,0.5638891453700806,0.5490159978745242,-1.1433151434778104,-1.4761547540349438,1.5995843801552114,0.03002109359392478,0.7920447391076386,0.3248157607064892,0.44231674281718175,-0.4197832426707119,No,-0.09809427057321506,0.8980419912594777,-0.3103023033990955,No
521,W0522,2022-03-24,Hobart,-1.0768674709934802,-0.7576176293753291,-1.2507732531960485,1.2992319610115803,-0.4544670106965661,SW,-2.5197361024123344e-16,SSW,WSW,1.6855107517123042,0.06098396940337357,1.9302024827397652,2.238362771380701,1.440162663566221e-14,-0.8058986440319209,1.264942039221905,1.7178636358491088,-1.0785979795046325,-0.9521170648980629,Yes,-0.7574696654858862,-0.41639661935270295,-0.708909854772615,Yes
522,W0523,2017-07-09,Wollongong,-0.5957421593206295,0.30060368690072936,-0.19899422381972226,-1.6691081696451353,0.0,W,2.463566072905674,SE,SE,2.646900700005639,-0.020354702008484854,0.8703688185268083,1.3561648590944855,-0.6932882806517234,-1.428262244308109,1.7378393393361715,-0.13953353100771732,-0.9471609047360807,0.6271399410430789,No,0.5612811243394562,1.6758163170655018,0.27894364210958594,Yes
523,W0524,2022-10-01,Darwin,1.4442291621722578,1.376172893607543,-0.048740076765961246,1.7468388061106086,-1.7768541557680693,NNE,-2.5197361024123344e-16,W,WSW,-0.07703748682547573,-0.020354702008484854,2.142169215582357,2.3312257095160924,-2.4921165559808984,-0.7082729812435052,0.31914743899337206,1.7178636358491088,1.343599541230109,1.3546628314204583,Yes,-1.087157362942222,-1.3341703238038114,1.821381558294075,Yes
524,W0525,2021-11-29,Canberra,-1.0383774460596522,0.0,-0.7248837385078853,1.4876980010532763,0.8994055425909252,WNW,0.12306529245208801,E,SW,-1.278774922192144,-1.6471281302456533,-1.249298509899106,-1.243997408696466,1.440162663566221e-14,0.07273232106386184,-1.0995444613494274,0.7891650524206958,-0.19609190605864127,-0.26008309600250623,No,0.23159342688312057,-0.5330627682236065,-1.4368019051068688,No
525,W0526,2021-09-20,Wollongong,-0.5957421593206295,-0.445355601621738,-0.19899422381972226,1.6054892760793364,-0.5489232353445306,N,-2.5197361024123344e-16,SW,S,0.8042366324434143,0.6303546692863825,2.1951608987930045,1.495459266297572,-0.5159390140699613,-0.9279307225174475,-0.15374986112089445,1.7178636358491088,-0.6467333052651052,-0.5972278500798289,Yes,-0.42778196802955065,0.34582221993720075,-1.0555251168365454,Yes
526,W0527,2018-04-11,Sydney,-0.34555699725074723,-0.029006231283616374,1.4538013937716474,-0.16137984931156563,-0.2025837449686608,ENE,1.0450807514186522,SE,NW,-1.278774922192144,-0.8337414161270691,-1.3552818763204018,-1.2904288777641617,1.6755912086902358,0.2557804387921516,-0.15374986112089445,-0.13953353100771732,-0.7030634801659129,0.414206412152138,No,-1.4168450603985576,-1.551947135029498,0.4002589838319614,No
527,W0528,2015-12-28,Darwin,1.3864941247715157,1.584347578776603,-1.175646179669168,1.4405814910428525,0.30118278648714986,S,0.33583809067514125,NW,SW,0.5638891453700806,-0.3457093876559185,-0.18946484568614888,-0.083210682004077,0.5734921949322089,0.40221893297478906,0.7920447391076386,-0.6038828227219238,1.0807253916930049,1.5498518995704873,No,-0.7574696654858862,-1.5130584187391969,1.3014586651981799,No
528,W0529,2019-05-23,Darwin,1.3287590873707735,1.2026939892999926,-0.048740076765961246,-1.292176089561743,-1.4620000736081877,SSE,-2.5197361024123344e-16,SSW,E,1.1246999485411926,0.7930320121100993,1.4002856506332868,0.8454186993498343,1.440162663566221e-14,-0.9645403460631137,0.31914743899337206,-0.13953353100771732,1.493813340965597,1.4788740566068401,Yes,0.5612811243394562,0.18248961151793586,1.440104770023752,Yes
529,W0530,2021-08-03,Wollongong,-0.1531068725816069,-0.8443570815291043,-1.4010274002498093,1.228557195995944,0.30118278648714986,S,-0.018783239696614173,NNE,SW,-0.6378482899965876,-1.3217734445982197,-1.5672486091629931,0.5668298849436608,0.6494990234672477,-0.11031579666442796,0.31914743899337206,-0.13953353100771732,-0.534072955463489,-0.8633947611935044,No,0.5612811243394562,0.12026766545345387,0.41758974693515816,No
530,W0531,2021-01-11,Brisbane,0.289528414157416,0.8557361806848909,0.026386996760919268,-1.339292599572167,0.017814112543256468,SSE,-1.508192827257987,WSW,W,0.323541658296747,0.142322640815232,-0.6133983113713317,-0.5475253726810326,0.8648517043165219,-0.5496312792123262,-1.0995444613494274,-1.0682321144361304,-0.13976173115783386,1.0707514595658714,No,-0.42778196802955065,-1.5908358513197993,0.816197298308678,No
531,W0532,2016-02-01,Townsville,1.1747989876354616,0.5261262625005452,-1.6264086208304507,0.9694163909386119,1.1512888083188308,WNW,-1.437268561183636,E,E,-1.0384274351188103,-1.6471281302456533,-1.5672486091629931,-0.6403883108164238,-0.4652677950466069,0.03002109359392478,-0.15374986112089445,-0.13953353100771732,0.9680650418913893,0.786840087711284,No,1.2206565192521275,-1.163059972126486,0.6948819565863019,No
532,W0533,2022-09-09,Adelaide,-0.30706697231691893,-0.3759640398987174,0.026386996760919268,0.003527935724918602,-0.6118940517765069,NW,2.250793274682621,SE,W,2.246321554883416,2.9078374688184185,0.2874603032096818,0.4275354777405742,-2.542787775004253,0.03002109359392478,2.210736639450438,0.3248157607064892,-0.6279565802981689,-0.3842943211888886,Yes,0.5612811243394562,1.0147081401303815,-0.39695611891507804,Yes
533,W0534,2015-12-22,Sydney,-0.38404702218457515,-1.0004880954058994,-1.7015356943573312,1.7468388061106086,0.30118278648714986,SSE,-0.08970750577096526,SSW,W,-0.07703748682547573,-1.6471281302456533,-0.8253650442139232,-1.4297232849672483,0.35813951408294903,-0.24455108299850992,0.31914743899337206,0.3248157607064892,-0.684286755198977,-1.0940727508253567,Yes,-1.087157362942222,0.9991526536142612,-0.43161764512147094,No
534,W0535,31/10/2019,Townsville,1.540454224506828,0.12712478259317883,1.6791826143522892,-0.8681274994679263,1.2772304411827835,S,-0.30248030399401854,NNW,SSW,-0.9583116060943657,0.711693340698241,0.0754935703670904,-1.0582715324256837,-0.5286068188258035,0.6218766742487313,-1.0995444613494274,-0.6038828227219238,1.1746090165276848,0.591651019561255,No,0.8909688217957918,0.0036015165825502497,1.6134124010557171,No
535,W0536,2021-10-29,Newcastle,-0.5572521343868015,-0.5147471633447579,0.28933175410500056,-1.315734344566955,-2.595474769383762,ENE,-2.5197361024123344e-16,ESE,S,1.3650474356145261,0.7930320121100993,2.089177532371709,1.0311445756206166,-0.4145965760232525,-0.22014466730139906,1.264942039221905,1.2535143441349024,-1.0222678046038247,-0.13587187081612442,Yes,0.8909688217957918,1.2713736676463696,-0.7609021440822047,Yes
536,W0537,2017-01-22,Canberra,-0.6149871717875434,-0.896400752821369,0.7025306585028432,0.5453678008447952,-0.10812752032069604,NE,-1.2954200290349338,SE,WNW,0.40365748732119155,-0.427048059067777,-1.1963068266884582,-1.2904288777641617,1.7262624277136045,1.5615236785872773,-0.15374986112089445,0.3248157607064892,-0.7781703800336569,-1.1650505937890032,Yes,-1.087157362942222,-1.0541715665136426,-0.5875945130502396,No
537,W0538,2019-11-01,Adelaide,-0.46102707205223137,-0.6361823963600431,-1.4010274002498093,1.06364941095946,0.0,WNW,-1.437268561183636,S,ESE,-0.7179641190210321,-0.2643707162440601,0.3404519864203297,0.7525557612144431,1.440162663566221e-14,1.3174595216162241,0.7920447391076386,-1.532581406150337,-0.9283841797691449,-0.9698615256389743,No,-0.7574696654858862,-0.7275063496751126,-0.43161764512147094,No
538,W0539,2015-11-12,Canberra,-1.9044030070707838,-1.6770558222053462,0.9279118790834844,0.7102755858812796,-1.021204358584353,NW,-0.9407986986631783,ENE,NNE,0.003078342198968814,-0.8337414161270691,-0.4544232617393882,-0.3153680273425548,0.5734921949322089,0.18256119170083296,0.31914743899337206,-0.13953353100771732,-1.9235506030167515,-1.5199398086072373,No,0.8909688217957918,0.15915638174375507,-1.0555251168365454,No
539,W0540,2021-04-30,Townsville,0.9823488629663214,1.7578264830841535,1.153293099664126,-0.6325449494158062,0.7104930932949963,NE,0.6904594210468967,S,SSE,-0.3975008029232539,0.8743706835219578,0.12848525357773824,-0.8725456561549015,1.440162663566221e-14,0.03002109359392478,-0.15374986112089445,-1.0682321144361304,0.9305115919575175,1.6740631247568691,No,-0.7574696654858862,0.2602670440985383,1.2148048496821973,No
540,W0541,2018-07-13,Brisbane,0.23179337675667375,0.3873431390545046,-0.12386715029284176,-0.04358857428550549,1.2142596247508068,E,-0.30248030399401854,W,ESE,-0.3173849738988094,0.711693340698241,0.23446861999903396,0.10251519426670525,-0.28791852846485927,0.08493552891241726,-1.0995444613494274,-1.0682321144361304,0.6113072675196053,-0.10038294933430114,No,0.23159342688312057,-0.6497289170945102,0.9201818769278567,No
541,W0542,2022-08-30,Melbourne,-1.500257745265589,-0.32392036860645274,-0.5746295914541245,0.003527935724918602,1.3087158493987716,NE,0.33583809067514125,ESE,N,0.6440049743945252,-1.7284668016575118,0.1814769367883861,-1.4297232849672483,0.29480049030375244,-0.6472569420007419,-0.15374986112089445,-0.6038828227219238,-1.3226954040748005,-1.0763282900844449,Yes,-0.7574696654858862,0.8047090721627552,-2.0260478506155497,No
542,W0543,2015-03-21,Hobart,-1.6157278200670733,-2.0760573021127127,-0.6497566649810048,1.06364941095946,1.4976282986947005,SSE,0.05214102637773692,SE,ENE,0.08319417122341337,0.142322640815232,0.2874603032096818,0.5668298849436608,-0.7312916949192356,-0.3421767457869256,0.7920447391076386,-1.0682321144361304,-1.679453178446584,-2.0700180915755,No,-0.09809427057321506,-0.5252850249655462,-1.8527402195835847,No
543,W0544,2022-02-05,Adelaide,0.1548133268890179,0.4740825912082799,-0.9502649590885267,-0.49119541938453387,0.0,SSE,0.9741564853443011,NNE,E,0.8843524614678588,-0.1830320448322017,-0.34843989531809244,-1.1511344705610749,1.0422009708982696,-0.2689574986956069,-0.15374986112089445,0.7891650524206958,-0.045878106323153964,-0.06489402785247786,No,0.23159342688312057,-1.0775047962878233,0.2616128790063892,No
544,W0545,2020-05-05,Wollongong,-0.28782195985000497,-0.445355601621738,-1.5512815473035702,0.28622699578746297,0.0,NE,-0.7989501665144761,ESE,NE,-0.7179641190210321,0.5490159978745242,-0.9843400938458667,0.009652256131314126,-0.3892609665115681,1.0489889489480742,0.7920447391076386,-1.0682321144361304,-0.47774278056268127,-0.08263848859338918,No,-0.09809427057321506,-0.41639661935270295,-0.5009406975342571,No
545,W0546,2015-05-28,Brisbane,0.6166936260949544,0.7689967285311157,-0.19899422381972226,-0.585428439405382,1.056832583670866,NE,0.6904594210468967,SW,SSE,-0.07703748682547573,-0.1830320448322017,-1.249298509899106,-0.9189771252225971,0.1807902475012014,0.7439087527342578,0.7920447391076386,0.7891650524206958,0.3296563930155656,1.15947376327043,No,-0.42778196802955065,-1.4508364726747152,-0.2409792509863094,No
546,W0547,2022-02-17,Perth,0.38575347649198616,-0.3586161494679627,-1.4761544737766898,0.9222998809281875,0.0,ESE,-0.657101634365774,NNW,WSW,0.8042366324434143,0.9557093549338163,0.49942703605227323,-0.26893655827485924,0.45948195212965787,1.1954274431306977,-0.626647161235161,-1.0682321144361304,0.34843311798250187,-0.4375277034116232,Yes,-1.746532757854893,0.4547106255500443,0.8335280614118742,No
547,W0548,2020-02-29,Newcastle,-0.4032920346514891,-0.2024851355911669,0.5522765114490822,-1.2686178345565307,0.0,W,-0.30248030399401854,WSW,SE,-1.5191224092654776,0.5490159978745242,-0.507414944950036,0.6132613540113564,0.20612585701287142,-0.51302165566666,0.7920447391076386,-1.0682321144361304,-0.4401893306288091,-0.011660645629742629,No,0.8909688217957918,-0.13639786206253415,0.3309359314191756,No
548,W0549,2019-08-19,Perth,-0.30706697231691893,0.35264735819299464,-0.19899422381972226,1.0165329009490358,0.0,WNW,-1.2954200290349338,ESE,S,-1.3588907512165884,-0.020354702008484854,0.49942703605227323,-0.2225050892071637,-0.4906034045582913,1.3174595216162241,-0.626647161235161,-1.532581406150337,0.19821931824701391,0.48518425511578517,No,1.2206565192521275,0.5091548283564656,-0.3449638296054884,No
549,W0550,2017-11-26,Sydney,-0.11461684764777863,-0.2198330260219222,-0.5746295914541245,0.5689260558500071,-1.021204358584353,NE,0.05214102637773692,SE,NNW,-0.7980799480454767,0.3863386550508073,0.7113937688948647,-0.26893655827485924,-0.23724730944150488,1.1466146117365037,0.31914743899337206,-0.13953353100771732,-0.40263588069493733,-0.47301662489344715,No,0.5612811243394562,-1.0075051069652812,0.3655974576255685,No
550,W0551,2015-07-12,Townsville,1.540454224506828,0.6128657146543204,1.6791826143522892,1.5583727660689126,0.08078492897523287,WSW,-0.44432883614272073,NNW,NW,-0.1571533158499203,-0.8337414161270691,-0.34843989531809244,-1.4297232849672483,-0.6932882806517234,-0.0004869260274568548,-1.0995444613494274,0.3248157607064892,1.2684926413623645,0.9287957736385777,Yes,0.23159342688312057,0.7813758423885742,0.9895049293406432,No
551,W0552,12/01/2020,Perth,-0.42253704711840306,-0.16778935472965692,0.17664114381467996,-0.7738944794470782,-2.1861644625759156,SSE,0.8323079531955989,WNW,S,0.003078342198968814,2.0944507546998343,1.7712274331078217,1.077576044688312,-0.42726438077909473,-1.3062301658225826,1.264942039221905,0.7891650524206958,-0.32752898082719334,-0.6682056930434754,Yes,-0.09809427057321506,-1.3886145266102328,-0.899548248907777,Yes
552,W0553,2022-08-23,Adelaide,1.2902690624369455,-2.3709714394355488,-0.01117654000252082,-0.7974527344522903,-1.9342811968480103,ESE,-2.5197361024123344e-16,N,SE,2.1662057258589718,0.7930320121100993,0.23446861999903396,2.14549983324531,-1.263339494664493,-1.0865724245486403,1.7378393393361715,1.2535143441349024,-0.6655100302320411,-0.3488053997070647,Yes,1.5503442167084631,-1.3652812968360524,-1.3328173264876895,Yes
553,W0554,2019-05-22,Townsville,0.8091437507640947,0.1965163443161988,-0.6497566649810048,0.5218095458395833,0.0,ESE,-1.0826472308118806,W,WSW,0.8042366324434143,0.6303546692863825,-0.2954482121074446,-0.40823096547794596,1.713594622957748,0.060529113215306414,-0.15374986112089445,-1.0682321144361304,0.6300839924865416,0.041572736592992605,Yes,0.23159342688312057,1.450261762581755,0.48691279934794396,No
554,W0555,2015-11-20,Cairns,0.6359386385618687,1.0118671945616866,-1.8517898414110918,-1.362850854577379,-0.42298160248057776,NE,-1.0826472308118806,NW,SE,-1.278774922192144,-0.020354702008484854,-1.302290193109754,0.14894666333440082,-0.5919458426050002,1.1466146117365037,-1.0995444613494274,0.7891650524206958,0.3296563930155656,0.5739065588203437,Yes,0.5612811243394562,-1.030838336739462,0.24428211590319304,No
555,W0556,2021-11-29,Melbourne,-0.5380071219198875,-1.2954022327287353,1.5289284672985282,-0.27917112433762575,0.17524115362319734,NW,-0.657101634365774,NW,SW,-0.4776166319476985,-1.5657894588337948,0.02250188715644254,0.19537813240209637,1.440162663566221e-14,0.03002109359392478,-1.572441761463694,-0.13953353100771732,-0.4965195055296172,-1.0585838293435328,No,-1.4168450603985576,-1.4119477563844138,-0.1716561985735233,No
556,W0557,2019-10-17,Wollongong,-0.5187621094529732,-1.0178359858366548,-1.7766627678842117,-0.42052065436889785,1.5291137069106886,E,0.90323221926995,NNW,WNW,-0.1571533158499203,-0.3457093876559185,-0.9843400938458667,0.33467253960518306,1.4349029183292772,-0.354379953635481,-0.15374986112089445,-0.6038828227219238,-0.9471609047360807,-1.12956167230718,No,1.5503442167084631,0.4858215985822852,-1.072855879939742,No
557,W0558,2017-01-26,Townsville,0.693673675962611,0.14447267302393413,0.9279118790834844,-0.7738944794470782,-0.3914961942645897,WNW,0.6195351549725456,NNW,W,0.7241208034189698,-0.7524027447152106,-0.4544232617393882,0.5203984158759654,0.4214785378621457,0.7439087527342578,0.7920447391076386,-0.13953353100771732,0.7615210672550933,0.1657839617793744,No,0.8909688217957918,0.9447084508078393,1.422774006920556,No
558,W0559,2015-02-22,Hobart,-1.1538475208611365,-0.9484444241136343,1.003038952610365,0.4040182708135231,1.1198034001028427,NNE,1.0450807514186522,SSW,SSE,-0.8781957770699212,-0.020354702008484854,-0.9313484106352189,-1.3368603468318572,-0.47793559980244915,-0.3055671222412732,-1.0995444613494274,-0.6038828227219238,-0.759393655066721,-0.49076108563435844,No,-1.087157362942222,0.49359934184034554,-1.0208635906301524,No
559,W0560,2015-08-12,Darwin,2.098559586047335,2.05274062040699,1.153293099664126,1.2992319610115803,1.182774216534819,SE,-0.5152531022170718,S,SSE,0.24342582927230247,0.2236613122270904,-1.249298509899106,0.19537813240209637,-0.04723023810391504,-0.4764120321210076,-0.15374986112089445,0.3248157607064892,1.5876969658002769,2.1531635647614857,No,-1.4168450603985576,-0.424174362610763,1.7000662165716998,No
560,W0561,2021-05-30,Perth,-0.056881810247036736,-0.7749655198060837,0.17664114381467996,0.47469303582915934,-1.2730876243122584,NNW,1.5415506139391097,SE,N,1.204815777565637,1.9317734118761174,2.089177532371709,2.1919313023130056,-1.4660243707579106,-2.367909248646669,1.7378393393361715,0.7891650524206958,-0.02710138135621772,-0.40203878192979997,Yes,-0.09809427057321506,-0.6808398901267511,-0.08500238305754074,Yes
561,W0562,2021-11-03,Melbourne,-1.2693175956626206,-0.13309357386814694,-0.6497566649810048,0.5689260558500071,-0.3285253778326133,E,-0.30248030399401854,S,ENE,0.7241208034189698,0.6303546692863825,-0.4014315785287403,-0.6403883108164238,0.8775195090723642,0.4632349722175523,0.7920447391076386,0.7891650524206958,-1.1912583293062482,-0.31331647822524145,Yes,0.5612811243394562,1.131374289001285,-1.2634942740749036,No
562,W0563,2018-02-14,Melbourne,-1.1346025083942224,-0.15044146429890223,-1.7015356943573312,-1.6926664246503473,-0.04515670388871993,NE,-1.2244957629605828,ENE,ESE,-1.278774922192144,0.6303546692863825,-1.620240292373641,-0.3153680273425548,-0.00922682383638843,0.36560930942912273,-1.572441761463694,0.3248157607064892,-1.2288117792401205,-0.7391835360071227,No,-1.746532757854893,-0.35417467328822094,3.078561957038863e-16,No
563,W0564,2017-04-02,Cairns,1.7906393865767107,1.7578264830841535,-1.7766627678842117,-1.362850854577379,1.4346574822627245,ENE,1.1160050174930032,W,ENE,-0.1571533158499203,-0.427048059067777,-1.3552818763204018,0.10251519426670525,-0.6046136473608423,0.2801868544892625,0.31914743899337206,0.7891650524206958,1.5313667908994688,1.8337632714250742,No,1.2206565192521275,-1.225281918190968,1.4747662962301449,No
564,W0565,2015-03-22,Adelaide,-0.5380071219198875,-0.5320950537755132,0.7776577320297238,-0.46763716437932196,0.0,N,1.1160050174930032,E,NNE,0.1633100002478579,0.3863386550508073,-0.878356727424571,-1.0582715324256837,0.8268482900489954,0.939160078311103,0.31914743899337206,0.3248157607064892,-0.3838591557280014,-0.7391835360071227,No,-1.087157362942222,-0.05862042948193174,-0.39695611891507804,No
565,W0566,2020-03-02,Melbourne,-0.19159689751543482,-1.3127501231594905,0.326895290868441,0.6160425658604315,-0.4544670106965661,ENE,-0.30248030399401854,SSE,NNW,-1.0384274351188103,0.7930320121100993,0.39344366963097754,0.05608372519900969,-0.021894628592230632,1.2808498980705718,0.31914743899337206,-0.6038828227219238,-0.3838591557280014,-1.2005395152708265,No,-0.09809427057321506,0.2758225306146587,0.6602204303799091,No
566,W0567,2022-06-11,Sydney,-0.268576947383091,-0.6188345059292885,-0.8000108120347658,1.1814406859855202,-0.6118940517765069,WNW,-0.08970750577096526,ESE,W,-0.557732460972143,-0.7524027447152106,0.0754935703670904,0.2882410705374875,-0.40192877126741033,0.21917081524649923,-1.572441761463694,-0.13953353100771732,-0.609179855331233,-0.3488053997070647,Yes,0.5612811243394562,0.43137739577586326,3.078561957038863e-16,No
567,W0568,2019-10-03,Melbourne,-1.3270526330633627,-0.445355601621738,0.06395053352435937,0.7338338408864916,0.0,ENE,0.5486108888981945,SE,NE,0.003078342198968814,1.1997253691693914,0.2874603032096818,2.3312257095160924,-0.21191169992982048,-1.9530001817958813,1.264942039221905,1.7178636358491088,-1.1349281544054406,-0.6149723108207402,No,-1.746532757854893,-1.1552822288684257,-0.9862020644237595,Yes
568,W0569,2019-06-28,Hobart,-0.9421523837250821,-1.2954022327287353,0.326895290868441,0.3804600158083112,-0.6748648682084833,W,-1.0826472308118806,NW,NNW,-0.23726914487436485,-0.9150800875389276,-0.08348147926485318,-0.9654085942902927,1.1688790184566629,-0.6960697733949498,0.31914743899337206,0.3248157607064892,-1.3978023039425445,-1.289261818975385,No,-0.09809427057321506,-1.5908358513197993,-0.9688713013205628,No
569,W0570,2016-01-05,Cairns,1.8868644489112807,1.740478592653398,1.003038952610365,0.8751833709177637,-0.8952627257204003,NE,0.1939895585264391,SW,WSW,0.24342582927230247,0.4676773264626657,-0.8253650442139232,-0.9189771252225971,-0.667952671140039,1.5371172628901941,-1.0995444613494274,0.3248157607064892,2.3012125145438436,1.8692521929068981,No,1.5503442167084631,-0.0897314025141726,1.6134124010557171,No
570,W0571,2022-06-04,Sydney,-0.7497022590559418,-0.8443570815291043,0.47714943792220166,-0.7032197144314423,-0.8322919092884242,SSW,-0.5861773682914229,W,WNW,-0.4776166319476985,0.6303546692863825,-1.1963068266884582,-0.4546624345456415,0.5861599996880511,0.3900157251262336,-0.626647161235161,0.3248157607064892,-0.684286755198977,-1.2360284367526497,No,1.5503442167084631,0.2836002738727188,-1.2981558002812965,No
571,W0572,2022-09-01,Cairns,-0.0761268227139507,1.9660011682532146,-1.9269169149379723,1.1814406859855202,1.7495115644226062,WNW,0.5486108888981945,SSE,S,0.6440049743945252,-0.5897254018914938,-0.7193816777926274,0.24180960146979194,0.45948195212965787,-0.2811607065441623,-0.15374986112089445,-1.0682321144361304,2.000784915072868,2.3660970936524253,No,-1.746532757854893,0.6802651800337912,1.6134124010557171,No
572,W0573,2018-05-31,Cairns,0.9438588380324928,0.7343009476696056,0.026386996760919268,1.5583727660689126,0.049299520759244805,NNE,1.0450807514186522,WNW,WNW,-0.9583116060943657,-0.9964187589507859,-0.5604066281606839,-1.4761547540349438,1.4095673088176215,1.341865937313335,-0.15374986112089445,-0.6038828227219238,0.8178512421559013,1.0707514595658714,No,1.5503442167084631,-1.5286139052553176,0.868189587618267,No
573,W0574,2018-06-10,Wollongong,0.1548133268890179,0.6822572763773403,0.7776577320297238,0.19199397576661478,-0.9897189503683651,WNW,-1.508192827257987,SE,SW,-1.118543264143255,-0.9964187589507859,-0.9313484106352189,-1.0118400633579883,-0.7439594996750778,-0.1957382516042882,-1.572441761463694,-1.532581406150337,0.7615210672550933,0.9997736166022243,Yes,0.23159342688312057,0.15137863848569472,0.8855203507214638,No
574,W0575,2020-05-20,Newcastle,-0.3263119847838329,0.7343009476696056,-0.6497566649810048,1.7939553161210329,-0.7063502764244715,WSW,0.8323079531955989,NNW,NNE,-0.3173849738988094,0.5490159978745242,0.3404519864203297,0.5668298849436608,0.6875024377347744,1.2198338588278086,-0.626647161235161,-1.532581406150337,-0.4214126056618732,0.18352842252028634,Yes,1.5503442167084631,0.9135974777755984,0.5908973779671233,No
575,W0576,2019-04-15,Canberra,-1.8081779447362136,-0.6188345059292885,1.5289284672985282,1.7939553161210329,1.6235699315586534,ESE,-0.8698744325888272,NE,NE,0.6440049743945252,-1.5657894588337948,0.49942703605227323,0.24180960146979194,-0.45259999029076475,0.8293312076741319,-0.626647161235161,0.3248157607064892,-2.0925411277191754,-0.5439944678570937,No,-0.7574696654858862,1.4424840193236947,-2.3553323495762837,No
576,W0577,2020-01-08,Newcastle,0.11632330195518963,0.4567347007775246,0.026386996760919268,0.33334350579788685,0.39563901113511457,N,-0.8698744325888272,SE,NE,-0.6378482899965876,0.711693340698241,-0.8253650442139232,-0.40823096547794596,1.440162663566221e-14,0.4632349722175523,-1.572441761463694,0.7891650524206958,0.5737538175857335,0.6803733232658135,Yes,-0.09809427057321506,1.2947068974205502,-0.39695611891507804,No
577,W0578,2021-12-12,Cairns,1.2710240499700318,1.740478592653398,-0.6497566649810048,0.5218095458395833,1.5291137069106886,E,-0.8698744325888272,N,NW,-1.278774922192144,-0.427048059067777,-0.7193816777926274,-0.26893655827485924,0.7635092662697988,0.4998445957632047,-0.626647161235161,-0.13953353100771732,1.4562598910317244,1.88699665364781,No,0.8909688217957918,-0.29973047048179935,1.2841279020949836,No
578,W0579,2017-07-21,Darwin,1.5596992369737424,0.8557361806848909,2.205072129040452,-0.16137984931156563,-0.9582335421523768,NE,-2.5197361024123344e-16,ENE,E,1.5252790936634153,-0.020354702008484854,1.7182357498971739,1.6811851425683544,1.440162663566221e-14,-2.3312996251010025,0.31914743899337206,-0.13953353100771732,1.5125900659325324,1.319173909938635,Yes,1.5503442167084631,0.22915607106629715,0.5908973779671233,Yes
579,W0580,2015-11-26,Brisbane,0.2702834016905017,1.0292150849924413,-0.19899422381972226,-0.04358857428550549,-1.4620000736081877,NW,-2.5197361024123344e-16,NNE,SSW,-0.23726914487436485,0.9557093549338163,1.9831941659504133,0.7989872302821387,-2.4161097274458596,0.03002109359392478,0.7920447391076386,0.7891650524206958,0.44231674281718175,0.3609730299294034,Yes,-1.746532757854893,0.3147112469049599,-0.29297154029589906,Yes
580,W0581,2015-07-07,Hobart,-0.9806424086589101,-0.3586161494679627,0.4020223643953215,0.5924843108552195,0.2696973782711618,NNE,-0.7989501665144761,E,SSE,0.8843524614678588,0.06098396940337357,-0.2954482121074446,0.24180960146979194,1.440162663566221e-14,1.1954274431306977,-1.572441761463694,-0.13953353100771732,-0.6655100302320411,-1.0053504471207981,No,-0.7574696654858862,-1.4041700131263535,-0.06767161995434429,No
581,W0582,2021-02-22,Hobart,-1.7504429073354713,-0.861704971959859,0.47714943792220166,1.110765920969884,0.23821197005517372,S,-0.8698744325888272,WNW,ENE,0.8042366324434143,0.2236613122270904,-0.9313484106352189,0.659692823079052,-0.3005863332207015,1.5859300942843881,-1.0995444613494274,-1.0682321144361304,-2.0549876777853036,-1.289261818975385,No,-1.087157362942222,-1.2019486884167871,3.078561957038863e-16,No
582,W0583,2018-10-27,Sydney,-0.8266823089235981,-0.04635412171437167,-2.002043988464853,-0.538311929394958,0.33266819470313846,287,1.1160050174930032,NW,WNW,-1.118543264143255,-1.4031121160100781,0.02250188715644254,0.7525557612144431,-0.4145965760232525,1.63474292567861,-0.15374986112089445,-0.13953353100771732,-0.740616930099785,-0.4552721641525352,No,-0.7574696654858862,-0.4708408221591246,-0.5182714606374536,No
583,W0584,17/10/2017,Townsville,0.7514087133633525,0.5955178242235651,0.6274035849759627,1.7468388061106086,1.056832583670866,NE,0.90323221926995,WSW,ESE,-0.7179641190210321,-1.3217734445982197,-1.4612652427416974,-0.6868197798841194,0.1047834189661626,-0.20794145945284365,-0.15374986112089445,-1.0682321144361304,1.155832291560749,0.3077396477066681,No,-0.42778196802955065,0.7424871260982729,0.05364372176803117,No
584,W0585,2021-08-30,Townsville,1.40573913723843,0.8036925093926256,-0.19899422381972226,-1.5748751496242872,-0.42298160248057776,SSW,-0.8698744325888272,S,E,-1.439006580241033,-0.427048059067777,-0.9313484106352189,0.10251519426670525,-0.16124048090646606,1.2198338588278086,-1.572441761463694,0.7891650524206958,1.2684926413623645,0.769095626970372,No,-1.087157362942222,0.25248930084047794,1.3187894283013766,No
585,W0586,2018-03-21,Canberra,-1.4040326829310188,-0.49739927291400327,0.17664114381467996,-1.5513168946190752,0.0,NE,-2.5197361024123344e-16,SSE,W,1.6855107517123042,1.687757397640542,0.02250188715644254,0.659692823079052,-1.5673668088046337,-2.099438675978505,-0.15374986112089445,1.2535143441349024,-1.7921135282482,-0.13587187081612442,Yes,0.23159342688312057,-0.40084113283658224,-2.0260478506155497,Yes
586,W0587,2019-02-17,Wollongong,-0.5957421593206295,-0.3933119303294727,-0.7248837385078853,-0.5147536743897461,0.9623763590229019,S,-0.7989501665144761,WSW,WNW,-1.278774922192144,0.4676773264626657,0.6054104024735689,-0.501093903613337,1.3462282850384248,0.5242510114603156,-1.572441761463694,0.7891650524206958,-0.9659376297030167,-0.047149567111565906,No,-0.42778196802955065,0.8669310182272368,-0.4489484082246674,No
587,W0588,2020-04-24,Townsville,1.4827191871060859,0.6302136050850751,0.852784805556604,-1.2686178345565307,-0.9897189503683651,W,-1.5791170933323382,NNE,WNW,-1.439006580241033,0.7930320121100993,-1.5142569259523453,-0.9654085942902927,-0.21191169992982048,1.3540691451619042,-0.15374986112089445,0.7891650524206958,1.3623762661970444,0.5384176373385204,No,1.5503442167084631,-0.486396308675245,2.0986737679452196,No
588,W0589,2018-09-30,Cairns,1.2902690624369455,1.514956017053583,0.026386996760919268,-0.585428439405382,0.0,S,-2.5197361024123344e-16,SSE,NE,0.003078342198968814,0.711693340698241,1.1883189177906954,1.0311445756206166,-1.5546990040487916,-2.1238450916756157,1.264942039221905,2.1822129275633153,1.249715916395429,1.514362978088664,Yes,-0.42778196802955065,0.32248899016301996,1.093489507959822,Yes
589,W0590,2022-12-27,Adelaide,-0.24933193491617706,-1.13927121885194,-0.01117654000252082,-0.6325449494158062,0.0,SSE,0.1939895585264391,SW,W,2.326437383907861,-0.020354702008484854,0.23446861999903396,1.1704389828237032,-0.22457950468566268,-0.4764120321210076,1.7378393393361715,1.7178636358491088,-0.23364535599251376,-1.0408393686026214,Yes,-0.42778196802955065,1.325817870452791,0.12296677418081728,Yes
590,W0591,2021-06-04,Hobart,-0.9229073712581681,-0.3933119303294727,0.7776577320297238,1.6526057860897607,0.0,202,-1.1535714968862316,W,E,0.24342582927230247,-0.6710640733033523,-0.9313484106352189,-1.1511344705610749,0.32013609981542246,1.5737268864358465,0.7920447391076386,0.7891650524206958,-0.8157238299675287,-0.10038294933430114,No,-0.09809427057321506,0.4158219092597431,-0.6915790916694186,No
591,W0592,2016-06-29,Melbourne,-0.6919672216551996,-1.0525317666981648,-1.4010274002498093,1.1578824309803077,-0.9897189503683651,NE,-0.44432883614272073,SSE,NE,0.5638891453700806,0.2236613122270904,-0.4014315785287403,-0.501093903613337,1.440162663566221e-14,0.36560930942912273,-0.15374986112089445,-0.13953353100771732,-1.0222678046038247,-0.9343726041571511,Yes,-1.746532757854893,-1.3030593507715704,-0.9515405382173663,No
592,W0593,2016-10-16,Melbourne,-1.500257745265589,-0.08104990257588165,0.06395053352435937,-0.3027293793428377,-1.4305146653921994,N,1.683399146087812,E,E,1.4451632646389707,-0.020354702008484854,1.7712274331078217,1.495459266297572,-2.39077411793419,-1.428262244308109,0.31914743899337206,1.7178636358491088,-0.9096074548022086,-0.5085055463752705,Yes,0.8909688217957918,-0.01973171319163053,-1.6101095361388338,Yes
593,W0594,2019-10-09,Townsville,0.866878788164837,1.6016954692073582,0.10151407028779945,-0.3027293793428377,0.804949317942961,NW,0.1939895585264391,NNE,WSW,-1.3588907512165884,-0.5897254018914938,0.7113937688948647,-0.826114187087206,0.5481565854205389,0.536454219308871,-0.15374986112089445,-0.6038828227219238,0.8178512421559013,1.9402300358705447,No,-1.4168450603985576,0.8047090721627552,0.24428211590319304,No
594,W0595,2020-12-09,Townsville,0.5782036011611265,0.07508111130091356,-0.19899422381972226,-0.67966145942623,-1.5249708900401637,NE,0.12306529245208801,WNW,NE,1.204815777565637,1.0370480263456747,2.142169215582357,2.14549983324531,-0.895973156745141,-0.29336391439271775,1.7378393393361715,1.2535143441349024,0.10433569341233401,0.1657839617793744,No,0.5612811243394562,-1.3419480670618715,3.078561957038863e-16,Yes
595,W0596,2020-05-27,Adelaide,-0.24933193491617706,-0.827009191098349,-0.01117654000252082,0.7573920958917035,-0.48595241891255414,SSE,1.612474880013461,SSW,SW,-0.07703748682547573,2.257128097523551,1.8242191163184696,0.8454186993498343,-1.2760072994203207,-1.9285937660987706,1.264942039221905,0.3248157607064892,-0.6279565802981689,-0.8279058397116812,Yes,-0.7574696654858862,0.4391551390339236,-0.29297154029589906,Yes
596,W0597,2016-03-19,Townsville,0.4242435014258141,0.8730840711156462,-0.19899422381972226,-1.1272683045252587,-0.9267481339363887,N,2.9600359354261316,ESE,SSW,0.1633100002478579,2.3384667689354095,1.4002856506332868,1.0311445756206166,-2.403441922690032,-1.1475884637914036,0.7920447391076386,2.1822129275633153,0.21699604321395013,0.5206731765976085,Yes,-0.42778196802955065,0.3613777064533212,0.2616128790063892,Yes
597,W0598,2021-09-26,Newcastle,0.21254836428976012,0.4567347007775246,-1.7015356943573312,1.4641397460480643,0.30118278648714986,NE,1.0450807514186522,SE,W,0.8843524614678588,1.0370480263456747,-0.18946484568614888,-0.9189771252225971,-0.3512575522440559,0.03002109359392478,0.31914743899337206,-1.0682321144361304,0.8178512421559013,0.2545062654839329,No,0.23159342688312057,-1.7075020001907029,-0.39695611891507804,No
598,W0599,2015-08-16,Sydney,-0.23008692244926277,0.6128657146543204,0.7025306585028432,0.003527935724918602,1.4976282986947005,W,-0.44432883614272073,NNE,WNW,-0.7980799480454767,-0.9964187589507859,0.49942703605227323,-0.40823096547794596,0.8901873138281919,-0.2567542908470515,0.31914743899337206,0.7891650524206958,-0.4401893306288091,0.07706165807481588,Yes,-1.4168450603985576,0.7813758423885742,0.5215743255543368,No
599,W0600,2015-08-03,Perth,0.7129186884295245,-0.30657247817569744,1.378674320244767,1.06364941095946,-0.10812752032069604,NNE,0.2649138246007902,NNW,ENE,0.1633100002478579,-1.2404347731863612,0.6054104024735689,0.009652256131314126,1.1942146279683472,-0.18353504375574667,-0.15374986112089445,-0.13953353100771732,0.5737538175857335,-0.08263848859338918,No,0.5612811243394562,-1.6452800541262211,3.078561957038863e-16,No
600,W0601,2017-07-03,Canberra,-1.7696879198023856,-0.6882260676523084,0.47714943792220166,0.9458581359334,-0.6748648682084833,N,0.6904594210468967,E,NE,-0.9583116060943657,-1.4844507874219364,-0.5604066281606839,-0.036779212936381436,0.7001702424906021,1.5493204707387358,-0.15374986112089445,0.7891650524206958,-2.205201477520791,-1.608662112311796,No,0.8909688217957918,0.24471155758241758,-1.4714634313132615,No
601,W0602,2017-03-30,Brisbane,0.44348851389272836,1.254737660592257,-0.12386715029284176,0.6160425658604315,-0.6118940517765069,E,1.1160050174930032,SSE,WSW,-0.3173849738988094,-0.020354702008484854,0.3404519864203297,2.2847942404483965,-0.5666102330933301,0.03002109359392478,1.7378393393361715,1.7178636358491088,-0.008324656389281471,0.48518425511578517,Yes,-0.42778196802955065,1.0224858833884418,-0.1716561985735233,Yes
602,W0603,2021-05-07,Brisbane,0.09707828948827565,0.07508111130091356,-1.175646179669168,-0.42052065436889785,-1.1471459914483058,NW,0.12306529245208801,N,E,1.1246999485411926,1.118386697757533,1.7182357498971739,1.3561648590944855,-0.579278037849158,-2.4655349114350846,0.31914743899337206,2.1822129275633153,0.5362003676518616,-0.011660645629742629,No,-0.42778196802955065,0.7035984098079717,0.14029753728401373,Yes
603,W0604,2018-12-22,Cairns,0.9823488629663214,1.445564455330563,-0.6497566649810048,1.0872076659646719,-0.7063502764244715,NNE,0.47768662282384344,NW,ESE,-0.07703748682547573,-1.4844507874219364,2.5661026812675396,-1.0582715324256837,-0.28791852846485927,1.4150851844046677,0.7920447391076386,0.7891650524206958,1.043171941759133,1.514362978088664,No,0.8909688217957918,-0.8908389580943775,1.3014586651981799,No
604,W0605,2016-08-28,Townsville,1.5596992369737424,0.8036925093926256,-0.499502517927244,1.4641397460480643,-0.643379459992495,WSW,-0.37340457006836963,NW,WNW,-0.1571533158499203,-1.4031121160100781,-1.249298509899106,-0.40823096547794596,0.2567970760362258,-0.29336391439271775,-0.15374986112089445,-1.0682321144361304,1.6064736907672124,1.0175180773431363,No,0.5612811243394562,-0.5875069710300282,0.9201818769278567,No
605,W0606,2021-04-29,Melbourne,-0.38404702218457515,-0.7749655198060837,0.7025306585028432,1.8175135711262447,-1.178631399664294,WSW,0.47768662282384344,NNE,SE,1.1246999485411926,2.5011441117591264,1.4532773338439346,0.5203984158759654,-0.47793559980244915,-0.22014466730139906,1.7378393393361715,2.1822129275633153,-0.740616930099785,-0.7036946145252988,Yes,-1.087157362942222,0.8513755317111167,-1.0901866430429386,Yes
606,W0607,2016-03-07,Townsville,1.0593289128339773,0.6649093859465857,-0.19899422381972226,1.0165329009490358,-1.745368747552081,NE,-2.5197361024123344e-16,E,N,2.246321554883416,2.0131120832879756,1.2943022842119911,1.5883222044329632,-1.605370223072146,-2.3068932094039054,1.264942039221905,1.7178636358491088,1.249715916395429,0.4674397943748732,Yes,0.5612811243394562,-1.100838026062004,0.4695820362447478,Yes
607,W0608,2019-07-10,Sydney,-0.19159689751543482,0.36999524862374933,-0.19899422381972226,-0.7503362244418663,0.017814112543256468,WSW,-0.8698744325888272,WSW,SSE,0.323541658296747,-1.6471281302456533,0.1814769367883861,0.2882410705374875,1.2828892612592282,0.7927215841284656,-1.0995444613494274,-1.532581406150337,-0.25242208095944935,0.5029287158566965,No,-0.42778196802955065,-0.46306307890106424,0.38292822072876526,No
608,W0609,2016-11-28,Canberra,-1.8659129821369558,-0.3933119303294727,0.7776577320297238,-1.1037100495200467,-0.5804086435605186,SSE,-1.2244957629605828,NW,SE,0.6440049743945252,-0.8337414161270691,-1.0903234602671625,-0.4546624345456415,1.440162663566221e-14,-0.1957382516042882,-1.0995444613494274,-1.532581406150337,-1.60434627857884,-0.06489402785247786,No,0.8909688217957918,0.5791545176790083,-1.6101095361388338,No
609,W0610,2018-09-15,Brisbane,0.25103838922358807,1.254737660592257,1.6791826143522892,0.003527935724918602,-0.8952627257204003,NW,0.6904594210468967,S,SSE,0.40365748732119155,0.4676773264626657,0.4464353528416254,0.05608372519900969,1.4982419421084736,-0.40319278502968886,0.31914743899337206,-0.6038828227219238,1.1746090165276848,1.3014294491977232,No,-0.7574696654858862,-1.3497258103199317,0.6948819565863019,No
610,W0611,2019-09-29,Melbourne,-0.6149871717875434,-0.6882260676523084,0.10151407028779945,0.003527935724918602,-0.8952627257204003,SW,0.47768662282384344,NW,SSE,0.5638891453700806,0.142322640815232,0.2874603032096818,-0.083210682004077,-0.05989804285975724,0.32899968588347034,-0.626647161235161,-1.532581406150337,-0.27119880592638557,-0.31331647822524145,No,1.5503442167084631,0.7269316395821528,-0.4142868820182745,No
611,W0612,2016-07-23,Darwin,1.8291294115105385,0.5608220433620551,0.7776577320297238,0.003527935724918602,-0.7378356846404595,NE,0.2649138246007902,NE,NNE,-0.07703748682547573,-0.020354702008484854,1.0823355513693997,2.2847942404483965,-1.2886751041761628,-0.18353504375574667,2.210736639450438,0.7891650524206958,1.5689202408333405,0.7336067054885488,Yes,1.2206565192521275,0.9447084508078393,0.816197298308678,Yes
612,W0613,2019-08-01,Hobart,-2.039118094339182,-0.6708781772215537,0.17664114381467996,0.6867173308760672,-1.4934854818241756,W,-2.5197361024123344e-16,SSW,NNE,1.4451632646389707,2.663821454582843,2.142169215582357,1.5418907353652678,-2.0234077800148524,-1.3428397893682487,1.264942039221905,1.7178636358491088,-1.9235506030167515,-1.537684269348149,Yes,1.5503442167084631,-1.194170945158727,-1.2808250371781,Yes
613,W0614,2016-09-19,Perth,0.5204685637603842,-0.06370201214512697,0.10151407028779945,1.8175135711262447,0.7104930932949963,39,-0.657101634365774,ESE,E,-1.118543264143255,0.3863386550508073,0.02250188715644254,-0.5939568417487282,1.0041975566307575,0.03002109359392478,-0.15374986112089445,-1.0682321144361304,0.6300839924865416,-0.06489402785247786,No,-1.4168450603985576,-0.9919496204491607,1.1108202710630186,No
614,W0615,2015-09-16,Sydney,-0.44178205958531735,0.09242900173166886,-1.1005191061422877,-1.433525619593015,1.1198034001028427,S,0.47768662282384344,NE,NW,0.1633100002478579,0.2236613122270904,-0.030489796054205317,0.009652256131314126,0.5608243901763811,1.1466146117365037,0.7920447391076386,-0.6038828227219238,-0.609179855331233,-0.4552721641525352,No,-0.09809427057321506,-0.13639786206253415,-0.9168790120109733,No
615,W0616,2020-11-06,Newcastle,-0.09537183518086466,-1.10457543799043,-1.7015356943573312,0.12131921075097873,0.0,WNW,-1.1535714968862316,N,ENE,0.08319417122341337,-0.5083867304796353,-0.6133983113713317,0.24180960146979194,1.440162663566221e-14,-0.757085812637713,-1.572441761463694,-0.13953353100771732,-0.5528496804304253,-0.9698615256389743,No,-1.087157362942222,0.5091548283564656,-0.1716561985735233,No
616,W0617,2019-03-05,Cairns,0.9823488629663214,0.7863446189618709,0.026386996760919268,1.7939553161210329,1.2772304411827835,W,-1.0117229647375294,SSE,N,0.003078342198968814,0.4676773264626657,-0.9313484106352189,0.38110400867287864,1.5615809658876703,0.011716281821098573,-0.626647161235161,0.3248157607064892,0.6113072675196053,0.9110513128976657,No,-1.087157362942222,-1.551947135029498,1.3881124807141623,No
617,W0618,2022-07-10,Brisbane,-0.17235188504852086,-0.2371809164526775,-1.1005191061422877,-0.1378215943063535,0.5845514604310434,NE,-0.44432883614272073,ESE,SSW,-1.439006580241033,1.118386697757533,-1.4612652427416974,-0.826114187087206,1.0295331661424418,0.6218766742487313,-1.572441761463694,-1.0682321144361304,0.2921029430816938,0.18352842252028634,No,-0.42778196802955065,1.7069272900977432,-0.2063177247799165,No
618,W0619,2019-03-21,Melbourne,-1.1153574959273085,0.10977689216242355,-1.325900326722929,-1.362850854577379,1.403172074046736,S,0.12306529245208801,SE,NW,-0.7179641190210321,-0.7524027447152106,-1.4082735595310496,-0.12964215107177257,0.8141804852931676,-0.4764120321210076,-0.626647161235161,-0.13953353100771732,-0.9096074548022086,0.3609730299294034,No,-0.7574696654858862,0.8669310182272368,-0.18898696167671974,No
619,W0620,2015-11-07,Adelaide,-0.1338618601146926,-0.6361823963600431,-1.7015356943573312,-0.3969623993636859,1.403172074046736,S,-0.37340457006836963,ENE,N,0.08319417122341337,0.3863386550508073,-0.030489796054205317,0.19537813240209637,1.1815468232124906,1.5371172628901941,0.31914743899337206,-0.13953353100771732,0.010452068577654107,-0.27782755674341814,No,-0.7574696654858862,1.2713736676463696,0.5908973779671233,No
620,W0621,2016-12-27,Cairns,1.0208388879001493,1.4108686744690524,-1.7766627678842117,0.003527935724918602,0.6790076850790082,S,-1.2954200290349338,WNW,ESE,-0.23726914487436485,-1.4844507874219364,0.02250188715644254,-0.2225050892071637,0.4214785378621457,0.03002109359392478,-0.15374986112089445,-1.0682321144361304,1.306046091296237,1.3014294491977232,Yes,-1.4168450603985576,0.18248961151793586,0.6428896672767129,No
621,W0622,2018-05-31,Cairns,0.9438588380324928,0.7343009476696056,0.026386996760919268,1.5583727660689126,0.049299520759244805,NNE,1.0450807514186522,WNW,WNW,-0.9583116060943657,-0.9964187589507859,-0.5604066281606839,-1.4761547540349438,1.4095673088176215,1.341865937313335,-0.15374986112089445,-0.6038828227219238,0.8178512421559013,1.0707514595658714,No,1.5503442167084631,-1.5286139052553176,0.868189587618267,No
622,W0623,2021-03-31,Sydney,-0.21084190998234878,-1.1566191092826947,0.17664114381467996,1.6290475310845485,0.0,NE,2.3217175407569717,ESE,ESE,1.8457424097611934,0.4676773264626657,1.7182357498971739,0.8918501684175298,-0.23724730944150488,-1.7211392326733699,1.264942039221905,2.1822129275633153,-0.4965195055296172,-1.12956167230718,Yes,1.5503442167084631,1.7224827766138635,-0.2409792509863094,Yes
623,W0624,2018-01-09,Cairns,1.40573913723843,1.2200418797307466,1.6791826143522892,-1.2215013245461068,0.99386176723889,NNW,-0.5861773682914229,WSW,S,-0.3975008029232539,0.711693340698241,-0.6663899945819796,-0.40823096547794596,1.3208926755267405,0.9757697018567554,-1.572441761463694,-1.0682321144361304,1.3248228162631726,1.5853408210523106,No,-1.4168450603985576,1.100263315969044,1.058827981753429,No
624,W0625,2016-03-29,Adelaide,-0.6342321842544577,-1.24335856143647,-1.2507732531960485,1.5819310210741244,-0.1396129285366844,E,-2.5197361024123344e-16,ESE,WNW,-0.557732460972143,-0.7524027447152106,-1.249298509899106,-1.4761547540349438,1.4855741373526459,-0.6960697733949498,0.31914743899337206,-0.13953353100771732,-0.759393655066721,-0.8279058397116812,No,0.5612811243394562,1.7147050333558032,-1.0555251168365454,No
625,W0626,2018-01-26,Perth,-0.19159689751543482,-0.28922458774494214,-1.5512815473035702,-1.6926664246503473,0.6160368686470316,NE,0.90323221926995,SE,ESE,-0.7980799480454767,-0.427048059067777,0.6054104024735689,0.05608372519900969,1.4095673088176215,-0.5374280713637708,-1.0995444613494274,-1.0682321144361304,-0.3838591557280014,-0.40203878192979997,No,-1.087157362942222,1.7380382631299842,-0.06767161995434429,No
626,W0627,2021-06-04,Melbourne,-1.500257745265589,-0.09839779300663695,1.378674320244767,0.47469303582915934,1.245745032966795,WNW,0.8323079531955989,SE,NW,0.8042366324434143,0.5490159978745242,0.49942703605227323,0.7061242921467475,-0.553942428337488,1.0855985724937405,-0.15374986112089445,-1.532581406150337,-1.585569553611904,0.34322856918849143,No,-0.42778196802955065,-1.1086157693200644,-1.211501984765314,No
627,W0628,2020-11-24,Sydney,-0.44178205958531735,-1.1566191092826947,0.17664114381467996,-0.32628763434804964,-1.0841751750163295,E,0.8323079531955989,W,WNW,0.323541658296747,-0.427048059067777,0.7643854521055126,0.2882410705374875,-1.9727365609914835,-0.2689574986956069,1.7378393393361715,0.3248157607064892,-0.5152962304965532,-1.0408393686026214,Yes,1.5503442167084631,0.4002664227436224,-0.9862020644237595,Yes
628,W0629,2019-02-26,Perth,-0.1338618601146926,0.4046910294852599,0.17664114381467996,0.21555223077182672,-1.556456298256152,WSW,2.5344903389800253,ENE,S,-0.07703748682547573,2.7451601259947016,0.8173771353161604,1.077576044688312,-0.7692951091867478,-2.0018130131900893,0.7920447391076386,1.7178636358491088,-0.5904031303642971,0.8755623914158425,Yes,0.8909688217957918,-0.08195365925611252,-0.8648867227013837,Yes
629,W0630,2016-01-19,Adelaide,0.020098239620619462,-0.08104990257588165,0.326895290868441,-1.292176089561743,0.0,SW,0.9741564853443011,N,SE,0.24342582927230247,0.142322640815232,-0.24245652889679675,-0.3153680273425548,1.5615809658876703,1.097801780342282,-1.0995444613494274,-1.532581406150337,0.42354001785024553,-0.3310609389661534,Yes,0.5612811243394562,-1.3652812968360524,-0.4836099344310606,No
630,W0631,2020-12-10,Newcastle,-0.7689472715228558,0.33529946776223934,-0.7248837385078853,0.23911048577703908,1.4346574822627245,SSW,-0.7989501665144761,W,SSW,0.8843524614678588,0.711693340698241,-0.34843989531809244,-2.4976470735242464,1.7009268182019202,-0.2811607065441623,0.31914743899337206,-1.0682321144361304,-0.3463057057941292,0.5561620980794317,No,-0.7574696654858862,-0.7975060389976547,-0.32763306650229196,No
631,W0632,2018-02-19,Melbourne,-0.0761268227139507,-0.16778935472965692,1.153293099664126,-0.67966145942623,1.1198034001028427,N,0.5486108888981945,NNE,WNW,0.24342582927230247,-1.6471281302456533,-0.08348147926485318,-0.40823096547794596,-0.19924389517397828,-0.354379953635481,-0.626647161235161,-1.532581406150337,-0.02710138135621772,-0.06489402785247786,No,-0.09809427057321506,-0.5175072817074858,-0.9515405382173663,No
632,W0633,2022-11-03,Darwin,-0.0761268227139507,2.2609153055760496,-0.048740076765961246,0.003527935724918602,-1.178631399664294,NNW,2.463566072905674,WNW,WSW,-0.1571533158499203,1.4437413834049668,1.029343868158752,1.3097333900267898,-2.5681233845159372,-0.4398024085753413,-0.15374986112089445,0.7891650524206958,2.1697754397752917,1.9579744966114565,Yes,1.5503442167084631,-0.9919496204491607,1.2148048496821973,Yes
633,W0634,2020-01-28,Brisbane,0.17405833935593185,1.237389770161502,-0.8751378855616462,-1.0330352845044104,1.7495115644226062,ENE,-2.5197361024123344e-16,WSW,W,-1.1986590931676995,0.4676773264626657,-0.34843989531809244,-1.5225862231026395,0.028776590431123777,1.207630650979267,0.31914743899337206,0.7891650524206958,0.461093467784118,0.39646195141122664,No,0.5612811243394562,0.4158219092597431,-0.5702637499470432,No
634,W0635,2015-01-20,Darwin,1.3095140749038598,2.1741758534222746,-0.8751378855616462,-0.18493810431677757,0.9623763590229019,NNE,-1.0117229647375294,SE,SE,-1.118543264143255,0.9557093549338163,-0.7723733610032752,-1.4297232849672483,1.5109097468643302,-0.5740376949094232,0.7920447391076386,-1.0682321144361304,0.949288316924453,1.691807585497781,No,1.2206565192521275,1.3024846406786106,0.8508588245150709,No
635,W0636,2015-08-02,Hobart,-1.8659129821369558,-2.1627967542664877,0.4020223643953215,-1.0330352845044104,0.4271244193511026,W,0.40676235674949235,NE,ESE,-1.5191224092654776,0.142322640815232,-1.249298509899106,-1.3368603468318572,-0.5032712093141335,-0.6228505263036311,-1.0995444613494274,-1.0682321144361304,-1.641899728512712,-2.016784709352765,No,1.2206565192521275,-0.05862042948193174,-1.5754480099324408,No
636,W0637,2022-01-21,Darwin,1.2902690624369455,1.4802602361920725,-0.12386715029284176,-1.457083874598227,1.5605991151266767,NNW,-0.657101634365774,WSW,WNW,0.7241208034189698,0.9557093549338163,-1.0903234602671625,-0.3617994964102504,-0.45259999029076475,0.9513632861596585,-1.0995444613494274,0.7891650524206958,0.9305115919575175,1.6385742032750452,No,0.5612811243394562,-1.5986135945778597,1.7347277427780925,No
637,W0638,2016-07-13,Darwin,1.2710240499700318,1.393520784038297,-1.5512815473035702,0.07420270074055464,-0.6118940517765069,SW,-0.44432883614272073,WSW,NW,0.323541658296747,-0.7524027447152106,-1.1963068266884582,0.10251519426670525,0.6621668282230899,1.2198338588278086,0.31914743899337206,0.7891650524206958,1.3623762661970444,1.2127071454931646,No,1.5503442167084631,-0.17528657835283537,0.868189587618267,No
638,W0639,2021-11-11,Hobart,-0.7689472715228558,-1.13927121885194,0.6274035849759627,0.07420270074055464,-0.4544670106965661,SSW,-0.08970750577096526,NNW,ESE,0.40365748732119155,0.2236613122270904,-1.1433151434778104,-1.1047030014933794,1.440162663566221e-14,0.26798364664070706,-0.626647161235161,0.3248157607064892,-1.0785979795046325,-0.756927996748034,No,1.2206565192521275,-0.32306370025597986,-0.9862020644237595,No
639,W0640,2017-06-27,Townsville,1.0785739253008915,0.4393868103467699,0.852784805556604,-1.1979430695408948,0.20672656183918567,WSW,0.9741564853443011,NNE,W,-0.3975008029232539,-0.9150800875389276,-0.878356727424571,-0.12964215107177257,0.23146146652455582,0.6462830899458422,-0.15374986112089445,-0.13953353100771732,0.6488607174534778,0.5206731765976085,No,-0.7574696654858862,0.2991557603888395,0.6428896672767129,No
640,W0641,2021-10-04,Melbourne,-1.500257745265589,-0.7055739580830638,0.25176821734156046,-0.32628763434804964,1.3716866658307478,NE,0.12306529245208801,NNE,SE,-0.8781957770699212,-0.7524027447152106,0.39344366963097754,-0.8725456561549015,-0.3385897474882137,0.14595156815518054,-1.0995444613494274,-1.532581406150337,-1.2475885042070565,-1.4489619656435904,No,-1.746532757854893,-0.8286170120298956,-1.211501984765314,No
641,W0642,2016-07-05,Perth,0.6166936260949544,0.9598235232694214,1.378674320244767,0.003527935724918602,-0.4544670106965661,ENE,0.2649138246007902,NNW,N,-1.439006580241033,-0.1830320448322017,-1.1963068266884582,-0.26893655827485924,0.8648517043165219,-0.0004869260274568548,-0.626647161235161,-1.532581406150337,0.254549493147822,0.6271399410430789,Yes,-0.7574696654858862,0.08137894916315266,-0.033010093747951386,No
642,W0643,2021-05-15,Melbourne,-0.8266823089235981,-1.1566191092826947,0.06395053352435937,1.3227902160167924,-0.4544670106965661,NNW,-2.5197361024123344e-16,E,NNE,-0.1571533158499203,1.3624027119931084,2.089177532371709,1.5418907353652678,-0.6299492568725268,-0.20794145945284365,1.7378393393361715,1.7178636358491088,-0.7781703800336569,-1.1650505937890032,Yes,-0.7574696654858862,-1.0697270530297631,-0.4142868820182745,Yes
643,W0644,2016-07-06,Newcastle,0.30877342662433027,0.2138642347469541,-1.1005191061422877,-1.0094770294991986,1.3716866658307478,SE,0.9741564853443011,W,SW,-0.9583116060943657,-1.6471281302456533,0.02250188715644254,-1.569017692170335,-0.3892609665115681,0.4754381800661077,-0.626647161235161,-0.13953353100771732,0.04800551851152593,0.43195087289304995,Yes,-1.746532757854893,0.05026797613091153,-0.36229459270868486,No
644,W0645,2022-04-04,Townsville,0.8861238006317512,0.6996051668080957,-1.7015356943573312,-0.49119541938453387,1.1512888083188308,WNW,-0.5152531022170718,ENE,SW,0.8042366324434143,-0.5897254018914938,-0.9313484106352189,-0.826114187087206,0.9408585328515607,0.5120478036117602,-1.572441761463694,0.3248157607064892,1.099502116659941,0.414206412152138,No,-1.746532757854893,1.5280391951623573,0.9028511138246605,No
645,W0646,2018-08-17,Adelaide,0.000853227153705498,0.4914304816390352,1.4538013937716474,-0.49119541938453387,0.6475222768630202,SSW,-0.8698744325888272,NNE,ENE,0.8843524614678588,0.3049999836389488,-0.13647316247550104,-0.12964215107177257,-0.6932882806517234,0.03002109359392478,-1.572441761463694,-1.0682321144361304,0.12311241837927026,0.4674397943748732,Yes,-1.4168450603985576,0.0036015165825502497,0.5215743255543368,No
646,W0647,2016-05-01,Townsville,1.2132890125692897,0.1965163443161988,-1.7015356943573312,1.1578824309803077,1.0883179918868542,ESE,0.05214102637773692,SW,NE,0.8042366324434143,-1.4031121160100781,-0.6663899945819796,-0.2225050892071637,0.9155229233398764,0.04832590536676486,-0.15374986112089445,-1.532581406150337,1.099502116659941,0.3787174906703147,No,-1.087157362942222,1.061374599678743,1.024166455547036,No
647,W0648,2019-12-08,Darwin,1.1747989876354616,1.098606646715462,-0.8000108120347658,1.5112562560584881,0.6160368686470316,ENE,-0.8698744325888272,NE,SSW,-1.278774922192144,-1.2404347731863612,-0.08348147926485318,-0.036779212936381436,-0.6299492568725268,-0.6838665655463944,-0.626647161235161,-1.532581406150337,0.8178512421559013,1.3014294491977232,No,-1.4168450603985576,-0.04306494296581131,0.5908973779671233,No
648,W0649,2022-01-20,Brisbane,0.5012235512934706,0.2312121251777094,0.10151407028779945,0.6867173308760672,-0.4544670106965661,SSW,-0.018783239696614173,WSW,WNW,0.7241208034189698,-0.9150800875389276,-0.4014315785287403,-0.6403883108164238,-0.40192877126741033,1.5127108471930832,-1.0995444613494274,0.7891650524206958,0.029228793544590355,0.48518425511578517,No,1.5503442167084631,-0.17528657835283537,0.9201818769278567,No
649,W0650,2021-08-31,Hobart,-2.0198730818722677,-0.7055739580830638,-0.7248837385078853,1.4170232360376405,-0.48595241891255414,ENE,0.7613836871212478,S,SSE,-1.1986590931676995,-0.427048059067777,-0.6663899945819796,-1.4761547540349438,1.5615809658876703,1.2320370666763778,-0.626647161235161,0.7891650524206958,-1.3039186791078645,-1.3247507404572088,No,-0.42778196802955065,0.1747118682598755,-2.130032429234729,Yes
650,W0651,2017-05-05,Brisbane,1.1555539751685475,-0.3759640398987174,-0.19899422381972226,-0.9859187744939866,-1.4620000736081877,NNE,2.1798690086082697,WNW,SSE,-0.07703748682547573,-0.427048059067777,1.665244066686526,2.2847942404483965,1.440162663566221e-14,-1.0865724245486403,1.7378393393361715,2.1822129275633153,0.8178512421559013,0.05931719733390393,No,0.5612811243394562,1.3724843300011527,1.3014586651981799,Yes
651,W0652,2019-07-27,Adelaide,-0.46102707205223137,0.4393868103467699,-0.8000108120347658,-0.8916857544731384,0.0,NNW,-0.08970750577096526,SW,E,0.5638891453700806,0.2236613122270904,-0.9313484106352189,0.19537813240209637,-0.3259219427323715,1.3052563137676827,0.7920447391076386,-0.13953353100771732,-0.2899755308933212,0.8223290091931073,Yes,0.8909688217957918,-1.7152797434487632,0.3655974576255685,No
652,W0653,2018-02-17,Melbourne,-0.5380071219198875,-0.5667908346370232,0.25176821734156046,0.0506444457353427,0.5845514604310434,NW,-0.018783239696614173,ENE,N,-1.278774922192144,-1.4844507874219364,-1.620240292373641,-0.036779212936381436,0.2567970760362258,0.3045932701863595,-1.0995444613494274,-1.0682321144361304,-0.6655100302320411,-0.47301662489344715,Yes,-0.42778196802955065,1.61359437100102,-0.6569175654630257,No
653,W0654,2019-06-03,Brisbane,0.866878788164837,1.0292150849924413,-0.19899422381972226,0.09776095574576679,0.017814112543256468,SSE,-0.657101634365774,NNW,NNW,0.08319417122341337,-0.1830320448322017,-0.030489796054205317,-0.4546624345456415,-0.3765931617557403,-0.5984441106065341,0.7920447391076386,-1.0682321144361304,0.5737538175857335,1.123984841788606,No,0.5612811243394562,0.1358231519695743,3.078561957038863e-16,No
654,W0655,2019-04-28,Adelaide,-0.8074372964566837,-0.6361823963600431,1.153293099664126,1.1578824309803077,0.6160368686470316,ENE,-1.437268561183636,S,ENE,-1.278774922192144,-1.5657894588337948,-1.4082735595310496,0.19537813240209637,-0.19924389517397828,1.1588178195850452,-0.626647161235161,-1.0682321144361304,-1.0973747044715685,-0.26008309600250623,No,0.8909688217957918,-0.19084206486895577,-0.1716561985735233,No
655,W0656,2018-05-01,Adelaide,-0.9036623587912539,-1.24335856143647,-0.01117654000252082,-0.32628763434804964,-1.7768541557680693,ESE,-2.5197361024123344e-16,ENE,SE,-0.07703748682547573,1.0370480263456747,1.4002856506332868,1.4490277972298766,-2.1500858275732457,0.03002109359392478,2.210736639450438,2.1822129275633153,-1.0410445295707607,-1.0763282900844449,Yes,-0.09809427057321506,1.1080410592271044,-1.6447710623452267,Yes
656,W0657,2018-01-24,Newcastle,0.05858826455444773,-0.32392036860645274,0.7776577320297238,1.2992319610115803,1.056832583670866,NE,-1.2954200290349338,WNW,WNW,0.40365748732119155,0.142322640815232,-0.878356727424571,-0.9189771252225971,0.5988278044438933,-0.6350537341521865,-1.0995444613494274,-0.6038828227219238,0.16066586831314209,0.07706165807481588,No,-1.4168450603985576,-1.1863932019006667,-0.6222560392566325,No
657,W0658,2016-06-06,Darwin,1.8291294115105385,0.6475614955158304,-0.048740076765961246,-0.04358857428550549,1.2142596247508068,WSW,0.5486108888981945,ESE,E,-0.1571533158499203,0.6303546692863825,-0.2954482121074446,-1.0118400633579883,-0.26258291895317487,-0.12251900451298339,-1.572441761463694,0.3248157607064892,1.3811529911639808,0.9110513128976657,No,-1.087157362942222,1.154707518775466,3.078561957038863e-16,No
658,W0659,2016-07-10,Sydney,-0.7689472715228558,-0.48005138248324797,1.003038952610365,0.003527935724918602,1.6865407479906296,NW,-0.5152531022170718,WSW,SSW,0.1633100002478579,0.2236613122270904,-0.13647316247550104,0.47396694680826973,1.4982419421084736,1.610336509981499,-1.572441761463694,-0.13953353100771732,-1.0034910796368885,-0.9521170648980629,No,0.23159342688312057,-0.13639786206253415,-1.107517406146135,No
659,W0660,2018-06-19,Hobart,-1.0576224585265663,-0.8096613006675937,1.0781660261372452,-1.6691081696451353,-0.013671295672731591,SE,0.12306529245208801,W,NW,0.8042366324434143,1.0370480263456747,-1.0903234602671625,-0.9654085942902927,-0.4145965760232525,1.5737268864358465,-0.626647161235161,0.3248157607064892,-0.759393655066721,-0.8811392219344157,No,0.5612811243394562,0.16693412500181515,-0.8648867227013837,No
660,W0661,2020-10-31,Sydney,-0.11461684764777863,-0.9657923145443895,0.17664114381467996,0.8280668609073397,-0.6118940517765069,S,0.33583809067514125,ENE,W,-0.07703748682547573,2.1757894261116926,0.9233605017374561,2.1919313023130056,-2.048743389526522,-2.3068932094039054,1.264942039221905,1.2535143441349024,-0.4965195055296172,-0.9698615256389743,No,1.5503442167084631,1.6058166277429597,0.05364372176803117,Yes
661,W0662,2021-03-16,Brisbane,0.9246138255655791,0.9945193041309314,-0.19899422381972226,-0.608986694410594,-1.367543848960223,SE,0.33583809067514125,WSW,E,0.24342582927230247,1.1997253691693914,1.1883189177906954,1.7276166116360498,-0.42726438077909473,-0.22014466730139906,1.7378393393361715,0.7891650524206958,1.137055566593813,1.141729302529518,Yes,-1.746532757854893,-0.9919496204491607,0.03631295866483472,Yes
662,W0663,2020-05-06,Canberra,-1.6734628574678154,-0.27187669731418745,1.6040555408254085,0.28622699578746297,1.5605991151266767,SSW,-1.1535714968862316,SW,S,-1.439006580241033,0.06098396940337357,0.1814769367883861,-0.3153680273425548,-0.4145965760232525,1.5127108471930832,-0.15374986112089445,-0.13953353100771732,-2.0549876777853036,0.07706165807481588,No,-0.7574696654858862,1.1391520322593454,-2.182024718544319,No
663,W0664,2021-08-30,Townsville,1.40573913723843,0.8036925093926256,-0.19899422381972226,-1.5748751496242872,-0.42298160248057776,SSW,-0.8698744325888272,S,E,-1.439006580241033,-0.427048059067777,-0.9313484106352189,0.10251519426670525,-0.16124048090646606,1.2198338588278086,-1.572441761463694,0.7891650524206958,1.2684926413623645,0.769095626970372,No,-1.087157362942222,0.25248930084047794,1.3187894283013766,No
664,W0665,2019-08-26,Newcastle,0.03934325208753343,-1.0698796571289195,1.378674320244767,1.4405814910428525,-0.7693210928564478,E,-1.0117229647375294,N,SSW,-1.0384274351188103,-1.7284668016575118,-1.0373317770565145,-0.083210682004077,0.8901873138281919,0.7317055448857024,0.31914743899337206,-0.13953353100771732,-0.10220828122396138,-0.7391835360071227,Yes,-0.7574696654858862,1.1935962350657672,0.19228982659360339,No
665,W0666,2015-04-14,Adelaide,-1.1538475208611365,-0.9310965336828796,0.17664114381467996,1.2992319610115803,1.5920845233426653,ENE,-0.728025900440125,SSW,NW,-0.3975008029232539,0.4676773264626657,-1.0903234602671625,-0.12964215107177257,0.48481756164134227,1.1100049881908374,-0.15374986112089445,0.3248157607064892,-1.1161514294385046,-0.6859501537843874,No,-0.42778196802955065,-0.33861918677210057,-0.9862020644237595,No
666,W0667,2018-10-21,Cairns,0.9246138255655791,1.6190433596381135,1.228420173191006,0.5453678008447952,-2.2176498707919037,SSW,-2.5197361024123344e-16,NE,NNE,0.9644682904923034,-0.020354702008484854,0.7643854521055126,2.0062054260422233,-0.7439594996750778,-2.0262194288871864,2.210736639450438,0.3248157607064892,1.4750366159986605,1.4433851351250169,Yes,-1.746532757854893,1.3880398165172734,1.7173969796748965,Yes
667,W0668,2017-09-02,Darwin,2.0408245486465932,1.2200418797307466,0.7776577320297238,0.003527935724918602,-1.2416022160962703,SW,0.8323079531955989,ESE,WNW,1.6053949226878599,0.142322640815232,0.49942703605227323,1.495459266297572,-2.074078999038207,-1.049962801002974,-0.15374986112089445,-0.13953353100771732,2.13222198984142,1.691807585497781,Yes,-0.7574696654858862,0.4002664227436224,1.4054432438173592,Yes
668,W0669,2016-04-20,Melbourne,-0.6149871717875434,-0.5147471633447579,-1.1005191061422877,-0.16137984931156563,0.0,WSW,-2.5197361024123344e-16,ENE,SE,1.4451632646389707,-0.020354702008484854,0.3404519864203297,0.5203984158759654,-0.16124048090646606,-1.0621660088515295,1.7378393393361715,0.7891650524206958,-0.5716264053973612,-0.6682056930434754,Yes,0.8909688217957918,-0.10528688903029329,-0.4142868820182745,Yes
669,W0670,2018-05-30,Darwin,1.2325340250362034,1.0292150849924413,0.9279118790834844,1.7703970611158208,-0.23406915318464885,NNE,-0.37340457006836963,NE,WNW,-1.3588907512165884,-1.0777574303626443,-0.6133983113713317,-0.9654085942902927,1.440162663566221e-14,-0.08590938096731711,0.7920447391076386,-0.13953353100771732,1.137055566593813,1.1772182240113414,No,-0.09809427057321506,1.061374599678743,3.078561957038863e-16,No
670,W0671,2016-06-03,Brisbane,0.7321637008964389,0.12712478259317883,1.5289284672985282,-0.37340414435847374,0.9308909508069133,NE,-1.3663442951092848,WSW,W,0.8042366324434143,-0.7524027447152106,-1.1963068266884582,-1.1511344705610749,1.5489131611318425,-0.13472221236152496,-0.15374986112089445,-0.13953353100771732,0.42354001785024553,-0.011660645629742629,No,-1.087157362942222,-0.04306494296581131,-0.05034085685114783,No
671,W0672,2019-02-01,Brisbane,-0.03763679778012243,-0.410659820760228,-1.7766627678842117,-1.0801517945148347,0.0,NE,0.90323221926995,NE,S,-0.557732460972143,-0.6710640733033523,-0.2954482121074446,0.05608372519900969,1.5869165753993548,-0.20794145945284365,-0.15374986112089445,-0.6038828227219238,-0.534072955463489,-0.6504612323025641,No,1.2206565192521275,-1.5130584187391969,-0.7262406178758118,No
672,W0673,2018-04-05,Townsville,1.040083900367063,0.7169530572388504,0.4020223643953215,0.003527935724918602,1.0883179918868542,WSW,-0.16063177184531635,NNW,W,-1.118543264143255,0.9557093549338163,-0.7723733610032752,-0.3617994964102504,0.2821326855479102,-0.4398024085753413,-1.572441761463694,0.3248157607064892,1.399929716130917,0.7513511662294607,Yes,0.23159342688312057,-0.19084206486895577,1.266797138991787,No
673,W0674,2020-10-08,Townsville,0.7321637008964389,1.2894334414537678,-0.7248837385078853,-0.9388022644835625,-0.04515670388871993,NE,-0.30248030399401854,SSE,SSE,-1.1986590931676995,-0.8337414161270691,-1.0373317770565145,0.5203984158759654,1.0295331661424418,-0.1591286280586358,-0.626647161235161,0.3248157607064892,0.8554046920897732,0.8578179306749305,Yes,-0.42778196802955065,0.5869322609370681,1.4574355331269488,No
674,W0675,2022-05-18,Brisbane,0.03934325208753343,-0.32392036860645274,1.4538013937716474,-0.9388022644835625,0.23821197005517372,WNW,0.05214102637773692,E,N,-0.4776166319476985,-0.427048059067777,-0.34843989531809244,-1.569017692170335,-0.7312916949192356,-0.6228505263036311,0.7920447391076386,-1.532581406150337,-0.4214126056618732,0.05931719733390393,No,1.5503442167084631,0.8591532749691765,0.2269513527999963,No
675,W0676,2017-07-27,Melbourne,1.1170639502347195,-2.1627967542664877,0.17664114381467996,-1.2450595795513189,0.08078492897523287,N,-1.2954200290349338,NE,NW,-1.3588907512165884,0.2236613122270904,-0.6663899945819796,-1.1511344705610749,0.5101531711530123,1.3784755608589874,-1.572441761463694,-1.532581406150337,-0.21486863102557752,-0.49076108563435844,Yes,-1.4168450603985576,-0.5019517951913655,-0.8475559595981873,No
676,W0677,2019-12-25,Brisbane,0.462733526359642,-0.3586161494679627,1.303547246717887,-0.7032197144314423,0.0,E,0.7613836871212478,ESE,WNW,0.40365748732119155,-1.4031121160100781,0.02250188715644254,0.4275354777405742,-0.6172814521166846,1.4394916001017508,-0.15374986112089445,0.3248157607064892,0.461093467784118,0.006083815111169327,No,1.2206565192521275,-1.2563928912232092,1.1974740865790012,No
677,W0678,2017-02-01,Melbourne,-0.38404702218457515,-0.49739927291400327,1.228420173191006,0.003527935724918602,-0.17109833675267244,SSW,-0.728025900440125,W,WNW,0.8843524614678588,-1.5657894588337948,-0.5604066281606839,-0.5475253726810326,1.0041975566307575,0.536454219308871,-0.626647161235161,-0.13953353100771732,-0.19609190605864127,-0.029405106370654584,No,0.23159342688312057,-1.6686132839004018,0.0016514324584418231,No
678,W0679,2020-01-13,Hobart,-1.8851579946038695,-0.6014866154985332,0.17664114381467996,-0.538311929394958,-1.5879417064721402,SE,2.605414605054376,WSW,WSW,2.086089896834527,1.3624027119931084,2.142169215582357,1.3097333900267898,-0.3512575522440559,-2.4045188721923214,0.7920447391076386,1.7178636358491088,-1.9235506030167515,-0.49076108563435844,Yes,1.2206565192521275,0.5013770850984058,-1.2288327478685106,Yes
679,W0680,2018-08-17,Newcastle,-0.5380071219198875,-0.11574568343739164,-1.175646179669168,-0.1378215943063535,0.0,S,-0.5152531022170718,ESE,NNW,-0.7179641190210321,-1.7284668016575118,0.39344366963097754,-1.4761547540349438,0.6241634139555777,0.7683151684313686,-0.15374986112089445,-1.0682321144361304,-0.6655100302320411,0.20127288326119766,No,-0.09809427057321506,0.3769331929694419,-1.2808250371781,No
680,W0681,2019-08-11,Brisbane,1.0208388879001493,0.6302136050850751,-2.0771710619917334,-0.46763716437932196,0.08078492897523287,NE,-0.018783239696614173,ESE,SE,-1.278774922192144,-1.0777574303626443,-1.5672486091629931,-0.9189771252225971,-0.5032712093141335,-0.488615239969563,0.7920447391076386,0.3248157607064892,1.193385741494621,0.4674397943748732,No,-0.7574696654858862,1.5669279114526586,3.078561957038863e-16,No
681,W0682,2016-07-02,Cairns,1.040083900367063,0.0,1.4538013937716474,-0.1378215943063535,-0.07664211210470799,SE,0.90323221926995,W,NNW,-1.3588907512165884,-0.7524027447152106,0.3404519864203297,-1.3368603468318572,-0.7059560854075512,0.011716281821098573,-0.15374986112089445,-0.6038828227219238,1.6252504157341485,1.0352625380840474,No,0.8909688217957918,-0.9375054176427391,1.2148048496821973,No
682,W0683,2022-11-02,Cairns,0.789898738297181,0.3873431390545046,0.17664114381467996,0.26266874078225105,-0.7063502764244715,NE,0.40676235674949235,SW,ENE,-1.1986590931676995,-1.5657894588337948,-1.3552818763204018,-0.17607362013946812,-0.6172814521166846,0.8537376233712289,-0.15374986112089445,-1.0682321144361304,0.7427443422881577,0.7336067054885488,No,-0.7574696654858862,0.47804385532422483,0.2962744052127827,No
683,W0684,2022-01-31,Newcastle,0.38575347649198616,-0.04635412171437167,0.28933175410500056,1.252115451001156,-0.4544670106965661,W,-2.5197361024123344e-16,NNE,ENE,-0.07703748682547573,1.4437413834049668,0.4464353528416254,0.659692823079052,-1.7573838801422237,-1.0987756323971958,0.31914743899337206,1.2535143441349024,0.3859865679163737,-0.27782755674341814,Yes,-0.7574696654858862,0.26804478735659837,-0.2063177247799165,Yes
684,W0685,2018-07-14,Cairns,1.0593289128339773,1.792522263945664,1.5289284672985282,0.6867173308760672,-0.013671295672731591,NNW,-0.23155603791966745,WNW,S,-0.3975008029232539,-0.427048059067777,0.02250188715644254,0.38110400867287864,1.440162663566221e-14,0.5852670507030788,0.7920447391076386,-0.6038828227219238,1.399929716130917,2.028952339575103,No,1.5503442167084631,-0.12084237554641372,0.9201818769278567,Yes
685,W0686,2021-10-13,Adelaide,-0.0761268227139507,-0.011658340852861694,1.4538013937716474,-0.3027293793428377,1.1512888083188308,SSW,-0.44432883614272073,SSW,SSE,-0.6378482899965876,-1.0777574303626443,-0.8253650442139232,0.33467253960518306,1.7009268182019202,-0.1957382516042882,-0.626647161235161,0.7891650524206958,0.3296563930155656,0.023828275852080652,No,1.2206565192521275,1.6058166277429597,-0.2756407771927023,No
686,W0687,2017-12-31,Melbourne,-0.30706697231691893,-0.6708781772215537,-1.6264086208304507,0.9694163909386119,1.3716866658307478,SE,-0.728025900440125,WNW,W,-0.4776166319476985,0.6303546692863825,0.02250188715644254,-0.6403883108164238,-0.17390828566230826,0.20696760739794381,0.31914743899337206,-0.6038828227219238,-0.19609190605864127,-0.6149723108207402,No,-1.4168450603985576,-0.7897282957395944,0.4695820362447478,No
687,W0688,2021-12-09,Hobart,-1.1153574959273085,-1.2607064518672253,-0.12386715029284176,-0.7738944794470782,0.9308909508069133,ESE,0.47768662282384344,NE,NNE,-1.3588907512165884,-0.10169337342034328,-0.7193816777926274,-0.9189771252225971,1.3968995040617649,-0.5618344870608678,0.7920447391076386,-0.6038828227219238,-1.3226954040748005,-0.8456503004525925,No,0.8909688217957918,0.39248867948556204,-0.11966390926393394,No
688,W0689,2015-08-22,Canberra,-1.5772377951332452,-0.792313410236839,1.7543096878791695,1.1814406859855202,-0.3914961942645897,S,1.0450807514186522,NNE,S,-0.07703748682547573,0.142322640815232,-0.878356727424571,-0.036779212936381436,1.0802043851657819,-0.29336391439271775,0.31914743899337206,-0.13953353100771732,-1.0973747044715685,-0.5262500071161818,No,0.23159342688312057,-0.9297276743846787,3.078561957038863e-16,No
689,W0690,2016-11-23,Darwin,-0.0761268227139507,-0.3412682590372074,-0.048740076765961246,0.8516251159125517,-1.3360584407442349,WSW,2.7472631372030785,N,SE,2.326437383907861,0.8743706835219578,1.7712274331078217,2.2847942404483965,-0.47793559980244915,-0.9401339303660029,0.31914743899337206,0.7891650524206958,1.9069012902381883,1.7982743499432514,Yes,0.5612811243394562,-1.1475044856103656,0.9201818769278567,Yes
690,W0691,2016-12-09,Townsville,0.963103850499407,1.0812587562847067,-0.19899422381972226,-1.409967364587803,-0.7378356846404595,ESE,2.9600359354261316,SE,SW,0.6440049743945252,0.3049999836389488,1.4002856506332868,1.7740480807037455,-0.8199663282101166,-1.513684699247983,0.7920447391076386,0.7891650524206958,0.6488607174534778,1.0175180773431363,Yes,-0.7574696654858862,-1.3341703238038114,1.422774006920556,Yes
691,W0692,2022-05-18,Hobart,-1.7119528824016434,-1.1913148901442052,0.47714943792220166,-1.1979430695408948,1.7809969726385941,SW,0.8323079531955989,W,NNW,-1.0384274351188103,-1.6471281302456533,-0.8253650442139232,-0.083210682004077,-0.13590487139478166,0.03002109359392478,-0.15374986112089445,-0.13953353100771732,-2.0549876777853036,-1.307006279716297,No,-1.746532757854893,-1.3886145266102328,-2.095370903028336,No
692,W0693,2021-06-20,Cairns,1.1555539751685475,1.393520784038297,0.9279118790834844,0.3569017608030992,0.2696973782711618,ENE,-1.3663442951092848,NW,NE,-1.1986590931676995,-0.6710640733033523,-0.4544232617393882,-0.7796827180195104,1.4982419421084736,0.12154515245806968,0.31914743899337206,-1.532581406150337,0.9305115919575175,0.804584548452196,No,-1.4168450603985576,-0.9297276743846787,1.5094278224365385,No
693,W0694,2020-03-25,Melbourne,-0.3648020097176612,-1.1219233284211847,1.0781660261372452,-1.5277586396138632,-0.7063502764244715,WSW,-0.728025900440125,SW,N,-0.7179641190210321,0.7930320121100993,0.7113937688948647,0.7061242921467475,0.7635092662697988,-0.31777033008981476,-0.626647161235161,-0.13953353100771732,-0.609179855331233,-1.1118172115662681,No,-0.42778196802955065,1.0535968564206826,-0.4662791713278642,No
694,W0695,2021-05-16,Townsville,1.2902690624369455,0.8557361806848909,-0.19899422381972226,-0.42052065436889785,-2.0602228297119627,S,2.1798690086082697,NE,E,0.003078342198968814,2.7451601259947016,1.5062690170545825,0.5668298849436608,-1.605370223072146,-1.1231820480942927,1.264942039221905,1.7178636358491088,1.4562598910317244,0.9465402343794891,No,0.23159342688312057,0.36915544971138153,1.1974740865790012,Yes
695,W0696,2018-09-29,Townsville,1.2902690624369455,1.792522263945664,1.303547246717887,-1.1272683045252587,0.6475222768630202,W,1.1160050174930032,W,S,-0.9583116060943657,-1.7284668016575118,0.1814769367883861,-0.083210682004077,0.8141804852931676,1.5615236785872773,-1.0995444613494274,-0.13953353100771732,1.0619486667260691,1.656318664015957,No,0.5612811243394562,1.5980388844848994,0.9028511138246605,No
696,W0697,2021-10-29,Melbourne,-1.0576224585265663,-1.0525317666981648,1.7543096878791695,0.3569017608030992,-0.4544670106965661,SW,-2.5197361024123344e-16,SW,N,2.8071323580545275,2.5824827831709847,0.02250188715644254,1.1704389828237032,-1.187332666129454,-2.5021445349807507,0.7920447391076386,1.7178636358491088,-0.7218402051328489,-0.8279058397116812,Yes,-0.7574696654858862,-1.2952816075135103,-0.32763306650229196,Yes
697,W0698,28/01/2019,Newcastle,0.19330335182284583,0.0,0.28933175410500056,-0.8210109894575024,-0.7693210928564478,NNW,2.605414605054376,SE,W,2.326437383907861,0.8743706835219578,1.8772107995291174,1.8669110188391367,1.440162663566221e-14,-0.9523371382145582,1.7378393393361715,0.7891650524206958,-0.2899755308933212,0.39646195141122664,Yes,1.5503442167084631,-0.0897314025141726,-0.3449638296054884,Yes
698,W0699,2020-12-19,Wollongong,-0.23008692244926277,0.36999524862374933,-0.19899422381972226,0.28622699578746297,-0.7378356846404595,ENE,-2.5197361024123344e-16,E,NE,2.246321554883416,1.118386697757533,1.9302024827397652,0.33467253960518306,-1.8713941229447746,-2.0262194288871864,1.7378393393361715,0.3248157607064892,0.14188914334620584,0.21901734400210962,No,0.23159342688312057,-0.10528688903029329,-0.36229459270868486,Yes
699,W0700,2017-12-19,Darwin,1.1747989876354616,2.347654757729825,-0.42437544440036346,0.003527935724918602,1.3716866658307478,W,0.40676235674949235,NNW,NNW,-0.6378482899965876,0.3049999836389488,-0.6663899945819796,0.05608372519900969,0.9028551185840342,0.21917081524649923,-0.15374986112089445,0.7891650524206958,1.7003573156018923,2.082185721797838,No,0.23159342688312057,-1.6530577973842813,0.6428896672767129,No
700,W0701,2020-05-26,Wollongong,0.25103838922358807,0.09242900173166886,1.003038952610365,-1.2686178345565307,-0.17109833675267244,WNW,-2.5197361024123344e-16,W,NNE,-1.278774922192144,0.06098396940337357,-0.4014315785287403,-0.5475253726810326,0.2821326855479102,1.3296627294647936,-0.626647161235161,-1.0682321144361304,0.49864691771798986,0.14803950103846245,Yes,-1.087157362942222,1.4113730462914538,0.7815357721022845,No
701,W0702,08/05/2016,Adelaide,-0.5380071219198875,-0.9310965336828796,1.228420173191006,0.027086190730130754,-0.10812752032069604,SSE,-1.2954200290349338,SSW,N,-1.3588907512165884,-1.6471281302456533,-0.08348147926485318,0.38110400867287864,-0.6299492568725268,0.4632349722175523,0.31914743899337206,-0.6038828227219238,-0.8720540048683368,-0.6149723108207402,No,0.5612811243394562,0.11248992219539353,-1.176840458558921,No
702,W0703,2018-01-16,Adelaide,-0.7497022590559418,-1.1219233284211847,-1.1005191061422877,1.2992319610115803,-2.595474769383762,SSE,-0.8698744325888272,NNW,SSW,0.5638891453700806,0.6303546692863825,0.49942703605227323,-0.17607362013946812,0.38347512359461905,0.15815477600373595,-0.15374986112089445,-1.0682321144361304,-0.8532772799014009,-1.0940727508253567,No,-1.4168450603985576,0.5480435446467669,-1.1248481692493313,No
703,W0704,2018-02-07,Perth,0.30877342662433027,0.751648838100361,0.25176821734156046,0.0506444457353427,-0.2025837449686608,SW,0.6195351549725456,NE,NNE,0.8042366324434143,0.6303546692863825,-0.8253650442139232,-0.8725456561549015,-0.12323706663895385,1.3784755608589874,0.31914743899337206,-1.532581406150337,0.3296563930155656,0.1657839617793744,No,1.5503442167084631,-0.8830612148363173,-0.3796253558118816,No
704,W0705,2020-11-23,Adelaide,-0.23008692244926277,-1.17396699971345,0.25176821734156046,0.003527935724918602,0.0,NE,-1.2244957629605828,N,ESE,-0.1571533158499203,-0.020354702008484854,0.6054104024735689,0.7525557612144431,0.8141804852931676,-0.03709654957310927,-1.0995444613494274,-0.6038828227219238,-0.5152962304965532,-0.9521170648980629,No,0.23159342688312057,1.699149546839683,-0.1716561985735233,No
705,W0706,2018-11-01,Hobart,-1.1346025083942224,-0.3933119303294727,0.6274035849759627,0.30978525079267494,-0.8322919092884242,ESE,-0.08970750577096526,SSW,S,0.8042366324434143,-0.10169337342034328,-1.0903234602671625,-1.4761547540349438,0.8015126805373254,0.8171279998255765,-0.626647161235161,0.3248157607064892,-0.9283841797691449,-0.49076108563435844,Yes,0.8909688217957918,-0.5330627682236065,-1.1941712216621174,No
706,W0707,2015-10-01,Sydney,-0.8844173463243399,-0.445355601621738,-1.5512815473035702,0.003527935724918602,0.3641536029191265,NW,0.1939895585264391,ESE,SSW,-1.118543264143255,1.118386697757533,-0.9313484106352189,-1.243997408696466,0.7255058520022866,0.03002109359392478,0.31914743899337206,-1.532581406150337,-0.9847143546699526,-0.8811392219344157,No,0.8909688217957918,-0.4708408221591246,-1.1941712216621174,No
707,W0708,2017-07-12,Adelaide,-0.9421523837250821,0.14447267302393413,1.003038952610365,-1.292176089561743,-0.3914961942645897,ENE,-2.5197361024123344e-16,W,ENE,2.326437383907861,2.1757894261116926,2.2481525820036525,1.4490277972298766,-2.4541131417133863,-0.42759920072679974,0.31914743899337206,0.3248157607064892,0.12311241837927026,0.48518425511578517,Yes,0.23159342688312057,1.699149546839683,-1.454132668210065,Yes
708,W0709,2015-07-27,Darwin,1.001593875433235,2.208871634283785,-0.048740076765961246,0.42757652581873506,-1.367543848960223,SSW,1.1160050174930032,WNW,WSW,-0.07703748682547573,-0.427048059067777,1.2413106010013433,1.0311445756206166,-0.19924389517397828,-2.0628290524328525,0.7920447391076386,2.1822129275633153,1.493813340965597,1.6740631247568691,Yes,1.2206565192521275,-1.4663919591908352,0.9028511138246605,Yes
709,W0710,2017-03-21,Townsville,0.7321637008964389,0.7863446189618709,0.25176821734156046,0.12131921075097873,-0.42298160248057776,SW,-1.3663442951092848,NNW,SW,0.1633100002478579,-0.3457093876559185,0.0754935703670904,0.47396694680826973,0.6494990234672477,0.2801868544892625,-0.15374986112089445,0.3248157607064892,0.8741814170567094,0.6626288625249022,Yes,-1.746532757854893,0.6958206665499119,0.12296677418081728,No
710,W0711,2016-06-28,Cairns,1.2710240499700318,0.7343009476696056,0.9279118790834844,1.252115451001156,0.4271244193511026,NE,-0.9407986986631783,SSE,SSE,0.323541658296747,-0.5083867304796353,0.39344366963097754,-0.40823096547794596,1.1435434089449785,1.341865937313335,-1.572441761463694,-1.532581406150337,1.2684926413623645,0.591651019561255,No,-1.746532757854893,-1.4975029322230764,0.4695820362447478,No
711,W0712,2021-07-16,Sydney,-0.8844173463243399,-1.0178359858366548,-0.8000108120347658,1.3699067260272162,0.0,E,-1.508192827257987,ESE,N,0.7241208034189698,-0.7524027447152106,0.6584020856842168,-1.2904288777641617,-0.12323706663895385,0.560860635005968,0.7920447391076386,0.7891650524206958,-0.8908307298352727,-1.2182839760117385,Yes,-0.42778196802955065,1.699149546839683,-1.4021403789004758,No
712,W0713,2020-01-16,Melbourne,-1.2500725831957067,-1.0525317666981648,0.7776577320297238,-1.5984334046294992,1.4976282986947005,S,0.6904594210468967,WNW,W,-0.7179641190210321,0.7930320121100993,0.7113937688948647,0.05608372519900969,0.6621668282230899,-0.5984441106065341,0.31914743899337206,0.7891650524206958,-0.740616930099785,-1.307006279716297,No,-1.087157362942222,1.504705965388177,-1.8007479302739953,No
713,W0714,2018-07-26,Townsville,0.6744286634956966,1.7057828117918887,-0.19899422381972226,-1.6926664246503473,-1.8713103804160338,SE,0.5486108888981945,NNE,W,2.727016529030083,1.0370480263456747,1.4002856506332868,1.3561648590944855,-1.1239936423502574,-1.428262244308109,1.7378393393361715,1.2535143441349024,1.155832291560749,1.0352625380840474,No,1.2206565192521275,1.450261762581755,1.1108202710630186,Yes
714,W0715,2018-08-24,Melbourne,-0.6149871717875434,0.005689549577893605,-1.7766627678842117,1.1814406859855202,-0.07664211210470799,SW,0.05214102637773692,ENE,NE,-1.278774922192144,-0.10169337342034328,0.7643854521055126,-1.1511344705610749,0.45948195212965787,-0.13472221236152496,-0.15374986112089445,0.3248157607064892,-0.02710138135621772,0.13029504029755112,No,-0.09809427057321506,0.47804385532422483,-0.4142868820182745,No
715,W0716,2020-08-27,Wollongong,0.09707828948827565,0.6822572763773403,-0.7248837385078853,-0.3969623993636859,1.403172074046736,WSW,-0.9407986986631783,SW,E,-1.118543264143255,0.6303546692863825,-0.7193816777926274,-0.12964215107177257,1.440162663566221e-14,0.7439087527342578,-0.15374986112089445,0.7891650524206958,0.029228793544590355,0.48518425511578517,No,0.23159342688312057,1.1780407485496465,3.078561957038863e-16,No
716,W0717,2016-01-19,Perth,0.5012235512934706,0.9251277424079115,-1.2507732531960485,1.393464981032428,1.7809969726385941,SSW,0.05214102637773692,WSW,SW,-0.3975008029232539,0.6303546692863825,-1.620240292373641,-0.9189771252225971,1.4602385278409615,-0.7204761890920607,-1.0995444613494274,-0.6038828227219238,0.9117348669905813,1.3724072921613704,No,-0.09809427057321506,-0.06639817273999209,0.12296677418081728,No
717,W0718,2019-04-09,Perth,0.7321637008964389,0.9424756328386661,-0.19899422381972226,0.30978525079267494,0.0,WSW,0.5486108888981945,SSE,S,0.6440049743945252,-0.5083867304796353,-1.3552818763204018,-0.083210682004077,-0.5666102330933301,0.4510317643689969,-0.15374986112089445,-0.13953353100771732,0.4047632928833099,0.5029287158566965,No,0.23159342688312057,0.4624883688081047,1.1454817972694116,No
718,W0719,2022-01-11,Sydney,0.1355683144221036,-0.4280077111909827,0.6274035849759627,-1.339292599572167,-0.8952627257204003,W,0.9741564853443011,SW,SW,0.323541658296747,-0.6710640733033523,-0.08348147926485318,-1.5225862231026395,1.6882590134460636,0.18256119170083296,-0.626647161235161,-0.6038828227219238,0.2733262181147582,-0.10038294933430114,No,-0.09809427057321506,0.6569319502596107,0.2616128790063892,No
719,W0720,2020-08-09,Brisbane,0.6551836510287823,1.3241292223152772,-0.19899422381972226,0.9929746459438238,-1.6823979311201047,N,2.8891116693517804,SSW,NE,-0.07703748682547573,-0.020354702008484854,1.8772107995291174,2.099068364177614,-1.6433736373396726,-0.8669146832746841,0.7920447391076386,1.7178636358491088,0.461093467784118,0.8223290091931073,No,0.23159342688312057,-0.9997273637072209,0.6948819565863019,Yes
720,W0721,2020-10-19,Newcastle,0.17405833935593185,0.5434741529312999,1.303547246717887,-1.5984334046294992,-0.36001078604860165,NNW,-0.5861773682914229,ESE,SSW,0.8843524614678588,-0.6710640733033523,0.49942703605227323,0.6132613540113564,1.3208926755267405,-0.061502965270220124,-0.626647161235161,-0.13953353100771732,-0.06465483129008955,0.8933068521567544,No,-1.087157362942222,1.6758163170655018,-0.2756407771927023,No
721,W0722,2018-08-26,Hobart,-0.845927321390512,-1.7290994934976116,-1.5512815473035702,-0.9623605194887744,0.0,WSW,-0.657101634365774,N,N,-0.8781957770699212,0.7930320121100993,0.0754935703670904,0.6132613540113564,0.1174512237220048,1.2686466902220301,-1.572441761463694,0.3248157607064892,-1.2475885042070565,-1.4489619656435904,No,-0.09809427057321506,1.0769300861948636,-0.2756407771927023,No
722,W0723,2021-02-12,Perth,-0.268576947383091,-0.5841387250677785,-1.6264086208304507,-1.5042003846086511,-0.2025837449686608,WNW,-1.437268561183636,WSW,NW,-1.0384274351188103,0.5490159978745242,0.02250188715644254,-1.243997408696466,0.45948195212965787,-0.5984441106065341,-1.572441761463694,-1.0682321144361304,-0.3650824307610655,-0.3842943211888886,No,0.5612811243394562,0.5947100041951284,-0.32763306650229196,No
723,W0724,2016-11-24,Melbourne,-0.6727222091882856,-1.2607064518672253,-1.7015356943573312,-1.315734344566955,0.11227033719122093,NW,-0.5152531022170718,ENE,NE,-0.3173849738988094,-0.5897254018914938,0.2874603032096818,0.2882410705374875,0.016108785675281574,0.560860635005968,0.31914743899337206,-1.532581406150337,-0.8908307298352727,-1.1118172115662681,No,0.23159342688312057,-0.011953969933570178,-1.1595096954557247,Yes
724,W0725,2022-07-11,Sydney,-0.1531068725816069,-0.18513724516041222,-1.325900326722929,1.3227902160167924,-0.7693210928564478,S,-0.08970750577096526,WNW,ESE,0.6440049743945252,0.7930320121100993,-1.4082735595310496,0.5203984158759654,-0.24991511419734708,1.1466146117365037,-1.0995444613494274,-1.0682321144361304,-0.15853845612476944,0.20127288326119766,No,-0.42778196802955065,0.02693474635673103,-0.9168790120109733,No
725,W0726,2015-08-12,Brisbane,0.44348851389272836,1.0292150849924413,0.10151407028779945,-1.6455499146399233,0.0,SW,-0.728025900440125,N,NW,-1.439006580241033,-1.7284668016575118,-0.6663899945819796,-0.6868197798841194,0.7255058520022866,0.804924791977021,-0.626647161235161,-0.13953353100771732,0.5362003676518616,0.9642846951204009,No,1.5503442167084631,-1.7152797434487632,1.232135612785394,No
726,W0727,2017-11-19,Adelaide,-1.0961124834603941,-0.46270349205249267,-1.0253920326154071,-1.0801517945148347,0.6160368686470316,NNW,-0.5861773682914229,SSE,SW,-0.1571533158499203,-0.7524027447152106,-1.4612652427416974,-0.8725456561549015,0.7381736567581287,-0.7448826047891576,0.7920447391076386,0.3248157607064892,-0.32752898082719334,-1.0053504471207981,No,-1.746532757854893,-1.4897251889650163,3.078561957038863e-16,No
727,W0728,2018-08-10,Hobart,-1.692707869934729,-0.48005138248324797,0.17664114381467996,0.003527935724918602,-1.3045730325282467,W,-2.5197361024123344e-16,SE,ESE,-0.07703748682547573,-0.3457093876559185,1.9831941659504133,1.495459266297572,-2.5554555797600953,-1.7455456483704808,1.7378393393361715,1.2535143441349024,-1.9047738780498156,-1.1650505937890032,Yes,-1.746532757854893,1.0147081401303815,-0.6569175654630257,Yes
728,W0729,2015-02-21,Newcastle,-0.7881922839897697,-0.48005138248324797,0.7776577320297238,-0.7974527344522903,-0.5489232353445306,SW,-0.08970750577096526,NNW,S,0.08319417122341337,-0.1830320448322017,0.0754935703670904,-1.1975659396287706,1.6755912086902358,-0.7692890204862685,0.31914743899337206,-1.532581406150337,-0.759393655066721,-0.22459417452068292,No,0.23159342688312057,0.5013770850984058,3.078561957038863e-16,No
729,W0730,2022-11-14,Perth,0.000853227153705498,-0.32392036860645274,0.17664114381467996,0.07420270074055464,-0.9582335421523768,W,2.1798690086082697,E,SSW,0.5638891453700806,1.6064187262286835,0.02250188715644254,1.6811851425683544,-2.3781063131783475,-0.5374280713637708,0.7920447391076386,0.3248157607064892,0.06678224347846218,-0.3310609389661534,Yes,0.5612811243394562,-0.03528719970775096,-0.06767161995434429,Yes
730,W0731,2019-11-25,Newcastle,0.11632330195518963,-0.5147471633447579,0.47714943792220166,-1.409967364587803,-0.4544670106965661,NE,-0.30248030399401854,WNW,SSW,-0.3975008029232539,0.4676773264626657,-0.6133983113713317,-0.5939568417487282,1.440162663566221e-14,-0.2689574986956069,-1.572441761463694,0.3248157607064892,0.23577276818088572,-0.6327167715616522,No,-0.42778196802955065,0.02693474635673103,-0.15432543547032684,No
731,W0732,2016-12-05,Melbourne,-1.3655426579971908,0.07508111130091356,0.06395053352435937,-1.6219916596347113,0.0,NNW,-2.5197361024123344e-16,W,W,0.8042366324434143,2.5011441117591264,0.9763521849481039,0.9382816374852254,1.440162663566221e-14,0.03002109359392478,1.7378393393361715,-0.13953353100771732,-0.4965195055296172,0.07706165807481588,Yes,-0.7574696654858862,-0.3697301598043414,-1.5581172468292441,Yes
732,W0733,2020-04-27,Darwin,2.194784648381905,1.7751743735149088,0.5522765114490822,0.21555223077182672,-0.7378356846404595,NNW,-1.3663442951092848,WSW,NW,0.8042366324434143,-0.10169337342034328,-1.5142569259523453,-2.4976470735242464,0.8901873138281919,0.10934194460952812,-0.15374986112089445,0.3248157607064892,2.2636590646099717,2.1176746432796616,No,-1.746532757854893,0.02693474635673103,1.596081637952521,No
733,W0734,2020-05-25,Cairns,0.7706537258302668,1.0639108658539513,3.1817240848898978,0.4040182708135231,-1.1471459914483058,SSE,-2.5197361024123344e-16,WNW,SSW,1.1246999485411926,-0.5083867304796353,0.7113937688948647,1.4490277972298766,-2.6567980178068185,-0.40319278502968886,-0.15374986112089445,2.1822129275633153,1.099502116659941,0.6448844017839902,Yes,1.2206565192521275,1.3724843300011527,1.1454817972694116,Yes
734,W0735,2016-07-03,Canberra,-1.384787670464105,-1.1566191092826947,0.17664114381467996,0.4982512908343713,-0.9582335421523768,W,2.6763388711287273,E,NW,2.646900700005639,0.8743706835219578,1.4532773338439346,2.2847942404483965,-1.187332666129454,0.03002109359392478,2.210736639450438,2.1822129275633153,-1.566792828644968,-0.8101613789707692,No,-0.7574696654858862,0.38471093622750224,-1.2981558002812965,Yes
735,W0736,2020-11-03,Brisbane,1.0978189377678051,0.28325579646997406,-0.42437544440036346,1.3227902160167924,-0.2655545614006369,E,-1.0117229647375294,ESE,NE,-1.5191224092654776,-0.8337414161270691,-0.6663899945819796,0.19537813240209637,0.8775195090723642,-0.5008184478181046,-1.572441761463694,0.7891650524206958,0.6300839924865416,0.414206412152138,No,1.5503442167084631,-1.1863932019006667,1.5614201117461275,No
736,W0737,2020-05-15,Townsville,0.462733526359642,0.4220389199160146,1.228420173191006,0.19199397576661478,1.3402012576147597,NE,-0.7989501665144761,NNW,NW,-0.23726914487436485,0.3049999836389488,-0.7193816777926274,-0.826114187087206,0.0034409809194393716,-0.6350537341521865,0.31914743899337206,-0.6038828227219238,0.9680650418913893,0.43195087289304995,No,0.23159342688312057,-1.4663919591908352,-0.1716561985735233,No
737,W0738,2022-10-20,Melbourne,-0.5572521343868015,-1.3474459040210005,0.7776577320297238,0.003527935724918602,-0.9582335421523768,NW,-0.9407986986631783,ENE,S,0.8843524614678588,0.06098396940337357,0.02250188715644254,-1.5225862231026395,-0.45259999029076475,0.03612269751820943,0.31914743899337206,-1.0682321144361304,-0.8157238299675287,-1.1827950545299153,No,1.5503442167084631,-0.8830612148363173,-0.05034085685114783,No
738,W0739,2016-10-13,Newcastle,-0.4995170969860593,0.2659079060392194,0.25176821734156046,0.003527935724918602,0.0,W,-0.23155603791966745,W,NE,-0.3975008029232539,0.711693340698241,-1.620240292373641,-0.3617994964102504,0.5988278044438933,0.7439087527342578,0.7920447391076386,0.3248157607064892,-0.3650824307610655,0.5206731765976085,No,1.5503442167084631,1.6602608305493818,-0.4662791713278642,No
739,W0740,2015-06-04,Wollongong,-0.24933193491617706,0.4220389199160146,1.303547246717887,1.4170232360376405,1.1512888083188308,NNE,0.47768662282384344,WNW,N,0.8042366324434143,0.4676773264626657,-1.4612652427416974,0.05608372519900969,0.7255058520022866,-0.3421767457869256,-0.15374986112089445,-0.6038828227219238,0.3672098429494381,0.07706165807481588,No,0.8909688217957918,0.6724874367757309,0.45225127314155106,No
740,W0741,2019-04-19,Brisbane,0.4242435014258141,1.2894334414537678,-0.19899422381972226,1.3227902160167924,-0.42298160248057776,63,0.6904594210468967,NW,NNW,1.2849316065900815,-0.427048059067777,1.8772107995291174,1.6811851425683544,-2.314767289399151,-0.757085812637713,1.264942039221905,1.2535143441349024,1.1746090165276848,1.7450409677205156,Yes,1.2206565192521275,-1.093060282803944,-0.06767161995434429,Yes
741,W0742,2015-02-12,Melbourne,-0.5572521343868015,-1.6076642604823264,0.10151407028779945,0.003527935724918602,-0.5804086435605186,NNE,-1.2954200290349338,WSW,S,-1.1986590931676995,-1.1590961017745027,0.6054104024735689,-0.17607362013946812,0.7888448757814831,-0.5984441106065341,-0.15374986112089445,-0.13953353100771732,-1.0222678046038247,-1.3779841226799436,No,0.23159342688312057,-1.28750386425545,3.078561957038863e-16,No
742,W0743,2016-12-22,Melbourne,-1.1538475208611365,-1.3474459040210005,0.852784805556604,-1.6691081696451353,1.7495115644226062,WSW,-1.2954200290349338,ENE,NW,-1.278774922192144,-0.1830320448322017,0.12848525357773824,0.47396694680826973,0.978861947119073,-0.24455108299850992,0.7920447391076386,0.7891650524206958,-1.1349281544054406,-1.1473061330480914,Yes,1.2206565192521275,-1.318614837287691,-0.4142868820182745,No
743,W0744,2020-02-14,Adelaide,-1.1153574959273085,-1.0178359858366548,1.0781660261372452,1.7939553161210329,1.6235699315586534,SW,0.47768662282384344,WNW,SSW,-0.3173849738988094,0.5490159978745242,-1.620240292373641,-0.7332512489518149,1.440162663566221e-14,1.1344114038879483,0.31914743899337206,-1.532581406150337,-1.2663652291739922,-1.4489619656435904,No,1.5503442167084631,-0.9919496204491607,-0.5009406975342571,No
744,W0745,2015-01-26,Brisbane,0.09707828948827565,0.1791684538854441,1.6791826143522892,1.393464981032428,-0.07664211210470799,NW,-1.2954200290349338,WNW,NE,0.4837733163456361,0.9557093549338163,0.02250188715644254,-0.3153680273425548,0.24412927128039802,0.9879729097053108,-0.15374986112089445,-0.13953353100771732,0.49864691771798986,0.32548410844757947,No,-1.746532757854893,-0.8752834715782571,-0.6742483285662222,No
745,W0746,2015-07-01,Hobart,-2.0198730818722677,-1.9893178499589372,0.026386996760919268,-0.6325449494158062,0.23821197005517372,E,0.33583809067514125,SE,SW,-0.3975008029232539,-0.5897254018914938,-1.1433151434778104,0.5668298849436608,1.1815468232124906,-0.1957382516042882,-0.626647161235161,-1.532581406150337,-2.1300945776530473,-1.7328733374981775,No,0.8909688217957918,1.2947068974205502,-1.3328173264876895,No
746,W0747,2021-11-03,Melbourne,0.3280184390912439,-2.579146124604609,0.852784805556604,1.2756737060063679,1.6865407479906296,NNW,-0.657101634365774,N,NNW,-1.1986590931676995,-0.1830320448322017,-1.302290193109754,0.5668298849436608,-0.5159390140699613,0.7927215841284656,-0.15374986112089445,-0.6038828227219238,-1.2288117792401205,-1.360239661939032,Yes,1.2206565192521275,0.29137801713077915,3.078561957038863e-16,No
747,W0748,2016-07-15,Brisbane,0.9438588380324928,-0.011658340852861694,1.303547246717887,1.3463484710220042,0.8679201343749372,NNW,0.8323079531955989,WNW,S,-0.4776166319476985,0.7930320121100993,-0.7723733610032752,-1.4297232849672483,-0.22457950468566268,-0.4153959928782443,-0.15374986112089445,-0.13953353100771732,0.9305115919575175,0.414206412152138,No,-0.42778196802955065,1.1858184918077068,0.24428211590319304,No
748,W0749,2016-01-09,Wollongong,0.21254836428976012,-0.7402697389445737,-1.4761544737766898,0.003527935724918602,0.33266819470313846,E,-0.657101634365774,NNE,ENE,0.003078342198968814,-0.2643707162440601,-1.4082735595310496,0.2882410705374875,1.0548687756540973,-0.488615239969563,0.7920447391076386,0.7891650524206958,0.10433569341233401,-0.7214390752662108,Yes,1.5503442167084631,1.4969282221301166,0.20962058969680014,No
749,W0750,2015-09-07,Melbourne,-1.3655426579971908,-1.6423600413438364,1.6040555408254085,-0.42052065436889785,1.4661428904787126,SSW,-0.44432883614272073,W,ESE,-1.118543264143255,0.711693340698241,0.49942703605227323,-1.1511344705610749,1.2195502374800316,-0.6594601498492974,-1.0995444613494274,-1.0682321144361304,-1.1724816043393125,-1.821595641202736,No,0.5612811243394562,0.0036015165825502497,-1.3501480895908862,No
750,W0751,2020-11-04,Adelaide,-0.34555699725074723,-0.029006231283616374,-1.6264086208304507,-1.3864091095825908,0.5530660522150554,SSW,0.6195351549725456,WSW,WNW,-0.07703748682547573,-0.1830320448322017,-0.7723733610032752,0.24180960146979194,-0.5412746235816458,0.1337483603066251,-1.572441761463694,-1.0682321144361304,-0.47774278056268127,0.39646195141122664,No,-0.7574696654858862,0.1358231519695743,-0.015679330644754626,No
751,W0752,2017-01-14,Darwin,1.7906393865767107,1.9486532778224592,1.228420173191006,-1.6455499146399233,-0.6748648682084833,NNE,0.47768662282384344,SE,WSW,-0.3173849738988094,0.6303546692863825,1.8772107995291174,0.7525557612144431,-0.8833053519893133,-1.1475884637914036,0.7920447391076386,0.3248157607064892,1.5876969658002769,1.4611295958659287,Yes,-0.7574696654858862,1.0302636266465022,2.271981398977185,Yes
752,W0753,2016-06-27,Adelaide,-0.9998874211258241,-1.17396699971345,-0.499502517927244,-1.362850854577379,0.4586098275670907,SW,-0.657101634365774,NNW,SE,0.8843524614678588,1.0370480263456747,0.02250188715644254,0.659692823079052,1.5489131611318425,0.9025504547654506,-1.0995444613494274,0.3248157607064892,-0.9659376297030167,-0.774672457488946,No,-1.087157362942222,1.5669279114526586,3.078561957038863e-16,No
753,W0754,2019-02-07,Hobart,-2.0583631068060964,-2.2148404255587533,0.17664114381467996,-0.2084963593219895,-0.5804086435605186,NE,0.12306529245208801,N,NNE,0.7241208034189698,-1.1590961017745027,-0.030489796054205317,0.2882410705374875,-0.09790145712726946,1.341865937313335,0.7920447391076386,0.3248157607064892,-1.9986575028844955,-2.5313740708392043,No,0.23159342688312057,0.7347093828402131,-2.2340170078539083,No
754,W0755,2021-09-05,Sydney,-0.9036623587912539,-0.2371809164526775,-0.8000108120347658,0.8280668609073397,-0.9267481339363887,ENE,-1.3663442951092848,NW,W,0.003078342198968814,-0.3457093876559185,0.7113937688948647,0.2882410705374875,0.9028551185840342,0.3900157251262336,-1.0995444613494274,-0.6038828227219238,-0.4214126056618732,0.006083815111169327,No,-0.7574696654858862,-1.4508364726747152,-0.3103023033990955,No
755,W0756,2022-12-11,Darwin,1.0208388879001493,1.8272180448071733,-1.4010274002498093,1.7468388061106086,1.6235699315586534,W,-1.0117229647375294,SSE,ESE,-1.3588907512165884,-0.020354702008484854,-1.0373317770565145,-0.12964215107177257,0.7761770710256409,0.03002109359392478,-0.626647161235161,-0.6038828227219238,1.4750366159986605,1.2836849884568118,No,0.5612811243394562,-0.556395997997787,1.440104770023752,No
756,W0757,2021-01-08,Canberra,-0.0761268227139507,-0.3759640398987174,0.17664114381467996,-1.1508265595304705,-2.249135279007892,ENE,0.6904594210468967,SSW,SSW,0.6440049743945252,-0.020354702008484854,1.5592607002652303,2.0062054260422233,-0.553942428337488,-1.428262244308109,2.210736639450438,0.7891650524206958,-0.7781703800336569,-0.5617389285980057,Yes,-0.42778196802955065,-0.4086188760946426,-2.1473631923379255,Yes
757,W0758,2016-01-08,Brisbane,0.5397135762272985,0.7169530572388504,-0.19899422381972226,0.003527935724918602,-1.5249708900401637,SW,2.9600359354261316,NNW,ESE,1.204815777565637,-0.020354702008484854,0.7643854521055126,0.7525557612144431,-0.40192877126741033,-0.757085812637713,0.31914743899337206,1.2535143441349024,0.06678224347846218,0.8755623914158425,No,0.5612811243394562,-0.8908389580943775,0.31360516831597884,Yes
758,W0759,2022-11-09,Melbourne,-0.7881922839897697,-0.5494429442062679,-0.9502649590885267,-0.32628763434804964,1.6865407479906296,NNE,-1.2954200290349338,ESE,SE,-1.3588907512165884,-0.1830320448322017,0.7113937688948647,-0.7332512489518149,0.8521838995606797,0.04832590536676486,-1.0995444613494274,-0.13953353100771732,-0.834500554934465,-0.9521170648980629,Yes,-1.746532757854893,1.699149546839683,-0.39695611891507804,No
759,W0760,2017-01-08,Adelaide,-0.9036623587912539,0.4220389199160146,0.6274035849759627,0.7102755858812796,0.0,WSW,0.05214102637773692,WNW,ENE,-0.7980799480454767,0.7930320121100993,0.4464353528416254,-0.7332512489518149,0.054112199942808185,0.15815477600373595,-0.626647161235161,0.3248157607064892,-1.3226954040748005,0.8578179306749305,No,-0.42778196802955065,0.5947100041951284,-0.5875945130502396,No
760,W0761,15/07/2018,Darwin,1.5596992369737424,1.0639108658539513,-0.048740076765961246,-1.1272683045252587,-0.643379459992495,NW,2.7472631372030785,SSE,S,1.6053949226878599,1.5250800548168253,1.0823355513693997,1.5418907353652678,1.440162663566221e-14,-1.3306365815196932,0.31914743899337206,1.2535143441349024,1.0807253916930049,1.5321074388295752,No,0.23159342688312057,1.1702630052915861,1.3187894283013766,Yes
761,W0762,2022-03-01,Newcastle,-0.11461684764777863,-1.0872275475596749,0.17664114381467996,1.4641397460480643,1.056832583670866,SE,-1.508192827257987,SSE,NNW,-0.8781957770699212,-1.0777574303626443,-0.08348147926485318,-1.4297232849672483,-0.6806204758958811,1.0001761175538664,-0.626647161235161,0.7891650524206958,-0.1773151810917057,-0.774672457488946,No,0.8909688217957918,0.2602670440985383,-0.2756407771927023,No
762,W0763,2022-08-16,Brisbane,0.963103850499407,-0.4280077111909827,-0.19899422381972226,-0.46763716437932196,-2.0602228297119627,E,-2.5197361024123344e-16,SW,ENE,0.7241208034189698,2.5824827831709847,0.9233605017374561,1.0311445756206166,-2.1500858275732457,-2.4167220800408766,2.210736639450438,1.2535143441349024,0.7239676173212215,-0.13587187081612442,Yes,0.5612811243394562,-1.419725499642474,1.3187894283013766,Yes
763,W0764,2017-10-26,Brisbane,0.789898738297181,0.4567347007775246,-0.19899422381972226,-0.9388022644835625,-2.123193646143939,S,-2.5197361024123344e-16,NNW,SE,-0.07703748682547573,2.1757894261116926,1.9302024827397652,0.8454186993498343,-1.6180380278279882,-2.538754158526403,0.7920447391076386,1.7178636358491088,0.7427443422881577,0.5739065588203437,Yes,0.8909688217957918,0.2758225306146587,1.596081637952521,Yes
764,W0765,2021-12-20,Brisbane,0.8861238006317512,0.07508111130091356,-1.0253920326154071,-0.42052065436889785,0.0,SSE,-0.7989501665144761,NNW,NNE,-0.4776166319476985,-1.4031121160100781,-1.3552818763204018,-0.5939568417487282,0.20612585701287142,0.8659408312197843,0.7920447391076386,-0.6038828227219238,0.6864141673873496,0.4674397943748732,No,-0.42778196802955065,-1.1163935125781246,1.2494663758885909,No
765,W0766,2020-09-08,Newcastle,0.17405833935593185,0.10977689216242355,0.28933175410500056,-1.433525619593015,-1.367543848960223,SW,0.05214102637773692,SE,W,2.4866690419567496,-0.020354702008484854,1.5062690170545825,1.7740480807037455,-0.6172814521166846,-1.1231820480942927,0.7920447391076386,0.7891650524206958,0.254549493147822,0.27225072622484486,No,0.8909688217957918,-0.9063944446104981,-0.3103023033990955,Yes
766,W0767,2020-12-26,Darwin,1.5596992369737424,2.3129589768683156,-0.048740076765961246,-1.3864091095825908,-0.8322919092884242,NE,0.1939895585264391,W,ENE,0.4837733163456361,-0.10169337342034328,0.23446861999903396,0.9382816374852254,-2.1500858275732457,-1.0377595931544323,1.7378393393361715,0.7891650524206958,1.0807253916930049,2.614519544025189,No,-0.42778196802955065,1.4424840193236947,1.2148048496821973,Yes
767,W0768,2022-02-25,Newcastle,0.000853227153705498,-0.30657247817569744,-1.7766627678842117,-0.7974527344522903,0.7419785015109843,SE,-0.7989501665144761,WNW,NW,0.5638891453700806,-0.5897254018914938,-0.13647316247550104,-1.4297232849672483,-0.4652677950466069,0.03002109359392478,-0.15374986112089445,-1.0682321144361304,0.3296563930155656,-0.31331647822524145,No,0.8909688217957918,0.2758225306146587,0.6082281410703194,No
768,W0769,2020-03-08,Brisbane,0.7706537258302668,1.3414771127460325,0.17664114381467996,-1.362850854577379,0.08078492897523287,NE,-1.2244957629605828,WNW,E,0.5638891453700806,1.118386697757533,0.2874603032096818,0.05608372519900969,-0.7186238901633933,-0.2689574986956069,-0.626647161235161,-0.6038828227219238,0.6488607174534778,1.5498518995704873,No,-1.746532757854893,0.905819734517538,0.34826669452237174,No
769,W0770,2020-01-01,Hobart,-0.845927321390512,-1.13927121885194,-1.1005191061422877,1.5819310210741244,0.0,SSW,-0.16063177184531635,N,NNW,-1.3588907512165884,-0.9964187589507859,-0.507414944950036,-1.4297232849672483,1.440162663566221e-14,0.780518376279924,-0.626647161235161,-0.6038828227219238,-0.7030634801659129,-0.8101613789707692,No,-1.746532757854893,-0.9141721878685583,-0.05034085685114783,No
770,W0771,2019-10-20,Perth,0.3280184390912439,0.9077798519771562,-0.7248837385078853,0.9222998809281875,0.0,N,-0.018783239696614173,NW,SE,0.6440049743945252,0.142322640815232,-0.9313484106352189,-1.1511344705610749,0.3961429283504613,0.7683151684313686,-0.15374986112089445,-0.13953353100771732,0.08555896844539843,0.43195087289304995,Yes,-1.746532757854893,-0.5019517951913655,-0.11966390926393394,No
771,W0772,2017-01-04,Perth,-0.1338618601146926,0.10977689216242355,0.17664114381467996,0.003527935724918602,-0.42298160248057776,ESE,0.5486108888981945,N,E,0.9644682904923034,0.7930320121100993,1.5592607002652303,2.3312257095160924,-1.212668275641124,-1.8431713111588965,1.264942039221905,1.2535143441349024,0.254549493147822,0.5384176373385204,No,-0.42778196802955065,-0.18306432161089572,-0.1716561985735233,Yes
772,W0773,2017-07-11,Newcastle,0.3472634515581582,-0.792313410236839,0.9279118790834844,1.134324175975096,-0.5174378271285425,NE,0.2649138246007902,E,ESE,0.323541658296747,0.3049999836389488,-1.4082735595310496,-1.1047030014933794,1.4095673088176215,1.4394916001017508,-0.626647161235161,-1.532581406150337,0.16066586831314209,-0.40203878192979997,No,0.5612811243394562,-0.8052837822557151,-0.2583100140895058,No
773,W0774,2018-01-21,Brisbane,-0.09537183518086466,-0.2198330260219222,-1.5512815473035702,0.16843572076140284,-0.8952627257204003,S,-1.2954200290349338,SW,ESE,-1.1986590931676995,1.118386697757533,-1.302290193109754,-1.569017692170335,-0.3385897474882137,0.18256119170083296,-1.0995444613494274,0.7891650524206958,0.17944259328007833,0.006083815111169327,Yes,-1.087157362942222,0.7347093828402131,0.27894364210958594,No
774,W0775,2021-03-12,Adelaide,-0.6727222091882856,-0.896400752821369,-0.01117654000252082,1.4641397460480643,-0.4544670106965661,SE,2.6763388711287273,WNW,WNW,-0.07703748682547573,1.4437413834049668,0.49942703605227323,0.38110400867287864,-1.5673668088046337,-0.4398024085753413,2.210736639450438,-0.13953353100771732,-0.740616930099785,-0.8101613789707692,No,1.5503442167084631,-0.29973047048179935,-0.1369946723671304,Yes
775,W0776,2022-07-07,Canberra,-1.0576224585265663,-1.7811431647898768,1.003038952610365,0.07420270074055464,-0.5489232353445306,W,0.33583809067514125,SE,SW,-0.9583116060943657,-1.2404347731863612,-0.2954482121074446,-0.9189771252225971,0.45948195212965787,0.08493552891241726,0.7920447391076386,0.3248157607064892,-1.472909203810288,-1.466706426384502,No,-0.42778196802955065,1.1858184918077068,-1.5407864837260477,No
776,W0777,2020-07-30,Melbourne,-0.5380071219198875,-1.555620589190061,-0.499502517927244,1.252115451001156,-0.8952627257204003,S,-0.728025900440125,W,NNW,-1.118543264143255,0.2236613122270904,0.2874603032096818,0.6132613540113564,0.4721497568855001,1.5493204707387358,0.7920447391076386,0.7891650524206958,-0.8532772799014009,-1.307006279716297,No,-0.09809427057321506,-1.583058108061739,-1.0555251168365454,No
777,W0778,2017-08-23,Hobart,-1.8466679696700414,-1.6770558222053462,-0.19899422381972226,0.027086190730130754,1.3716866658307478,SE,0.9741564853443011,W,ESE,0.1633100002478579,-0.427048059067777,-0.18946484568614888,0.38110400867287864,-0.03456243334807284,-0.08590938096731711,-0.15374986112089445,-1.0682321144361304,-1.60434627857884,-1.608662112311796,No,0.8909688217957918,1.2480404378721885,-1.956724798202764,No
778,W0779,2018-12-30,Brisbane,0.9438588380324928,0.8557361806848909,1.378674320244767,1.252115451001156,0.4586098275670907,SE,-0.728025900440125,ENE,ESE,0.4837733163456361,-0.3457093876559185,-1.302290193109754,0.7525557612144431,1.440162663566221e-14,1.6225397178300405,-0.15374986112089445,0.3248157607064892,1.306046091296237,0.5561620980794317,No,0.23159342688312057,-0.08195365925611252,1.1628125603726083,No
779,W0780,2017-12-26,Melbourne,-1.4040326829310188,-1.1913148901442052,0.17664114381467996,0.003527935724918602,-0.36001078604860165,SW,0.12306529245208801,SW,SSE,0.1633100002478579,-1.2404347731863612,0.5524187192629211,-1.2904288777641617,-0.04723023810391504,1.4150851844046677,-1.0995444613494274,0.3248157607064892,-1.0785979795046325,-0.9521170648980629,No,-1.746532757854893,0.3769331929694419,-1.454132668210065,No
780,W0781,2020-11-29,Perth,0.17405833935593185,0.751648838100361,1.003038952610365,-0.5618701844001699,1.5920845233426653,SW,0.2649138246007902,W,NNW,0.7241208034189698,0.711693340698241,0.49942703605227323,0.7061242921467475,1.3462282850384248,-0.6594601498492974,-1.572441761463694,-0.6038828227219238,0.9305115919575175,0.414206412152138,No,-0.7574696654858862,-0.06639817273999209,0.17495906349040694,No
781,W0782,2020-03-01,Hobart,-1.3462976455302769,-1.590316370051571,0.5522765114490822,-1.5042003846086511,1.2772304411827835,SSE,0.8323079531955989,ESE,WSW,-0.8781957770699212,-1.0777574303626443,-1.1433151434778104,-1.3368603468318572,1.440162663566221e-14,0.21917081524649923,0.31914743899337206,-1.0682321144361304,-1.0785979795046325,-1.7151288767572659,No,-0.09809427057321506,-1.7308352299648837,-2.0433786137187466,No
782,W0783,2017-03-24,Townsville,0.6744286634956966,1.4629123457613182,-0.19899422381972226,0.4040182708135231,0.11227033719122093,WNW,0.33583809067514125,S,NNE,-0.9583116060943657,-0.8337414161270691,0.49942703605227323,-1.4761547540349438,1.0041975566307575,0.8903472469168952,-1.572441761463694,-1.532581406150337,0.461093467784118,1.8692521929068981,No,0.5612811243394562,-1.583058108061739,0.05364372176803117,No
783,W0784,2019-12-23,Sydney,0.1548133268890179,0.5087783720697898,1.003038952610365,-0.46763716437932196,-0.04515670388871993,WSW,0.33583809067514125,WNW,SW,0.003078342198968814,-1.3217734445982197,-1.302290193109754,0.05608372519900969,0.6494990234672477,0.40221893297478906,-0.626647161235161,-0.6038828227219238,0.010452068577654107,0.14803950103846245,No,-1.746532757854893,-0.43972984912688345,0.14029753728401373,No
784,W0785,2020-12-30,Perth,-0.03763679778012243,0.023037440008648286,0.17664114381467996,0.7573920958917035,-1.8083395639840574,NNW,2.250793274682621,ESE,E,0.003078342198968814,2.7451601259947016,1.029343868158752,1.7276166116360498,-0.579278037849158,-2.29469000155535,-0.15374986112089445,1.2535143441349024,0.17944259328007833,-0.4197832426707119,Yes,-1.087157362942222,-1.551947135029498,0.7468742458958916,Yes
785,W0786,2018-04-20,Newcastle,-0.7689472715228558,-0.15044146429890223,1.228420173191006,0.4982512908343713,1.6865407479906296,N,-1.437268561183636,NNW,E,0.8042366324434143,0.9557093549338163,0.02250188715644254,-0.40823096547794596,0.29480049030375244,0.6950959213400499,-1.0995444613494274,0.3248157607064892,0.010452068577654107,-0.8633947611935044,Yes,0.23159342688312057,0.4391551390339236,3.078561957038863e-16,No
786,W0787,2016-08-23,Cairns,0.7129186884295245,1.7057828117918887,0.47714943792220166,0.8516251159125517,-0.5804086435605186,WSW,0.6195351549725456,NE,S,-0.6378482899965876,-1.4844507874219364,-1.0903234602671625,-0.5475253726810326,0.155454637989517,-0.2811607065441623,-1.572441761463694,-0.13953353100771732,0.7990745171889652,1.9047411143887207,No,0.8909688217957918,0.12804540871151396,0.07097448487122793,No
787,W0788,2022-06-09,Darwin,1.3864941247715157,1.1506503180077265,0.10151407028779945,-0.8681274994679263,1.5605991151266767,ENE,-0.018783239696614173,SSW,NNW,-1.439006580241033,1.118386697757533,-0.5604066281606839,-0.12964215107177257,1.440162663566221e-14,-0.5984441106065341,-0.626647161235161,-0.13953353100771732,1.5501435158664043,0.8578179306749305,Yes,-1.746532757854893,-0.9375054176427391,1.3707817176109662,No
788,W0789,2017-02-10,Adelaide,-0.0761268227139507,0.14447267302393413,-0.01117654000252082,0.5218095458395833,-0.4544670106965661,NE,0.40676235674949235,SW,N,2.4065532129323053,-0.020354702008484854,1.7712274331078217,0.8454186993498343,-1.5166955897812793,-0.7204761890920607,-0.15374986112089445,0.7891650524206958,-0.47774278056268127,-0.47301662489344715,No,0.8909688217957918,0.4547106255500443,-0.05034085685114783,Yes
789,W0790,2017-06-08,Darwin,1.7906393865767107,1.5496517979150937,-1.6264086208304507,0.6396008208656434,-0.23406915318464885,E,-0.7989501665144761,NNE,SW,-0.3173849738988094,-0.8337414161270691,-0.507414944950036,-1.4761547540349438,1.2322180422358595,1.207630650979267,0.7920447391076386,0.7891650524206958,1.5876969658002769,1.3014294491977232,No,-0.42778196802955065,1.4891504788720562,1.1974740865790012,No
790,W0791,2017-03-24,Brisbone,-1.5579927826663311,-1.20866278057496,-1.7766627678842117,1.0400911559542476,0.7734639097269724,NW,-1.2954200290349338,S,ENE,-0.3173849738988094,-1.1590961017745027,-1.4082735595310496,-0.8725456561549015,0.7381736567581287,1.3784755608589874,-0.15374986112089445,-1.0682321144361304,-0.9096074548022086,-0.7924169182298573,No,0.5612811243394562,1.7535937496461043,-0.5529329868438467,No
791,W0792,2021-10-02,Perth,0.020098239620619462,0.5434741529312999,1.9796909084598107,0.003527935724918602,-1.8083395639840574,ESE,1.0450807514186522,E,N,2.566784870981194,0.9557093549338163,1.8772107995291174,0.2882410705374875,1.440162663566221e-14,-1.4404654521566644,1.7378393393361715,1.7178636358491088,-0.4589660555957454,0.8578179306749305,No,-0.42778196802955065,0.6491542070015504,-0.3103023033990955,Yes
792,W0793,2015-12-12,Newcastle,0.03934325208753343,-0.3586161494679627,1.6791826143522892,0.8751833709177637,1.7809969726385941,S,-1.2244957629605828,W,ENE,-1.5191224092654776,0.06098396940337357,0.4464353528416254,-0.826114187087206,1.0928721899216385,1.1100049881908374,-0.15374986112089445,-1.0682321144361304,0.2921029430816938,-0.6327167715616522,Yes,-0.09809427057321506,1.574705654710719,-0.3796253558118816,No
793,W0794,2017-02-22,Perth,-0.5187621094529732,0.2138642347469541,-2.002043988464853,-0.538311929394958,1.6550553397746415,N,-0.8698744325888272,WNW,NNW,0.003078342198968814,0.142322640815232,0.5524187192629211,-0.5475253726810326,0.5608243901763811,0.7561119605828132,-1.572441761463694,-1.532581406150337,-0.8532772799014009,0.14803950103846245,No,0.8909688217957918,1.061374599678743,0.17495906349040694,No
794,W0795,2020-12-02,Perth,0.1548133268890179,-0.09839779300663695,0.5522765114490822,-1.6219916596347113,1.1512888083188308,WSW,-0.37340457006836963,NW,E,-0.9583116060943657,-1.7284668016575118,0.2874603032096818,0.5668298849436608,0.6875024377347744,0.4754381800661077,-0.626647161235161,-1.0682321144361304,0.42354001785024553,-0.4197832426707119,No,-0.7574696654858862,-0.19084206486895577,0.6428896672767129,No
795,W0796,2022-01-20,Cairns,1.8868644489112807,1.2200418797307466,1.228420173191006,-1.339292599572167,0.14375574540720926,NE,1.0450807514186522,SE,ESE,-0.6378482899965876,0.4676773264626657,-0.34843989531809244,-0.8725456561549015,1.440162663566221e-14,0.011716281821098573,-0.626647161235161,-0.13953353100771732,1.8693478403043164,1.6385742032750452,No,-1.087157362942222,-0.03528719970775096,1.3534509545077695,No
796,W0797,2016-05-18,Brisbane,0.25103838922358807,1.0465629754231967,-1.0253920326154071,1.4405814910428525,0.33266819470313846,ENE,1.0450807514186522,NNW,WSW,0.7241208034189698,0.2236613122270904,-0.34843989531809244,0.7525557612144431,1.7262624277136045,0.03002109359392478,-1.572441761463694,0.3248157607064892,-0.19609190605864127,0.9997736166022243,Yes,0.23159342688312057,-0.4941740519333054,0.2269513527999963,No
797,W0798,2017-01-14,Adelaide,-0.9229073712581681,-0.2371809164526775,-0.19899422381972226,0.451134780823947,1.2142596247508068,S,-1.0826472308118806,N,SSE,0.7241208034189698,0.7930320121100993,0.4464353528416254,-1.2904288777641617,0.6621668282230899,0.36560930942912273,0.7920447391076386,0.3248157607064892,-1.0222678046038247,-0.06489402785247786,No,0.5612811243394562,0.8280423019369357,-1.072855879939742,No
798,W0799,2015-03-27,Newcastle,-0.7497022590559418,-0.2024851355911669,2.5055804231479737,-1.2215013245461068,-0.5174378271285425,NNE,-2.5197361024123344e-16,NNE,S,0.8843524614678588,1.687757397640542,1.1883189177906954,2.1919313023130056,-0.9719799852801798,-0.6960697733949498,1.7378393393361715,1.2535143441349024,-1.1724816043393125,0.041572736592992605,Yes,-0.7574696654858862,-0.8519502418040763,-0.7435713809790082,Yes
799,W0800,2015-12-01,Wollongong,-0.056881810247036736,-0.28922458774494214,0.7776577320297238,0.003527935724918602,-0.1396129285366844,NNW,-0.30248030399401854,SSE,SSW,-0.07703748682547573,-1.4844507874219364,-0.878356727424571,0.38110400867287864,0.5101531711530123,-0.024893341724553836,0.7920447391076386,-0.13953353100771732,-0.3650824307610655,-0.22459417452068292,No,1.5503442167084631,1.7613714929041646,-0.4662791713278642,No
800,W0801,2021-06-30,Darwin,2.252519685782647,1.1159545371462172,-0.048740076765961246,-0.6325449494158062,1.4976282986947005,WNW,0.6904594210468967,NNE,N,-0.557732460972143,0.2236613122270904,-0.507414944950036,0.19537813240209637,1.6882590134460636,1.183224235282156,0.31914743899337206,-0.13953353100771732,1.7942409404365722,1.3724072921613704,No,0.5612811243394562,-0.5875069710300282,2.7399120027634902,No
801,W0802,2017-06-09,Melbourne,-0.9421523837250821,-0.792313410236839,-0.42437544440036346,-0.608986694410594,1.6550553397746415,E,-0.5152531022170718,SSE,SW,0.8843524614678588,-0.6710640733033523,-1.5142569259523453,0.05608372519900969,-0.4652677950466069,1.4394916001017508,-1.0995444613494274,-0.6038828227219238,-1.3602488540086721,-1.2182839760117385,No,1.2206565192521275,1.1391520322593454,-0.3796253558118816,No
802,W0803,2017-09-23,Brisbane,0.5397135762272985,0.0,0.7025306585028432,1.110765920969884,-0.5489232353445306,WSW,0.33583809067514125,S,NE,-1.5191224092654776,-1.6471281302456533,0.12848525357773824,0.24180960146979194,0.33280390457126463,0.40221893297478906,-0.626647161235161,0.3248157607064892,0.42354001785024553,0.6448844017839902,No,-1.746532757854893,-1.318614837287691,1.2494663758885909,No
803,W0804,2015-03-19,Wollongong,-0.7689472715228558,0.7343009476696056,-0.19899422381972226,-1.1508265595304705,-1.5249708900401637,WNW,-2.5197361024123344e-16,NNW,NW,0.08319417122341337,0.6303546692863825,1.1353272345800476,0.47396694680826973,-1.402685346978714,-2.3068932094039054,0.7920447391076386,1.2535143441349024,-0.609179855331233,0.5561620980794317,No,-0.09809427057321506,0.39248867948556204,3.078561957038863e-16,Yes
804,W0805,2020-05-21,Darwin,2.2140296608488192,1.3067813318845218,1.0781660261372452,-0.8681274994679263,1.2772304411827835,SE,-1.5791170933323382,SSE,WSW,0.5638891453700806,0.4676773264626657,-0.34843989531809244,-0.9654085942902927,1.1055399946774662,0.7927215841284656,-0.15374986112089445,-0.13953353100771732,2.282435789576908,1.2127071454931646,No,0.5612811243394562,-0.3075082137398594,2.5666043717315254,No
805,W0806,2020-01-20,Melbourne,-1.0961124834603941,-1.590316370051571,0.06395053352435937,0.451134780823947,-0.643379459992495,NE,-2.5197361024123344e-16,NNW,NNE,2.727016529030083,1.118386697757533,1.0823355513693997,1.9133424879068321,-0.23724730944150488,-2.3923156643437657,1.264942039221905,2.1822129275633153,-1.0598212545376966,-1.289261818975385,Yes,1.2206565192521275,-1.6841687704165225,-1.5754480099324408,Yes
806,W0807,2019-07-19,Melbourne,-1.2500725831957067,-1.3300980135902452,-1.9269169149379723,0.8751833709177637,0.17524115362319734,WSW,0.5486108888981945,SSE,E,-0.3173849738988094,-0.9150800875389276,-0.4014315785287403,-0.40823096547794596,-0.5159390140699613,0.8659408312197843,0.7920447391076386,-1.532581406150337,-1.6606764534796479,-1.2182839760117385,No,-0.09809427057321506,-1.7230574867068236,-0.8475559595981873,No
807,W0808,2016-07-08,Cairns,1.2517790375031177,0.5781699337928105,-1.2507732531960485,0.9694163909386119,0.4271244193511026,WSW,0.12306529245208801,W,WSW,-1.118543264143255,-0.020354702008484854,-0.08348147926485318,-0.5475253726810326,0.43414634261798785,-0.5008184478181046,-0.15374986112089445,0.7891650524206958,1.3623762661970444,0.6803733232658135,No,-0.09809427057321506,0.011379259840610325,1.8733738476036648,No
808,W0809,2022-07-29,Melbourne,-0.6919672216551996,-0.9657923145443895,0.06395053352435937,0.003527935724918602,-0.6748648682084833,SW,1.2578535496417054,WNW,NNE,-0.1571533158499203,0.06098396940337357,1.8772107995291174,0.984713106552921,-2.01073997525901,-0.24455108299850992,0.31914743899337206,0.3248157607064892,-0.7781703800336569,-1.1650505937890032,No,0.5612811243394562,1.6524830872913214,-0.9688713013205628,Yes
809,W0810,2017-03-19,Sydney,-0.6727222091882856,0.005689549577893605,0.17664114381467996,-1.480642129603439,-1.4934854818241756,SSE,-2.5197361024123344e-16,NNE,S,2.566784870981194,-0.3457093876559185,0.4464353528416254,2.3312257095160924,-2.22609265610827,-0.2567542908470515,-0.15374986112089445,1.2535143441349024,-1.0785979795046325,0.23676180474302094,Yes,0.8909688217957918,0.4858215985822852,-0.22364848788311295,Yes
810,W0811,2022-12-03,Sydney,-0.0761268227139507,-0.49739927291400327,-0.7248837385078853,0.5218095458395833,-0.7693210928564478,NNE,0.9741564853443011,SE,NE,0.8042366324434143,0.4676773264626657,-0.5604066281606839,0.659692823079052,0.20612585701287142,-0.7448826047891576,0.7920447391076386,-0.13953353100771732,-0.3087522558602574,-0.4375277034116232,No,0.5612811243394562,0.20582284129211637,3.078561957038863e-16,No
811,W0812,2020-11-07,Adelaide,-0.0761268227139507,-0.06370201214512697,-0.01117654000252082,-0.04358857428550549,-1.8398249722000455,ENE,-2.5197361024123344e-16,SE,NE,-0.07703748682547573,0.3863386550508073,0.9763521849481039,1.402596328162181,-1.8460585134330902,-2.29469000155535,1.264942039221905,1.7178636358491088,-0.40263588069493733,0.27225072622484486,Yes,0.23159342688312057,0.011379259840610325,-0.7435713809790082,Yes
812,W0813,2015-02-10,Townsville,1.5019641995730002,1.254737660592257,-1.175646179669168,1.6054892760793364,-2.2176498707919037,ESE,-2.5197361024123344e-16,WSW,NNE,-0.07703748682547573,1.118386697757533,2.142169215582357,2.0062054260422233,-0.8579697424776288,-1.965203389644423,0.31914743899337206,2.1822129275633153,1.5313667908994688,1.2836849884568118,Yes,-1.4168450603985576,0.6335987204854296,0.5908973779671233,Yes
813,W0814,2020-05-02,Adelaide,-1.0961124834603941,-0.4280077111909827,-0.01117654000252082,-1.2686178345565307,1.6550553397746415,E,-0.44432883614272073,WNW,SE,0.323541658296747,0.6303546692863825,-1.4082735595310496,-1.243997408696466,1.440162663566221e-14,1.5493204707387358,-0.626647161235161,-1.532581406150337,-0.5716264053973612,-0.2068497137797716,No,-0.7574696654858862,0.9213752210336588,-0.5356022237406499,No
814,W0815,2020-03-29,Townsville,1.3287590873707735,0.9424756328386661,1.7543096878791695,-1.5042003846086511,-0.6118940517765069,WSW,-1.1535714968862316,WNW,ENE,-0.7980799480454767,-0.1830320448322017,-0.24245652889679675,0.33467253960518306,-0.4906034045582913,-0.7082729812435052,-1.0995444613494274,0.7891650524206958,1.5689202408333405,0.804584548452196,No,-0.7574696654858862,0.8358200451949961,0.7988665352054812,No
815,W0816,2017-02-26,Melbourne,-0.8074372964566837,-0.8790528623906143,-0.2741212973466028,0.9222998809281875,0.5845514604310434,S,0.47768662282384344,SW,ESE,0.8843524614678588,0.9557093549338163,0.5524187192629211,0.7525557612144431,0.1301190284778326,0.670689505642939,-1.0995444613494274,-0.13953353100771732,-0.609179855331233,-1.0053504471207981,No,-0.09809427057321506,0.8202645586788754,-0.8475559595981873,No
816,W0817,2021-05-15,Darwin,2.1755396359149914,1.2026939892999926,-0.048740076765961246,-0.09070508429592938,-2.1861644625759156,NNW,-2.5197361024123344e-16,S,NE,1.8457424097611934,-0.020354702008484854,1.029343868158752,1.8669110188391367,-0.7059560854075512,-1.26962054227693,-0.15374986112089445,1.7178636358491088,2.1697754397752917,1.3724072921613704,Yes,-0.09809427057321506,-0.0897314025141726,2.7052504765570973,Yes
817,W0818,2021-12-20,Darwin,1.6174342743744838,1.6190433596381135,0.17664114381467996,-0.5618701844001699,-0.9582335421523768,WNW,0.1939895585264391,NNE,S,0.8042366324434143,-0.9964187589507859,0.39344366963097754,0.47396694680826973,-0.5286068188258035,1.4150851844046677,-0.626647161235161,0.3248157607064892,1.3248228162631726,1.9224855751296326,No,-1.4168450603985576,0.04249023287285146,2.0293507155324337,No
818,W0819,2017-09-28,Darwin,1.9638444987789367,1.237389770161502,0.5522765114490822,-0.6561032044210181,1.245745032966795,NE,0.90323221926995,NNW,WNW,-1.5191224092654776,-0.427048059067777,-1.0373317770565145,-0.036779212936381436,1.713594622957748,-0.4153959928782443,-0.15374986112089445,0.7891650524206958,1.7942409404365722,1.1949626847522532,No,-1.4168450603985576,-0.08195365925611252,1.64807392726211,No
819,W0820,2020-12-07,Sydney,-0.7881922839897697,0.5608220433620551,0.17664114381467996,-0.9152440094783505,-1.9342811968480103,S,2.8181874032774297,W,SE,2.4065532129323053,-0.1830320448322017,2.142169215582357,0.47396694680826973,1.440162663566221e-14,-1.1353852559428481,1.7378393393361715,0.3248157607064892,-0.15853845612476944,-0.4197832426707119,No,-0.09809427057321506,-0.9141721878685583,-1.3848096157972791,Yes
820,W0821,2015-05-10,Townsville,1.713659336709054,0.057733220870158884,3.1817240848898978,-0.06714682929071744,-0.7063502764244715,ESE,0.33583809067514125,E,SSW,0.8042366324434143,0.9557093549338163,2.036185849161061,0.7061242921467475,-2.3781063131783475,-0.2567542908470515,1.7378393393361715,1.7178636358491088,1.306046091296237,0.3609730299294034,Yes,0.8909688217957918,0.14360089522763464,1.0068356924438393,Yes
821,W0822,2021-06-19,Townsville,0.40499848895890045,0.751648838100361,-0.19899422381972226,0.8987416259229756,-0.36001078604860165,NW,-0.44432883614272073,NW,WSW,-0.6378482899965876,-1.0777574303626443,-1.4612652427416974,-1.2904288777641617,1.1435434089449785,-0.51302165566666,0.31914743899337206,-0.13953353100771732,0.7615210672550933,0.6626288625249022,No,1.5503442167084631,0.8824865047433575,-0.3796253558118816,No
822,W0823,2020-10-09,Sydney,-0.865172333857426,-0.13309357386814694,-1.0253920326154071,1.06364941095946,-0.7378356846404595,N,-0.44432883614272073,NE,ENE,-0.6378482899965876,0.7930320121100993,-0.8253650442139232,0.24180960146979194,-0.19924389517397828,1.3174595216162241,-1.0995444613494274,0.3248157607064892,-0.0834315562570258,-0.8279058397116812,No,1.2206565192521275,-0.8675057283201968,-0.6222560392566325,No
823,W0824,2020-04-20,Canberra,-1.423277695397933,0.0,0.17664114381467996,0.5453678008447952,-1.6194271146881285,SE,-2.5197361024123344e-16,E,W,0.8843524614678588,-0.3457093876559185,1.665244066686526,2.1919313023130056,-2.213424851352442,-1.4404654521566644,2.210736639450438,-0.13953353100771732,-1.4353557538764161,-1.7683622589800012,No,1.2206565192521275,0.21360058455017672,-1.991386324409157,Yes
824,W0825,2017-11-13,Brisbane,0.9053688130986649,0.821040399823381,-0.8751378855616462,1.252115451001156,1.3402012576147597,N,0.8323079531955989,N,NW,0.003078342198968814,-0.9964187589507859,-1.1963068266884582,-0.7796827180195104,-0.47793559980244915,1.1344114038879483,-0.626647161235161,0.7891650524206958,1.099502116659941,0.43195087289304995,No,-1.4168450603985576,-0.486396308675245,0.24428211590319304,No
825,W0826,2021-03-27,Cairns,1.2710240499700318,0.4220389199160146,-0.7248837385078853,-1.5277586396138632,0.20672656183918567,ESE,-0.08970750577096526,SSE,ENE,0.003078342198968814,-1.6471281302456533,-0.08348147926485318,-0.501093903613337,0.34547170932710686,0.560860635005968,0.7920447391076386,0.7891650524206958,0.9680650418913893,0.5384176373385204,No,-0.09809427057321506,0.6724874367757309,0.5215743255543368,No
826,W0827,2018-03-18,Hobart,-1.423277695397933,-1.20866278057496,1.6791826143522892,-1.6455499146399233,-0.17109833675267244,SSE,-0.5861773682914229,NNW,NE,0.8843524614678588,-1.0777574303626443,-0.08348147926485318,-0.2225050892071637,0.978861947119073,1.1222081960393928,-1.572441761463694,0.7891650524206958,-1.8296669781820716,-1.5909176515708843,No,1.5503442167084631,1.5824833979687793,-1.3674788526940826,No
827,W0828,2015-08-09,Wollongong,1.9830895112458509,-2.6832334671891394,0.5522765114490822,0.003527935724918602,0.08078492897523287,SE,-0.018783239696614173,NE,S,-0.1571533158499203,-1.2404347731863612,0.12848525357773824,-1.3832918158995526,1.1562112137008351,1.1954274431306977,0.31914743899337206,-1.0682321144361304,-0.045878106323153964,-0.6682056930434754,No,-0.7574696654858862,-1.7152797434487632,-1.003532827526956,No
828,W0829,2015-09-29,Perth,0.5204685637603842,0.14447267302393413,0.17664114381467996,-1.0330352845044104,-0.6748648682084833,WNW,2.463566072905674,W,ESE,-0.1571533158499203,1.5250800548168253,1.029343868158752,2.2847942404483965,-0.5159390140699613,-0.6472569420007419,0.7920447391076386,0.7891650524206958,0.12311241837927026,0.20127288326119766,Yes,-0.42778196802955065,-0.5797292277719679,1.1108202710630186,Yes
829,W0830,2018-01-05,Townsville,0.9438588380324928,1.8098701543764193,-0.19899422381972226,1.5819310210741244,-1.0841751750163295,SSW,1.9670962103852163,E,NNW,2.0059740678100826,-0.5083867304796353,0.9233605017374561,2.0062054260422233,-0.5666102330933301,-1.6845296091277175,1.264942039221905,0.3248157607064892,0.8741814170567094,2.3128637114296904,No,0.8909688217957918,1.325817870452791,1.5267585855397345,Yes
830,W0831,12/05/2017,Wollongong,0.23179337675667375,-1.0004880954058994,-0.048740076765961246,-0.1378215943063535,0.6790076850790082,WSW,0.7613836871212478,NE,NE,-1.118543264143255,-0.8337414161270691,-0.5604066281606839,-0.7796827180195104,-0.7186238901633933,0.07273232106386184,-1.572441761463694,-0.13953353100771732,0.010452068577654107,-0.6504612323025641,Yes,0.5612811243394562,-1.3808367833521729,0.9548434031342496,No
831,W0832,2022-05-28,Brisbane,0.462733526359642,1.4108686744690524,-0.19899422381972226,-0.09070508429592938,-1.6823979311201047,N,2.8181874032774297,E,WSW,2.8071323580545275,2.3384667689354095,2.1951608987930045,-2.4976470735242464,-0.579278037849158,-0.51302165566666,1.264942039221905,-0.13953353100771732,0.949288316924453,0.5206731765976085,Yes,-0.09809427057321506,-0.5875069710300282,1.3014586651981799,Yes
832,W0833,2017-05-30,Adelaide,-1.0191324335927383,-0.09839779300663695,0.6274035849759627,1.5819310210741244,1.4346574822627245,ESE,0.7613836871212478,S,NE,-0.6378482899965876,0.9557093549338163,-0.878356727424571,-0.8725456561549015,1.440162663566221e-14,-0.1957382516042882,-1.572441761463694,-1.532581406150337,-0.6279565802981689,-0.8279058397116812,No,1.2206565192521275,0.8669310182272368,-0.4489484082246674,No
833,W0834,2016-01-18,Brisbane,1.040083900367063,-0.04635412171437167,0.026386996760919268,0.47469303582915934,1.7495115644226062,WNW,-0.08970750577096526,W,NE,-0.9583116060943657,0.7930320121100993,-0.34843989531809244,0.10251519426670525,0.5481565854205389,-0.14692542021008037,0.31914743899337206,-0.6038828227219238,0.7239676173212215,0.23676180474302094,Yes,-1.746532757854893,-0.6886176333848114,1.1108202710630186,No
834,W0835,2015-07-11,Wollongong,-0.5380071219198875,-1.0698796571289195,-0.19899422381972226,-1.1743848145356828,-1.1156605832323176,W,0.2649138246007902,WSW,WSW,0.7241208034189698,-0.020354702008484854,1.029343868158752,1.8669110188391367,-1.377349737467044,-1.7699520640675916,1.7378393393361715,0.7891650524206958,-1.0222678046038247,-1.0408393686026214,Yes,-0.09809427057321506,1.084707829452924,-0.06767161995434429,Yes
835,W0836,2017-09-04,Sydney,-0.5957421593206295,0.6996051668080957,-0.12386715029284176,1.110765920969884,1.025347175454878,S,-1.0826472308118806,ENE,NNW,-0.557732460972143,0.2236613122270904,-0.878356727424571,-1.3832918158995526,-0.3892609665115681,0.6950959213400499,0.7920447391076386,-0.13953353100771732,0.5549770926187979,0.3787174906703147,No,1.2206565192521275,1.450261762581755,-0.604925276153436,No
836,W0837,2022-08-24,Cairns,1.5212092120399137,1.0812587562847067,-1.4761544737766898,-1.409967364587803,-0.6748648682084833,NNW,0.5486108888981945,SE,ESE,-0.8781957770699212,-0.10169337342034328,0.3404519864203297,0.24180960146979194,1.440162663566221e-14,0.5974702585516343,-1.0995444613494274,0.7891650524206958,1.5876969658002769,1.3901517529022815,No,0.8909688217957918,0.7191538963240924,0.5215743255543368,No
837,W0838,2019-11-07,Hobart,-1.2885626081295345,-1.2607064518672253,1.378674320244767,-1.2450595795513189,1.4661428904787126,SSE,-0.5861773682914229,ENE,E,-0.9583116060943657,-1.5657894588337948,-0.878356727424571,-0.7332512489518149,-0.23724730944150488,-0.29336391439271775,-0.626647161235161,-0.13953353100771732,-1.472909203810288,-0.8456503004525925,No,-1.087157362942222,1.3647065867430923,3.078561957038863e-16,No
838,W0839,2019-02-07,Perth,-0.3263119847838329,0.9077798519771562,-1.175646179669168,-0.7267779694366542,0.17524115362319734,SW,0.1939895585264391,NNW,W,0.08319417122341337,0.9557093549338163,-0.2954482121074446,0.009652256131314126,-0.7186238901633933,0.9879729097053108,-0.626647161235161,-1.0682321144361304,-0.10220828122396138,0.11255057955663916,No,-0.09809427057321506,-1.7230574867068236,-0.39695611891507804,No
839,W0840,2018-03-11,Newcastle,-0.9036623587912539,-0.9484444241136343,2.355326276094213,0.8280668609073397,-1.5249708900401637,SSW,1.7543234121621631,SSE,NNW,1.5252790936634153,1.5250800548168253,1.4002856506332868,2.0062054260422233,-0.7439594996750778,-1.53809111494508,0.7920447391076386,1.7178636358491088,-1.379025578975608,-0.8456503004525925,Yes,1.2206565192521275,-1.131948999094245,-1.6101095361388338,Yes
840,W0841,2018-02-27,Adelaide,-0.018391785313208467,-0.15044146429890223,-0.19899422381972226,0.3804600158083112,1.1198034001028427,ENE,0.6904594210468967,SE,SW,-0.8781957770699212,0.6303546692863825,-1.302290193109754,-0.036779212936381436,1.440162663566221e-14,0.1337483603066251,-1.0995444613494274,-1.0682321144361304,-0.0834315562570258,-0.40203878192979997,No,1.5503442167084631,-0.9452831609007993,0.08830524797442438,No
841,W0842,2015-07-23,Canberra,-0.9229073712581681,-0.6882260676523084,1.228420173191006,0.5218095458395833,-0.7063502764244715,E,0.5486108888981945,ESE,SSE,-0.4776166319476985,-1.6471281302456533,-1.1963068266884582,-0.501093903613337,1.7009268182019202,-0.51302165566666,-0.626647161235161,0.3248157607064892,-1.2851419541409281,-1.0940727508253567,No,1.2206565192521275,1.154707518775466,3.078561957038863e-16,No
842,W0843,2021-12-18,Hobart,-1.2115825582618787,-1.7117516030668565,0.7776577320297238,-1.3864091095825908,1.5291137069106886,NE,0.9741564853443011,WSW,E,0.8042366324434143,-1.7284668016575118,0.1814769367883861,-0.40823096547794596,-0.553942428337488,-0.4520056164238967,0.7920447391076386,-1.0682321144361304,-1.0785979795046325,-1.289261818975385,No,-0.42778196802955065,-0.3152859569979198,3.078561957038863e-16,No
843,W0844,2017-09-26,Townsville,1.6559242993083125,0.09242900173166886,-1.6264086208304507,-0.9859187744939866,-0.10812752032069604,WSW,0.1939895585264391,SSW,E,0.003078342198968814,1.0370480263456747,-0.4014315785287403,-1.243997408696466,1.0548687756540973,-0.6838665655463944,-0.626647161235161,-0.13953353100771732,1.343599541230109,0.3609730299294034,Yes,1.5503442167084631,-0.6263956873203295,1.3361201914045733,No
844,W0845,2019-12-15,Cairns,1.0208388879001493,0.6475614955158304,0.026386996760919268,-0.42052065436889785,0.0,NE,-2.5197361024123344e-16,N,SE,-0.3173849738988094,0.711693340698241,0.2874603032096818,0.5203984158759654,-0.3512575522440559,-1.6601231934306067,1.7378393393361715,0.7891650524206958,0.8554046920897732,0.9820291558613129,Yes,1.2206565192521275,-0.7741728092234739,1.2494663758885909,Yes
845,W0846,2021-10-28,Melbourne,-0.34555699725074723,-0.861704971959859,0.10151407028779945,-1.5984334046294992,0.99386176723889,NNW,-1.2244957629605828,NNE,NE,-1.0384274351188103,0.6303546692863825,-1.0903234602671625,-0.083210682004077,1.6122521849110392,1.0123793254024218,-1.572441761463694,-0.6038828227219238,-0.6655100302320411,-0.7214390752662108,No,1.2206565192521275,1.6291498575171408,-0.9688713013205628,No
846,W0847,2022-01-26,Wollongong,0.2702834016905017,-0.3759640398987174,-0.349248370873483,-1.3864091095825908,-0.6118940517765069,NE,-0.37340457006836963,N,ESE,0.8843524614678588,-1.6471281302456533,0.6584020856842168,0.33467253960518306,-0.08523365237142724,1.4638980157988615,-0.15374986112089445,-0.13953353100771732,0.10433569341233401,-0.3488053997070647,No,1.5503442167084631,-0.17528657835283537,0.6948819565863019,No
847,W0848,2019-07-01,Canberra,-0.9229073712581681,-1.9199262882359174,0.6274035849759627,0.9458581359334,-0.9267481339363887,NE,-0.7989501665144761,W,WNW,-0.1571533158499203,-1.4031121160100781,0.02250188715644254,-0.12964215107177257,0.4214785378621457,1.4394916001017508,0.31914743899337206,0.3248157607064892,-1.3602488540086721,-1.7683622589800012,Yes,-0.42778196802955065,0.905819734517538,-0.9688713013205628,No
848,W0849,2020-03-17,Hobart,-1.0383774460596522,-0.30657247817569744,1.378674320244767,0.003527935724918602,0.7419785015109843,SSW,-1.2954200290349338,ENE,SE,0.08319417122341337,-0.8337414161270691,-0.34843989531809244,0.4275354777405742,0.26946488079206804,-0.5008184478181046,-1.572441761463694,0.3248157607064892,-1.0410445295707607,0.13029504029755112,No,0.5612811243394562,1.255818181130249,-0.2409792509863094,No
849,W0850,2016-07-20,Perth,0.09707828948827565,0.9077798519771562,-1.325900326722929,-1.7162246796555594,1.025347175454878,SW,-1.0117229647375294,NNW,WSW,0.8843524614678588,0.6303546692863825,-1.620240292373641,-0.12964215107177257,-0.6172814521166846,0.03002109359392478,-1.572441761463694,-1.532581406150337,0.08555896844539843,1.3369183706795469,No,1.5503442167084631,-1.163059972126486,-0.6222560392566325,No
850,W0851,2015-11-05,Hobart,-0.9421523837250821,-0.7402697389445737,-0.42437544440036346,1.1814406859855202,-0.8008065010724359,W,0.9741564853443011,S,WSW,-0.9583116060943657,0.3049999836389488,-0.878356727424571,-0.3617994964102504,0.1047834189661626,1.1588178195850452,-1.572441761463694,-0.6038828227219238,-1.0973747044715685,-0.9166281434162397,No,0.23159342688312057,0.15137863848569472,-1.454132668210065,No
851,W0852,2018-12-09,Wollongong,-0.9421523837250821,-0.2198330260219222,-1.4761544737766898,-1.6219916596347113,-0.07664211210470799,WNW,0.1939895585264391,ENE,N,-1.5191224092654776,-0.2643707162440601,-0.6133983113713317,0.7525557612144431,0.40881073310630345,1.3906787687075568,0.31914743899337206,-1.0682321144361304,-0.8908307298352727,-0.8811392219344157,No,-0.42778196802955065,-1.4741697024488956,-1.6274402992420303,No
852,W0853,2020-04-26,Wollongong,0.11632330195518963,-0.861704971959859,-1.8517898414110918,-0.67966145942623,1.7809969726385941,ESE,-0.7989501665144761,WNW,W,-0.7179641190210321,-1.2404347731863612,-0.7193816777926274,-1.2904288777641617,0.8775195090723642,0.04832590536676486,-0.15374986112089445,-0.6038828227219238,-0.10220828122396138,-0.7924169182298573,No,-1.4168450603985576,1.4347062760656348,-0.5529329868438467,No
853,W0854,09/09/2018,Townsville,0.6359386385618687,1.1333024275769714,0.7776577320297238,0.003527935724918602,1.6865407479906296,SW,-0.44432883614272073,WNW,S,0.40365748732119155,0.4676773264626657,-0.7193816777926274,0.7525557612144431,1.6882590134460636,0.03002109359392478,-0.15374986112089445,-0.13953353100771732,1.043171941759133,1.5853408210523106,No,0.23159342688312057,1.27915141090443,1.3534509545077695,No
854,W0855,2021-01-10,Darwin,1.5019641995730002,1.5496517979150937,-1.7766627678842117,-0.585428439405382,1.2142596247508068,NW,-1.5791170933323382,NNE,NW,0.24342582927230247,-1.5657894588337948,-0.24245652889679675,-0.9654085942902927,-0.12323706663895385,0.20696760739794381,-0.626647161235161,-0.6038828227219238,1.1182788416268772,1.3014294491977232,Yes,-0.7574696654858862,-0.35417467328822094,1.0068356924438393,No
855,W0856,2017-01-05,Cairns,1.3864941247715157,0.4740825912082799,1.0781660261372452,0.5924843108552195,1.056832583670866,S,-0.8698744325888272,W,SE,-1.439006580241033,-0.1830320448322017,0.4464353528416254,0.4275354777405742,-0.16124048090646606,-0.5252248635152154,-0.15374986112089445,-0.6038828227219238,1.4187064410978525,0.7158622447476374,No,0.5612811243394562,0.5713767744209479,1.7867200320876822,No
856,W0857,2020-01-04,Perth,0.25103838922358807,0.28325579646997406,0.852784805556604,-0.7974527344522903,1.7495115644226062,NW,0.6904594210468967,WSW,NW,0.6440049743945252,-0.6710640733033523,0.1814769367883861,-0.036779212936381436,1.6629234039344079,0.43882855652044145,0.31914743899337206,-1.532581406150337,0.31087966804863004,0.20127288326119766,No,0.8909688217957918,1.7302605198719239,-0.10233314616073717,No
857,W0858,2018-03-14,Newcastle,0.03934325208753343,-1.0698796571289195,-0.9502649590885267,0.003527935724918602,0.7104930932949963,ESE,0.1939895585264391,N,NNW,-0.3173849738988094,-0.9150800875389276,-1.1433151434778104,0.33467253960518306,1.440162663566221e-14,1.6469461335271514,0.7920447391076386,0.7891650524206958,-0.19609190605864127,-0.7036946145252988,No,-0.7574696654858862,-1.3886145266102328,0.7642050089990884,No
858,W0859,2018-05-16,Cairns,1.0785739253008915,0.0,0.6274035849759627,-0.32628763434804964,-0.3285253778326133,NE,-1.508192827257987,ENE,SSW,0.8042366324434143,-0.2643707162440601,0.12848525357773824,0.659692823079052,-0.3892609665115681,0.5242510114603156,0.7920447391076386,-0.6038828227219238,1.249715916395429,1.3369183706795469,No,0.5612811243394562,1.7069272900977432,1.2148048496821973,No
859,W0860,2022-04-13,Sydney,-0.28782195985000497,0.023037440008648286,0.17664114381467996,1.7703970611158208,-1.6194271146881285,NNE,1.4706263478647588,NW,NW,0.8042366324434143,1.0370480263456747,2.2481525820036525,0.4275354777405742,-0.19924389517397828,-0.7204761890920607,1.7378393393361715,1.2535143441349024,-0.609179855331233,0.006083815111169327,Yes,-1.4168450603985576,0.8902642480014179,0.0016514324584418231,Yes
860,W0861,2016-07-31,Sydney,0.289528414157416,-0.9484444241136343,0.17664114381467996,-1.5984334046294992,-1.2416022160962703,NW,0.47768662282384344,NNW,N,-0.07703748682547573,0.8743706835219578,0.2874603032096818,0.7989872302821387,-0.7312916949192356,-1.6235135698849543,0.31914743899337206,-0.13953353100771732,-0.12098500619089761,-0.7214390752662108,Yes,0.23159342688312057,-0.6341734305783895,3.078561957038863e-16,Yes
861,W0862,2021-08-29,Canberra,-1.0383774460596522,-1.8852305073744071,0.25176821734156046,0.23911048577703908,0.4271244193511026,ESE,0.1939895585264391,SSE,WSW,-1.1986590931676995,-0.427048059067777,0.39344366963097754,-1.3368603468318572,0.028776590431123777,0.8537376233712289,-0.15374986112089445,0.7891650524206958,-1.3602488540086721,-1.4489619656435904,No,1.2206565192521275,-1.427503242900534,-0.1369946723671304,No
862,W0863,2017-07-22,Townsville,1.040083900367063,1.167998208438482,-0.19899422381972226,-1.5748751496242872,-1.1471459914483058,SSE,1.612474880013461,SE,NW,0.8042366324434143,-0.3457093876559185,1.665244066686526,1.6347536735006587,-2.213424851352442,0.03002109359392478,2.210736639450438,1.7178636358491088,0.7051908923542852,1.6385742032750452,Yes,-0.7574696654858862,0.6958206665499119,1.1454817972694116,Yes
863,W0864,2015-06-10,Brisbane,0.866878788164837,0.023037440008648286,-1.9269169149379723,0.5453678008447952,-0.48595241891255414,W,-1.3663442951092848,NNE,WNW,-1.118543264143255,-1.2404347731863612,-0.5604066281606839,0.659692823079052,-0.07256584761558504,0.3412028937320258,-0.15374986112089445,-1.0682321144361304,0.5549770926187979,-0.029405106370654584,No,-0.7574696654858862,0.6491542070015504,0.15762830038721048,No
864,W0865,2021-07-10,Brisbane,0.8283887632310091,0.5261262625005452,1.6040555408254085,0.003527935724918602,0.0,S,-0.657101634365774,WNW,NNW,-1.1986590931676995,-0.020354702008484854,-0.13647316247550104,0.659692823079052,1.4855741373526459,1.6591493413757206,0.7920447391076386,-0.13953353100771732,1.1746090165276848,0.34322856918849143,No,-0.42778196802955065,-1.6375023108681608,0.8508588245150709,No
865,W0866,2016-07-15,Newcastle,-0.5764971468537154,-0.11574568343739164,-1.0253920326154071,0.7102755858812796,0.7104930932949963,NE,-0.018783239696614173,ENE,SSW,0.40365748732119155,-0.3457093876559185,0.23446861999903396,-1.1047030014933794,1.1942146279683472,1.097801780342282,0.7920447391076386,-0.6038828227219238,0.04800551851152593,-0.5262500071161818,No,-1.4168450603985576,-1.6297245676101004,-0.3449638296054884,No
866,W0867,2019-06-04,Newcastle,-0.11461684764777863,-1.10457543799043,-1.175646179669168,-1.6926664246503473,0.99386176723889,W,-0.08970750577096526,E,N,-1.0384274351188103,0.5490159978745242,0.02250188715644254,-0.6403883108164238,0.23146146652455582,0.4632349722175523,0.7920447391076386,-1.532581406150337,-0.609179855331233,-0.9166281434162397,No,-1.4168450603985576,0.47804385532422483,0.5908973779671233,No
867,W0868,2015-06-17,Darwin,2.291009710716475,0.7169530572388504,-0.349248370873483,0.003527935724918602,-1.1471459914483058,NNW,2.8181874032774297,W,WNW,-0.07703748682547573,1.118386697757533,1.0823355513693997,1.8669110188391367,-0.9339765710126676,-0.9645403460631137,1.264942039221905,0.3248157607064892,1.9632314651389964,1.1062403810476948,No,-0.42778196802955065,-1.4508364726747152,2.185327583461202,Yes
868,W0869,2021-09-06,Hobart,-0.865172333857426,-2.180144644697243,0.326895290868441,-0.7974527344522903,1.403172074046736,S,-1.5791170933323382,NW,N,-1.5191224092654776,-0.6710640733033523,0.5524187192629211,-1.4297232849672483,0.9281907280957186,-0.08590938096731711,-0.15374986112089445,0.7891650524206958,-1.2851419541409281,-1.8038511804618245,No,-0.09809427057321506,0.8902642480014179,3.078561957038863e-16,No
869,W0870,2017-11-29,Newcastle,-0.24933193491617706,-0.7402697389445737,0.28933175410500056,1.3227902160167924,0.6160368686470316,WNW,0.1939895585264391,NNE,NE,-0.3975008029232539,-1.7284668016575118,0.6584020856842168,-1.569017692170335,-0.553942428337488,-0.061502965270220124,0.31914743899337206,-0.13953353100771732,-0.5528496804304253,-0.6859501537843874,No,-0.42778196802955065,-1.2952816075135103,0.3655974576255685,No
870,W0871,2021-05-15,Darwin,1.8676194364443666,0.6475614955158304,-0.048740076765961246,0.003527935724918602,-1.4934854818241756,S,0.1939895585264391,NE,NW,0.7241208034189698,-0.020354702008484854,1.4532773338439346,0.7061242921467475,-1.0606546185710608,0.03002109359392478,1.7378393393361715,1.7178636358491088,1.399929716130917,0.9820291558613129,Yes,1.2206565192521275,-1.4352809861585945,2.1679968203580056,Yes
871,W0872,2015-03-13,Adelaide,-0.9421523837250821,0.4914304816390352,-1.9269169149379723,1.228557195995944,-0.04515670388871993,S,-0.018783239696614173,SW,SW,-0.8781957770699212,-0.020354702008484854,-1.1433151434778104,0.38110400867287864,0.4214785378621457,-0.51302165566666,-0.15374986112089445,-1.0682321144361304,-1.2100350542731846,-0.5972278500798289,No,-1.4168450603985576,1.5358169384204177,-0.1716561985735233,No
872,W0873,2017-04-25,Adelaide,-0.845927321390512,-0.9310965336828796,-0.8000108120347658,-0.06714682929071744,0.5530660522150554,N,-0.018783239696614173,NW,NNE,-1.3588907512165884,-1.3217734445982197,0.2874603032096818,-0.6868197798841194,0.9408585328515607,0.4998445957632047,-1.0995444613494274,0.3248157607064892,-1.2288117792401205,-0.5439944678570937,No,0.5612811243394562,0.15137863848569472,-0.604925276153436,No
873,W0874,2015-02-18,Darwin,1.1940440001023753,1.376172893607543,-0.8751378855616462,-1.1508265595304705,0.20672656183918567,ENE,0.9741564853443011,NE,E,-1.3588907512165884,-0.2643707162440601,-1.5672486091629931,0.659692823079052,0.34547170932710686,0.36560930942912273,-1.572441761463694,-1.0682321144361304,0.8178512421559013,1.3546628314204583,No,0.23159342688312057,-1.427503242900534,1.0068356924438393,No
874,W0875,2019-01-26,Cairns,0.8861238006317512,1.1853460988692373,1.303547246717887,0.9694163909386119,0.0,NE,0.33583809067514125,ENE,NW,0.8042366324434143,0.711693340698241,2.036185849161061,2.0526368951099188,-2.4541131417133863,-2.453331703586529,1.7378393393361715,1.7178636358491088,0.7239676173212215,1.2659405277158997,Yes,-1.746532757854893,0.8280423019369357,0.38292822072876526,Yes
875,W0876,15/03/2022,Newcastle,-0.21084190998234878,0.3873431390545046,2.1299450555135717,0.23911048577703908,-1.3045730325282467,SE,-2.5197361024123344e-16,WSW,W,-0.07703748682547573,0.9557093549338163,0.9233605017374561,2.0062054260422233,-2.593458994027622,-0.8181018518804763,1.7378393393361715,1.7178636358491088,0.5737538175857335,-0.3488053997070647,Yes,-0.7574696654858862,1.5824833979687793,-0.11966390926393394,Yes
876,W0877,2020-03-13,Canberra,-1.1730925333280504,-0.5667908346370232,1.228420173191006,-1.480642129603439,-0.17109833675267244,WSW,-1.2244957629605828,WSW,NNE,-1.1986590931676995,-0.7524027447152106,-1.0373317770565145,-0.3617994964102504,-0.579278037849158,1.5615236785872773,-0.626647161235161,0.3248157607064892,-0.834500554934465,-0.31331647822524145,No,-1.4168450603985576,-0.050842686223871385,-0.22364848788311295,No
877,W0878,2022-04-09,Townsville,1.3095140749038598,1.2200418797307466,-1.7015356943573312,1.228557195995944,-0.8952627257204003,WNW,0.8323079531955989,ENE,W,-1.5191224092654776,-1.4031121160100781,0.6054104024735689,-0.9654085942902927,-0.5919458426050002,-0.5618344870608678,0.7920447391076386,-0.13953353100771732,0.9305115919575175,0.8933068521567544,No,0.8909688217957918,0.9835971670981405,0.868189587618267,No
878,W0879,2015-11-23,Darwin,2.0408245486465932,2.2609153055760496,1.303547246717887,0.003527935724918602,0.17524115362319734,SE,0.33583809067514125,SSE,E,-1.5191224092654776,-0.6710640733033523,0.5524187192629211,-2.4976470735242464,-0.47793559980244915,0.9635664940082139,-1.0995444613494274,-1.532581406150337,2.057115089973676,1.7450409677205156,No,-1.087157362942222,-1.2486151479651488,1.9426969000164511,No
879,W0880,2017-12-02,Melbourne,-0.23008692244926277,0.0,1.6040555408254085,-0.6325449494158062,1.056832583670866,N,-0.16063177184531635,SSE,S,-0.8781957770699212,0.7930320121100993,-0.9843400938458667,0.38110400867287864,-0.24991511419734708,0.18256119170083296,-1.0995444613494274,0.7891650524206958,0.010452068577654107,-0.6149723108207402,No,0.8909688217957918,-0.9063944446104981,-0.5356022237406499,No
880,W0881,2018-01-19,Canberra,-0.6727222091882856,-1.7117516030668565,0.17664114381467996,-0.11426333930114153,-0.4544670106965661,NW,-2.5197361024123344e-16,SW,SSW,-0.07703748682547573,2.9078374688184185,0.4464353528416254,0.7061242921467475,-1.9347331467239712,-1.5747007384907463,1.264942039221905,2.1822129275633153,-0.740616930099785,-1.4489619656435904,Yes,-0.42778196802955065,-1.061949309771703,-1.211501984765314,Yes
881,W0882,2016-07-22,Canberra,-1.500257745265589,-1.7811431647898768,-1.5512815473035702,-1.2686178345565307,0.0,S,-1.2244957629605828,SW,WNW,0.5638891453700806,0.3863386550508073,-0.9843400938458667,0.38110400867287864,-0.5286068188258035,-0.6228505263036311,-1.572441761463694,0.3248157607064892,-1.3039186791078645,-1.5909176515708843,No,-1.4168450603985576,1.0380413699045625,-0.8648867227013837,No
882,W0883,2022-10-06,Brisbane,0.5589585886942121,1.4108686744690524,-0.6497566649810048,0.8045086059021274,1.5291137069106886,ESE,-0.16063177184531635,SSW,NW,0.08319417122341337,-0.427048059067777,-0.2954482121074446,-0.9654085942902927,1.308224870770884,0.7195023370371608,-1.0995444613494274,-0.6038828227219238,1.137055566593813,1.6740631247568691,Yes,-0.09809427057321506,-1.5986135945778597,-0.1716561985735233,No
883,W0884,2018-02-11,Canberra,-1.5772377951332452,-1.6597079317745915,1.378674320244767,-1.2215013245461068,0.11227033719122093,SE,-2.075586955852796,N,S,0.5638891453700806,-1.0777574303626443,-1.0903234602671625,-1.0582715324256837,-0.6046136473608423,1.0855985724937405,-0.15374986112089445,0.3248157607064892,-1.1724816043393125,-1.999040248611853,Yes,1.5503442167084631,1.3180401271947313,-1.1941712216621174,No
884,W0885,2019-03-05,Sydney,-0.865172333857426,-0.13309357386814694,0.17664114381467996,0.451134780823947,0.30118278648714986,ESE,-0.08970750577096526,ENE,SW,-0.6378482899965876,-1.7284668016575118,0.02250188715644254,-0.26893655827485924,1.118207799433294,0.9635664940082139,-1.572441761463694,-1.532581406150337,-0.6467333052651052,-0.7391835360071227,No,0.8909688217957918,1.5980388844848994,-0.22364848788311295,No
885,W0886,2020-06-22,Adelaide,-0.7112122341221135,-1.1566191092826947,1.7543096878791695,-0.7032197144314423,-0.8952627257204003,SSW,-1.2954200290349338,NW,ESE,0.08319417122341337,0.7930320121100993,-1.1963068266884582,0.7061242921467475,-0.26258291895317487,-0.4153959928782443,-0.15374986112089445,0.7891650524206958,-1.1537048793723765,-1.3779841226799436,No,-0.42778196802955065,1.520261451904297,-1.211501984765314,No
886,W0887,2021-07-16,Townsville,1.2902690624369455,0.1965163443161988,-0.19899422381972226,0.003527935724918602,0.0,E,0.6904594210468967,SW,SSW,-0.7980799480454767,0.4676773264626657,-0.5604066281606839,0.19537813240209637,-0.17390828566230826,0.03002109359392478,-0.626647161235161,-0.13953353100771732,0.8366279671228376,0.27225072622484486,No,-0.7574696654858862,0.8280423019369357,1.8387123213972718,No
887,W0888,2021-06-14,Perth,0.03934325208753343,-0.6014866154985332,0.10151407028779945,0.12131921075097873,0.9623763590229019,WNW,-0.23155603791966745,ESE,NNW,0.003078342198968814,0.7930320121100993,0.02250188715644254,-0.12964215107177257,-0.18657609041815046,-0.17133183590719123,-1.572441761463694,0.7891650524206958,-0.10220828122396138,-0.5972278500798289,No,-0.42778196802955065,0.10471217893733345,0.03631295866483472,No
888,W0889,2018-03-14,Melbourne,-1.3462976455302769,-0.029006231283616374,-0.2741212973466028,0.26266874078225105,0.20672656183918567,WNW,-1.5791170933323382,N,NNW,-0.1571533158499203,0.3863386550508073,-0.7723733610032752,-1.5225862231026395,0.8268482900489954,-0.2811607065441623,-0.15374986112089445,-1.0682321144361304,-0.7218402051328489,-0.1713607922979477,No,0.8909688217957918,-1.4041700131263535,-1.3674788526940826,No
889,W0890,2018-06-01,Melbourne,-0.5764971468537154,-0.46270349205249267,-1.6264086208304507,1.252115451001156,0.33266819470313846,NE,0.2649138246007902,NNW,SE,-0.3975008029232539,-0.9964187589507859,0.12848525357773824,-0.40823096547794596,0.1427868332336748,0.6584862977943975,-1.572441761463694,-0.6038828227219238,-1.0222678046038247,-0.5972278500798289,No,-0.42778196802955065,0.765820355872454,-0.9515405382173663,No
890,W0891,2015-05-08,Cairns,0.8091437507640947,0.9077798519771562,0.7025306585028432,-0.7974527344522903,-0.2655545614006369,S,-0.728025900440125,NW,E,-0.9583116060943657,-0.3457093876559185,-0.5604066281606839,-1.3832918158995526,1.4855741373526459,-0.22014466730139906,0.31914743899337206,-0.13953353100771732,0.9305115919575175,0.6448844017839902,Yes,-1.746532757854893,1.100263315969044,0.38292822072876526,No
891,W0892,2022-11-25,Darwin,2.2332746733157336,1.6016954692073582,-0.9502649590885267,-1.409967364587803,-0.42298160248057776,NNE,0.2649138246007902,NE,NW,-0.8781957770699212,-0.9150800875389276,-0.7193816777926274,-0.501093903613337,-0.4145965760232525,1.476101223647431,-1.0995444613494274,-1.532581406150337,2.0195616400398038,1.5321074388295752,Yes,-1.746532757854893,0.10471217893733345,1.3014586651981799,No
892,W0893,2018-12-15,Darwin,1.3480040998376877,0.7169530572388504,0.6274035849759627,0.003527935724918602,1.6865407479906296,SSE,-1.2244957629605828,WSW,SSE,-0.7980799480454767,-1.1590961017745027,-0.13647316247550104,-0.501093903613337,1.440162663566221e-14,0.3412028937320258,-0.626647161235161,-0.13953353100771732,1.4187064410978525,0.8755623914158425,Yes,0.23159342688312057,-1.1475044856103656,3.078561957038863e-16,No
893,W0894,2015-05-28,Brisbane,1.0785739253008915,0.4220389199160146,-0.2741212973466028,0.9694163909386119,0.3641536029191265,NE,-0.5152531022170718,NE,NW,-1.0384274351188103,0.6303546692863825,0.7113937688948647,-0.036779212936381436,1.440162663566221e-14,0.9757697018567554,-1.0995444613494274,-1.0682321144361304,1.099502116659941,0.44969533363396186,No,0.23159342688312057,0.8124868154208156,0.2616128790063892,No
894,W0895,2021-07-10,Canberra,-1.0576224585265663,-0.7402697389445737,1.378674320244767,-0.06714682929071744,0.017814112543256468,N,0.90323221926995,E,ENE,-0.8781957770699212,-0.7524027447152106,0.49942703605227323,-0.501093903613337,1.440162663566221e-14,0.4754381800661077,0.31914743899337206,-0.13953353100771732,-1.2100350542731846,-0.9343726041571511,Yes,0.23159342688312057,-1.5597248782875583,-0.4836099344310606,No
895,W0896,2018-11-15,Sydney,-0.42253704711840306,-0.6361823963600431,0.17664114381467996,-0.020030319280293342,-0.9267481339363887,ESE,1.9670962103852163,WNW,NNE,1.6053949226878599,-0.020354702008484854,1.4532773338439346,1.402596328162181,-1.5420311992929494,-1.8309681033103549,0.31914743899337206,1.7178636358491088,-0.3463057057941292,-0.5617389285980057,No,1.2206565192521275,0.5247103148725863,3.078561957038863e-16,Yes
896,W0897,2021-06-17,Adelaide,-0.19159689751543482,-1.0178359858366548,0.25176821734156046,-1.1508265595304705,1.245745032966795,NE,-1.508192827257987,NE,NNW,-0.1571533158499203,0.711693340698241,-0.6663899945819796,-1.3368603468318572,1.2575536517475439,0.3778125172776782,0.31914743899337206,-1.0682321144361304,-0.3838591557280014,-0.6327167715616522,No,0.5612811243394562,1.0380413699045625,3.078561957038863e-16,No
897,W0898,2015-03-10,Townsville,1.1940440001023753,0.4393868103467699,-0.19899422381972226,0.4040182708135231,-1.2730876243122584,S,1.3997020817904076,SSW,WNW,0.24342582927230247,-0.5083867304796353,0.7643854521055126,0.33467253960518306,-0.45259999029076475,-0.9523371382145582,1.7378393393361715,0.7891650524206958,0.8178512421559013,0.3609730299294034,Yes,0.5612811243394562,0.8358200451949961,1.093489507959822,Yes
898,W0899,2020-01-24,Adelaide,-0.0761268227139507,0.04038533043940359,-1.8517898414110918,0.07420270074055464,1.5291137069106886,NNE,-0.018783239696614173,E,NW,0.323541658296747,-1.2404347731863612,-0.878356727424571,-0.7332512489518149,-0.00922682383638843,1.3052563137676827,0.7920447391076386,-0.13953353100771732,0.4047632928833099,0.43195087289304995,No,0.5612811243394562,-0.8519502418040763,0.5735666148639265,No
899,W0900,2017-10-06,Brisbane,0.7706537258302668,0.4567347007775246,-1.8517898414110918,1.5348145110637006,1.5291137069106886,NE,-0.16063177184531635,WSW,W,0.8042366324434143,0.711693340698241,2.5661026812675396,-0.6403883108164238,-0.21191169992982048,0.43882855652044145,-0.15374986112089445,0.7891650524206958,1.005618491825261,0.6626288625249022,No,-0.7574696654858862,-0.6263956873203295,1.0068356924438393,No
900,W0901,2015-03-17,Townsville,0.8476337756979226,1.1159545371462172,-0.19899422381972226,0.027086190730130754,-1.8398249722000455,SSW,2.605414605054376,W,SSW,1.044584119516748,-0.020354702008484854,0.7113937688948647,1.820479549771441,-1.8967297324564591,-0.8669146832746841,1.264942039221905,1.7178636358491088,0.9305115919575175,0.5561620980794317,Yes,-1.4168450603985576,0.20582284129211637,1.2148048496821973,Yes
901,W0902,2015-10-18,Sydney,-0.1531068725816069,-0.3412682590372074,-0.8751378855616462,-0.44407890937410976,0.4271244193511026,SW,0.6904594210468967,N,ESE,-0.6378482899965876,0.3863386550508073,0.49942703605227323,-1.4297232849672483,-0.6172814521166846,0.03002109359392478,-1.0995444613494274,-1.0682321144361304,-0.045878106323153964,-0.24233863526159488,No,1.5503442167084631,-0.6808398901267511,-0.4489484082246674,No
902,W0903,2021-09-25,Darwin,1.540454224506828,0.5781699337928105,-0.2741212973466028,-1.6219916596347113,-0.5174378271285425,WNW,0.12306529245208801,ENE,S,-0.7980799480454767,-0.8337414161270691,-1.302290193109754,0.33467253960518306,0.1174512237220048,-0.03709654957310927,0.31914743899337206,-0.13953353100771732,1.4750366159986605,0.7336067054885488,No,-0.42778196802955065,1.3335956137108513,1.5614201117461275,No
903,W0904,2018-01-30,Melbourne,-1.2693175956626206,-0.410659820760228,-1.5512815473035702,-0.8681274994679263,-0.1396129285366844,WNW,-0.16063177184531635,SSW,ENE,-0.4776166319476985,-1.0777574303626443,-1.5142569259523453,-0.036779212936381436,0.9028551185840342,0.03002109359392478,-1.572441761463694,-1.0682321144361304,-1.379025578975608,-0.4552721641525352,No,-1.087157362942222,-0.19084206486895577,-1.2981558002812965,No
904,W0905,2020-03-10,Wollongong,-0.7112122341221135,0.1791684538854441,0.9279118790834844,-0.9623605194887744,-0.5174378271285425,SE,-1.5791170933323382,NNE,ESE,-1.3588907512165884,0.7930320121100993,-1.302290193109754,-0.9654085942902927,0.4468141473738157,0.8415344155226874,0.7920447391076386,-1.0682321144361304,0.16066586831314209,-0.6682056930434754,Yes,-0.42778196802955065,0.2369338143243575,-0.6222560392566325,No
905,W0906,2016-12-02,Perth,-0.03763679778012243,0.28325579646997406,0.17664114381467996,-1.339292599572167,-0.643379459992495,SSE,-2.5197361024123344e-16,S,NNE,0.323541658296747,0.2236613122270904,1.9831941659504133,1.495459266297572,-2.086746803794049,-0.9645403460631137,2.210736639450438,0.3248157607064892,0.6113072675196053,-0.2068497137797716,No,0.23159342688312057,0.47804385532422483,0.7988665352054812,Yes
906,W0907,2016-06-30,Canberra,-0.6727222091882856,-0.9484444241136343,-0.349248370873483,0.6396008208656434,1.4976282986947005,WNW,0.33583809067514125,NW,SE,-0.557732460972143,0.9557093549338163,-1.1433151434778104,-0.826114187087206,-0.00922682383638843,-0.7448826047891576,-1.0995444613494274,0.3248157607064892,-1.0222678046038247,-0.8456503004525925,No,1.5503442167084631,1.1158188024851647,-1.038194353733349,No
907,W0908,2022-09-28,Newcastle,-0.46102707205223137,-0.9831402049751442,-0.42437544440036346,-0.020030319280293342,1.2142596247508068,SSW,-0.08970750577096526,SSE,NE,-0.7980799480454767,-0.6710640733033523,-0.24245652889679675,0.14894666333440082,-0.3639253569998981,0.15815477600373595,-1.572441761463694,-1.0682321144361304,-0.4589660555957454,-0.7924169182298573,Yes,-0.7574696654858862,0.9369307075497789,0.45225127314155106,No
908,W0909,2021-05-22,Cairns,1.4442291621722578,1.3588250031767877,-0.499502517927244,-0.8916857544731384,-0.013671295672731591,N,0.8323079531955989,ENE,SSE,0.08319417122341337,-0.3457093876559185,0.5524187192629211,0.2882410705374875,1.1308756041891506,0.9269568704625476,-1.0995444613494274,-0.6038828227219238,1.1746090165276848,1.4788740566068401,No,-0.42778196802955065,-0.15195334857865458,2.0293507155324337,No
909,W0910,2020-05-17,Canberra,-0.7689472715228558,-0.2024851355911669,-1.6264086208304507,-0.44407890937410976,-0.17109833675267244,WNW,1.0450807514186522,ESE,E,-0.3975008029232539,-0.5897254018914938,0.49942703605227323,-1.4297232849672483,-0.5286068188258035,0.03002109359392478,-1.0995444613494274,-0.6038828227219238,-0.4214126056618732,0.13029504029755112,No,-1.087157362942222,0.12804540871151396,-0.39695611891507804,No
910,W0911,2022-03-19,Newcastle,-0.7689472715228558,0.5781699337928105,0.7025306585028432,0.003527935724918602,0.14375574540720926,WNW,0.12306529245208801,SSW,NW,-0.4776166319476985,-0.9964187589507859,0.1814769367883861,0.5203984158759654,-0.17390828566230826,1.45169480795032,0.7920447391076386,-0.13953353100771732,-0.25242208095944935,0.023828275852080652,No,-0.7574696654858862,-0.29973047048179935,-0.18898696167671974,No
911,W0912,2020-03-25,Brisbane,-0.11461684764777863,0.023037440008648286,-1.175646179669168,0.003527935724918602,-0.9897189503683651,W,-0.08970750577096526,NNE,SSE,-1.118543264143255,-1.2404347731863612,0.7643854521055126,-0.4546624345456415,0.43414634261798785,0.03002109359392478,-1.572441761463694,0.7891650524206958,0.16066586831314209,0.041572736592992605,No,0.5612811243394562,-0.5408405114816667,-0.5702637499470432,No
912,W0913,2017-09-03,Wollongong,0.020098239620619462,0.0,-0.2741212973466028,0.5689260558500071,-0.7378356846404595,NNE,-1.0117229647375294,NW,NNE,-1.5191224092654776,-0.2643707162440601,0.6584020856842168,-0.26893655827485924,-0.3005863332207015,1.3052563137676827,-1.572441761463694,-1.532581406150337,-0.1773151810917057,-0.6859501537843874,No,-0.09809427057321506,0.7813758423885742,0.05364372176803117,No
913,W0914,2018-04-16,Perth,-0.42253704711840306,0.0,-0.42437544440036346,-0.3027293793428377,0.3641536029191265,WSW,-0.728025900440125,E,S,0.40365748732119155,-0.7524027447152106,0.02250188715644254,-1.1975659396287706,1.2322180422358595,-0.5496312792123262,-1.0995444613494274,-1.0682321144361304,0.04800551851152593,-0.5439944678570937,Yes,-1.4168450603985576,0.22137832780823707,0.2269513527999963,No
914,W0915,2017-07-19,Brisbane,0.7514087133633525,0.8904319615464009,1.0781660261372452,-1.2686178345565307,1.245745032966795,WNW,0.90323221926995,ESE,WNW,-0.23726914487436485,0.06098396940337357,0.39344366963097754,-0.7332512489518149,-0.3765931617557403,0.5974702585516343,-1.0995444613494274,-0.13953353100771732,0.31087966804863004,1.141729302529518,No,0.8909688217957918,-1.3263925805457513,0.19228982659360339,No
915,W0916,2016-06-06,Newcastle,0.1548133268890179,0.6822572763773403,0.9279118790834844,0.19199397576661478,0.5845514604310434,NW,0.8323079531955989,NNE,ENE,-0.1571533158499203,0.3863386550508073,0.6584020856842168,-0.6403883108164238,-0.75662730443092,0.6096734664001758,0.31914743899337206,-0.13953353100771732,0.14188914334620584,0.39646195141122664,No,0.8909688217957918,0.019157003098670678,0.4695820362447478,No
916,W0917,2016-08-18,Adelaide,0.020098239620619462,-0.029006231283616374,-0.01117654000252082,1.7468388061106086,-0.5174378271285425,ENE,-0.37340457006836963,ENE,SSE,0.323541658296747,0.2236613122270904,0.02250188715644254,-0.501093903613337,1.1562112137008351,0.03002109359392478,-0.15374986112089445,0.3248157607064892,-0.02710138135621772,-0.18910525303885964,No,-0.42778196802955065,-0.39306338957852216,0.7815357721022845,No
917,W0918,2020-03-26,Wollongong,-0.9229073712581681,-0.3759640398987174,0.7025306585028432,0.003527935724918602,0.9308909508069133,WNW,-2.5197361024123344e-16,WSW,N,-1.0384274351188103,-1.2404347731863612,0.6584020856842168,-1.4297232849672483,0.5608243901763811,0.36560930942912273,-0.15374986112089445,0.7891650524206958,-0.15853845612476944,0.05931719733390393,Yes,0.8909688217957918,0.2991557603888395,0.0016514324584418231,No
918,W0919,2017-05-26,Newcastle,-0.4032920346514891,-0.792313410236839,-0.8751378855616462,-0.9623605194887744,1.4976282986947005,SSW,0.1939895585264391,NNW,SSW,0.323541658296747,0.7930320121100993,-1.4082735595310496,-0.826114187087206,-0.17390828566230826,1.1222081960393928,-1.0995444613494274,0.7891650524206958,-0.12098500619089761,-0.9343726041571511,No,1.5503442167084631,-0.011953969933570178,3.078561957038863e-16,No
919,W0920,2022-04-25,Canberra,-1.6542178450009013,-0.8096613006675937,-0.048740076765961246,-1.2450595795513189,0.0,NE,-2.5197361024123344e-16,NE,SW,1.3650474356145261,0.8743706835219578,0.4464353528416254,1.6347536735006587,-0.3132541379765437,-0.8791178911232396,0.31914743899337206,-0.13953353100771732,-1.773336803281264,-1.1827950545299153,No,1.5503442167084631,0.4858215985822852,-2.2340170078539083,Yes
920,W0921,2020-02-02,Canberra,-1.596482807600159,-1.7117516030668565,0.17664114381467996,-1.5748751496242872,0.0,S,-2.5197361024123344e-16,SW,SSE,0.8042366324434143,-0.5083867304796353,1.1353272345800476,2.1919313023130056,-0.19924389517397828,-1.049962801002974,0.31914743899337206,-0.13953353100771732,-1.2475885042070565,-1.9103179449072947,Yes,-1.4168450603985576,-0.7119508631589919,-1.5234557206228512,Yes
921,W0922,2017-07-06,Townsville,1.1940440001023753,1.1506503180077265,1.153293099664126,-0.9623605194887744,0.049299520759244805,NNW,0.8323079531955989,WNW,W,-1.439006580241033,-0.9964187589507859,-0.030489796054205317,-1.569017692170335,1.440162663566221e-14,0.060529113215306414,-0.15374986112089445,-1.532581406150337,1.343599541230109,1.3369183706795469,No,1.5503442167084631,-1.1863932019006667,1.4747662962301449,No
922,W0923,2018-04-15,Newcastle,0.000853227153705498,-0.5667908346370232,1.5289284672985282,0.7338338408864916,-0.07664211210470799,N,0.8323079531955989,NNE,ESE,-0.1571533158499203,0.3863386550508073,0.3404519864203297,-0.17607362013946812,1.5869165753993548,0.939160078311103,0.7920447391076386,-0.6038828227219238,-0.3087522558602574,-0.4197832426707119,No,1.2206565192521275,0.3769331929694419,0.15762830038721048,No
923,W0924,2022-12-08,Darwin,1.6944143242421406,2.2956110864375603,-1.175646179669168,1.7232805511053966,0.6160368686470316,ENE,0.9741564853443011,ENE,ENE,-1.5191224092654776,-0.6710640733033523,-0.4544232617393882,0.6132613540113564,0.7001702424906021,0.560860635005968,-1.0995444613494274,-0.13953353100771732,2.3012125145438436,2.082185721797838,No,0.8909688217957918,-1.0697270530297631,0.7295434827926954,No
924,W0925,2017-08-10,Darwin,1.2132890125692897,0.6649093859465857,-0.8751378855616462,0.003527935724918602,1.1198034001028427,NE,-0.018783239696614173,SSW,SSW,0.7241208034189698,0.8743706835219578,-0.6133983113713317,-1.3368603468318572,-0.24991511419734708,-0.5496312792123262,-1.572441761463694,-1.532581406150337,0.7427443422881577,0.6981177840067254,Yes,1.5503442167084631,-0.8130615255137751,3.078561957038863e-16,No
925,W0926,2021-03-22,Townsville,0.9246138255655791,0.751648838100361,-0.499502517927244,1.2992319610115803,-0.6748648682084833,E,-1.0117229647375294,NE,ESE,0.40365748732119155,-1.2404347731863612,-0.7723733610032752,0.659692823079052,0.8141804852931676,0.3534061015805812,-0.626647161235161,-0.6038828227219238,1.0807253916930049,1.0530069988249595,Yes,-0.09809427057321506,-1.5441693917714376,1.422774006920556,No
926,W0927,2018-12-17,Perth,0.03934325208753343,-0.18513724516041222,1.5289284672985282,-0.8916857544731384,0.3641536029191265,NE,-1.3663442951092848,SSW,ENE,0.5638891453700806,-0.10169337342034328,0.7113937688948647,0.10251519426670525,0.028776590431123777,-0.5862409027579787,-1.0995444613494274,-0.6038828227219238,-0.3087522558602574,-0.5085055463752705,Yes,-1.087157362942222,0.07360120590509231,0.7295434827926954,No
927,W0928,2015-03-20,Newcastle,-0.6919672216551996,0.6822572763773403,1.303547246717887,-1.5042003846086511,-0.7693210928564478,WNW,-1.2244957629605828,SSW,NE,-0.7980799480454767,-1.2404347731863612,0.02250188715644254,-0.8725456561549015,-0.28791852846485927,0.03002109359392478,-1.0995444613494274,-0.13953353100771732,0.44231674281718175,-0.3488053997070647,No,-1.087157362942222,-0.9297276743846787,-1.2288327478685106,No
928,W0929,2022-08-28,Melbourne,-1.500257745265589,-1.590316370051571,1.153293099664126,-1.1037100495200467,0.3641536029191265,NNW,0.8323079531955989,E,SE,-0.3975008029232539,-0.10169337342034328,-0.18946484568614888,-0.9189771252225971,-0.21191169992982048,1.6713525492242622,-0.626647161235161,0.3248157607064892,-1.4353557538764161,-1.1650505937890032,No,0.5612811243394562,-1.1708377153845464,-0.7609021440822047,No
929,W0930,2015-08-25,Wollongong,0.3472634515581582,0.2138642347469541,-0.19899422381972226,-0.04358857428550549,-2.249135279007892,SE,-2.5197361024123344e-16,S,S,-0.07703748682547573,-0.020354702008484854,1.5592607002652303,1.9133424879068321,-2.086746803794049,-2.2824867937067945,1.7378393393361715,2.1822129275633153,0.31087966804863004,0.6626288625249022,No,-1.746532757854893,1.1080410592271044,-0.1369946723671304,Yes
930,W0931,2017-06-08,Darwin,1.5596992369737424,1.3588250031767877,-1.4010274002498093,-0.23205461432720167,0.2696973782711618,NNE,-1.5791170933323382,SE,NW,0.40365748732119155,-0.5897254018914938,-0.2954482121074446,-1.0118400633579883,-0.75662730443092,0.04832590536676486,-1.0995444613494274,-0.6038828227219238,1.7191340405688285,1.7627854284614275,No,0.8909688217957918,0.0036015165825502497,3.078561957038863e-16,No
931,W0932,2016-05-24,Cairns,0.6359386385618687,0.8904319615464009,-0.42437544440036346,1.5819310210741244,1.7495115644226062,NE,1.1160050174930032,SW,WSW,-1.5191224092654776,0.8743706835219578,0.6584020856842168,-0.501093903613337,0.0921156142103204,0.426625348671886,-0.626647161235161,0.7891650524206958,0.49864691771798986,0.9820291558613129,No,-1.087157362942222,1.4113730462914538,3.078561957038863e-16,No
932,W0933,2015-08-03,Cairns,1.2132890125692897,2.018044839545479,0.026386996760919268,0.3804600158083112,-0.3914961942645897,NNW,0.05214102637773692,WNW,NNE,2.4065532129323053,2.5011441117591264,1.029343868158752,0.38110400867287864,-0.870637547233471,-1.8309681033103549,1.7378393393361715,1.2535143441349024,1.831794390370444,1.3901517529022815,No,-1.4168450603985576,-0.7275063496751126,1.0761587448566257,Yes
933,W0934,2015-11-26,Wollongong,-0.03763679778012243,0.04038533043940359,-0.19899422381972226,-0.7503362244418663,-1.1471459914483058,SSW,2.250793274682621,WSW,WNW,0.9644682904923034,1.850434740464259,1.029343868158752,1.2168704518913986,-1.0606546185710608,-1.3428397893682487,2.210736639450438,0.7891650524206958,0.029228793544590355,-0.26008309600250623,No,-0.42778196802955065,0.20582284129211637,-0.7782329071854012,Yes
934,W0935,2022-09-21,Adelaide,1.0208388879001493,-2.093405192543468,-0.9502649590885267,-1.480642129603439,1.2772304411827835,SSW,0.7613836871212478,S,N,-1.278774922192144,0.5490159978745242,-1.1963068266884582,0.47396694680826973,0.4721497568855001,-0.2689574986956069,-1.0995444613494274,0.3248157607064892,-0.4965195055296172,-0.7036946145252988,No,-0.42778196802955065,-0.1286201188044738,-0.604925276153436,No
935,W0936,2022-08-21,Darwin,1.040083900367063,2.2435674151452956,1.378674320244767,-0.18493810431677757,0.8364347261589491,WSW,-0.23155603791966745,NNE,N,0.323541658296747,-1.7284668016575118,0.39344366963097754,-1.3368603468318572,1.5489131611318425,-0.09811258881587254,-1.0995444613494274,-1.0682321144361304,2.057115089973676,2.5257972403206304,No,-0.42778196802955065,-1.5908358513197993,1.6654046903653068,No
936,W0937,2018-03-24,Perth,-0.3648020097176612,-0.08104990257588165,0.5522765114490822,1.1814406859855202,0.0,ESE,-0.7989501665144761,NNE,WSW,-0.23726914487436485,-0.9964187589507859,-1.620240292373641,0.24180960146979194,-0.09790145712726946,-0.08590938096731711,-0.15374986112089445,0.7891650524206958,-0.4965195055296172,-0.5439944678570937,No,1.2206565192521275,-1.131948999094245,0.19228982659360339,No
937,W0938,2021-09-20,Sydney,-0.38404702218457515,-0.8790528623906143,0.17664114381467996,-0.020030319280293342,-1.8083395639840574,NE,0.9741564853443011,ENE,SE,2.246321554883416,0.8743706835219578,1.1353272345800476,0.984713106552921,-1.7320482706305391,-2.0628290524328525,0.7920447391076386,1.7178636358491088,-0.2899755308933212,-0.5085055463752705,Yes,-0.7574696654858862,-1.3886145266102328,-0.08500238305754074,Yes
938,W0939,2018-03-25,Canberra,-0.7689472715228558,-1.9893178499589372,1.153293099664126,-1.6926664246503473,-1.1156605832323176,E,0.6195351549725456,ESE,NE,0.40365748732119155,-0.3457093876559185,1.5062690170545825,0.7525557612144431,-1.9727365609914835,-0.354379953635481,-0.15374986112089445,0.3248157607064892,-1.2100350542731846,-1.821595641202736,No,-0.09809427057321506,0.034712489614791106,-0.4142868820182745,Yes
939,W0940,2017-10-14,Perth,-0.4995170969860593,0.16182056345468881,0.7025306585028432,-0.020030319280293342,1.5605991151266767,W,-0.5152531022170718,NNW,S,-0.3173849738988094,0.06098396940337357,0.12848525357773824,-0.3153680273425548,-0.5412746235816458,-0.31777033008981476,0.7920447391076386,-1.532581406150337,-0.12098500619089761,-0.5617389285980057,No,-0.09809427057321506,1.2402626946141289,-0.6569175654630257,No
940,W0941,2022-11-17,Sydney,0.289528414157416,-0.13309357386814694,0.4020223643953215,0.003527935724918602,-0.6748648682084833,ESE,-1.2244957629605828,ESE,NE,0.8843524614678588,0.8743706835219578,-1.249298509899106,-0.9189771252225971,1.308224870770884,1.4394916001017508,-1.572441761463694,0.3248157607064892,0.5362003676518616,0.13029504029755112,Yes,-1.087157362942222,0.43137739577586326,0.816197298308678,No
941,W0942,2017-06-03,Sydney,0.020098239620619462,-0.861704971959859,-1.2507732531960485,0.26266874078225105,0.2696973782711618,NE,-0.8698744325888272,ENE,NE,-1.1986590931676995,-0.9964187589507859,-0.4544232617393882,-0.826114187087206,1.5742487706435269,1.2198338588278086,-0.626647161235161,0.3248157607064892,0.04800551851152593,-0.756927996748034,No,0.8909688217957918,0.19026735477599593,-0.10233314616073717,No
942,W0943,2015-05-02,Townsville,1.40573913723843,1.584347578776603,1.0781660261372452,0.003527935724918602,-0.7063502764244715,ENE,-0.44432883614272073,NW,NE,-1.118543264143255,0.06098396940337357,0.39344366963097754,-0.6403883108164238,0.24412927128039802,-0.6838665655463944,-1.572441761463694,-0.13953353100771732,1.4750366159986605,1.8692521929068981,No,-0.09809427057321506,-0.5641737412558474,0.7815357721022845,No
943,W0944,2015-10-16,Hobart,-0.865172333857426,-0.7055739580830638,-0.12386715029284176,-1.315734344566955,0.17524115362319734,S,-0.5152531022170718,SSE,NNW,0.8042366324434143,-1.6471281302456533,-0.2954482121074446,-1.0582715324256837,1.1435434089449785,0.03002109359392478,-1.0995444613494274,-1.532581406150337,-0.7969471050005928,-1.1827950545299153,No,0.5612811243394562,-0.27639724070761856,-1.211501984765314,No
944,W0945,2021-05-06,Townsville,0.866878788164837,0.24856001560846408,-1.325900326722929,0.5453678008447952,-0.8008065010724359,ENE,0.33583809067514125,SSW,NNW,0.5638891453700806,-0.2643707162440601,-1.5142569259523453,0.6132613540113564,1.6755912086902358,0.5852670507030788,-0.15374986112089445,-0.6038828227219238,1.0619486667260691,0.18352842252028634,No,-1.4168450603985576,1.6835940603235622,0.5389050886575336,No
945,W0946,2016-10-08,Sydney,-0.9613973961919962,-0.445355601621738,1.0781660261372452,-0.9859187744939866,1.5291137069106886,N,-1.437268561183636,N,E,-1.3588907512165884,-0.427048059067777,-1.302290193109754,-1.2904288777641617,-0.03456243334807284,1.097801780342282,0.7920447391076386,0.3248157607064892,-0.25242208095944935,-1.0763282900844449,No,0.8909688217957918,0.43137739577586326,3.078561957038863e-16,No
946,W0947,2022-05-27,Melbourne,-0.9229073712581681,0.07508111130091356,-0.9502649590885267,1.7232805511053966,1.2772304411827835,SE,-1.2954200290349338,E,SSW,0.5638891453700806,-0.6710640733033523,0.6054104024735689,-1.569017692170335,-0.6806204758958811,1.1954274431306977,0.7920447391076386,-1.0682321144361304,-0.9847143546699526,-0.18910525303885964,No,0.8909688217957918,1.6680385738074421,0.01898219556163827,No
947,W0948,2019-10-13,Newcastle,-0.4032920346514891,-0.6361823963600431,0.17664114381467996,-1.0801517945148347,-0.1396129285366844,E,-0.5861773682914229,NNE,SSW,-0.9583116060943657,-0.2643707162440601,-0.7723733610032752,0.33467253960518306,0.8648517043165219,-0.20794145945284365,-0.626647161235161,-0.13953353100771732,-0.47774278056268127,-0.5617389285980057,No,0.8909688217957918,1.5902611412268397,-1.211501984765314,No
948,W0949,2017-09-28,Townsville,0.5974486136280408,0.1965163443161988,-0.19899422381972226,-1.433525619593015,-0.5489232353445306,N,2.8891116693517804,NNE,W,0.8843524614678588,1.3624027119931084,1.7182357498971739,1.6811851425683544,-0.8199663282101166,-1.2574173344283746,1.264942039221905,1.2535143441349024,0.8178512421559013,0.2545062654839329,Yes,0.23159342688312057,-0.8208392687718354,0.9201818769278567,Yes
949,W0950,2015-04-06,Melbourne,-0.9998874211258241,-0.30657247817569744,1.7543096878791695,1.6054892760793364,-0.3285253778326133,NE,0.1939895585264391,SW,NW,-0.6378482899965876,0.3049999836389488,0.3404519864203297,-0.501093903613337,1.6629234039344079,-0.049299757421664696,-0.626647161235161,0.7891650524206958,-0.8532772799014009,-0.13587187081612442,No,0.23159342688312057,-1.583058108061739,-1.2634942740749036,No
950,W0951,2018-06-26,Darwin,1.5596992369737424,0.821040399823381,1.153293099664126,1.110765920969884,-0.7378356846404595,NE,-0.728025900440125,NNW,WNW,0.003078342198968814,1.0370480263456747,-0.5604066281606839,-0.036779212936381436,-0.45259999029076475,0.9757697018567554,-1.0995444613494274,-0.6038828227219238,1.0807253916930049,1.1772182240113414,No,0.23159342688312057,-0.424174362610763,1.9080353738100577,No
951,W0952,2019-12-30,Melbourne,-0.8074372964566837,-0.7402697389445737,0.026386996760919268,1.7939553161210329,0.17524115362319734,W,0.7613836871212478,N,SSW,-1.1986590931676995,0.2236613122270904,0.6584020856842168,-0.7796827180195104,0.2821326855479102,1.6591493413757206,-1.572441761463694,-1.532581406150337,-1.2663652291739922,-0.5972278500798289,Yes,0.5612811243394562,0.4858215985822852,0.10563601107762083,No
952,W0953,2016-05-13,Melbourne,-0.6727222091882856,-1.3474459040210005,-0.349248370873483,1.6054892760793364,-0.10812752032069604,S,0.9741564853443011,WNW,ESE,-0.07703748682547573,-1.2404347731863612,-1.5672486091629931,-0.7796827180195104,1.4095673088176215,-0.4398024085753413,-1.0995444613494274,-1.532581406150337,-0.7218402051328489,-1.4489619656435904,No,-0.7574696654858862,1.5591501681945983,-0.5702637499470432,No
953,W0954,2021-02-08,Newcastle,0.05858826455444773,-0.18513724516041222,0.28933175410500056,-1.2215013245461068,0.14375574540720926,ENE,-0.23155603791966745,SW,WSW,0.40365748732119155,-1.2404347731863612,0.3404519864203297,0.47396694680826973,0.7001702424906021,-0.049299757421664696,-0.626647161235161,-1.532581406150337,0.3672098429494381,-0.06489402785247786,No,0.23159342688312057,-0.7663950659654138,-0.604925276153436,No
954,W0955,2018-04-02,Hobart,-0.8266823089235981,0.0,-0.12386715029284176,1.393464981032428,1.7809969726385941,E,0.1939895585264391,NNW,NNE,-0.4776166319476985,-0.5083867304796353,-0.13647316247550104,-1.4297232849672483,0.6241634139555777,-0.7082729812435052,-0.15374986112089445,-1.0682321144361304,-0.8532772799014009,-1.3247507404572088,No,-1.087157362942222,1.6058166277429597,-0.5702637499470432,No
955,W0956,2015-12-18,Brisbane,0.19330335182284583,1.393520784038297,0.6274035849759627,-0.3969623993636859,-0.643379459992495,WNW,1.1160050174930032,NE,SSW,0.8042366324434143,-0.2643707162440601,-1.0903234602671625,0.05608372519900969,-0.75662730443092,0.03002109359392478,-0.626647161235161,0.3248157607064892,0.461093467784118,0.591651019561255,No,-0.42778196802955065,1.7224827766138635,0.9028511138246605,No
956,W0957,2019-07-05,Hobart,-0.9613973961919962,-1.0872275475596749,0.17664114381467996,1.2756737060063679,0.0,ENE,-2.5197361024123344e-16,WSW,W,2.4065532129323053,-0.5083867304796353,1.8242191163184696,0.5668298849436608,-2.6061267987834498,-0.7204761890920607,0.7920447391076386,2.1822129275633153,-1.0410445295707607,-1.3247507404572088,Yes,1.5503442167084631,-0.46306307890106424,-0.4142868820182745,Yes
957,W0958,2020-05-29,Townsville,0.8091437507640947,1.2720855510230125,0.47714943792220166,-0.3027293793428377,-0.7693210928564478,NE,-0.657101634365774,SSW,SSW,0.5638891453700806,0.6303546692863825,0.7113937688948647,0.4275354777405742,-0.5286068188258035,0.03002109359392478,-1.0995444613494274,-0.6038828227219238,0.34843311798250187,0.7336067054885488,No,0.5612811243394562,0.30693350364689953,0.7815357721022845,No
958,W0959,2019-03-07,Cairns,1.6174342743744838,0.7169530572388504,-1.325900326722929,0.16843572076140284,0.6160368686470316,N,0.12306529245208801,WNW,NNW,0.08319417122341337,-1.6471281302456533,-0.08348147926485318,0.33467253960518306,0.054112199942808185,-0.5374280713637708,0.31914743899337206,0.7891650524206958,1.6815805906349566,1.15947376327043,No,-0.42778196802955065,1.061374599678743,2.1679968203580056,No
959,W0960,2021-01-07,Wollongong,0.1355683144221036,-1.10457543799043,-1.4010274002498093,0.07420270074055464,0.049299520759244805,SW,0.47768662282384344,NNW,NNW,0.4837733163456361,-1.1590961017745027,-1.5672486091629931,0.2882410705374875,0.8901873138281919,-0.46420882427245214,-0.626647161235161,-0.13953353100771732,-0.12098500619089761,-0.6682056930434754,No,-0.09809427057321506,1.61359437100102,-0.5182714606374536,No
960,W0961,2015-07-15,Adelaide,-0.9806424086589101,-0.3933119303294727,-0.01117654000252082,-1.5513168946190752,1.4346574822627245,NW,-0.16063177184531635,NNE,ESE,-0.7179641190210321,-0.2643707162440601,-1.1433151434778104,0.2882410705374875,0.5861599996880511,0.03002109359392478,0.31914743899337206,-1.0682321144361304,-0.834500554934465,-0.5972278500798289,No,1.2206565192521275,-0.5719514845139078,-0.9168790120109733,No
961,W0962,2020-11-08,Newcastle,-0.24933193491617706,0.14447267302393413,0.5522765114490822,0.6631590758708553,1.1512888083188308,WNW,-1.1535714968862316,S,ENE,-0.1571533158499203,1.118386697757533,-1.620240292373641,-1.1047030014933794,1.440162663566221e-14,1.3906787687075568,0.7920447391076386,-0.13953353100771732,0.19821931824701391,0.3077396477066681,Yes,-0.42778196802955065,-0.6341734305783895,0.4349205100383543,No
962,W0963,2018-06-21,Adelaide,-0.0761268227139507,-0.08104990257588165,-0.6497566649810048,1.6054892760793364,0.017814112543256468,NE,-1.5791170933323382,NW,SE,0.5638891453700806,0.711693340698241,-0.7193816777926274,-0.17607362013946812,-0.3259219427323715,-0.08590938096731711,0.7920447391076386,0.3248157607064892,-0.3650824307610655,-0.4375277034116232,No,0.8909688217957918,-1.1552822288684257,-0.899548248907777,No
963,W0964,2021-03-04,Melbourne,-0.8266823089235981,-1.3647937944517559,0.06395053352435937,1.134324175975096,-1.2730876243122584,ESE,-2.5197361024123344e-16,WNW,SW,0.5638891453700806,2.0131120832879756,2.142169215582357,1.820479549771441,-1.8967297324564591,-0.4398024085753413,1.7378393393361715,0.3248157607064892,-0.6655100302320411,-1.360239661939032,No,0.23159342688312057,0.2991557603888395,3.078561957038863e-16,Yes
964,W0965,2016-02-24,Perth,-0.5380071219198875,0.8730840711156462,0.17664114381467996,-0.46763716437932196,1.6235699315586534,ENE,0.9741564853443011,NNW,SE,-1.278774922192144,0.4676773264626657,-0.5604066281606839,-0.7332512489518149,-0.78196291394259,0.6096734664001758,-0.15374986112089445,-0.13953353100771732,0.5174236426849255,0.9997736166022243,No,0.5612811243394562,0.4624883688081047,-0.6222560392566325,No
965,W0966,2016-04-20,Perth,-0.268576947383091,1.0118671945616866,-0.499502517927244,-1.433525619593015,-0.6748648682084833,ENE,-1.2954200290349338,NE,NE,-1.0384274351188103,-0.7524027447152106,-0.8253650442139232,-0.2225050892071637,0.5481565854205389,-0.5618344870608678,0.7920447391076386,-1.0682321144361304,-0.13976173115783386,1.2304516062340765,No,1.5503442167084631,0.6258209772273693,-0.43161764512147094,No
966,W0967,2017-08-10,Darwin,1.2132890125692897,0.6649093859465857,-0.8751378855616462,0.003527935724918602,1.1198034001028427,NE,-0.018783239696614173,SSW,SSW,0.7241208034189698,0.8743706835219578,-0.6133983113713317,-1.3368603468318572,-0.24991511419734708,-0.5496312792123262,-1.572441761463694,-1.532581406150337,0.7427443422881577,0.6981177840067254,Yes,1.5503442167084631,-0.8130615255137751,3.078561957038863e-16,No
967,W0968,2021-07-20,Hobart,-1.4040326829310188,-1.7117516030668565,0.17664114381467996,1.4170232360376405,-1.2416022160962703,NNW,-2.5197361024123344e-16,SSE,NW,1.3650474356145261,-0.020354702008484854,1.4532773338439346,0.38110400867287864,1.440162663566221e-14,0.03002109359392478,2.210736639450438,0.3248157607064892,-1.1724816043393125,-1.608662112311796,Yes,0.23159342688312057,1.084707829452924,3.078561957038863e-16,Yes
968,W0969,2021-05-28,Newcastle,0.21254836428976012,-1.0004880954058994,-0.349248370873483,-1.5748751496242872,-0.29703996961662527,W,0.2649138246007902,SSW,E,-1.118543264143255,-0.9964187589507859,-1.5142569259523453,0.2882410705374875,-0.7059560854075512,0.9025504547654506,0.31914743899337206,-1.532581406150337,-0.21486863102557752,-0.5972278500798289,No,-1.4168450603985576,-1.3963922698682931,0.01898219556163827,No
969,W0970,2015-10-21,Darwin,1.1170639502347195,0.7343009476696056,1.0781660261372452,0.21555223077182672,0.6790076850790082,NE,-1.508192827257987,NW,SSE,-0.7179641190210321,0.2236613122270904,-1.5672486091629931,0.05608372519900969,1.4349029183292772,0.10934194460952812,0.7920447391076386,-0.6038828227219238,0.7239676173212215,0.9997736166022243,No,-1.746532757854893,0.7424871260982729,0.8335280614118742,No
970,W0971,2017-09-06,Melbourne,-1.0383774460596522,-1.3300980135902452,0.9279118790834844,-0.9623605194887744,0.6790076850790082,NE,-1.0826472308118806,N,ENE,-1.5191224092654776,0.4676773264626657,-1.1963068266884582,0.24180960146979194,-0.021894628592230632,0.5852670507030788,-0.15374986112089445,-0.6038828227219238,-1.4353557538764161,-1.6264065730527075,Yes,1.2206565192521275,1.4113730462914538,-1.7140941147580129,No
971,W0972,2020-11-11,Newcastle,0.3280184390912439,-0.3586161494679627,0.5522765114490822,0.3569017608030992,0.9308909508069133,SW,-0.08970750577096526,NNE,WNW,0.323541658296747,-1.4844507874219364,0.1814769367883861,-0.083210682004077,1.206882432724175,0.8171279998255765,0.7920447391076386,-0.13953353100771732,0.42354001785024553,-0.31331647822524145,No,-1.4168450603985576,0.8980419912594777,0.4002589838319614,No
972,W0973,2021-03-22,Perth,-0.268576947383091,0.7343009476696056,-0.9502649590885267,0.7573920958917035,-2.595474769383762,WNW,0.6195351549725456,N,NNW,0.003078342198968814,-1.0777574303626443,-0.13647316247550104,0.7061242921467475,-0.00922682383638843,0.03002109359392478,-0.626647161235161,-0.6038828227219238,-0.7030634801659129,0.21901734400210962,No,0.8909688217957918,1.5280391951623573,-0.9862020644237595,No
973,W0974,2016-06-11,Adelaide,-0.34555699725074723,0.2138642347469541,-2.002043988464853,1.7232805511053966,1.2142596247508068,N,-1.437268561183636,S,NNE,-1.0384274351188103,-0.8337414161270691,-0.08348147926485318,-0.036779212936381436,0.33280390457126463,1.4394916001017508,0.7920447391076386,0.3248157607064892,-0.609179855331233,0.14803950103846245,No,-0.09809427057321506,0.3302667334210803,-0.3796253558118816,No
974,W0975,2015-10-13,Wollongong,-0.23008692244926277,-0.7402697389445737,-1.4010274002498093,0.003527935724918602,0.5845514604310434,N,0.8323079531955989,SSE,ENE,0.003078342198968814,-1.3217734445982197,-1.4082735595310496,-0.6403883108164238,-0.7439594996750778,0.21917081524649923,0.31914743899337206,-0.6038828227219238,-0.3087522558602574,-0.5439944678570937,Yes,-1.087157362942222,-0.3152859569979198,-0.9688713013205628,No
975,W0976,2022-10-17,Cairns,1.2325340250362034,1.514956017053583,-0.8000108120347658,0.6160425658604315,0.0,ESE,1.0450807514186522,W,SSW,0.003078342198968814,-1.2404347731863612,-0.18946484568614888,0.05608372519900969,-0.21191169992982048,0.6462830899458422,0.31914743899337206,-1.532581406150337,0.7051908923542852,1.2481960669749885,No,0.5612811243394562,-0.8208392687718354,1.1108202710630186,No
976,W0977,2018-08-11,Adelaide,-0.3263119847838329,-1.20866278057496,1.303547246717887,-1.6691081696451353,1.7809969726385941,WSW,-0.23155603791966745,NNE,SE,-1.3588907512165884,-0.8337414161270691,-0.7193816777926274,-0.9189771252225971,1.3588960897942526,0.03002109359392478,0.31914743899337206,0.7891650524206958,-0.5528496804304253,-0.8456503004525925,Yes,1.5503442167084631,1.1391520322593454,-0.6915790916694186,No
977,W0978,2021-10-27,Canberra,-1.8659129821369558,-0.5667908346370232,-0.12386715029284176,0.003527935724918602,0.8679201343749372,SE,0.90323221926995,E,S,-0.07703748682547573,0.9557093549338163,-0.4544232617393882,0.47396694680826973,-0.3639253569998981,0.3534061015805812,-1.0995444613494274,-1.0682321144361304,-1.7545600783143276,-0.22459417452068292,No,0.5612811243394562,-1.3963922698682931,-2.5286399806082485,No
978,W0979,2022-01-17,Melbourne,-0.5957421593206295,-0.04635412171437167,0.4020223643953215,0.8516251159125517,-0.8008065010724359,SSW,-0.23155603791966745,NE,N,0.4837733163456361,-1.6471281302456533,-1.4612652427416974,-0.9654085942902927,-0.553942428337488,0.9757697018567554,-1.0995444613494274,-0.13953353100771732,-0.4214126056618732,0.006083815111169327,Yes,1.2206565192521275,0.5635990311628876,-1.3328173264876895,No
979,W0980,2021-10-14,Wollongong,-0.23008692244926277,-0.9831402049751442,0.7776577320297238,1.228557195995944,1.4346574822627245,E,0.1939895585264391,E,SSW,0.24342582927230247,0.06098396940337357,0.02250188715644254,-0.12964215107177257,0.9915297518749008,0.12154515245806968,-1.572441761463694,0.7891650524206958,-0.32752898082719334,-1.0230949078617095,No,1.5503442167084631,-1.1397267423523054,-0.5356022237406499,No
980,W0981,2022-07-27,Newcastle,-0.1338618601146926,0.14447267302393413,-0.5746295914541245,-1.1037100495200467,-0.17109833675267244,SSE,-0.5861773682914229,SSE,SSE,-1.1986590931676995,-1.0777574303626443,-0.030489796054205317,-0.036779212936381436,0.34547170932710686,1.2198338588278086,-0.15374986112089445,-0.13953353100771732,0.08555896844539843,0.27225072622484486,No,0.23159342688312057,0.0036015165825502497,0.5735666148639265,No
981,W0982,2017-12-24,Hobart,-0.9998874211258241,-1.10457543799043,-0.8751378855616462,1.1578824309803077,0.8994055425909252,NW,-0.30248030399401854,SSW,SE,-1.1986590931676995,-0.9150800875389276,0.4464353528416254,-0.7796827180195104,1.6629234039344079,1.2320370666763778,-0.626647161235161,0.3248157607064892,-0.6279565802981689,-0.756927996748034,Yes,0.5612811243394562,-0.04306494296581131,-0.22364848788311295,Yes
982,W0983,2015-09-10,Hobart,-2.096853131739924,0.0,-1.7766627678842117,1.7939553161210329,1.245745032966795,WSW,-1.5791170933323382,ENE,S,0.1633100002478579,0.8743706835219578,0.6054104024735689,0.009652256131314126,1.4222351135734492,1.0611921567966296,0.31914743899337206,-0.13953353100771732,-0.9096074548022086,-1.3247507404572088,No,-1.087157362942222,-1.6919465136745824,-1.4714634313132615,No
983,W0984,2022-02-08,Newcastle,0.000853227153705498,-0.011658340852861694,-0.5746295914541245,0.4982512908343713,1.3402012576147597,SSE,0.47768662282384344,NW,SW,0.6440049743945252,0.9557093549338163,0.39344366963097754,-1.569017692170335,-0.08523365237142724,0.3534061015805812,0.7920447391076386,-0.13953353100771732,-0.10220828122396138,0.18352842252028634,No,1.5503442167084631,-1.6530577973842813,0.05364372176803117,No
984,W0985,2021-08-23,Brisbane,0.19330335182284583,0.7343009476696056,-0.19899422381972226,-0.2084963593219895,0.049299520759244805,NW,-0.37340457006836963,SSE,SSE,0.40365748732119155,0.7930320121100993,0.6054104024735689,-0.8725456561549015,1.206882432724175,0.03002109359392478,-0.15374986112089445,-0.6038828227219238,0.49864691771798986,0.7513511662294607,Yes,0.5612811243394562,-1.3263925805457513,-0.6222560392566325,No
985,W0986,2018-12-31,Darwin,1.9253544738451087,1.98334905868397,3.1065970113630175,-1.7162246796555594,-1.367543848960223,WSW,0.5486108888981945,NW,S,1.5252790936634153,-0.020354702008484854,1.347293967422639,1.5418907353652678,-1.7573838801422237,-0.757085812637713,-0.15374986112089445,1.7178636358491088,1.9444547401720602,1.6385742032750452,Yes,-1.4168450603985576,-1.2563928912232092,0.9375126400310535,Yes
986,W0987,2019-12-25,Darwin,1.6559242993083125,2.330306867299071,1.4538013937716474,-1.5513168946190752,0.9623763590229019,WSW,-0.30248030399401854,NW,NNW,-0.6378482899965876,1.0370480263456747,0.7113937688948647,0.009652256131314126,-0.4906034045582913,0.8781440390683397,0.7920447391076386,-1.532581406150337,2.3950961393785235,2.1176746432796616,No,0.23159342688312057,-0.6497289170945102,2.3066429251835774,No
987,W0988,2020-02-04,Cairns,0.6744286634956966,0.5261262625005452,0.9279118790834844,-1.7397829346607714,-0.48595241891255414,NE,-0.37340457006836963,N,ESE,0.4837733163456361,-1.7284668016575118,-0.13647316247550104,0.10251519426670525,0.5988278044438933,0.3412028937320258,0.7920447391076386,-1.0682321144361304,0.8178512421559013,0.5739065588203437,No,-0.7574696654858862,-0.5330627682236065,0.14029753728401373,No
988,W0989,2018-05-30,Canberra,-1.5772377951332452,-1.2780543422979807,1.303547246717887,1.3699067260272162,1.1512888083188308,WSW,0.12306529245208801,W,W,0.8843524614678588,-1.3217734445982197,-1.4612652427416974,-0.9654085942902927,0.6494990234672477,0.2557804387921516,-0.626647161235161,-1.532581406150337,-1.1537048793723765,-1.6264065730527075,No,-0.09809427057321506,-1.1475044856103656,-1.1941712216621174,No
989,W0990,05/06/2018,Wollongong,-0.1338618601146926,-1.1219233284211847,-0.19899422381972226,-1.292176089561743,-0.8008065010724359,NE,3.030960201500483,NE,WSW,1.1246999485411926,1.7690960690524005,0.5524187192629211,0.47396694680826973,-1.7067126611188692,-2.233673962312587,-0.15374986112089445,1.7178636358491088,-0.21486863102557752,-0.8279058397116812,Yes,-1.746532757854893,1.2713736676463696,3.078561957038863e-16,Yes
990,W0991,2016-08-28,Wollongong,-0.8844173463243399,-0.30657247817569744,-1.1005191061422877,-0.46763716437932196,-0.9897189503683651,NNE,0.9741564853443011,NW,NW,-1.278774922192144,0.3863386550508073,-1.249298509899106,0.7061242921467475,-0.19924389517397828,-0.17133183590719123,0.7920447391076386,-0.6038828227219238,-0.25242208095944935,-0.15361633155703638,Yes,-0.7574696654858862,1.450261762581755,-0.32763306650229196,No
991,W0992,2018-08-31,Townsville,0.44348851389272836,0.9771714137001761,-0.19899422381972226,1.228557195995944,-2.1861644625759156,SW,2.250793274682621,WNW,SE,2.4065532129323053,-0.3457093876559185,1.8772107995291174,2.14549983324531,-2.403441922690032,-1.3428397893682487,1.264942039221905,0.3248157607064892,0.06678224347846218,0.4674397943748732,No,-0.09809427057321506,-0.8830612148363173,0.2269513527999963,Yes
992,W0993,2022-07-13,Cairns,1.2902690624369455,0.9945193041309314,-0.8000108120347658,1.393464981032428,1.7495115644226062,WSW,-0.9407986986631783,NW,NW,0.7241208034189698,0.5490159978745242,-0.7193816777926274,0.7061242921467475,1.308224870770884,-0.4520056164238967,-0.626647161235161,-0.6038828227219238,0.9305115919575175,1.4433851351250169,No,0.5612811243394562,-1.3263925805457513,2.0293507155324337,No
993,W0994,2019-01-28,Wollongong,-0.21084190998234878,-0.28922458774494214,-1.5512815473035702,0.003527935724918602,-0.2025837449686608,SE,0.7613836871212478,ENE,NE,0.6440049743945252,-0.2643707162440601,-0.13647316247550104,0.19537813240209637,-0.22457950468566268,1.1466146117365037,-0.626647161235161,-0.13953353100771732,-0.1773151810917057,-0.15361633155703638,No,0.8909688217957918,-0.5330627682236065,-0.033010093747951386,No
994,W0995,2022-10-09,Wollongong,-0.845927321390512,0.14447267302393413,0.6274035849759627,-1.5984334046294992,0.4271244193511026,SW,1.1160050174930032,WNW,E,-0.7179641190210321,0.3863386550508073,0.1814769367883861,-1.1975659396287706,1.440162663566221e-14,0.7072991291886054,-0.15374986112089445,-0.6038828227219238,-1.2663652291739922,-0.27782755674341814,Yes,0.23159342688312057,0.7891535856466345,-1.2634942740749036,No
995,W0996,2017-02-19,Melbourne,-1.3462976455302769,0.14447267302393413,0.326895290868441,-0.27917112433762575,-0.5174378271285425,WSW,-0.30248030399401854,NNW,NNW,-1.278774922192144,-0.7524027447152106,-1.4612652427416974,-1.3368603468318572,1.7389302324694325,1.2442402745249193,-0.15374986112089445,-0.13953353100771732,-0.3463057057941292,-0.3488053997070647,No,0.23159342688312057,0.6102654907112491,-0.6222560392566325,No
996,W0997,2022-05-31,Cairns,0.6359386385618687,1.0639108658539513,0.026386996760919268,0.9929746459438238,-2.123193646143939,SW,1.8961719443108653,NNE,SSE,1.6855107517123042,-0.1830320448322017,1.0823355513693997,0.7989872302821387,-1.3393463231995173,-1.8553745190074518,1.7378393393361715,0.7891650524206958,1.155832291560749,1.319173909938635,Yes,-0.42778196802955065,-0.9375054176427391,0.48691279934794396,Yes
997,W0998,2019-12-13,Melbourne,-0.7497022590559418,-0.7229218485138185,0.026386996760919268,0.28622699578746297,1.4661428904787126,E,-0.8698744325888272,SSW,S,0.003078342198968814,-1.2404347731863612,-1.249298509899106,-0.40823096547794596,-0.579278037849158,1.5493204707387358,0.7920447391076386,-0.6038828227219238,-1.0598212545376966,-0.40203878192979997,No,-1.746532757854893,-0.8519502418040763,0.17495906349040694,No
998,W0999,2022-07-17,Hobart,-1.1538475208611365,-1.3474459040210005,0.25176821734156046,-1.0330352845044104,0.30118278648714986,NNW,-1.2244957629605828,SSW,E,0.24342582927230247,-0.427048059067777,-1.0903234602671625,-1.2904288777641617,1.440162663566221e-14,-0.20794145945284365,0.7920447391076386,-1.0682321144361304,-1.2100350542731846,-1.1650505937890032,No,0.5612811243394562,-0.229730781159257,3.078561957038863e-16,No
999,W1000,2015-02-20,Wollongong,-0.1338618601146926,-0.11574568343739164,-0.19899422381972226,-1.6691081696451353,0.0,NNW,0.5486108888981945,SW,WSW,0.323541658296747,1.850434740464259,1.1883189177906954,0.7989872302821387,-2.1500858275732457,-2.0262194288871864,0.7920447391076386,-0.13953353100771732,0.19821931824701391,0.07706165807481588,Yes,1.5503442167084631,0.29137801713077915,-0.2409792509863094,Yes
1000,W1001,2019-03-12,Darwin,1.540454224506828,1.8272180448071733,-0.7248837385078853,0.23911048577703908,0.0,W,-2.5197361024123344e-16,S,W,1.3650474356145261,0.7930320121100993,1.5592607002652303,0.984713106552921,-0.7946307186984322,-2.514347742829292,1.264942039221905,2.1822129275633153,1.1182788416268772,1.7627854284614275,Yes,-1.4168450603985576,0.3769331929694419,1.5267585855397345,Yes
1001,W1002,2018-11-21,Adelaide,0.17405833935593185,-0.9657923145443895,0.4020223643953215,0.003527935724918602,-0.8008065010724359,E,-0.23155603791966745,W,NW,0.08319417122341337,0.7930320121100993,-1.4082735595310496,0.009652256131314126,-0.4399321855349369,0.03002109359392478,-1.0995444613494274,0.7891650524206958,-0.15853845612476944,-0.5972278500798289,No,0.23159342688312057,1.2480404378721885,0.7468742458958916,No
1002,W1003,2022-09-12,Darwin,1.9638444987789367,1.237389770161502,-0.048740076765961246,0.003527935724918602,0.0,NW,-2.5197361024123344e-16,SE,WNW,-0.3173849738988094,1.3624027119931084,1.5062690170545825,0.7061242921467475,-2.112082413305719,-0.9157275146689059,1.264942039221905,0.3248157607064892,1.8693478403043164,1.709552046238693,Yes,1.2206565192521275,-1.7075020001907029,1.8907046107068615,Yes
1003,W1004,2015-09-28,Canberra,-1.2693175956626206,-0.27187669731418745,1.153293099664126,1.0165329009490358,-0.07664211210470799,ENE,-0.08970750577096526,NE,NW,-1.278774922192144,-1.3217734445982197,-1.1433151434778104,-0.826114187087206,-0.24991511419734708,0.426625348671886,-1.572441761463694,-1.0682321144361304,-0.4401893306288091,-0.36654986044797666,No,-1.087157362942222,0.8435977884530564,-1.6447710623452267,No
1004,W1005,2017-01-25,Hobart,-1.1923375457949643,-1.7117516030668565,0.17664114381467996,1.6054892760793364,0.0,SE,2.1798690086082697,ENE,NE,1.4451632646389707,2.1757894261116926,1.8772107995291174,2.099068364177614,-1.0606546185710608,-0.22014466730139906,0.31914743899337206,1.7178636358491088,-1.454132478843352,-1.360239661939032,Yes,0.8909688217957918,-0.18306432161089572,-1.766086404067602,Yes
1005,W1006,2020-06-17,Townsville,0.4819785388265563,1.0465629754231967,0.7776577320297238,-0.8916857544731384,-0.5174378271285425,SE,-0.9407986986631783,ESE,WSW,0.6440049743945252,-1.1590961017745027,-1.0903234602671625,-0.5475253726810326,1.1562112137008351,0.14595156815518054,-1.0995444613494274,-1.0682321144361304,0.5362003676518616,0.8400734699340192,No,1.2206565192521275,-1.7152797434487632,0.7815357721022845,No
1006,W1007,2019-11-03,Hobart,-1.6542178450009013,-0.3586161494679627,0.17664114381467996,-0.44407890937410976,0.0,NW,-2.5197361024123344e-16,WNW,NNW,1.204815777565637,0.7930320121100993,0.9763521849481039,2.0526368951099188,-0.45259999029076475,-2.1726579230698237,0.31914743899337206,1.7178636358491088,-0.5904031303642971,-1.0230949078617095,Yes,1.2206565192521275,-0.5875069710300282,-2.268678534060301,Yes
1007,W1008,2018-02-17,Melbourne,-1.3270526330633627,-0.6535302867907985,0.06395053352435937,0.0506444457353427,-1.1471459914483058,ENE,-2.5197361024123344e-16,S,E,1.4451632646389707,2.3384667689354095,0.6584020856842168,0.5203984158759654,-0.9846477900360221,-1.9530001817958813,0.31914743899337206,0.3248157607064892,-0.834500554934465,-0.7391835360071227,Yes,-0.09809427057321506,1.1391520322593454,-0.7955636702885976,Yes
1008,W1009,2020-01-03,Melbourne,-1.3655426579971908,-0.6188345059292885,0.5522765114490822,-0.7267779694366542,-0.23406915318464885,SE,-0.37340457006836963,N,WSW,0.003078342198968814,-0.7524027447152106,-0.4544232617393882,-0.9189771252225971,1.440162663566221e-14,-0.3909895771811334,-0.626647161235161,-0.13953353100771732,-0.6655100302320411,-1.307006279716297,No,-1.746532757854893,0.9369307075497789,-1.4368019051068688,No
1009,W1010,2016-01-19,Newcastle,-0.5957421593206295,-0.9831402049751442,1.4538013937716474,0.9222998809281875,0.4271244193511026,WNW,-0.30248030399401854,SSW,W,-0.1571533158499203,0.06098396940337357,-1.1963068266884582,-1.1975659396287706,-0.6426170616283545,-0.6960697733949498,-0.626647161235161,-1.0682321144361304,-0.40263588069493733,-0.8456503004525925,No,0.23159342688312057,-0.41639661935270295,-0.6569175654630257,No
1010,W1011,2020-09-02,Townsville,0.9438588380324928,0.24856001560846408,0.852784805556604,0.003527935724918602,1.1198034001028427,W,-1.2954200290349338,SSW,NE,0.003078342198968814,-1.6471281302456533,-1.1963068266884582,0.19537813240209637,0.1681224427453592,0.03002109359392478,0.7920447391076386,-0.6038828227219238,0.8366279671228376,0.6626288625249022,No,-1.746532757854893,0.8747087614852972,0.2616128790063892,No
1011,W1012,2019-09-29,Wollongong,-0.09537183518086466,-0.9310965336828796,-0.19899422381972226,0.33334350579788685,-1.4934854818241756,NW,1.7543234121621631,WSW,SSE,0.5638891453700806,1.0370480263456747,2.2481525820036525,1.8669110188391367,-1.9727365609914835,-1.6235135698849543,1.7378393393361715,1.7178636358491088,-0.21486863102557752,-0.7391835360071227,No,-1.4168450603985576,-0.610840200804209,0.20962058969680014,Yes
1012,W1013,2020-12-01,Cairns,0.9438588380324928,1.2026939892999926,-0.7248837385078853,0.003527935724918602,1.7180261562066175,SE,0.05214102637773692,S,ESE,0.003078342198968814,-0.427048059067777,-0.5604066281606839,0.24180960146979194,0.6875024377347744,1.610336509981499,-1.0995444613494274,0.3248157607064892,0.8554046920897732,1.6208297425341345,No,-1.087157362942222,-0.09750914577223295,1.093489507959822,No
1013,W1014,2022-03-05,Cairns,0.8861238006317512,1.0812587562847067,1.8294367614060496,0.42757652581873506,-1.2101168078802822,NE,-2.5197361024123344e-16,E,NNE,2.566784870981194,0.9557093549338163,0.2874603032096818,1.1240075137560077,-0.4652677950466069,-1.4770750757023168,-0.15374986112089445,-0.13953353100771732,1.2121624664615571,1.0352625380840474,Yes,0.8909688217957918,-1.427503242900534,1.440104770023752,Yes
1014,W1015,2020-07-20,Sydney,-0.4802720845191453,-1.1566191092826947,-1.1005191061422877,0.42757652581873506,-0.7378356846404595,WSW,-0.9407986986631783,W,E,-0.4776166319476985,-0.3457093876559185,-0.8253650442139232,-0.12964215107177257,0.7888448757814831,-0.36658316148403647,-1.572441761463694,0.7891650524206958,-0.3463057057941292,-0.9876059863798863,No,0.5612811243394562,-1.4663919591908352,-0.033010093747951386,No
