,ObservationID,Date,Location,MinTemp,MaxTemp,Rainfall,Evaporation,Sunshine,WindGustDir,WindGustSpeed,WindDir9am,WindDir3pm,WindSpeed9am,WindSpeed3pm,Humidity9am,Humidity3pm,Pressure9am,Pressure3pm,Cloud9am,Cloud3pm,Temp9am,Temp3pm,RainToday,UVIndex,Visibility_km,DewPoint,RainTomorrow
0,W0001,2021-05-21,Adelaide,14.6,20.8,2.6500000000000004,7.1,4.1,S,44.0,WSW,NW,42.0,48.0,94.0,67.0,999.6,993.5,5.0,5.0,17.3,19.4,Yes,6.0,18.1,18.5,Yes
1,W0002,2022-04-26,Adelaide,15.1,18.4,2.4,12.8,8.7,SW,10.0,SSW,N,10.0,24.0,34.0,58.0,1020.9,1018.1,2.0,3.0,15.2,17.2,No,10.0,40.6,14.890471092077089,No
2,W0003,2019-11-19,Perth,18.9,29.0,3.4,8.4,7.5,WNW,26.0,ESE,NW,12.0,9.0,46.0,48.0,1028.4,1025.9,3.0,3.0,19.9,26.2,No,11.0,38.8,21.3,No
3,W0004,2015-07-22,Melbourne,9.0,25.6,0.6,10.1,9.2,NNE,21.0,NE,E,21.0,11.0,26.0,23.0,1016.2728368017525,1013.1,2.0,3.0,14.1,18.7,Yes,2.0,6.8,7.2,No
4,W0005,2017-08-28,Newcastle,13.3,23.3,4.5,6.3,9.2,NNE,28.0,ENE,ESE,13.0,15.0,41.0,34.0,1016.2728368017525,1014.55,3.0,4.0,15.5,19.0,Yes,5.0,33.3,8.6,No
5,W0006,2022-04-06,Darwin,24.1,39.2,2.5,2.3,5.0,SSE,22.0,ESE,W,0.0,21.0,26.0,49.0,1021.2,1022.6,0.0,0.0,29.3,35.4,No,4.0,8.4,24.3,No
6,W0007,2020-06-20,Canberra,7.8,14.8,2.3,5.1,10.7,NE,33.0,SW,SSW,3.0,0.0,69.0,35.0,1013.5,1023.0,1.0,5.0,8.6,13.4,No,9.0,37.4,3.3,No
7,W0008,2018-07-04,Hobart,7.4,23.5,2.9,7.3,3.4,SE,67.0,ESE,NNW,32.0,25.0,75.0,55.0,1001.2,1004.7,3.0,6.0,11.1,15.6,Yes,11.0,44.0,14.890471092077089,Yes
8,W0009,2019-07-25,Townsville,20.8,26.2,1.1,14.1,6.7,NE,24.0,ESE,E,23.0,2.0,28.0,25.0,1016.2728368017525,1026.2,0.0,5.0,23.1,25.6,No,8.0,21.6,22.5,No
9,W0010,2018-09-26,Adelaide,13.4,18.1,2.6500000000000004,1.4,5.9,WSW,65.0,S,WSW,47.0,37.0,71.0,93.0,1016.2728368017525,1006.4,5.0,8.0,13.7,17.9,No,10.0,7.6,11.8,Yes
10,W0011,2016-03-26,Sydney,13.1,23.5,2.9,1.1,0.8,NE,68.0,NNE,ESE,15.0,16.0,74.0,55.0,998.8,997.1,7.0,7.0,15.8,20.4,No,6.0,35.7,13.8,Yes
11,W0012,2018-03-27,Perth,12.7,30.0,2.4,4.5,4.2,NNE,9.0,NW,SE,20.0,31.0,33.0,57.0,1016.8,1014.55,3.0,5.0,17.4,24.3,No,11.0,7.0,9.4,No
12,W0013,2022-07-29,Perth,15.2,24.4,2.9,12.4,8.4,W,7.0,N,WSW,7.0,14.0,66.0,58.0,1024.4,1012.7,3.0,3.0,18.0,20.3,No,1.0,21.6,13.2,No
13,W0014,2022-09-12,Newcastle,10.5,21.9,3.3,13.3,5.4,NNW,11.0,S,NNE,-0.0,15.0,40.0,50.0,1010.4,1019.4,5.0,3.0,12.5,19.2,No,1.0,25.0,8.3,No
14,W0015,2021-02-24,Darwin,21.2,39.8,2.0,8.6,3.5,WNW,44.0,W,WNW,18.0,16.0,87.0,69.0,1010.9,1002.8,5.0,6.0,27.8,34.0,Yes,8.0,26.7,14.890471092077089,Yes
15,W0016,2020-10-28,Cairns,19.8,34.4,1.2,7.9,5.4,NE,25.0,NW,W,21.0,27.0,43.0,27.0,1016.2728368017525,1012.6,0.0,3.0,27.0,30.6,No,11.0,46.8,17.4,No
16,W0017,2017-03-25,Darwin,22.8,35.3,1.2,3.6,8.0,WSW,25.0,SSE,WNW,10.0,32.0,43.0,32.0,1012.2,1016.0,4.0,2.0,23.9,33.1,No,8.0,30.8,20.7,No
17,W0018,2019-07-30,Darwin,21.3,31.9,2.6,7.7,1.9,SSW,29.264835164835166,N,NW,27.0,19.0,85.0,64.0,1012.5,993.9,7.0,7.0,25.5,28.7,Yes,3.0,23.6,17.9,Yes
18,W0019,2021-05-20,Sydney,15.8,25.767203219315896,2.9,2.3,4.8,NE,53.0,NE,ESE,18.0,17.0,73.0,65.0,999.3,1007.3,4.0,8.0,18.0,21.8,Yes,2.0,17.3,17.3,Yes
19,W0020,2016-02-13,Cairns,22.4,30.1,0.7,1.0,11.6,W,31.0,SW,NNW,19.0,15.0,31.0,47.0,1028.0,1014.55,4.0,2.0,25.8,26.7,Yes,1.0,32.7,26.6,No
20,W0021,2017-06-02,Cairns,23.0,27.0,3.8,9.1,12.2,NE,34.0,WNW,NNW,19.0,13.0,48.0,65.0,1022.9,1022.9,5.0,0.0,24.4,25.3,No,9.0,45.4,19.6,No
21,W0022,2022-06-17,Perth,18.3,26.6,2.9,8.4,7.243421052631579,WNW,14.0,SSE,WSW,18.0,20.0,70.0,45.0,1020.5,1016.3,3.0,1.0,18.3,25.9,Yes,11.0,33.6,17.7,No
22,W0023,2019-05-12,Townsville,23.6,27.2,2.4,2.0,2.8,NW,60.0,SSW,SE,18.0,40.0,76.0,88.0,995.2,999.7,8.0,4.0,24.1,25.5,Yes,5.0,14.4,27.2,Yes
23,W0024,2022-04-01,Canberra,8.1,20.3,0.5,11.6,7.0,NE,24.0,W,S,11.0,16.0,68.0,26.0,1022.6,1015.9,3.0,5.0,11.1,18.0,No,7.0,13.9,4.9,No
24,W0025,2015-11-04,Cairns,23.2,33.6,2.4,10.1,7.8,NE,15.0,SW,WSW,24.0,12.0,48.0,39.0,1022.9,1025.8,4.0,5.0,23.8,28.7,No,8.0,39.9,28.1,No
25,W0026,2022-07-29,Sydney,10.9,25.1,1.1,7.2,7.243421052631579,NE,17.0,WSW,NW,11.0,35.0,39.0,53.0,1021.7,1014.55,1.0,3.0,14.7,21.3,Yes,10.0,7.3,14.890471092077089,No
26,W0027,2015-03-20,Darwin,20.6,35.4,2.2,0.9,6.5,E,11.0,NNE,ENE,11.0,7.0,60.0,20.0,1016.5,1017.5,5.0,3.0,27.9,29.2,No,3.0,18.5,16.5,No
27,W0028,2020-11-01,Cairns,22.5,29.8,1.2,9.5,8.1,E,31.0,SSW,NE,20.0,25.0,32.0,35.0,1022.1,1012.9,2.0,0.0,25.1,28.6,No,4.0,36.7,18.9,No
28,W0029,2020-04-22,Wollongong,11.5,20.4,1.1,2.3,0.6,NW,71.0,SSE,ENE,48.0,21.0,62.0,73.0,1001.3,1008.4,4.0,5.0,12.8,20.1,Yes,11.0,5.6,15.2,Yes
29,W0030,2015-01-07,Perth,17.6,30.5,4.8,0.9,8.0,ENE,9.0,NE,WNW,3.0,21.0,57.0,60.0,1013.4,1024.2,0.0,2.0,19.1,27.1,Yes,5.0,46.0,15.5,Yes
30,W0031,2019-08-25,Darwin,21.3,30.3,6.6,12.7,2.1,E,29.264835164835166,SSW,S,30.0,23.0,95.0,80.0,996.7,995.3,5.0,6.0,25.3,25.8,Yes,4.0,42.7,18.2,Yes
31,W0032,2018-11-11,Cairns,20.1,34.7,3.1,3.9,8.7,WNW,12.0,SE,NW,21.0,32.0,33.0,46.0,1011.8,1021.7,3.0,1.0,24.7,27.7,Yes,5.0,29.0,16.4,No
32,W0033,2018-05-25,Sydney,14.8,25.9,3.5,8.3,4.9,SE,26.0,W,SE,1.0,23.0,63.0,59.0,1014.6,1013.8,2.0,1.0,15.8,21.5,Yes,5.0,20.7,11.4,No
33,W0034,2017-12-07,Adelaide,12.9,20.0,1.6,7.9,6.3,NE,9.0,S,S,28.0,10.0,34.0,20.0,1026.5,1015.8,3.0,2.0,14.1,16.8,No,2.0,23.9,17.3,No
34,W0035,2019-07-12,Sydney,15.2,28.0,1.6,9.3,11.8,NE,11.0,S,E,18.0,29.0,69.0,65.0,1016.2728368017525,1010.9,3.0,1.0,15.6,27.9,No,7.0,19.9,19.3,No
35,W0036,2016-11-17,Townsville,18.5,35.2,3.8,8.2,12.1,WSW,13.0,NW,SE,7.0,15.0,45.0,28.0,1016.4,1016.6,1.0,3.0,20.2,34.3,No,9.0,46.2,14.890471092077089,No
36,W0037,2018-08-19,Wollongong,10.3,28.5,1.4,11.5,7.243421052631579,NE,39.0,WNW,NNE,17.0,26.0,26.0,50.0,1016.2728368017525,1027.9,1.0,5.0,12.0,22.8,No,8.0,18.4,11.1,No
37,W0038,2019-04-07,Melbourne,7.8,17.8,2.75,0.7,2.3,NNW,29.264835164835166,NNE,W,18.0,23.0,91.0,91.0,1006.8,995.5,5.0,4.0,10.7,13.1,No,9.0,29.2,3.0,Yes
38,W0039,2018-01-04,Canberra,5.6,19.9,2.2,5.4,7.3,SSW,24.0,SSE,SSE,19.0,8.0,53.0,17.0,1016.2728368017525,1020.1,0.0,5.0,12.6,13.4,No,8.0,47.0,14.890471092077089,No
39,W0040,2022-08-16,Brisbane,18.6,26.9,1.6,3.1,8.8,NE,39.0,WSW,SSE,11.0,25.0,51.0,20.0,1016.2728368017525,1013.9,1.0,5.0,19.0,25.3,No,7.0,24.1,19.2,No
40,W0041,2022-08-24,Cairns,22.9,32.0,0.7,1.3,5.1,NNW,37.0,SE,ESE,8.0,20.0,62.0,54.0,1016.2728368017525,1019.2,1.0,5.0,26.1,30.9,No,9.0,36.5,17.9,No
41,W0042,2017-02-11,Perth,13.5,31.8,1.8,7.3,7.0,WSW,10.0,SE,NNE,25.0,35.0,52.0,58.0,1012.6,1008.3,1.0,3.0,19.4,23.3,No,9.0,11.6,8.7,No
42,W0043,2021-02-10,Newcastle,17.0,19.5,3.05,12.7,4.1,S,45.0,WSW,NNW,51.0,57.0,56.0,75.0,1010.8,1008.6,4.0,5.0,17.5,19.3,Yes,7.0,43.6,20.9,Yes
43,W0044,2017-06-27,Darwin,22.2,40.0,0.2,14.0,9.9,NE,21.0,SW,NW,7.0,34.0,27.0,18.0,1025.7,1027.2,3.0,5.0,27.3,31.5,No,11.0,43.2,26.3,No
44,W0045,2021-11-26,Canberra,6.6,20.4,2.3,7.3,7.243421052631579,NNE,9.0,NE,E,25.0,10.0,55.0,51.0,1029.6,1012.3,0.0,2.0,7.3,16.8,No,7.0,36.4,5.8,No
45,W0046,2022-06-15,Melbourne,11.9,22.7,2.3,13.9,5.7,E,41.0,S,N,20.0,6.0,50.0,50.0,1018.8,1010.6,5.0,5.0,13.5,19.1,No,5.0,45.5,15.4,No
46,W0047,2015-01-20,Townsville,21.3,28.2,2.4,14.1,3.8,NNE,49.0,E,SSE,54.0,32.0,94.0,98.0,997.6,1003.6,8.0,6.0,24.4,27.3,No,5.0,27.2,24.6,Yes
47,W0048,2015-03-07,Newcastle,16.9,28.0,3.05,9.9,1.5,SSW,29.264835164835166,S,WNW,44.0,28.0,86.0,58.0,1004.8,1012.7,6.0,4.0,22.0,27.3,Yes,4.0,29.8,17.3,Yes
48,W0049,2017-12-16,Townsville,23.6,31.1,1.1,10.8,11.1,SW,35.0,ESE,S,10.0,10.0,25.0,61.0,1014.1,1011.8,4.0,0.0,27.3,30.9,No,10.0,38.1,14.890471092077089,No
49,W0050,2021-08-02,Wollongong,11.9,23.6,0.1,3.2,7.2,S,35.0,WSW,NNW,10.0,10.0,48.0,36.0,1011.8,1010.3,5.0,4.0,11.9,18.7,No,10.0,29.4,8.6,No
50,W0051,2017-01-07,Sydney,15.5,24.4,4.5,3.4,12.9,ESE,27.0,W,S,9.0,25.0,68.0,22.0,1013.4,1012.5,3.0,0.0,18.6,22.6,No,7.0,8.1,13.7,No
51,W0052,2019-09-03,Townsville,21.4,34.3,2.4,7.8,4.0,S,45.0,SE,WNW,45.0,23.0,72.0,96.0,1003.9,1007.3,5.0,8.0,24.7,30.0,No,6.0,17.4,16.7,Yes
52,W0053,2015-01-19,Newcastle,10.0,21.2,3.05,11.0,5.6,W,42.0,W,NE,42.0,45.0,70.0,56.0,1010.8,1012.9,8.0,5.0,12.7,15.7,No,7.0,13.5,13.1,Yes
53,W0054,2017-01-29,Canberra,10.4,18.2,2.3,7.3,7.0,SW,21.0,NNE,SSE,3.0,25.0,33.0,24.0,1023.4,1014.3,4.0,5.0,12.2,14.6,No,3.0,22.3,12.7,No
54,W0055,2018-12-10,Wollongong,13.1,19.5,2.4,1.5,4.6,SW,29.264835164835166,N,S,32.0,33.0,65.0,79.0,1014.2,1003.0,4.0,6.0,14.9,16.7,Yes,7.0,42.3,14.0,Yes
55,W0056,2017-03-15,Melbourne,12.6,18.2,3.8,14.8,4.9,WNW,13.0,SSE,S,30.0,19.0,28.0,65.0,1016.2728368017525,1008.9,3.0,5.0,14.3,17.5,No,9.0,49.9,7.6,No
56,W0057,2018-06-06,Adelaide,15.0,22.8,0.2,1.9,11.5,SE,34.0,NW,W,20.0,33.0,47.0,36.0,1027.9,1025.6,4.0,4.0,17.3,20.4,No,8.0,10.5,14.890471092077089,No
57,W0058,2022-02-24,Cairns,21.4,35.0,0.8,1.0,7.1,SW,17.0,NNE,SSE,4.0,21.0,45.0,23.0,1014.7,1022.1,3.0,3.0,27.3,30.4,Yes,6.0,37.9,22.0,No
58,W0059,2016-04-15,Melbourne,14.0,21.5,3.1,8.4,10.7,E,19.0,WNW,WSW,14.0,23.0,63.0,25.0,1024.6,1015.0,2.0,3.0,17.1,18.3,No,2.0,9.6,17.8,No
59,W0060,2022-07-08,Perth,14.4,22.1,0.9,5.2,4.6,ENE,38.0,S,NW,21.0,3.0,41.0,16.0,1017.3,1014.55,5.0,5.0,17.3,20.0,Yes,9.0,12.9,11.5,No
60,W0061,2019-05-07,Brisbane,18.8,26.7,2.3,10.6,4.6,NE,31.0,S,N,1.0,9.0,35.0,65.0,1011.3,1018.7,0.0,5.0,19.0,26.0,No,9.0,21.3,19.7,No
61,W0062,2018-03-29,Darwin,22.7,35.5,5.0,7.0,0.6,W,29.264835164835166,WNW,NW,46.0,42.0,90.0,66.0,1012.9,997.4,4.0,7.0,24.4,30.4,No,3.0,21.3,26.4,Yes
62,W0063,2017-04-15,Sydney,10.7,21.4,2.5,0.3,9.1,NW,32.0,N,WSW,13.0,6.0,68.0,35.0,1023.3,1016.9,5.0,2.0,13.9,21.1,No,3.0,37.7,5.9,No
63,W0064,2018-08-22,Hobart,10.8,20.7,4.3,7.3,11.5,ENE,11.0,WSW,N,1.0,9.0,65.0,50.0,1029.3,1010.7,2.0,0.0,15.0,19.5,Yes,2.0,10.0,15.7,No
64,W0065,2016-05-10,Canberra,5.0,15.1,1.6,9.6,4.1,E,13.0,WSW,E,21.0,29.0,34.0,59.0,1020.4,1011.8,5.0,4.0,7.4,10.5,No,3.0,40.7,8.6,No
65,W0066,2016-12-15,Newcastle,13.8,26.3,1.7,11.0,11.3,SSW,24.0,E,E,16.0,14.0,67.0,32.0,1012.7,1019.2,5.0,4.0,16.9,25.9,No,6.0,5.7,16.4,No
66,W0067,2017-04-30,Brisbane,17.0,25.4,0.9,11.9,8.9,NW,16.0,N,SE,16.0,28.0,25.0,46.0,1012.7,1014.0,3.0,4.0,20.8,21.7,Yes,6.0,12.6,17.2,No
67,W0068,2017-10-20,Hobart,6.0,16.2,6.5,0.6,3.9,SE,29.264835164835166,SSW,WNW,25.0,22.0,65.0,70.0,1013.9,1006.2,8.0,8.0,8.9,12.6,No,10.0,30.7,10.1,Yes
68,W0069,2022-11-23,Townsville,22.7,36.7,1.5,6.5,6.1,WSW,32.0,ENE,S,30.0,22.0,39.0,15.0,1024.7,1010.7,0.0,0.0,28.1,35.3,No,9.0,23.9,26.5,No
69,W0070,2021-04-10,Canberra,5.3,19.1,3.8,4.1,4.7,NE,0.0,SW,WNW,20.0,17.0,37.0,47.0,1022.4,1026.7,1.0,3.0,12.0,17.0,Yes,2.0,8.0,4.6,No
70,W0071,2022-01-08,Wollongong,11.7,21.5,4.3,10.0,11.3,WNW,30.0,SSW,S,2.0,12.0,57.0,61.0,1016.3,1012.3,0.0,1.0,13.2,20.7,No,3.0,18.2,8.5,No
71,W0072,2015-08-22,Townsville,23.8,28.1,0.9,8.6,12.8,SW,41.0,ESE,NW,13.0,4.0,59.0,38.0,1016.2728368017525,1015.0,4.0,3.0,24.0,26.4,No,10.0,18.2,14.890471092077089,No
72,W0073,2018-01-06,Melbourne,7.8,20.4,1.6,5.3,7.243421052631579,WNW,29.0,SSW,S,19.0,19.0,51.0,59.0,1016.3,1019.8,4.0,2.0,7.9,14.8,Yes,7.0,26.7,6.9,No
73,W0074,2017-05-19,Melbourne,10.0,17.5,1.2,10.0,12.8,NE,8.0,WNW,SE,23.0,29.0,53.0,32.0,1020.5,1020.3,4.0,3.0,13.3,17.0,No,2.0,9.3,14.3,No
74,W0075,2015-05-30,Brisbane,16.6,29.4,2.4,2.9,4.9,WNW,66.0,W,NNE,40.0,26.0,67.0,64.0,1012.2,1008.0,6.0,8.0,22.7,28.1,Yes,11.0,21.8,11.6,Yes
75,W0076,2018-06-29,Canberra,5.9,16.4,0.1,4.5,12.3,NE,37.0,NE,N,8.0,32.0,28.0,25.0,1018.1,1018.6,0.0,3.0,9.2,13.2,No,1.0,18.5,7.7,No
76,W0077,2020-09-03,Sydney,11.4,26.8,2.9,9.9,10.1,S,28.0,NE,WSW,16.0,17.0,30.0,37.0,1014.6,1026.8,1.0,3.0,15.3,26.6,Yes,7.0,8.5,13.1,No
77,W0078,2018-05-15,Sydney,16.6,19.7,2.5,14.2,11.3,E,39.0,NE,NE,13.0,26.0,56.0,21.0,1013.5,1014.55,4.0,5.0,17.0,18.5,No,11.0,22.2,18.3,No
78,W0079,2016-03-11,Darwin,26.0,31.5,2.6,14.0,1.8,SW,29.264835164835166,NNW,W,41.0,47.0,61.0,62.0,1016.2728368017525,1007.7,5.0,8.0,27.6,29.2,Yes,2.0,7.9,30.9,Yes
79,W0080,2020-08-01,Sydney,10.6,27.7,1.6,12.0,12.6,W,0.0,NE,ESE,17.0,11.0,53.0,57.0,1026.5,1014.3,1.0,1.0,10.7,27.7,No,6.0,22.2,10.8,No
80,W0081,2016-03-22,Hobart,10.7,14.1,3.7,1.4,7.243421052631579,SW,23.0,NW,NNE,21.0,14.0,56.0,35.0,1022.0,1013.9,3.0,3.0,11.4,13.4,No,1.0,30.4,15.4,No
81,W0082,2017-02-20,Adelaide,11.1,19.8,2.8,8.8,7.243421052631579,N,42.0,W,SE,13.0,9.0,64.0,48.0,1016.5,1017.0,2.0,1.0,13.8,16.3,No,2.0,19.3,14.7,No
82,W0083,2019-10-15,Brisbane,20.7,31.8,1.8,4.2,11.4,WSW,23.0,ENE,S,4.0,33.0,28.0,37.0,1011.4,1010.0,5.0,0.0,23.6,31.2,No,3.0,46.8,23.1,No
83,W0084,2015-02-25,Newcastle,16.9,26.5,3.0,7.7,9.2,E,25.0,ESE,WNW,3.0,22.0,30.0,33.0,1011.9,1011.7,4.0,0.0,20.0,25.7,No,10.0,28.5,19.0,No
84,W0085,2016-09-28,Brisbane,18.9,23.8,0.2,14.3,6.4,S,17.0,SSW,NW,3.0,15.0,70.0,38.0,1025.4,1026.2,1.0,4.0,19.5,22.2,Yes,6.0,26.4,14.890471092077089,No
85,W0086,2017-06-02,Canberra,9.4,23.6,2.9,10.8,7.243421052631579,SE,36.0,N,SE,23.0,19.0,72.0,68.0,1004.1,1008.6,6.0,8.0,12.4,18.9,Yes,5.0,20.4,8.2,Yes
86,W0087,2020-12-08,Sydney,12.5,22.1,3.5,8.1,9.9,ESE,42.0,WNW,WNW,18.0,27.0,64.0,26.0,1027.1,1014.1,0.0,1.0,15.7,20.0,No,10.0,47.6,14.890471092077089,No
87,W0088,2019-04-20,Cairns,22.5,35.4,3.3,9.3,4.8,ENE,36.0,E,NNW,24.0,19.0,58.0,42.0,1024.1,1010.2,1.0,3.0,26.9,30.0,No,11.0,6.6,19.4,No
88,W0089,2018-04-02,Adelaide,11.0,28.3,4.1,0.9,5.0,N,28.0,WSW,E,21.0,18.0,28.0,63.0,1011.0,1024.6,0.0,3.0,11.3,24.3,No,5.0,31.4,12.4,No
89,W0090,2020-08-30,Hobart,5.5,23.6,1.3,5.9,5.7,SW,12.0,N,W,29.0,0.0,29.0,17.0,1030.0,1019.3,3.0,5.0,11.9,16.4,No,8.0,25.3,9.6,No
90,W0091,2020-05-24,Canberra,8.9,20.0,3.0,9.2,12.7,N,36.0,E,ENE,21.0,25.0,32.0,35.0,1021.9,1009.3,5.0,2.0,9.2,18.3,No,7.0,6.4,11.6,No
91,W0092,2016-12-14,Wollongong,11.5,22.6,4.6,2.0,9.0,NW,33.0,SSE,ESE,18.0,22.0,42.0,50.0,1028.6,1019.9,4.0,1.0,12.3,19.6,Yes,3.0,44.3,16.3,No
92,W0093,2016-01-19,Brisbane,17.7,31.4,0.2,1.2,7.243421052631579,ENE,25.0,NNE,SSW,20.0,4.0,43.0,20.0,1016.2728368017525,1022.4,1.0,5.0,23.1,29.3,No,2.0,11.0,17.8,No
93,W0094,2018-11-05,Canberra,9.0,17.3,4.7,1.3,5.5,NE,17.0,SSE,NE,26.0,20.0,61.0,33.0,1029.7,1020.0,0.0,4.0,11.1,16.8,No,5.0,41.3,12.6,No
94,W0095,2019-10-05,Canberra,10.4,19.1,2.9,1.5,0.1,N,72.0,NE,NE,48.0,57.0,56.0,78.0,996.6,993.7,7.0,5.0,12.2,15.1,No,2.0,39.8,5.7,Yes
95,W0096,2020-10-16,Perth,15.7,21.9,4.8,1.4,7.243421052631579,NW,13.0,S,S,29.0,18.0,47.0,35.0,1010.8,1019.2,5.0,2.0,16.6,20.1,No,10.0,38.7,20.3,No
96,W0097,2021-07-01,Melbourne,7.5,25.0,4.7,13.3,8.6,SSE,16.0,NE,WNW,30.0,8.0,43.0,62.0,1012.6,1019.6,2.0,2.0,15.1,19.2,No,10.0,41.8,5.7,No
97,W0098,2021-04-14,Brisbane,15.6,23.1,3.3,8.0,10.4,ENE,8.0,E,E,18.0,14.0,45.0,55.0,1023.4,1014.55,1.0,0.0,19.3,20.6,No,8.0,48.2,13.1,No
98,W0099,2017-06-24,Darwin,23.7,33.2,1.7,14.5,4.0,W,38.0,W,NW,0.0,15.0,63.0,60.0,1013.3,1014.55,5.0,2.0,24.5,29.2,No,9.0,8.4,25.9,No
99,W0100,2020-08-27,Darwin,25.5,35.0,6.9,13.9,5.2,NE,0.0,SE,ESE,45.0,31.0,87.0,92.0,1011.0,1007.7,8.0,8.0,28.6,34.2,Yes,6.0,18.0,14.890471092077089,Yes
100,W0101,2022-07-21,Darwin,24.2,36.8,2.8,6.4,11.2,SSW,38.0,W,S,28.0,10.0,38.0,36.0,1018.1,1014.55,2.0,5.0,25.9,32.3,No,6.0,10.7,22.1,No
101,W0102,2018-03-11,Darwin,22.1,33.8,3.3,14.6,12.5,S,31.0,N,W,8.0,17.0,67.0,17.0,1023.6,1012.5,3.0,4.0,24.4,32.8,No,5.0,29.1,23.2,No
102,W0103,2016-10-15,Canberra,9.4,25.767203219315896,0.5,2.7,10.1,SSE,35.0,SE,ESE,17.0,20.0,40.0,25.0,1010.9,1013.2,4.0,2.0,10.5,15.3,Yes,4.0,33.0,5.6,No
103,W0104,2015-02-27,Newcastle,14.6,26.8,1.5,9.0,5.0,WNW,35.0,S,WNW,1.0,15.0,58.0,18.0,1015.6,1022.8,1.0,3.0,16.7,25.4,No,8.0,46.3,15.4,No
104,W0105,2015-05-20,Sydney,16.2,24.1,3.9,7.3,9.4,NNE,18.0,NNW,WNW,18.0,29.0,29.0,18.0,1026.9,1026.9,1.0,3.0,16.5,23.4,No,11.0,33.4,18.7,No
105,W0106,2021-04-28,Newcastle,11.5,24.3,3.05,8.9,0.1,SSW,29.264835164835166,S,NNE,54.0,35.0,99.0,95.0,1009.5,1007.4,5.0,7.0,13.7,20.3,Yes,5.0,25.2,16.5,Yes
106,W0107,2022-06-07,Adelaide,13.5,25.767203219315896,1.1,5.1,7.9,SSW,13.0,W,ESE,8.0,21.0,63.0,-5.0,1012.6,1022.5,5.0,0.0,14.4,22.0,No,11.0,13.8,18.2,No
107,W0108,2019-01-23,Wollongong,11.2,24.3,3.0,4.0,6.3,E,29.264835164835166,WSW,E,26.0,20.0,70.0,45.0,1015.1,1010.3,3.0,3.0,14.4,22.6,No,10.0,18.2,7.0,No
108,W0109,2017-06-20,Sydney,16.3,26.7,0.4,2.6,7.243421052631579,SW,12.0,E,N,17.0,10.0,59.0,21.0,1010.1,1011.8,2.0,3.0,17.7,23.2,No,3.0,31.5,21.2,No
109,W0110,2020-04-06,Cairns,24.6,27.5,2.7,2.3,5.1,47,29.264835164835166,E,SE,19.0,35.0,92.0,65.0,1016.2728368017525,994.5,8.0,4.0,24.9,26.1,No,2.0,22.2,28.0,Yes
110,W0111,2015-10-23,Cairns,18.9,28.9,4.3,8.5,8.0,WSW,7.0,ESE,SSE,18.0,11.0,106.0,44.0,1016.1,1015.9,2.0,1.0,20.6,24.3,Yes,10.0,9.0,22.8,No
111,W0112,2018-08-12,Canberra,10.3,20.2,4.2,5.4,5.5,W,11.0,ESE,SSE,21.0,17.0,60.0,35.0,1017.2,1015.4,0.0,4.0,14.2,15.5,Yes,9.0,20.1,14.890471092077089,No
112,W0113,2020-08-12,Townsville,20.6,35.1,2.4,11.5,3.4,SW,40.0,NE,E,34.0,26.0,74.0,63.0,1009.8,1000.7,5.0,5.0,27.4,33.8,No,2.0,47.0,22.9,Yes
113,W0114,2015-10-21,Sydney,16.9,20.1,3.4,1.6,4.8,W,35.0,E,SE,45.0,45.0,66.0,91.0,1010.3,1008.5,3.0,3.0,17.6,19.7,No,7.0,12.9,18.2,Yes
114,W0115,2021-08-10,Perth,18.2,21.3,2.4,4.7,4.2,WSW,20.0,WSW,ESE,6.0,13.0,64.0,51.0,1016.2728368017525,1010.0,4.0,5.0,18.7,20.0,No,7.0,28.7,20.8,No
115,W0116,2022-08-28,Darwin,24.8,33.2,0.6,2.9,5.3,E,12.0,NW,ENE,11.0,31.0,42.0,49.0,1012.4,1014.55,2.0,4.0,26.7,31.4,Yes,10.0,32.2,24.5,No
116,W0117,2016-05-24,Wollongong,16.5,21.9,2.4,10.6,1.1,SW,70.0,ENE,ESE,37.0,56.0,71.0,85.0,995.2,997.7,5.0,7.0,17.3,20.4,Yes,9.0,13.8,12.0,Yes
117,W0118,2021-06-14,Canberra,7.8,25.767203219315896,2.9,11.5,4.8,SW,18.0,NNE,NE,19.0,33.0,56.0,59.0,1011.3,1017.7,3.0,1.0,10.7,15.9,No,7.0,20.1,10.8,No
118,W0119,2019-05-12,Cairns,18.6,34.8,3.6,3.7,4.2,NE,21.0,SE,SSW,5.0,17.0,67.0,47.0,1019.1,1015.8,4.0,1.0,25.1,33.8,No,5.0,30.2,14.8,No
119,W0120,2022-09-01,Canberra,11.1,21.4,0.1,13.9,7.243421052631579,SE,28.0,ENE,ESE,30.0,35.0,30.0,52.0,1012.2,1014.55,3.0,0.0,12.5,21.3,No,5.0,30.7,11.5,No
120,W0121,2016-10-24,Newcastle,16.2,21.2,3.1,2.3,10.8,N,16.0,E,S,7.0,23.0,30.0,64.0,1025.0,1018.4,5.0,3.0,17.4,19.7,No,7.0,35.6,19.5,No
121,W0122,2019-04-25,Perth,14.6,28.7,3.6,7.1,11.0,NE,44.0,NNE,W,15.0,26.0,59.0,58.0,1017.2,1018.3,4.0,2.0,20.8,25.2,Yes,4.0,26.4,14.9,No
122,W0123,2019-10-18,Darwin,21.3,37.7,1.9,6.9,10.7,ESE,29.0,SSW,E,22.0,33.0,57.0,58.0,1023.6,1008.6,5.0,2.0,23.4,31.2,No,6.0,33.1,25.2,No
123,W0124,2021-06-26,Townsville,23.7,27.6,2.3,6.5,-1.0,W,34.0,W,NW,4.0,23.0,27.0,36.0,1022.3,1024.9,5.0,4.0,24.3,25.8,No,11.0,20.8,14.890471092077089,No
124,W0125,2016-01-07,Townsville,19.9,31.3,1.2,13.0,4.4,SW,13.0,WSW,NW,15.0,14.0,25.0,60.0,1012.7,1009.7,4.0,5.0,22.0,28.6,No,7.0,8.5,24.0,No
125,W0126,2022-11-04,Darwin,22.9,31.6,3.1,10.6,4.2,WNW,37.0,N,W,8.0,34.0,61.0,62.0,1027.3,1011.2,3.0,2.0,26.9,31.3,No,2.0,47.7,19.0,No
126,W0127,2017-09-20,Newcastle,16.3,22.2,4.8,4.2,6.3,NE,18.0,SE,WSW,20.0,32.0,43.0,44.0,1016.2728368017525,1014.55,5.0,5.0,17.8,19.5,Yes,5.0,22.8,12.1,No
127,W0128,2022-11-12,Cairns,21.0,30.3,2.2,3.3,12.5,W,31.0,ESE,NNW,28.0,23.0,52.0,51.0,1016.7,1014.55,3.0,0.0,21.7,27.6,No,5.0,11.6,22.5,No
128,W0129,2018-02-27,Adelaide,14.9,24.9,2.4,8.9,10.8,ENE,39.0,SE,SW,8.0,29.0,31.0,48.0,1016.2728368017525,1015.4,1.0,1.0,17.2,20.8,No,11.0,15.1,15.4,No
129,W0130,2017-12-26,Cairns,24.6,27.9,4.9,2.0,6.7,SE,22.0,NW,ENE,28.0,11.0,46.0,59.0,1017.3,1017.5,3.0,3.0,25.6,27.8,No,1.0,39.8,23.8,No
130,W0131,2019-08-02,Adelaide,11.3,28.9,2.0,9.3,7.4,NE,32.0,SSW,ENE,8.0,25.0,30.0,31.0,1028.5,1014.9,0.0,5.0,20.1,28.3,No,1.0,45.7,14.890471092077089,No
131,W0132,2019-12-23,Brisbane,15.8,33.1,1.9,6.0,9.9,SSE,19.0,NNE,E,6.0,26.0,50.0,41.0,1015.1,1014.6,3.0,3.0,21.7,27.1,No,11.0,31.8,15.7,No
132,W0133,2022-08-25,Hobart,5.7,15.7,3.4,11.7,11.3,N,39.0,SSE,WNW,18.0,10.0,57.0,48.0,1019.5,1008.3,0.0,0.0,10.0,14.9,Yes,4.0,6.1,14.890471092077089,No
133,W0134,2016-08-12,Darwin,24.8,33.1,2.6,13.7,3.3,NE,37.0,NW,S,18.0,56.0,71.0,64.0,997.5,996.0,8.0,5.0,27.5,32.5,Yes,7.0,38.6,20.6,Yes
134,W0135,2018-02-24,Newcastle,15.1,24.1,3.05,0.8,1.8,NE,61.0,SE,NE,36.0,21.0,78.0,89.0,1013.0,1012.4,5.0,7.0,17.9,22.3,Yes,8.0,40.3,10.9,Yes
135,W0136,2021-04-03,Canberra,8.6,17.7,2.8,12.4,9.7,S,7.0,WSW,NNW,0.0,7.0,37.0,64.0,1021.1,1022.3,5.0,3.0,9.8,13.3,No,3.0,40.1,6.0,No
136,W0137,2019-11-28,Wollongong,11.1,27.6,2.5,11.6,10.4,NE,34.0,SE,W,21.0,33.0,56.0,43.0,1018.2,1026.4,2.0,3.0,11.5,25.9,No,11.0,35.9,8.9,No
137,W0138,2021-01-19,Newcastle,15.3,19.6,1.6,13.5,5.0,N,16.0,WNW,SSE,19.0,28.0,67.0,19.0,1029.8,1025.2,2.0,1.0,17.1,19.2,Yes,3.0,14.1,13.7,No
138,W0139,2019-01-22,Townsville,18.7,33.8,0.0,2.1,12.5,NE,16.0,ENE,SSW,18.0,6.0,39.0,30.0,1016.2728368017525,1014.6,0.0,0.0,21.3,30.3,Yes,11.0,40.8,22.5,No
139,W0140,2020-08-07,Cairns,23.0,29.5,3.2,0.7,8.5,N,15.0,SW,NW,0.0,20.0,52.0,61.0,1019.4,1024.7,2.0,5.0,23.6,29.1,No,3.0,38.7,20.7,No
140,W0141,2020-04-26,Canberra,9.2,20.0,2.9,9.7,5.7,NW,62.0,WSW,ENE,29.0,25.0,91.0,88.0,1014.8,995.9,5.0,4.0,11.1,17.5,Yes,8.0,37.7,12.4,Yes
141,W0142,2016-07-28,Melbourne,9.4,19.8,1.3,9.3,9.5,NE,17.0,ENE,NNE,4.0,5.0,67.0,23.0,1011.0,1013.2,2.0,2.0,10.7,15.4,No,8.0,15.7,14.890471092077089,No
142,W0143,11/11/2017,Wollongong,14.8,25.767203219315896,4.2,10.5,12.0,SE,28.0,ESE,W,7.0,13.0,49.0,61.0,1016.4,1022.4,5.0,1.0,15.8,26.6,No,7.0,29.5,17.6,No
143,W0144,2020-05-26,Sydney,16.7,19.1,3.1,0.6,10.3,SSW,37.0,SSE,WSW,16.0,23.0,52.0,56.0,1018.2,1016.5,5.0,4.0,17.6,18.1,No,9.0,20.1,14.9,No
144,W0145,2016-08-20,Townsville,20.1,33.6,2.2,5.2,9.5,SSE,8.0,WNW,W,22.0,23.0,57.0,51.0,1022.6,1008.1,3.0,2.0,20.3,32.0,Yes,9.0,49.0,17.3,No
145,W0146,2019-08-14,Perth,15.4,25.6,3.1,0.9,7.243421052631579,SE,17.0,E,WNW,1.0,14.0,60.0,64.0,1020.9,1025.5,3.0,0.0,20.2,21.7,Yes,9.0,7.1,12.8,No
146,W0147,2021-02-07,Wollongong,12.0,29.2,2.4,7.2,7.243421052631579,SSW,29.264835164835166,ENE,WSW,33.0,28.0,86.0,83.0,1007.5,1006.2,8.0,5.0,12.3,28.9,Yes,6.0,48.3,11.5,Yes
147,W0148,2019-03-21,Perth,13.0,25.0,2.4,2.2,7.7,ESE,34.0,NE,NE,9.0,26.0,27.0,49.0,1016.1,1016.7,3.0,1.0,17.9,22.4,No,8.0,22.5,11.9,No
148,W0149,2022-02-28,Wollongong,14.0,24.6,2.4,5.1,3.3,WSW,29.264835164835166,E,NNW,20.0,26.0,84.0,58.0,1012.8,1002.6,7.0,7.0,17.0,24.0,No,4.0,47.3,14.890471092077089,No
149,W0150,2018-04-25,Townsville,23.5,36.5,5.0,13.5,11.4,SW,45.0,ESE,SSE,0.0,15.0,25.0,26.0,1028.3,1023.3,2.0,3.0,28.1,36.1,No,2.0,30.9,20.5,No
150,W0151,2018-12-23,Hobart,6.8,13.5,5.9,8.9,5.3,SSW,29.264835164835166,SW,SE,18.0,37.0,96.0,76.0,1016.2728368017525,1008.9,7.0,5.0,7.8,12.7,Yes,5.0,41.3,4.7,Yes
151,W0152,2015-04-21,Cairns,18.8,36.4,4.8,8.8,8.0,SE,45.0,NNW,SSE,4.0,11.0,46.0,44.0,1021.2,1008.2,4.0,3.0,26.2,34.6,No,10.0,14.9,21.3,No
152,W0153,2020-02-26,Hobart,9.5,14.9,2.2,4.4,7.4,NW,44.0,SW,ENE,9.0,18.0,57.0,43.0,1024.8,1015.3,5.0,0.0,9.8,12.5,No,8.0,29.7,13.6,No
153,W0154,2020-11-15,Newcastle,10.8,22.5,0.5,0.3,10.7,NE,20.0,NNE,W,30.0,4.0,34.0,51.0,1014.0,1027.8,2.0,5.0,12.4,18.2,No,11.0,15.2,7.2,No
154,W0155,2017-11-11,Perth,15.2,21.1,0.8,1.4,7.4,E,7.0,SE,SE,18.0,6.0,51.0,22.0,1012.5,1013.3,4.0,5.0,16.1,20.7,No,7.0,32.1,13.6,No
155,W0156,2022-04-21,Brisbane,16.6,25.6,1.9,7.1,8.1,ENE,9.0,ENE,NW,13.0,12.0,56.0,21.0,1027.0,1014.55,2.0,2.0,17.9,22.5,No,5.0,43.3,18.3,No
156,W0157,2019-12-23,Canberra,6.5,15.8,2.9,8.2,1.4,NE,29.264835164835166,ESE,ENE,24.0,56.0,79.0,55.0,998.1,996.9,7.0,7.0,10.7,15.8,Yes,8.0,38.2,8.0,Yes
157,W0158,2022-06-25,Hobart,8.1,20.9,2.5,6.0,7.243421052631579,ENE,36.0,NNE,ENE,5.0,7.0,54.0,23.0,1028.6,1024.8,3.0,0.0,11.5,20.3,No,11.0,14.4,7.9,No
158,W0159,2020-12-06,Perth,18.6,29.1,4.4,12.5,11.8,N,22.0,W,ENE,6.0,21.0,57.0,47.0,1015.9,1020.9,4.0,3.0,19.8,24.8,No,6.0,14.5,15.1,No
159,W0160,2020-10-16,Brisbane,15.0,32.1,2.4,7.6,0.3,NE,53.0,NNW,E,26.0,41.0,77.0,84.0,1014.8,994.0,5.0,8.0,22.3,30.2,Yes,2.0,24.0,10.1,Yes
160,W0161,2021-01-29,Darwin,23.7,39.1,1.3,3.0,10.8,NW,27.0,S,ENE,4.0,17.0,40.0,20.0,1027.1,1027.9,0.0,2.0,29.5,38.5,No,4.0,9.2,22.1,No
161,W0162,2021-03-18,Sydney,16.4,20.2,0.2,4.3,8.6,SSW,31.0,ENE,SE,17.0,12.0,65.0,29.0,1025.1,1024.9,3.0,4.0,17.5,20.1,No,7.0,16.1,11.4,No
162,W0163,2016-12-25,Brisbane,16.6,32.5,2.4,5.8,8.1,NW,10.0,NW,NNW,10.0,34.0,43.0,38.0,1010.3,1017.6,5.0,0.0,21.3,31.6,No,4.0,48.3,13.7,No
163,W0164,2019-12-13,Melbourne,15.1,29.9,3.9,7.3,-0.1,SW,29.264835164835166,SW,N,36.0,44.0,87.0,69.0,1016.2728368017525,1002.4,7.0,6.0,15.8,24.0,No,5.0,42.5,16.0,Yes
164,W0165,2016-09-27,Melbourne,11.0,26.5,1.7,1.7,8.5,S,13.0,SSW,NNW,29.0,34.0,47.0,32.0,1024.2,1012.0,0.0,4.0,14.2,25.0,No,9.0,35.1,15.0,No
165,W0166,2019-04-05,Canberra,6.5,22.9,2.0,11.0,12.1,WNW,8.0,SE,ESE,15.0,5.0,67.0,34.0,1023.0,1020.3,1.0,3.0,14.1,15.4,No,2.0,26.6,8.3,No
166,W0167,2019-03-26,Sydney,13.5,24.1,2.9,1.0,0.4,N,29.264835164835166,NNW,NNE,53.0,24.0,65.0,92.0,1004.6,993.0,8.0,8.0,17.4,23.2,No,2.0,34.2,14.890471092077089,Yes
167,W0168,2020-01-10,Adelaide,11.9,27.3,3.0,14.1,9.1,NNW,9.0,S,NNW,30.0,7.0,26.0,23.0,1016.2728368017525,1009.6,3.0,3.0,17.1,19.7,No,8.0,9.8,10.7,No
168,W0169,2020-07-16,Wollongong,10.6,24.4,1.3,5.1,7.1,SW,40.0,NNE,ESE,13.0,0.0,55.0,23.0,1012.1,1026.1,0.0,1.0,15.2,17.9,No,2.0,32.9,7.3,No
169,W0170,2016-02-18,Newcastle,12.2,25.767203219315896,3.05,3.3,5.6,SE,54.0,NW,ESE,35.0,21.0,78.0,58.0,1014.3,1001.1,8.0,7.0,12.8,17.8,No,10.0,23.7,7.2,Yes
170,W0171,2016-04-21,Adelaide,9.5,24.5,2.6500000000000004,6.2,10.0,S,41.0,S,ENE,21.0,33.0,34.0,40.0,1023.0,1023.4,1.0,0.0,13.8,19.0,No,4.0,8.4,9.2,No
171,W0172,2020-02-03,Darwin,14.6,35.4,2.2,7.3,10.0,NNW,11.0,ENE,SE,1.0,24.0,30.0,34.0,1012.7,1015.2,2.0,2.0,26.3,35.1,No,6.0,8.8,16.7,No
172,W0173,2018-05-24,Brisbane,17.5,25.9,0.5,3.5,11.8,NE,9.0,NNW,SSE,5.0,15.0,28.0,65.0,1028.1,1009.4,0.0,3.0,19.6,23.5,No,11.0,45.6,14.890471092077089,No
173,W0174,2016-03-05,Melbourne,8.9,19.0,1.7,10.0,9.7,SE,12.0,SW,SE,6.0,19.0,61.0,47.0,1024.9,1015.6,4.0,3.0,13.3,17.9,No,5.0,7.6,5.8,No
174,W0175,2022-02-25,Adelaide,14.9,24.7,0.7,1.5,5.5,SW,13.0,SW,N,20.0,10.0,36.0,51.0,1013.4,1022.2,3.0,5.0,18.4,24.4,No,5.0,20.5,13.9,No
175,W0176,2022-05-14,Canberra,10.7,17.8,4.4,7.3,5.8,NE,41.0,NNE,E,29.0,20.0,70.0,46.0,1023.3,1010.9,0.0,2.0,13.0,16.8,Yes,8.0,44.0,15.2,No
176,W0177,2020-04-24,Adelaide,10.4,25.9,4.5,11.6,8.2,NW,11.0,NE,NE,30.0,16.0,62.0,51.0,1012.5,1013.9,4.0,5.0,15.0,19.5,No,1.0,46.2,11.0,No
177,W0178,2015-02-13,Townsville,19.7,31.2,2.4,3.1,6.0,NE,46.0,ESE,NE,21.0,21.0,90.0,93.0,1007.9,1005.0,7.0,4.0,21.5,27.8,Yes,4.0,25.4,22.9,Yes
178,W0179,2021-01-08,Sydney,13.6,24.2,3.4,10.2,2.2,NE,47.0,NE,SSW,18.0,17.0,75.0,94.0,997.8,1000.3,8.0,7.0,18.8,19.9,No,6.0,46.2,14.3,Yes
179,W0180,2018-08-17,Melbourne,11.2,21.6,4.3,12.9,8.0,NNW,45.0,SW,N,22.0,19.0,68.0,63.0,1026.5,1020.0,4.0,0.0,13.1,17.4,No,4.0,19.7,14.3,No
180,W0181,2018-03-14,Wollongong,11.1,21.1,3.1,14.0,12.0,WNW,11.0,SE,SW,27.0,29.0,44.0,23.0,1025.9,1014.1,2.0,4.0,13.9,18.1,No,4.0,7.0,12.0,No
181,W0182,2015-08-26,Perth,17.5,21.6,1.9,10.3,7.243421052631579,NE,24.0,E,NNW,4.0,30.0,46.0,48.0,1026.0,1015.5,4.0,4.0,18.4,19.6,No,11.0,26.3,15.3,No
182,W0183,2021-04-17,Perth,12.1,26.8,2.9,7.3,2.0,ENE,52.0,WSW,SE,53.0,39.0,66.0,89.0,1016.2728368017525,1010.8,4.0,8.0,15.1,22.5,No,6.0,40.2,15.5,Yes
183,W0184,2016-10-09,Melbourne,13.0,17.2,2.75,0.5,1.2,NW,41.0,SSW,SSW,15.0,43.0,69.0,65.0,997.6,1001.2,7.0,6.0,13.6,15.6,Yes,7.0,22.6,10.1,Yes
184,W0185,2017-07-05,Adelaide,15.9,28.5,3.9,4.7,10.5,SSW,29.264835164835166,SSE,WSW,7.0,21.0,68.0,42.0,1021.2,1014.55,5.0,3.0,21.4,23.7,No,3.0,37.2,18.8,No
185,W0186,2015-11-01,Melbourne,7.7,19.8,2.7,7.3,10.0,NE,19.0,SW,ENE,10.0,17.0,27.0,51.0,1010.5,1023.0,5.0,4.0,13.5,15.8,No,9.0,5.8,8.1,No
186,W0187,2019-10-13,Melbourne,7.2,25.2,2.2,6.7,11.5,NE,34.0,ESE,WNW,8.0,8.0,43.0,52.0,1010.4,1014.55,2.0,1.0,8.8,16.2,No,5.0,45.2,7.1,No
187,W0188,2015-11-02,Canberra,10.3,15.9,0.8,10.8,4.2,N,10.0,E,NNW,9.0,7.0,45.0,28.0,1022.0,1018.3,5.0,0.0,12.7,14.1,No,8.0,26.5,7.7,No
188,W0189,2019-10-17,Adelaide,14.2,20.3,2.3,6.8,5.3,SW,30.0,SSW,ESE,18.0,19.0,98.0,63.0,1011.6,1014.55,4.0,4.0,16.8,18.4,Yes,11.0,42.5,16.5,Yes
189,W0190,2022-12-14,Adelaide,11.8,19.4,2.1,12.1,6.2,SW,35.0,SE,ESE,27.0,25.0,63.0,59.0,1011.9,1013.7,3.0,0.0,14.4,17.1,No,2.0,47.4,8.3,No
190,W0191,2018-01-09,Sydney,11.4,25.767203219315896,2.9,4.5,3.9,SE,53.0,WSW,SE,27.0,44.0,82.0,85.0,999.4,1001.3,7.0,8.0,11.9,16.9,Yes,1.0,30.8,9.2,Yes
191,W0192,2022-03-16,Adelaide,9.8,28.9,3.4,4.3,8.9,NW,22.0,SSW,SSW,13.0,21.0,26.0,41.0,1021.0,1011.4,1.0,0.0,16.9,24.5,No,11.0,47.5,8.3,No
192,W0193,2016-10-22,Wollongong,15.8,28.4,3.8,9.4,9.4,NNW,12.0,NNW,ESE,1.0,1.0,25.0,45.0,1026.8,1022.2,3.0,1.0,19.9,23.5,Yes,9.0,28.8,15.2,No
193,W0194,2015-10-15,Sydney,14.3,25.6,3.9,12.1,12.8,SW,25.0,SSW,ENE,3.0,1.0,56.0,34.0,1018.2,1016.3,3.0,3.0,17.0,20.1,No,6.0,11.1,15.5,No
194,W0195,2018-05-16,Perth,14.7,21.3,3.1,1.0,11.3,SW,26.0,SE,SSE,3.0,30.0,68.0,29.0,1014.6,1011.2,0.0,4.0,16.8,21.0,No,8.0,47.8,15.8,No
195,W0196,2021-05-05,Perth,13.9,23.6,4.8,5.2,10.6,W,28.0,SE,E,0.0,4.0,30.0,55.0,1011.7,1023.0,2.0,3.0,17.3,22.6,No,8.0,28.3,14.0,No
196,W0197,2018-07-28,Adelaide,12.6,26.0,4.0,2.9,4.9,NE,39.0,ENE,E,15.0,16.0,32.0,42.0,1027.3,1017.6,1.0,3.0,16.7,22.8,No,10.0,33.6,13.2,No
197,W0198,2015-10-02,Newcastle,12.0,25.767203219315896,3.05,3.7,5.5,NE,47.0,NE,NNW,52.0,16.0,78.0,78.0,1016.2728368017525,993.7,5.0,8.0,12.5,24.4,No,10.0,29.2,16.1,Yes
198,W0199,2020-04-09,Brisbane,16.1,32.8,1.3,7.8,7.2,SE,20.0,NW,E,9.0,34.0,40.0,55.0,1020.5,1020.3,5.0,3.0,19.5,30.4,No,9.0,14.6,15.2,No
199,W0200,2017-06-01,Brisbane,19.0,25.0,4.9,11.2,6.2,NW,20.0,SE,N,1.0,3.0,69.0,52.0,1016.8,1021.4,5.0,4.0,21.5,22.1,No,10.0,15.4,19.3,No
200,W0201,2022-03-19,Newcastle,10.2,20.6,2.5,13.0,10.6,SW,40.0,SW,NNW,15.0,3.0,27.0,48.0,1022.1,1014.7,3.0,0.0,11.1,15.5,No,9.0,26.7,6.1,No
201,W0202,2017-04-26,Hobart,11.0,16.7,6.9,7.4,1.5,W,29.264835164835166,NNE,ESE,43.0,42.0,95.0,86.0,1009.0,996.9,4.0,7.0,13.6,16.1,Yes,4.0,5.0,7.5,Yes
202,W0203,2016-06-26,Sydney,13.5,24.4,4.6,11.6,6.3,ENE,20.0,E,ENE,13.0,21.0,69.0,28.0,1023.1,1011.8,1.0,2.0,14.1,22.8,No,11.0,18.1,13.5,No
203,W0204,2018-08-21,Townsville,18.0,35.6,1.3,5.4,12.0,NW,32.0,SW,WSW,16.0,21.0,65.0,48.0,1010.4,1025.9,1.0,2.0,20.0,33.2,Yes,10.0,30.0,21.2,No
204,W0205,2019-02-07,Adelaide,18.7,29.7,1.6,12.4,1.5,SE,29.264835164835166,ENE,S,50.0,49.0,90.0,56.0,995.1,1014.55,6.0,7.0,23.6,27.5,No,7.0,17.9,16.2,Yes
205,W0206,2017-04-06,Cairns,22.5,29.7,4.2,13.0,-1.0,S,22.0,NNE,WNW,0.0,30.0,62.0,45.0,1012.5,1015.4,2.0,1.0,25.6,26.6,No,11.0,29.3,19.8,No
206,W0207,2019-06-18,Adelaide,11.4,27.5,2.6500000000000004,7.3,7.243421052631579,E,16.0,NW,SW,5.0,22.0,26.0,22.0,1024.2,1014.55,3.0,0.0,18.4,20.1,No,4.0,41.0,7.8,No
207,W0208,2017-08-23,Cairns,22.0,28.7,2.7,11.1,0.2,SSW,69.0,WNW,SSW,18.0,21.0,88.0,-5.0,1002.8,993.0,4.0,8.0,23.8,26.3,Yes,9.0,45.2,24.2,Yes
208,W0209,2021-06-13,Brisbane,17.1,26.4,4.1,0.4,10.3,SSE,20.0,W,SE,2.0,0.0,53.0,101.0,1010.7,1008.6,0.0,2.0,18.4,25.2,No,2.0,28.4,22.1,No
209,W0210,2018-01-07,Melbourne,23.4,25.767203219315896,1.9,2.0,5.0,E,24.0,ENE,E,25.0,24.0,35.0,38.0,1011.0,1020.9,5.0,3.0,12.4,23.0,No,6.0,35.6,10.7,No
210,W0211,2017-12-20,Cairns,23.0,35.2,2.0,11.2,6.4,NNW,28.0,W,W,14.0,16.0,44.0,57.0,1027.0,1028.0,3.0,0.0,23.4,32.4,No,8.0,20.6,25.6,No
211,W0212,2022-06-27,Hobart,10.2,13.5,2.8,-7.7,7.243421052631579,NE,24.0,SSE,NW,7.0,6.0,49.0,28.0,1028.5,1010.2,4.0,4.0,10.7,12.7,No,5.0,10.6,13.2,No
212,W0213,2021-05-12,Canberra,10.9,14.1,2.9,2.2,7.243421052631579,SE,23.0,SE,SE,13.0,23.0,50.0,64.0,1019.1,1022.7,2.0,0.0,10.9,13.4,No,7.0,41.9,6.5,No
213,W0214,2019-11-23,Adelaide,14.6,28.8,3.1,6.6,10.1,SSE,45.0,S,SE,7.0,34.0,34.0,60.0,1010.2,1013.6,3.0,3.0,10.0,24.1,No,11.0,14.3,10.2,No
214,W0215,2017-03-21,Adelaide,10.6,24.2,3.4,4.4,7.243421052631579,NNE,10.0,NE,ENE,24.0,3.0,25.0,54.0,1015.5,1016.7,0.0,5.0,14.6,20.0,No,7.0,19.4,11.9,No
215,W0216,2016-10-31,Hobart,8.6,16.8,3.1,5.1,5.4,SSW,61.0,S,SE,31.0,20.0,87.0,66.0,1013.9,993.2,6.0,6.0,9.0,13.4,Yes,7.0,18.5,8.1,Yes
216,W0217,2020-04-07,Townsville,17.5,36.1,2.4,5.9,3.4,ENE,29.264835164835166,ESE,NNW,53.0,25.0,97.0,63.0,1014.7,1006.2,3.0,6.0,23.4,30.3,Yes,7.0,22.5,18.7,Yes
217,W0218,2015-04-22,Darwin,23.3,39.2,2.6,6.9,6.0,NNW,29.264835164835166,N,SE,44.0,56.0,69.0,65.0,1002.5,998.9,7.0,4.0,26.2,34.5,Yes,5.0,5.8,20.3,Yes
218,W0219,2020-11-21,Townsville,22.8,30.7,2.2,14.7,9.1,SE,34.0,S,WSW,18.0,1.0,36.0,20.0,1015.7,1026.2,1.0,1.0,23.9,27.9,No,11.0,10.5,26.2,No
219,W0220,2020-07-20,Townsville,21.4,28.1,2.4,5.0,4.4,SSW,11.0,SSW,ESE,18.0,25.0,30.0,53.0,1010.0,1026.5,4.0,3.0,24.2,27.5,Yes,11.0,37.9,14.890471092077089,No
220,W0221,2020-12-26,Newcastle,16.3,22.5,3.7,9.3,11.7,WSW,8.0,ESE,W,7.0,14.0,45.0,44.0,1015.2,1014.55,5.0,2.0,16.3,21.5,No,3.0,37.4,18.1,No
221,W0222,2015-07-24,Canberra,7.4,20.6,1.7,1.1,7.2,SSE,17.0,SSE,W,17.0,20.0,58.0,61.0,1029.1,1009.2,3.0,5.0,9.5,15.5,No,2.0,22.6,12.0,No
222,W0223,2020-01-31,Wollongong,14.9,19.4,3.6,7.3,11.9,NW,20.0,SE,SSW,2.0,23.0,67.0,61.0,1016.1,1023.9,3.0,5.0,15.9,18.3,No,9.0,9.9,19.3,No
223,W0224,2018-09-01,Brisbane,20.1,25.0,4.5,10.7,9.5,NNE,34.0,SW,ENE,29.0,29.0,41.0,42.0,1017.2,1013.1,5.0,1.0,20.6,23.7,Yes,9.0,15.9,24.6,No
224,W0225,2021-05-15,Cairns,19.6,36.6,2.5,7.3,6.5,ENE,27.0,S,N,9.0,2.0,68.0,49.0,1013.4,1015.5,4.0,1.0,26.5,36.0,No,10.0,44.0,18.1,No
225,W0226,2020-09-21,Hobart,9.3,23.4,2.9,14.6,7.243421052631579,NNE,10.0,NW,S,2.0,11.0,46.0,44.0,1025.9,1009.9,4.0,2.0,10.7,20.4,No,11.0,27.1,10.4,No
226,W0227,2016-12-24,Perth,17.8,22.3,4.9,5.2,2.0,NE,53.0,WSW,W,18.0,23.0,93.0,58.0,1014.8,1014.55,5.0,6.0,19.7,20.3,No,11.0,19.8,16.1,Yes
227,W0228,2016-06-26,Brisbane,14.6,33.4,0.7,12.8,6.0,SSW,44.0,NE,SSW,29.0,22.0,55.0,21.0,1016.2728368017525,1025.2,1.0,2.0,17.0,25.1,No,6.0,21.2,11.6,No
228,W0229,2015-06-13,Hobart,8.4,23.2,2.2,12.5,9.8,NE,8.0,WSW,NW,27.0,20.0,48.0,63.0,1016.2728368017525,1015.1,4.0,3.0,13.9,19.2,No,6.0,26.3,5.0,No
229,W0230,2019-01-15,Darwin,20.2,31.2,4.8,6.2,10.6,SE,43.0,N,E,1.0,18.0,64.0,23.0,1029.0,1023.5,1.0,1.0,22.4,26.0,No,10.0,26.7,21.3,No
230,W0231,2021-11-14,Canberra,5.7,18.0,2.9,9.6,7.243421052631579,ENE,32.0,NW,NE,36.0,28.0,66.0,74.0,1006.6,994.6,6.0,7.0,5.8,17.8,No,9.0,26.1,8.1,Yes
231,W0232,2018-01-21,Melbourne,8.6,17.7,0.8,7.3,6.4,NNE,23.0,SW,ENE,21.0,17.0,59.0,44.0,1029.9,1019.1,4.0,5.0,11.0,17.5,Yes,6.0,31.9,11.4,No
232,W0233,2021-03-06,Brisbane,28.0,18.0,2.4,11.7,0.6,SE,29.264835164835166,SW,WNW,49.0,45.0,65.0,81.0,1016.2728368017525,997.8,8.0,3.0,22.6,26.0,No,10.0,12.9,21.1,Yes
233,W0234,21/02/2022,Brisbane,15.8,26.1,4.4,6.8,4.4,SW,28.0,SSE,ESE,25.0,8.0,56.0,60.0,1017.7,1014.7,1.0,1.0,18.0,22.7,No,5.0,45.5,13.8,No
234,W0235,2015-02-08,Sydney,15.6,25.6,3.5,6.0,12.3,ESE,43.0,WNW,SSW,24.0,31.0,56.0,61.0,1018.5,1013.2,2.0,3.0,18.5,21.7,Yes,3.0,44.2,14.1,No
235,W0236,2019-10-18,Newcastle,14.2,27.8,3.05,7.3,4.9,SE,29.264835164835166,SSE,W,47.0,21.0,62.0,70.0,1012.1,1003.6,8.0,4.0,20.5,23.5,Yes,4.0,33.8,17.1,Yes
236,W0237,2018-05-27,Wollongong,12.7,25.5,2.2,6.9,12.0,N,37.0,NW,NW,28.0,22.0,54.0,18.0,1016.2728368017525,1022.0,0.0,3.0,15.2,19.6,No,2.0,20.5,13.9,No
237,W0238,16/04/2021,Darwin,26.6,35.0,4.7,4.6,7.0,SE,17.0,WNW,NE,15.0,12.0,40.0,64.0,1029.8,1013.7,3.0,3.0,27.5,31.8,No,6.0,44.9,31.3,No
238,W0239,2020-10-18,Perth,14.6,30.1,6.7,7.0,4.6,NNW,58.0,E,ESE,41.0,21.0,66.0,93.0,999.8,1014.55,5.0,3.0,18.5,24.4,No,5.0,15.7,14.890471092077089,Yes
239,W0240,2018-06-23,Newcastle,16.3,19.3,2.4,9.1,11.3,NW,40.0,N,N,10.0,24.0,70.0,63.0,1013.3,1027.5,4.0,0.0,16.3,18.4,No,9.0,48.5,16.9,No
240,W0241,2021-09-17,Melbourne,12.6,24.0,3.4,11.6,7.6,NNW,29.264835164835166,N,N,9.0,0.0,66.0,24.0,1029.1,1008.1,3.0,4.0,17.3,21.5,Yes,2.0,37.9,8.0,No
241,W0242,2017-06-01,Brisbane,19.0,25.0,4.9,11.2,6.2,NW,20.0,SE,N,1.0,3.0,69.0,52.0,1016.8,1021.4,5.0,4.0,21.5,22.1,No,10.0,15.4,19.3,No
242,W0243,2015-04-28,Townsville,19.1,26.0,4.3,12.5,4.1,W,31.0,NW,WNW,16.0,17.0,41.0,35.0,1021.7,1022.6,4.0,0.0,20.5,26.0,No,8.0,49.5,14.8,No
243,W0244,2021-08-30,Cairns,22.2,27.3,3.5,6.9,5.6,NNW,20.0,SW,S,18.0,13.0,25.0,22.0,1012.1,1025.1,2.0,0.0,22.5,25.2,No,8.0,33.5,25.5,No
244,W0245,2019-10-13,Canberra,10.4,16.2,2.9,12.7,11.0,SW,17.0,NE,WNW,25.0,10.0,51.0,58.0,1028.7,1008.9,3.0,3.0,11.9,16.1,No,2.0,21.3,7.2,No
245,W0246,2016-01-29,Townsville,19.8,33.1,4.5,9.2,12.0,NNE,44.0,SSW,SW,19.0,0.0,70.0,38.0,1023.2,1018.6,0.0,4.0,25.8,27.6,No,7.0,33.7,23.6,No
246,W0247,2020-08-23,Perth,15.1,28.2,1.0,8.8,8.9,SE,33.0,WSW,N,14.0,7.0,56.0,44.0,1020.7,1026.2,0.0,4.0,16.4,23.9,No,2.0,15.0,14.6,No
247,W0248,20/11/2018,Hobart,6.5,22.4,4.8,6.1,12.2,N,28.0,SSW,N,10.0,29.0,33.0,64.0,1012.6,1012.4,1.0,3.0,10.2,16.8,No,3.0,21.3,9.1,No
248,W0249,2016-08-16,Darwin,21.7,35.6,2.6,5.2,3.4,WNW,48.0,WNW,ESE,23.0,21.0,68.0,96.0,1002.4,997.4,6.0,8.0,25.0,28.7,No,11.0,48.9,24.1,Yes
249,W0250,2015-08-17,Melbourne,10.4,21.5,0.7,13.1,8.6,S,31.0,W,N,1.0,21.0,35.0,54.0,1028.3,1023.0,4.0,2.0,13.6,21.3,No,7.0,32.5,7.8,No
250,W0251,2015-06-09,Cairns,21.1,28.6,1.2,14.3,7.243421052631579,NE,31.0,NNE,SW,20.0,13.0,34.0,31.0,1023.3,1025.3,5.0,3.0,21.3,27.6,Yes,2.0,14.1,17.9,No
251,W0252,2015-09-26,Canberra,10.6,17.6,1.7,13.0,11.4,NNE,32.0,WSW,S,18.0,34.0,70.0,25.0,1011.2,1012.7,4.0,3.0,11.4,14.7,No,6.0,33.7,5.7,No
252,W0253,2021-07-26,Hobart,7.3,16.6,1.8,6.5,7.243421052631579,NE,39.0,NNE,ESE,22.0,24.0,68.0,36.0,1025.6,1010.8,5.0,4.0,8.0,13.7,Yes,7.0,29.9,4.7,No
253,W0254,2018-06-08,Newcastle,14.6,24.0,3.05,13.3,7.243421052631579,N,35.0,SE,E,50.0,50.0,56.0,71.0,998.4,993.8,4.0,7.0,14.3,20.5,Yes,5.0,12.0,8.0,Yes
254,W0255,2022-02-22,Sydney,16.1,23.2,1.4,12.0,8.2,WNW,32.0,W,WNW,16.0,9.0,64.0,43.0,1013.7,1008.1,2.0,3.0,17.0,22.3,No,2.0,15.1,16.0,No
255,W0256,2017-10-01,Canberra,8.9,21.5,0.2,10.2,5.6,E,38.0,E,W,26.0,14.0,33.0,26.0,1022.2,1020.9,3.0,1.0,9.5,18.4,No,7.0,34.0,6.8,No
256,W0257,2022-05-24,Melbourne,25.9,12.7,2.3,2.7,10.4,S,41.0,SE,WSW,14.0,20.0,65.0,28.0,1024.1,1021.9,0.0,3.0,13.0,21.1,No,9.0,37.2,8.4,No
257,W0258,2017-07-25,Hobart,9.0,13.0,1.6,7.8,9.1,NNW,12.0,NW,S,17.0,5.0,32.0,15.0,1011.0,1025.8,4.0,1.0,10.7,11.8,No,6.0,16.8,8.9,No
258,W0259,2018-01-25,Perth,16.8,28.9,2.1,11.7,12.5,NW,34.0,WSW,NNW,6.0,3.0,36.0,25.0,1025.1,1016.4,5.0,1.0,17.4,24.9,No,11.0,39.9,14.8,No
259,W0260,2018-03-17,Townsville,23.6,35.1,4.4,12.7,10.1,E,10.0,WNW,WNW,23.0,2.0,56.0,19.0,1028.4,1011.3,2.0,2.0,27.8,30.4,Yes,9.0,8.8,25.1,No
260,W0261,2019-11-28,Brisbane,16.9,29.2,3.5,7.5,9.1,SSE,17.0,W,ESE,17.0,21.0,38.0,25.0,1016.2728368017525,1017.6,1.0,2.0,22.2,23.2,No,7.0,17.5,12.9,No
261,W0262,2017-03-27,Cairns,20.8,31.1,4.1,12.8,8.2,ENE,16.0,SE,E,3.0,8.0,54.0,49.0,1015.9,1023.3,1.0,1.0,23.9,27.7,No,6.0,24.2,22.0,No
262,W0263,2015-03-29,Canberra,5.9,20.7,3.9,4.0,5.0,NW,31.0,NE,SW,9.0,3.0,32.0,57.0,1027.3,1009.4,5.0,3.0,10.5,15.2,No,3.0,36.8,8.0,No
263,W0264,2018-09-03,Newcastle,14.1,23.2,3.05,10.9,4.2,ESE,30.0,S,S,38.0,31.0,63.0,61.0,1011.4,995.9,4.0,6.0,18.3,21.3,No,7.0,40.0,13.7,Yes
264,W0265,2021-01-07,Brisbane,17.8,24.4,4.6,4.5,12.9,S,24.0,ENE,W,11.0,5.0,52.0,49.0,1014.1,1014.9,0.0,2.0,20.2,23.9,No,4.0,47.3,14.4,No
265,W0266,2022-10-04,Adelaide,12.1,26.2,1.0,2.0,4.3,W,12.0,SE,S,10.0,21.0,44.0,17.0,1024.2,1017.7,4.0,5.0,16.9,19.9,No,6.0,35.4,9.1,No
266,W0267,2022-07-29,Newcastle,13.3,25.0,1.0,7.0,6.8,S,29.264835164835166,SSW,SSE,24.0,5.0,51.0,48.0,1023.8,1024.1,1.0,5.0,14.8,24.0,No,11.0,28.3,15.7,No
267,W0268,2017-06-26,Melbourne,13.3,19.2,0.4,7.3,11.6,SW,12.0,WNW,NW,30.0,22.0,49.0,22.0,1013.3,1008.7,4.0,2.0,15.0,17.7,No,4.0,45.3,9.2,No
268,W0269,2020-11-08,Perth,14.8,24.9,0.3,8.4,6.2,SSW,0.0,S,NW,16.0,6.0,31.0,23.0,1019.2,1015.7,1.0,1.0,17.2,24.3,No,5.0,32.4,10.2,No
269,W0270,2015-10-06,Hobart,8.6,17.1,3.7,6.3,6.0,NE,34.0,WNW,SSE,54.0,21.0,93.0,67.0,1016.2728368017525,1014.55,6.0,8.0,10.4,13.4,Yes,5.0,25.8,5.3,Yes
270,W0271,2015-02-16,Brisbane,16.2,26.0,3.8,14.1,6.3,E,42.0,ENE,ENE,25.0,21.0,59.0,38.0,1016.2,1025.0,1.0,1.0,18.6,22.6,No,3.0,8.0,14.9,No
271,W0272,2015-09-28,Townsville,20.8,32.5,2.7,3.4,7.243421052631579,SSE,41.0,ENE,NW,11.0,33.0,46.0,38.0,1018.8,1015.6,4.0,0.0,22.5,32.3,No,5.0,16.9,23.5,No
272,W0273,2017-10-27,Darwin,23.9,37.0,1.2,9.7,4.2,256,45.0,S,SE,14.0,35.0,64.0,40.0,1014.4,1024.4,4.0,2.0,25.0,31.6,No,11.0,33.1,20.0,No
273,W0274,2021-11-21,Wollongong,11.4,20.3,2.4,7.3,7.243421052631579,NNE,49.0,SSW,N,53.0,21.0,69.0,75.0,1012.3,993.4,8.0,6.0,14.2,16.5,No,6.0,21.9,15.3,Yes
274,W0275,2021-06-02,Perth,12.9,28.7,3.2,5.0,11.2,WNW,23.0,WNW,ENE,29.0,24.0,43.0,28.0,1010.3,1022.6,3.0,3.0,18.6,21.3,No,10.0,21.4,13.4,No
275,W0276,2017-10-24,Townsville,18.1,26.0,3.2,8.9,5.6,SSE,31.0,SSW,WNW,6.0,26.0,37.0,42.0,1026.1,1020.2,0.0,4.0,22.0,23.0,No,1.0,14.9,16.8,No
276,W0277,2022-12-20,Darwin,21.1,29.2,2.6,5.6,4.7,ESE,35.0,ENE,WSW,31.0,37.0,74.0,70.0,1016.2728368017525,1009.7,8.0,6.0,21.2,25.4,Yes,5.0,40.3,24.2,Yes
277,W0278,2020-07-12,Adelaide,12.6,29.0,2.8,14.9,6.9,ENE,27.0,WSW,NNW,25.0,16.0,27.0,43.0,1017.9,1009.6,5.0,3.0,17.8,23.8,No,4.0,5.8,14.0,No
278,W0279,2015-02-24,Canberra,7.9,16.7,1.6,5.9,10.4,NW,14.0,SSE,NNE,16.0,26.0,68.0,53.0,1025.5,1012.0,4.0,3.0,9.4,15.0,No,8.0,42.8,9.3,No
279,W0280,29/10/2018,Darwin,22.7,34.2,3.2,3.4,7.243421052631579,ESE,24.0,SW,NW,7.0,17.0,60.0,42.0,1011.2,1014.7,0.0,3.0,23.2,33.5,No,7.0,9.5,18.3,No
280,W0281,06/09/2017,Townsville,18.7,27.3,0.1,3.5,4.0,WNW,0.0,ENE,WSW,0.0,25.0,64.0,48.0,1022.7,1008.5,3.0,3.0,21.5,25.1,No,5.0,29.0,14.890471092077089,No
281,W0282,2021-04-17,Newcastle,12.6,24.6,4.1,14.9,11.1,WNW,23.0,N,WSW,8.0,35.0,60.0,21.0,1011.2,1027.8,5.0,2.0,16.1,23.2,No,2.0,5.4,15.1,No
282,W0283,2019-07-06,Brisbane,17.5,25.7,4.4,7.3,6.7,WNW,23.0,SSE,E,30.0,18.0,65.0,25.0,1022.7,1027.6,3.0,5.0,20.7,21.6,No,7.0,25.3,19.1,No
283,W0284,2019-06-04,Hobart,8.5,23.6,2.6,7.3,11.1,W,9.0,ESE,SE,22.0,35.0,38.0,41.0,1016.2728368017525,1008.1,0.0,3.0,12.2,21.4,No,10.0,27.1,11.8,No
284,W0285,2018-03-04,Darwin,20.4,33.2,0.4,14.8,11.0,SSE,42.0,W,S,0.0,33.0,36.0,30.0,1019.6,1019.1,3.0,2.0,24.8,33.1,No,7.0,19.3,23.7,No
285,W0286,2020-06-14,Canberra,8.6,22.3,2.9,4.6,2.7,NW,29.264835164835166,ESE,WNW,29.0,26.0,56.0,95.0,1016.2728368017525,1014.55,8.0,8.0,14.6,17.3,Yes,7.0,45.6,12.2,Yes
286,W0287,2019-06-14,Newcastle,13.5,22.4,2.8,5.0,7.243421052631579,NE,10.0,WSW,SSE,11.0,31.0,59.0,35.0,1011.9,1019.5,3.0,2.0,14.4,20.3,No,5.0,32.7,14.9,No
287,W0288,2021-04-01,Wollongong,10.5,19.5,3.4,0.8,6.0,SE,42.0,E,N,13.0,11.0,50.0,55.0,1024.3,1014.55,0.0,4.0,11.5,17.9,No,5.0,26.3,7.0,No
288,W0289,2022-11-11,Brisbane,15.0,32.2,3.5,12.6,10.4,ENE,12.0,ENE,SW,16.0,22.0,39.0,30.0,1023.1,1011.8,1.0,3.0,22.3,24.7,Yes,6.0,15.4,19.9,No
289,W0290,2022-03-13,Hobart,5.0,13.6,0.5,9.8,8.9,NE,35.0,S,NW,18.0,28.0,52.0,64.0,1017.3,1013.9,0.0,4.0,8.3,13.3,No,9.0,34.5,6.0,No
290,W0291,2017-02-18,Perth,16.2,31.0,0.5,2.3,11.1,S,10.0,NE,W,22.0,28.0,62.0,59.0,1026.4,1009.1,2.0,1.0,20.1,29.9,No,4.0,36.2,20.5,No
291,W0292,2019-03-16,Cairns,24.6,29.5,3.0,7.4,7.3,N,16.0,SSE,NNW,2.0,11.0,31.0,37.0,1016.2,1020.9,3.0,0.0,25.1,28.3,No,5.0,29.7,29.0,No
292,W0293,2018-10-23,Perth,12.5,31.2,4.7,12.3,10.6,ESE,10.0,NNE,NNW,17.0,22.0,26.0,28.0,1011.2,1017.6,5.0,3.0,21.3,28.3,No,1.0,43.2,17.5,No
293,W0294,2022-06-21,Darwin,22.8,29.9,1.0,5.1,8.1,E,37.0,SE,WSW,24.0,21.0,46.0,48.0,1026.6,1014.55,3.0,3.0,25.7,28.4,No,11.0,22.6,14.890471092077089,No
294,W0295,2020-05-15,Darwin,26.4,32.8,2.6,8.0,5.0,W,29.264835164835166,NE,W,21.0,26.0,97.0,85.0,1016.2728368017525,1012.7,5.0,5.0,27.2,31.3,Yes,8.0,26.7,22.9,Yes
295,W0296,2017-11-29,Wollongong,14.2,21.9,2.4,10.9,4.8,SSW,45.0,S,SSW,23.0,15.0,98.0,77.0,997.2,1008.0,4.0,7.0,14.8,18.2,Yes,5.0,5.2,10.3,Yes
296,W0297,2019-10-09,Wollongong,12.2,20.1,1.7,5.7,7.5,NE,28.0,E,S,5.0,4.0,43.0,23.0,1016.5,1014.5,5.0,3.0,13.8,19.9,No,11.0,32.1,9.5,No
297,W0298,2019-09-19,Canberra,8.9,16.5,0.4,8.4,10.8,ESE,24.0,NE,NNW,10.0,29.0,70.0,44.0,1017.8,1009.9,3.0,2.0,9.2,16.0,Yes,8.0,8.4,13.4,No
298,W0299,2018-05-30,Adelaide,15.5,28.2,2.7,3.1,12.6,W,27.0,E,S,21.0,33.0,52.0,48.0,1027.6,1014.8,5.0,2.0,16.2,24.3,No,4.0,12.0,15.2,No
299,W0300,2020-11-23,Adelaide,13.8,19.0,3.0,7.3,7.243421052631579,NE,12.0,N,ESE,17.0,21.0,67.0,65.0,1022.7,1014.0,1.0,2.0,14.9,17.7,No,7.0,49.1,13.9,No
300,W0301,2018-01-02,Adelaide,9.7,23.6,0.1,2.2,11.9,ENE,16.0,N,ESE,4.0,32.0,47.0,37.0,1011.6,1011.6,2.0,1.0,12.5,23.0,No,3.0,10.9,14.4,No
301,W0302,2015-10-29,Brisbane,18.9,23.0,1.8,11.5,6.9,WNW,20.0,WNW,NNE,22.0,27.0,66.0,64.0,1016.2728368017525,1023.1,1.0,4.0,20.8,22.0,No,4.0,10.2,14.4,No
302,W0303,2022-02-21,Canberra,5.2,19.7,0.1,8.7,5.9,ENE,14.0,SE,E,26.0,9.0,31.0,61.0,1021.6,1010.3,3.0,5.0,9.8,12.5,No,10.0,34.6,0.9,No
303,W0304,2016-06-06,Perth,16.4,26.2,1.0,14.5,8.5,WSW,21.0,NNW,SW,19.0,6.0,30.0,56.0,1029.3,1027.3,4.0,0.0,18.7,25.1,No,2.0,19.8,18.0,No
304,W0305,2020-03-23,Wollongong,15.6,19.6,2.4,9.9,0.6,E,70.0,ESE,NNE,26.0,33.0,85.0,71.0,998.9,1011.3,4.0,8.0,16.2,17.7,No,9.0,10.9,10.8,Yes
305,W0306,2018-06-30,Canberra,10.3,21.1,6.7,13.8,3.2,WNW,32.0,ENE,WSW,51.0,18.0,90.0,91.0,995.7,997.3,8.0,4.0,15.0,19.3,No,7.0,38.6,7.0,Yes
306,W0307,28/02/2015,Hobart,5.4,21.3,4.4,7.3,12.8,SE,10.0,ENE,WSW,12.0,20.0,69.0,22.0,1017.7,1011.0,3.0,3.0,5.5,18.3,Yes,9.0,25.9,1.1,No
307,W0308,2020-07-11,Wollongong,15.0,21.6,2.4,4.9,3.5,SW,43.0,E,WNW,34.0,31.0,81.0,95.0,999.2,1014.55,8.0,4.0,16.3,20.0,Yes,3.0,15.6,14.890471092077089,Yes
308,W0309,2017-01-14,Wollongong,11.4,20.6,3.0,11.2,6.1,NNE,14.0,SSW,E,18.0,10.0,57.0,19.0,1011.6,1012.4,3.0,5.0,14.1,19.8,No,2.0,36.7,11.3,No
309,W0310,07/04/2022,Townsville,20.5,28.6,2.4,7.8,2.4,S,29.264835164835166,NE,S,52.0,28.0,68.0,48.0,1013.4,1009.8,5.0,3.0,21.6,28.5,No,10.0,28.3,20.8,Yes
310,W0311,2022-06-25,Melbourne,11.3,21.0,0.9,12.7,6.6,W,43.0,W,ESE,15.0,13.0,61.0,38.0,1011.8,1012.4,3.0,3.0,15.2,19.8,No,11.0,12.6,7.3,No
311,W0312,2022-12-06,Sydney,12.9,25.4,3.3,-0.4,8.4,NNE,29.264835164835166,NE,WSW,27.0,33.0,56.0,32.0,1012.3,1013.1,1.0,2.0,15.9,24.0,No,10.0,7.8,9.5,No
312,W0313,2019-05-08,Newcastle,12.7,27.0,4.5,13.5,5.5,N,23.0,SW,ENE,14.0,21.0,50.0,41.0,1024.6,1009.4,0.0,1.0,16.0,24.4,Yes,10.0,29.9,16.3,No
313,W0314,2020-11-23,Wollongong,10.2,21.2,4.6,7.6,6.7,SW,16.0,SW,N,25.0,34.0,64.0,61.0,1014.3,1016.9,3.0,3.0,14.5,18.3,No,9.0,45.4,6.4,No
314,W0315,2021-05-07,Townsville,21.0,31.7,0.1,2.6,11.7,NE,22.0,SSE,E,28.0,34.0,51.0,26.0,1017.5,1022.0,0.0,0.0,25.0,26.7,No,1.0,21.9,24.3,No
315,W0316,2018-09-13,Adelaide,11.0,28.8,2.6,2.1,7.243421052631579,S,37.0,NE,ENE,28.0,5.0,58.0,23.0,1017.7,1017.7,2.0,0.0,18.2,23.6,No,10.0,7.5,14.0,No
316,W0317,2015-01-19,Townsville,20.9,31.4,2.5,14.0,11.4,SSE,38.0,NNW,E,30.0,21.0,54.0,40.0,1016.2728368017525,1015.8,1.0,4.0,25.6,30.4,Yes,4.0,47.7,24.7,No
317,W0318,2019-02-09,Cairns,20.5,35.3,0.6,1.1,9.4,W,22.0,NNE,NNE,11.0,28.0,53.0,20.0,1018.5,1021.5,0.0,5.0,25.5,34.1,No,9.0,34.2,23.0,No
318,W0319,2017-09-27,Sydney,11.1,25.7,1.9,3.5,11.2,WSW,40.0,NNW,N,7.0,16.0,63.0,57.0,1020.8,1023.2,3.0,2.0,18.3,22.2,Yes,2.0,16.8,9.1,No
319,W0320,2021-12-29,Brisbane,17.0,24.8,2.4,6.2,1.8,NE,64.0,S,NNE,29.0,49.0,84.0,55.0,997.4,1009.9,7.0,3.0,17.1,22.3,Yes,7.0,31.1,20.0,Yes
320,W0321,2019-01-06,Cairns,22.2,30.2,0.1,7.3,4.4,NE,14.0,ESE,ESE,23.0,1.0,29.0,21.0,1011.1,1026.7,1.0,1.0,24.0,27.3,No,6.0,27.7,26.6,No
321,W0322,2022-03-31,Adelaide,14.0,18.2,1.3,7.3,9.4,NNW,36.0,NW,WNW,18.0,30.0,58.0,37.0,1028.0,1024.6,3.0,3.0,14.5,18.2,Yes,2.0,5.9,12.6,No
322,W0323,2022-06-18,Brisbane,14.7,33.1,1.7,7.3,11.8,E,9.0,WSW,SSW,6.0,14.0,39.0,43.0,1014.7,1019.5,5.0,3.0,18.8,32.8,Yes,5.0,8.8,19.3,No
323,W0324,2016-05-02,Newcastle,14.7,26.3,3.7,14.6,1.9,NE,54.0,SE,SE,42.0,40.0,85.0,76.0,1012.9,1002.2,3.0,6.0,18.1,24.9,Yes,11.0,8.9,14.890471092077089,Yes
324,W0325,2021-12-14,Newcastle,12.8,20.6,4.9,7.3,9.8,S,37.0,E,SE,7.0,33.0,44.0,36.0,1027.9,1014.55,0.0,5.0,14.3,17.4,No,4.0,31.9,10.6,Yes
325,W0326,2017-02-18,Cairns,24.7,32.6,2.8,10.7,8.0,SSW,33.0,NNE,S,12.0,27.0,68.0,23.0,1028.2,1020.8,3.0,3.0,24.9,32.6,Yes,11.0,16.5,22.8,No
326,W0327,2016-02-09,Hobart,6.2,22.2,2.9,9.8,7.243421052631579,NNW,67.0,NNW,SW,51.0,25.0,76.0,89.0,1016.2728368017525,998.1,6.0,5.0,7.8,21.2,Yes,11.0,7.2,3.1,Yes
327,W0328,2022-01-08,Cairns,20.6,35.5,1.0,11.1,6.2,SW,40.0,SSE,NNE,4.0,2.0,61.0,53.0,1029.3,1027.6,4.0,3.0,21.0,33.2,No,4.0,29.1,15.8,No
328,W0329,2018-04-04,Melbourne,10.8,23.4,1.8,7.3,7.243421052631579,SSW,36.0,ENE,ESE,7.0,3.0,37.0,44.0,1012.5,1023.2,1.0,3.0,14.7,17.8,No,9.0,48.8,15.0,No
329,W0330,2020-05-18,Cairns,23.1,33.2,0.5,3.9,5.3,NW,15.0,WSW,ESE,19.0,11.0,48.0,53.0,1010.8,1018.1,0.0,1.0,23.5,31.5,Yes,11.0,46.6,23.1,No
330,W0331,2020-07-27,Adelaide,13.3,19.5,2.7,2.1,6.9,ENE,24.0,NNE,E,1.0,17.0,34.0,24.0,1015.9,1024.9,5.0,1.0,16.1,16.8,No,8.0,37.3,11.3,No
331,W0332,2016-03-26,Hobart,6.4,14.9,2.7,13.2,7.243421052631579,NNW,41.0,SW,E,21.0,19.0,63.0,28.0,1011.3,1024.0,1.0,0.0,10.3,13.1,No,2.0,27.1,7.3,Yes
332,W0333,2018-07-29,Canberra,10.0,23.7,1.3,14.9,4.8,E,34.0,ESE,W,14.0,21.0,59.0,55.0,1014.9,1010.6,4.0,1.0,13.4,18.3,No,10.0,23.7,5.1,No
333,W0334,2017-05-22,Sydney,11.6,21.1,4.6,0.6,9.7,SE,29.0,W,E,3.0,17.0,52.0,59.0,1018.5,1018.7,1.0,2.0,14.4,16.8,No,8.0,16.5,12.7,No
334,W0335,2019-08-04,Newcastle,14.6,27.5,4.9,14.8,13.0,ENE,44.0,NNW,E,14.0,0.0,31.0,48.0,1019.3,1023.0,3.0,0.0,14.9,22.0,No,6.0,11.1,12.5,No
335,W0336,2018-05-08,Townsville,22.6,29.2,2.4,3.2,2.9,NE,66.0,NW,ESE,22.0,21.0,81.0,56.0,1010.3,995.4,7.0,3.0,24.3,28.3,No,10.0,16.8,20.9,Yes
336,W0337,2018-06-10,Townsville,23.2,28.8,0.6,12.3,7.243421052631579,NW,13.0,WNW,W,5.0,2.0,66.0,45.0,1026.6,1013.1,0.0,3.0,25.1,28.3,No,10.0,8.7,14.890471092077089,No
337,W0338,2016-01-25,Darwin,21.4,37.2,4.1,7.2,7.8,NNE,13.0,SW,E,5.0,8.0,49.0,42.0,1026.6,1008.1,2.0,4.0,27.1,31.1,No,7.0,22.9,23.4,No
338,W0339,2018-04-18,Sydney,14.6,23.5,2.6,5.1,6.8,NNE,12.0,SSW,SW,20.0,34.0,41.0,37.0,1025.1,1015.6,0.0,3.0,15.5,20.2,No,2.0,45.6,14.890471092077089,No
339,W0340,2015-07-17,Sydney,12.6,26.8,0.7,0.9,7.8,WSW,23.0,SSW,SW,3.0,28.0,54.0,57.0,1016.7,1009.7,3.0,0.0,18.8,21.7,Yes,5.0,22.9,9.7,No
340,W0341,2019-01-25,Newcastle,13.1,24.2,3.3,8.3,5.8,WNW,31.0,N,E,23.0,27.0,25.0,17.0,1016.2728368017525,1017.6,5.0,5.0,16.1,20.6,No,7.0,45.9,16.5,No
341,W0342,2022-07-24,Canberra,8.1,20.2,1.9,6.5,4.4,SE,38.0,W,SE,16.0,14.0,44.0,45.0,1020.2,1010.8,1.0,1.0,9.4,14.2,Yes,3.0,35.3,5.3,No
342,W0343,2017-12-23,Darwin,22.1,33.4,2.6,1.3,3.2,SSE,49.0,W,SE,20.0,44.0,96.0,56.0,1003.1,1006.1,4.0,8.0,23.5,28.3,No,5.0,26.1,22.9,Yes
343,W0344,2020-10-13,Perth,15.4,30.1,3.7,8.3,6.6,E,35.0,ESE,NW,12.0,6.0,34.0,58.0,1024.0,1014.4,5.0,5.0,21.4,25.6,Yes,5.0,10.9,20.2,No
344,W0345,2022-05-11,Cairns,24.3,36.4,2.9,6.7,7.5,NNW,44.0,SW,SSE,19.0,30.0,43.0,25.0,1011.6,1014.55,4.0,1.0,29.6,33.5,No,8.0,19.9,14.890471092077089,No
345,W0346,2017-04-12,Perth,16.7,22.1,2.9,4.2,7.243421052631579,WNW,29.264835164835166,NNW,ENE,17.0,36.0,95.0,63.0,999.6,1004.8,6.0,6.0,18.1,21.6,No,7.0,30.2,17.8,Yes
346,W0347,2017-12-26,Sydney,11.0,28.6,4.7,7.3,10.2,NE,13.0,WSW,E,19.0,16.0,37.0,26.0,1018.1,1027.0,2.0,0.0,16.8,22.5,Yes,8.0,11.1,12.2,No
347,W0348,2019-08-03,Melbourne,13.4,22.9,4.5,7.1,6.8,WSW,25.0,E,ESE,10.0,17.0,67.0,20.0,1016.2728368017525,1018.1,4.0,4.0,13.7,18.9,No,10.0,17.5,12.8,No
348,W0349,2017-02-19,Brisbane,15.6,32.2,1.9,0.7,4.3,NE,37.0,N,S,23.0,8.0,40.0,26.0,1022.5,1027.0,3.0,0.0,21.6,26.9,No,1.0,6.3,17.9,No
349,W0350,2016-02-16,Brisbane,14.4,26.6,0.4,4.5,12.2,W,32.0,WSW,SSW,17.0,4.0,30.0,25.0,1012.2,1023.3,1.0,1.0,15.0,22.0,No,5.0,36.4,11.7,No
350,W0351,2018-01-27,Perth,14.5,22.7,2.0,0.5,7.243421052631579,SSE,12.0,ESE,E,26.0,25.0,66.0,25.0,1011.0,1024.6,3.0,0.0,16.4,20.4,No,9.0,24.7,13.4,No
351,W0352,2016-10-02,Adelaide,11.0,26.5,2.6,14.6,12.9,NE,14.0,ESE,SW,21.0,31.0,58.0,23.0,1011.4,1015.8,4.0,2.0,17.2,22.2,No,1.0,35.4,10.7,No
352,W0353,2018-12-18,Cairns,21.5,37.2,0.7,3.0,12.7,NE,36.0,NE,NE,14.0,18.0,31.0,23.0,1020.4,1008.9,4.0,3.0,26.7,35.2,No,4.0,41.7,17.8,No
353,W0354,2022-02-12,Hobart,10.2,16.2,4.4,3.9,9.4,E,18.0,SSW,E,19.0,16.0,68.0,103.0,1016.2728368017525,1025.6,0.0,1.0,10.2,14.2,No,7.0,33.5,12.9,No
354,W0355,2015-08-29,Sydney,14.6,28.2,0.4,8.9,11.6,SE,39.0,NNW,ENE,8.0,35.0,32.0,50.0,1010.2,1019.2,4.0,0.0,17.0,23.8,No,4.0,48.6,16.8,No
355,W0356,2019-09-27,Cairns,23.7,30.4,3.1,3.2,12.5,151,19.0,SSE,S,12.0,22.0,34.0,15.0,1029.1,1022.1,5.0,3.0,25.1,27.6,No,1.0,39.9,23.7,No
356,W0357,2022-07-06,Perth,16.4,27.0,2.2,2.8,8.2,SW,14.0,SSE,W,17.0,30.0,32.0,48.0,1028.5,1013.1,1.0,0.0,16.7,23.3,No,2.0,44.9,20.1,No
357,W0358,2016-12-16,Canberra,5.9,19.8,7.0,8.4,1.8,ESE,29.264835164835166,S,NW,16.0,31.0,98.0,92.0,1006.2,1010.2,7.0,5.0,10.7,19.4,Yes,9.0,38.4,4.5,Yes
358,W0359,2018-05-22,Hobart,9.3,14.6,4.3,4.0,8.2,SSE,40.0,SSW,ESE,5.0,18.0,67.0,54.0,1019.0,1017.8,3.0,3.0,9.6,14.0,No,6.0,17.2,8.4,No
359,W0360,2018-03-23,Hobart,6.5,15.3,2.9,7.8,10.2,SSE,25.0,WSW,W,9.0,11.0,61.0,-5.0,1016.2728368017525,1019.4,1.0,2.0,7.2,12.0,Yes,3.0,7.9,6.0,No
360,W0361,2021-08-23,Brisbane,16.0,30.0,2.4,6.4,7.4,NW,24.0,SSE,SSE,24.0,31.0,67.0,30.0,1025.8,1014.55,3.0,2.0,20.3,27.3,Yes,8.0,10.2,11.3,No
361,W0362,2022-02-08,Perth,16.6,28.9,3.6,8.1,4.4,SSW,23.0,ESE,N,22.0,1.0,48.0,59.0,1016.9,1026.3,1.0,5.0,21.4,27.5,No,6.0,31.2,14.890471092077089,No
362,W0363,2022-08-01,Newcastle,14.5,21.9,3.05,0.8,7.3,SW,26.0,NNE,NNW,27.0,27.0,58.0,31.0,1028.1,1014.7,2.0,1.0,17.9,21.8,Yes,7.0,19.2,14.890471092077089,No
363,W0364,2021-05-02,Hobart,9.4,23.1,0.4,4.0,6.0,NE,23.0,NNE,SE,30.0,3.0,29.0,39.0,1017.2,1009.3,0.0,2.0,13.3,16.5,Yes,4.0,19.3,12.5,No
364,W0365,2021-03-27,Cairns,21.6,28.2,1.7,0.8,7.9,ESE,28.0,SSE,ENE,19.0,1.0,54.0,38.0,1019.0,1018.9,5.0,5.0,22.8,26.1,No,6.0,35.9,17.9,No
365,W0366,29/10/2018,Darwin,22.7,34.2,3.2,3.4,7.243421052631579,ESE,24.0,SW,NW,7.0,17.0,60.0,42.0,1011.2,1014.7,0.0,3.0,23.2,33.5,No,7.0,9.5,18.3,No
366,W0367,2021-05-21,Perth,13.9,23.3,3.4,9.1,5.4,ESE,13.0,E,S,14.0,26.0,58.0,29.0,1015.1,1027.3,1.0,3.0,17.7,22.2,No,4.0,46.6,11.5,No
367,W0368,2017-11-02,Sydney,12.6,26.3,3.3,4.6,5.1,SW,30.0,ESE,SSE,21.0,33.0,68.0,37.0,1016.2728368017525,1014.55,2.0,2.0,17.7,25.1,No,8.0,29.6,8.2,No
368,W0369,2022-04-29,Townsville,17.1,27.7,2.4,10.0,5.7,SSW,54.0,SE,SE,41.0,18.0,62.0,71.0,1016.2728368017525,1004.8,8.0,6.0,21.6,24.5,Yes,8.0,50.0,17.4,Yes
369,W0370,2017-06-30,Perth,16.0,29.5,2.9,7.3,3.1,ESE,29.264835164835166,NNW,SSW,26.0,26.0,60.0,66.0,997.6,1005.2,5.0,4.0,18.0,27.6,Yes,4.0,47.6,19.4,Yes
370,W0371,2015-09-20,Adelaide,9.5,24.5,2.6500000000000004,14.3,4.0,NNE,29.264835164835166,E,SE,17.0,55.0,67.0,81.0,1012.1,997.7,6.0,8.0,9.6,17.6,No,8.0,8.1,8.4,Yes
371,W0372,2020-04-07,Canberra,5.7,19.1,2.9,12.6,1.3,SSW,62.0,NW,E,18.0,44.0,61.0,65.0,1015.0,1009.3,3.0,4.0,11.5,14.5,No,6.0,33.9,2.7,Yes
372,W0373,2020-03-25,Canberra,11.9,14.0,2.9,12.6,3.6,SSW,68.0,WSW,N,46.0,41.0,78.0,80.0,1014.8,1009.9,6.0,4.0,12.7,13.0,Yes,7.0,16.8,14.890471092077089,Yes
373,W0374,26/02/2019,Wollongong,13.2,28.5,0.6,12.6,11.5,ESE,34.0,NW,SE,26.0,9.0,27.0,38.0,1025.2,1021.7,3.0,4.0,13.6,24.1,Yes,5.0,48.8,11.2,No
374,W0375,2016-03-23,Perth,14.6,22.7,3.5,13.8,4.4,WNW,7.0,NW,SE,2.0,4.0,37.0,61.0,1020.5,1018.3,3.0,2.0,15.2,18.2,No,9.0,34.0,14.9,No
375,W0376,2016-09-24,Sydney,12.1,27.0,4.2,14.5,7.243421052631579,WNW,7.0,E,NNW,5.0,5.0,56.0,53.0,1021.6,1014.6,3.0,0.0,18.9,25.8,No,7.0,16.4,8.2,No
376,W0377,2016-11-23,Newcastle,10.1,29.7,4.2,7.5,12.7,NNE,12.0,SW,WSW,17.0,27.0,62.0,28.0,1010.4,1017.4,4.0,3.0,16.7,27.3,No,3.0,34.8,10.8,No
377,W0378,2021-08-23,Canberra,7.5,16.4,2.9,14.8,4.9,NNW,21.0,E,SSW,27.0,27.0,56.0,27.0,1016.2728368017525,1014.55,1.0,1.0,8.4,13.6,Yes,10.0,6.1,7.2,No
378,W0379,2019-12-03,Cairns,23.1,28.9,1.6,0.7,12.0,NE,37.0,NW,W,10.0,31.0,31.0,62.0,1018.6,1025.7,1.0,3.0,25.0,27.9,No,8.0,22.0,14.890471092077089,No
379,W0380,2017-01-14,Darwin,24.3,37.0,4.3,0.3,5.1,NNE,36.0,SE,WSW,15.0,29.0,91.0,65.0,1009.3,1004.9,5.0,4.0,26.1,31.3,Yes,4.0,40.5,28.0,Yes
380,W0381,2017-08-19,Darwin,25.5,38.0,2.6,12.8,1.7,S,50.0,NW,N,33.0,36.0,95.0,78.0,1012.1,1006.7,3.0,6.0,26.1,32.4,Yes,3.0,42.2,28.3,Yes
381,W0382,2020-07-04,Perth,16.8,30.1,3.6,1.7,12.7,NE,10.0,NNW,SSE,2.0,25.0,48.0,21.0,1022.9,1024.7,4.0,3.0,17.6,29.7,Yes,4.0,27.9,21.1,No
382,W0383,2015-05-28,Brisbane,18.2,30.2,2.4,4.8,10.6,NE,39.0,SW,SSE,18.0,19.0,32.0,29.0,1017.7,1020.4,5.0,5.0,19.4,29.6,No,5.0,8.6,13.5,No
383,W0384,2019-11-29,Sydney,16.7,26.6,4.1,4.2,10.8,NNE,45.0,SSE,SSE,10.0,20.0,61.0,48.0,1016.2728368017525,1013.6,5.0,1.0,18.4,25.6,No,3.0,48.6,15.1,No
384,W0385,2018-03-11,Townsville,19.9,36.5,1.8,3.6,4.8,SW,22.0,NW,WSW,9.0,5.0,63.0,34.0,1011.5,1014.55,2.0,3.0,25.1,30.4,No,5.0,18.6,23.8,No
385,W0386,2015-06-02,Darwin,25.2,31.5,2.0,14.3,7.0,E,39.0,ESE,SSE,6.0,27.0,56.0,39.0,1013.5,1011.2,0.0,2.0,25.6,28.7,No,3.0,30.5,14.890471092077089,No
386,W0387,2021-06-06,Brisbane,17.1,28.9,3.4,14.6,6.2,NE,7.0,SSW,ENE,18.0,15.0,38.0,17.0,1017.3,1014.55,4.0,3.0,17.8,25.1,No,2.0,29.8,21.7,No
387,W0388,2016-03-04,Adelaide,12.5,22.0,3.0,12.3,4.7,SSW,45.0,SE,SSE,16.0,23.0,31.0,41.0,1025.9,1009.1,3.0,5.0,13.6,17.9,No,6.0,48.3,8.0,No
388,W0389,2018-08-31,Adelaide,13.9,26.2,3.4,3.7,7.243421052631579,W,17.0,N,WNW,26.0,2.0,40.0,35.0,1024.0,1011.3,3.0,4.0,16.5,24.6,No,5.0,9.7,12.3,No
389,W0390,2018-01-28,Wollongong,13.7,28.1,1.0,2.5,9.5,NW,18.0,NNE,S,29.0,4.0,48.0,55.0,1015.9,1019.6,4.0,5.0,18.7,24.5,No,11.0,31.4,9.4,No
390,W0391,2022-10-07,Adelaide,14.4,24.8,3.9,6.1,8.1,NE,23.0,NNW,ESE,26.0,16.0,36.0,48.0,1024.3,1008.7,2.0,5.0,14.4,19.7,No,2.0,14.7,16.4,No
391,W0392,2022-10-12,Newcastle,14.2,22.9,0.8,11.2,8.4,NE,14.0,N,SSW,30.0,6.0,34.0,15.0,1011.4,1026.6,1.0,4.0,18.1,21.9,No,8.0,12.1,17.0,No
392,W0393,2016-09-18,Adelaide,13.6,27.4,1.2,0.6,7.3,SW,41.0,SSE,W,6.0,14.0,56.0,42.0,1016.2,1014.55,4.0,3.0,19.6,24.4,No,8.0,13.2,16.7,No
393,W0394,2016-10-24,Adelaide,14.6,29.0,2.6500000000000004,7.9,2.1,ENE,29.264835164835166,ESE,SW,42.0,45.0,86.0,95.0,995.5,1000.4,7.0,7.0,19.9,28.7,Yes,6.0,28.7,13.2,Yes
394,W0395,2015-07-25,Brisbane,15.9,33.0,4.8,9.0,6.2,WSW,12.0,SW,ENE,5.0,21.0,66.0,55.0,1018.4,1028.0,5.0,0.0,21.9,26.1,No,10.0,43.8,12.2,No
395,W0396,2018-04-02,Perth,16.5,28.0,4.9,8.8,7.8,NNE,7.0,N,NW,12.0,12.0,50.0,40.0,1024.4,1022.0,1.0,5.0,20.8,24.8,No,1.0,42.3,17.5,No
396,W0397,2017-09-04,Brisbane,14.6,18.3,0.3,1.6,6.3,SSW,15.0,NW,SSE,30.0,31.0,54.0,37.0,1011.3,1010.2,3.0,4.0,20.0,25.9,No,4.0,24.3,23.3,No
397,W0398,2021-10-21,Perth,14.6,22.5,3.1,3.1,7.0,NE,17.0,ENE,ESE,21.0,8.0,41.0,39.0,1016.2728368017525,1022.3,4.0,2.0,16.5,21.0,No,1.0,45.5,14.6,No
398,W0399,2021-10-21,Cairns,23.9,30.6,2.7,0.4,0.6,ENE,32.0,W,SW,18.0,42.0,68.0,55.0,1011.0,997.5,5.0,5.0,25.0,28.7,Yes,9.0,45.9,14.890471092077089,Yes
399,W0400,2018-03-18,Cairns,18.4,34.5,2.1,2.8,4.5,ENE,38.0,SSW,WSW,2.0,15.0,61.0,29.0,1011.2,1027.7,1.0,4.0,20.7,33.8,No,3.0,9.3,16.6,No
400,W0401,2017-09-12,Newcastle,13.8,22.0,1.4,3.5,12.0,NNW,30.0,W,E,1.0,10.0,60.0,47.0,1021.5,1012.7,5.0,5.0,17.8,18.2,Yes,10.0,35.5,10.0,No
401,W0402,2019-12-07,Hobart,5.3,21.8,4.0,1.6,6.0,S,44.0,SSE,E,28.0,27.0,42.0,20.0,1020.8,1023.8,3.0,2.0,7.3,16.8,No,2.0,40.1,1.2,No
402,W0403,2018-07-30,Darwin,26.7,30.7,3.1,7.3,5.4,W,24.0,S,SSE,23.0,25.0,34.0,41.0,1029.3,1014.6,2.0,0.0,27.0,30.7,No,4.0,9.7,24.7,No
403,W0404,07/04/2022,Townsville,18.2,26.8,2.4,1.4,7.243421052631579,NE,70.0,E,WSW,18.0,51.0,72.0,83.0,1009.5,1005.4,4.0,6.0,20.1,24.1,Yes,1.0,20.9,13.5,Yes
404,W0405,2016-05-27,Newcastle,11.0,24.1,3.0,2.3,8.6,NE,20.0,SW,SSW,23.0,21.0,44.0,51.0,1013.9,1008.6,1.0,1.0,14.8,22.0,Yes,1.0,34.6,13.6,No
405,W0406,2021-06-13,Melbourne,11.0,17.5,3.8,3.9,4.6,WNW,40.0,SE,SE,13.0,23.0,54.0,44.0,1014.3,1012.8,1.0,0.0,12.0,16.0,No,5.0,11.6,15.8,No
406,W0407,2019-08-10,Townsville,23.8,34.7,0.9,3.7,11.7,N,7.0,NNE,NNW,18.0,6.0,60.0,49.0,1018.9,1024.4,3.0,5.0,26.7,29.9,No,2.0,45.5,28.4,No
407,W0408,2020-08-15,Canberra,6.6,25.767203219315896,0.5,3.8,6.1,WSW,22.0,ENE,NNW,29.0,21.0,70.0,63.0,1013.6,1027.0,1.0,1.0,8.0,17.4,No,9.0,14.4,14.890471092077089,Yes
408,W0409,2016-10-27,Melbourne,12.4,23.6,0.7,9.2,8.9,S,11.0,SE,NE,11.0,4.0,44.0,26.0,1019.2,1023.8,2.0,5.0,15.8,22.3,No,4.0,27.8,8.5,No
409,W0410,2016-10-12,Adelaide,10.1,24.7,4.5,2.3,10.3,NW,39.0,ESE,NW,5.0,29.0,56.0,44.0,1021.0,1014.55,3.0,2.0,15.0,22.4,No,7.0,29.0,9.6,No
410,W0411,2015-08-11,Perth,16.3,26.6,4.5,9.1,8.4,NE,26.0,NNE,ENE,24.0,18.0,29.0,21.0,1011.0,1019.9,0.0,0.0,17.2,25.9,No,4.0,30.7,20.0,No
411,W0412,2020-09-09,Perth,13.4,27.0,3.2,9.5,8.7,NNE,32.0,SW,NNW,5.0,22.0,62.0,27.0,1021.6,1010.1,2.0,3.0,14.7,26.7,No,5.0,39.4,17.7,No
412,W0413,2015-01-09,Perth,16.0,24.6,2.1,2.1,6.0,233,38.0,WNW,W,0.0,27.0,44.0,20.0,1029.6,1013.4,5.0,5.0,18.1,20.8,No,5.0,43.5,16.0,No
413,W0414,2017-05-23,Hobart,7.5,22.6,2.9,8.4,1.2,S,68.0,NE,WNW,25.0,21.0,91.0,83.0,1001.2,1010.9,5.0,4.0,13.2,19.3,No,10.0,38.4,11.7,Yes
414,W0415,2016-08-16,Perth,12.9,21.2,1.5,2.1,6.9,SW,15.0,N,NNW,13.0,27.0,68.0,49.0,1022.2,1019.4,5.0,2.0,16.6,18.5,No,1.0,22.9,17.1,No
415,W0416,2021-02-14,Canberra,5.7,23.9,1.7,7.6,8.3,NE,40.0,NE,NNW,12.0,6.0,67.0,50.0,1014.7,1013.7,5.0,0.0,9.2,21.1,Yes,9.0,5.3,6.7,No
416,W0417,2016-11-10,Townsville,20.7,29.7,1.9,7.3,7.2,NE,29.264835164835166,WNW,WSW,21.0,18.0,70.0,38.0,1011.5,1027.6,1.0,3.0,21.7,26.8,No,1.0,9.0,24.7,No
417,W0418,2022-06-19,Townsville,18.1,32.0,1.5,11.8,8.7,SSW,23.0,W,W,13.0,0.0,59.0,37.0,1027.0,1026.4,1.0,4.0,19.6,29.1,Yes,2.0,8.5,14.890471092077089,No
418,W0419,2019-12-21,Cairns,21.0,28.4,1.0,7.3,8.4,N,13.0,SSE,S,20.0,31.0,62.0,41.0,1023.2,1022.8,2.0,3.0,21.4,26.6,No,6.0,20.2,25.2,No
419,W0420,2022-09-02,Melbourne,13.4,19.7,3.1,9.2,11.8,NE,41.0,NE,ENE,26.0,20.0,30.0,63.0,1016.2728368017525,1020.9,3.0,0.0,13.6,17.0,Yes,4.0,33.0,13.6,No
420,W0421,2017-02-22,Sydney,14.3,22.6,2.9,9.7,7.243421052631579,N,29.264835164835166,WSW,ENE,22.0,26.0,72.0,94.0,1002.1,994.0,3.0,8.0,14.8,21.6,Yes,11.0,39.5,14.7,Yes
421,W0422,2015-03-18,Perth,13.2,28.0,3.0,1.9,7.243421052631579,NE,13.0,WSW,E,24.0,26.0,33.0,36.0,1017.7,1018.4,0.0,2.0,15.7,23.8,No,8.0,28.3,18.2,No
422,W0423,2018-07-20,Townsville,20.7,34.3,0.3,4.8,4.0,SSE,18.0,SW,E,7.0,21.0,36.0,36.0,1029.8,1026.3,3.0,2.0,22.3,32.5,No,9.0,16.3,22.3,No
423,W0424,2019-07-05,Melbourne,13.2,17.9,3.9,11.4,5.5,NNE,43.0,SSE,N,20.0,0.0,53.0,50.0,1022.6,1023.2,3.0,3.0,15.1,16.0,Yes,5.0,16.9,10.7,No
424,W0425,2016-10-26,Sydney,16.9,23.5,2.9,8.5,4.7,NE,29.264835164835166,S,ENE,38.0,47.0,97.0,73.0,1013.2,998.4,4.0,8.0,19.7,22.2,Yes,7.0,31.6,16.9,Yes
425,W0426,2015-05-06,Hobart,4.8,14.3,2.9,4.3,-0.9,WSW,29.264835164835166,NNE,NNE,46.0,42.0,96.0,58.0,1003.3,996.3,4.0,4.0,5.2,12.2,No,2.0,18.7,5.4,Yes
426,W0427,2015-01-13,Melbourne,10.2,24.3,3.6,2.6,9.9,WNW,42.0,S,W,15.0,14.0,38.0,47.0,1029.7,1009.9,0.0,3.0,16.3,17.6,No,11.0,48.1,5.6,No
427,W0428,2018-04-01,Sydney,10.5,27.6,3.3,4.1,5.9,N,36.0,NE,SSW,9.0,17.0,51.0,44.0,1012.4,1015.9,2.0,4.0,18.0,27.3,No,10.0,13.5,6.2,No
428,W0429,2019-02-17,Brisbane,17.9,34.0,4.4,3.4,12.5,S,17.0,SSW,ENE,21.0,7.0,65.0,34.0,1029.0,1013.5,3.0,2.0,21.8,30.4,Yes,6.0,22.3,22.6,No
429,W0430,2022-07-17,Cairns,22.5,30.3,3.2,-4.4,7.243421052631579,NW,8.0,SSW,ENE,14.0,22.0,47.0,22.0,1012.9,1011.9,2.0,3.0,26.2,29.6,No,9.0,32.6,25.2,No
430,W0431,2021-10-30,Hobart,8.5,20.3,0.1,7.3,7.0,N,40.0,W,WNW,20.0,23.0,38.0,32.0,1018.7,1015.7,4.0,5.0,12.3,16.2,No,8.0,34.4,11.7,No
431,W0432,2019-12-19,Perth,18.3,23.3,3.5,12.8,8.3,SSE,26.0,W,NNW,26.0,29.0,58.0,31.0,1025.0,1008.4,3.0,3.0,19.2,22.4,No,4.0,45.5,16.0,No
432,W0433,2017-08-06,Wollongong,11.9,23.0,2.4,5.1,0.8,E,29.264835164835166,E,E,19.0,21.0,80.0,62.0,1016.2728368017525,999.3,8.0,4.0,13.7,22.9,Yes,5.0,20.8,10.3,Yes
433,W0434,2018-10-02,Darwin,20.6,33.7,2.0,10.9,12.1,ENE,21.0,WNW,NNW,1.0,15.0,59.0,58.0,1023.6,1017.5,5.0,5.0,22.1,28.2,No,6.0,6.3,22.0,No
434,W0435,2021-07-03,Sydney,16.9,23.2,3.1,7.3,6.0,ENE,32.0,ENE,NNE,8.0,0.0,47.0,39.0,1022.5,1022.5,3.0,5.0,18.0,22.2,No,6.0,29.3,21.7,No
435,W0436,2015-09-14,Canberra,5.3,24.6,4.3,8.9,10.1,NE,20.0,SE,W,11.0,33.0,33.0,62.0,1022.5,1025.9,1.0,5.0,10.3,22.2,No,4.0,25.1,6.8,No
436,W0437,2018-07-22,Darwin,25.5,39.0,0.9,4.6,8.8,N,11.0,ESE,WSW,27.0,22.0,57.0,48.0,1014.7,1021.9,3.0,0.0,30.2,33.2,Yes,1.0,45.1,24.0,No
437,W0438,2017-08-05,Canberra,5.8,19.7,0.9,4.4,8.0,SE,38.0,N,E,23.0,21.0,26.0,48.0,1027.5,1026.8,1.0,3.0,10.6,17.5,No,5.0,46.5,6.3,No
438,W0439,2022-12-25,Wollongong,14.6,25.3,2.4,7.3,3.9,WNW,29.264835164835166,WNW,SSE,50.0,19.0,72.0,48.0,1009.4,1008.9,7.0,5.0,15.0,20.0,No,9.0,35.8,14.890471092077089,Yes
439,W0440,2015-11-27,Wollongong,10.4,27.8,4.4,9.7,10.5,SW,35.0,ESE,NW,16.0,34.0,52.0,43.0,1026.7,1025.4,4.0,4.0,19.0,25.1,Yes,2.0,29.0,6.1,No
440,W0441,2019-05-04,Newcastle,16.1,28.5,5.0,6.4,8.6,WSW,20.0,E,S,13.0,31.0,58.0,30.0,1014.7,1019.9,3.0,3.0,19.5,23.3,No,9.0,14.2,13.5,No
441,W0442,2022-08-07,Cairns,18.6,35.7,4.2,6.7,7.0,ESE,45.0,NW,E,14.0,26.0,46.0,47.0,1020.3,1014.55,5.0,1.0,26.3,34.7,Yes,6.0,48.8,20.5,No
442,W0443,2019-04-28,Adelaide,10.8,22.1,4.2,12.2,9.2,ENE,9.0,S,ENE,3.0,2.0,29.0,53.0,1014.7,1023.8,2.0,1.0,11.8,21.6,No,9.0,24.8,13.9,No
443,W0444,2018-04-25,Darwin,21.7,35.3,3.5,5.0,6.8,N,45.0,ESE,SE,6.0,15.0,63.0,38.0,1029.0,1016.5,5.0,5.0,27.2,31.1,No,11.0,26.6,14.890471092077089,No
444,W0445,2015-08-28,Townsville,18.5,33.7,1.4,7.7,7.7,NE,17.0,S,SW,16.0,25.0,68.0,22.0,1023.4,1014.6,3.0,3.0,20.6,26.3,No,9.0,48.4,21.6,No
445,W0446,2019-05-14,Darwin,21.8,39.0,1.8,12.1,4.4,SE,29.0,N,S,0.0,26.0,25.0,41.0,1023.8,1019.2,1.0,4.0,24.7,31.2,Yes,4.0,46.1,19.4,No
446,W0447,2018-09-30,Sydney,10.5,28.8,3.8,13.0,7.7,ENE,23.0,SW,ENE,28.0,13.0,54.0,33.0,1021.7,1015.8,3.0,0.0,14.7,26.7,No,2.0,7.7,7.9,No
447,W0448,2016-09-26,Wollongong,16.1,22.8,2.4,0.4,3.8,ESE,39.0,NNE,ESE,23.0,52.0,66.0,89.0,999.7,994.1,3.0,6.0,17.0,22.8,Yes,5.0,33.9,11.2,Yes
448,W0449,2019-04-19,Hobart,9.0,19.5,1.3,7.3,8.6,SW,41.0,WSW,WSW,20.0,0.0,59.0,63.0,1017.8,1027.3,5.0,3.0,11.4,18.6,No,8.0,16.2,14.890471092077089,No
449,W0450,2020-11-16,Adelaide,12.5,26.6,2.6500000000000004,12.1,7.243421052631579,ESE,47.0,NNW,SSW,51.0,40.0,71.0,70.0,995.5,1002.8,7.0,6.0,16.0,22.3,No,2.0,35.8,14.890471092077089,Yes
450,W0451,2019-08-17,Sydney,10.4,24.9,2.8,1.9,7.243421052631579,NNE,29.0,SSW,WSW,1.0,4.0,69.0,59.0,1018.4,1019.5,5.0,3.0,12.5,24.7,No,4.0,8.4,13.0,No
451,W0452,2017-09-28,Brisbane,16.0,24.6,3.0,7.3,10.4,NNE,32.0,WNW,ENE,24.0,26.0,70.0,19.0,1016.2728368017525,1019.2,3.0,0.0,19.0,21.3,No,3.0,43.7,19.3,No
452,W0453,2020-07-02,Sydney,14.1,28.2,2.9,2.6,7.243421052631579,SSE,29.264835164835166,SW,N,18.0,57.0,64.0,80.0,1005.1,1009.6,7.0,4.0,17.5,21.9,Yes,10.0,29.6,17.6,Yes
453,W0454,2015-10-10,Cairns,20.0,31.0,4.3,0.6,12.0,WSW,8.0,S,ENE,26.0,19.0,50.0,32.0,1025.6,1019.7,2.0,2.0,21.1,26.9,No,2.0,19.8,17.3,No
454,W0455,2019-12-29,Canberra,9.1,21.3,2.9,14.2,4.9,W,29.264835164835166,NNW,NNW,26.0,21.0,85.0,74.0,1001.3,1010.4,5.0,7.0,13.1,17.6,No,3.0,13.8,5.4,Yes
455,W0456,2016-11-24,Hobart,9.1,17.5,2.5,7.3,8.4,W,27.0,NW,NW,19.0,31.0,35.0,64.0,1026.1,1012.9,1.0,0.0,12.9,14.9,Yes,5.0,17.5,10.7,No
456,W0457,2021-04-20,Perth,13.2,30.7,5.0,7.3,6.7,SW,29.0,NNW,SSW,29.0,13.0,64.0,26.0,1016.2,1012.9,0.0,0.0,13.4,22.4,No,8.0,29.7,9.1,No
457,W0458,2019-01-08,Perth,18.5,27.1,1.7,2.4,6.3,WNW,26.0,WNW,WSW,7.0,2.0,56.0,63.0,1017.8,1025.0,3.0,1.0,21.8,26.3,No,11.0,9.8,15.4,No
458,W0459,2020-09-17,Newcastle,12.5,25.4,3.05,11.5,4.4,WSW,41.0,NW,SW,17.0,55.0,71.0,95.0,1001.3,1003.1,8.0,7.0,12.8,23.8,Yes,2.0,38.6,10.7,Yes
459,W0460,2021-02-07,Wollongong,12.0,29.2,2.4,7.2,7.243421052631579,SSW,29.264835164835166,ENE,WSW,33.0,28.0,86.0,83.0,1007.5,1006.2,8.0,5.0,12.3,28.9,Yes,6.0,48.3,11.5,Yes
460,W0461,2018-09-15,Melbourne,7.7,23.9,0.9,7.8,4.4,E,32.0,SSE,N,14.0,14.0,40.0,15.0,1016.2728368017525,1014.1,2.0,0.0,13.7,19.8,Yes,11.0,7.7,3.8,No
461,W0462,2019-10-15,Melbourne,10.9,20.8,2.0,6.5,10.2,NW,16.0,WNW,SW,2.0,35.0,27.0,46.0,1016.2728368017525,1012.0,3.0,4.0,13.4,16.9,No,5.0,30.1,11.1,No
462,W0463,2021-09-05,Adelaide,15.1,25.6,4.9,2.2,12.8,NNW,11.0,WSW,WSW,12.0,32.0,67.0,37.0,1018.7,1012.6,2.0,1.0,20.0,20.6,No,4.0,20.4,15.2,No
463,W0464,2019-03-28,Newcastle,11.7,21.8,0.2,13.4,7.5,W,42.0,SSW,SSW,13.0,26.0,57.0,60.0,1025.6,1020.1,2.0,3.0,13.9,17.7,No,11.0,20.0,11.7,No
464,W0465,2019-05-29,Darwin,25.6,32.9,1.6,6.5,5.0,W,10.0,SSE,S,2.0,22.0,58.0,38.0,1026.5,1019.1,3.0,0.0,28.5,31.8,No,11.0,46.4,25.2,No
465,W0466,2018-11-13,Adelaide,15.5,22.7,3.5,10.5,11.4,WSW,37.0,ENE,W,16.0,17.0,65.0,21.0,1016.2728368017525,1021.0,5.0,0.0,18.6,20.7,No,11.0,34.8,17.1,No
466,W0467,2019-07-16,Perth,12.4,24.3,4.0,14.1,7.243421052631579,S,41.0,E,NE,15.0,23.0,67.0,49.0,1018.5,1011.0,2.0,3.0,14.8,18.6,Yes,9.0,22.3,16.7,No
467,W0468,2019-09-08,Canberra,9.3,23.5,3.4,9.9,5.7,NE,15.0,W,W,13.0,9.0,41.0,22.0,1028.4,1009.5,5.0,1.0,14.3,17.5,Yes,10.0,35.7,6.5,No
468,W0469,2018-09-29,Darwin,25.3,37.5,3.7,12.6,8.1,SW,24.0,NW,SE,20.0,22.0,31.0,43.0,1014.5,1008.4,2.0,2.0,27.6,37.0,No,10.0,48.7,25.9,No
469,W0470,2015-07-31,Wollongong,15.5,22.5,2.4,12.4,0.9,ESE,29.264835164835166,WNW,SW,18.0,21.0,96.0,85.0,1001.6,1001.2,4.0,7.0,16.9,20.5,Yes,5.0,22.7,18.6,Yes
470,W0471,2017-04-25,Sydney,12.2,27.3,3.4,1.1,12.0,NNE,9.0,SSE,NNE,2.0,7.0,37.0,32.0,1028.2,1025.9,5.0,3.0,15.7,26.5,No,4.0,24.0,14.890471092077089,No
471,W0472,2019-07-05,Melbourne,13.2,17.9,3.9,11.4,5.5,NNE,43.0,SSE,N,20.0,0.0,53.0,50.0,1022.6,1023.2,3.0,3.0,15.1,16.0,Yes,5.0,16.9,10.7,No
472,W0473,2016-02-10,Brisbane,19.7,27.2,2.3,7.3,13.0,WSW,35.0,E,ESE,10.0,26.0,36.0,30.0,1020.6,1025.6,4.0,1.0,20.1,23.7,No,11.0,49.8,14.890471092077089,No
473,W0474,2015-08-28,Hobart,7.3,21.0,1.7,11.4,6.8,S,21.0,SW,WNW,6.0,2.0,37.0,35.0,1014.3,1014.55,3.0,3.0,8.3,16.4,No,10.0,10.0,10.8,No
474,W0475,2020-08-24,Wollongong,12.7,29.5,2.4,7.3,-1.0,N,29.264835164835166,SSW,N,42.0,49.0,93.0,84.0,1007.2,1005.1,7.0,8.0,19.9,26.2,No,11.0,32.4,14.5,Yes
475,W0476,2015-06-13,Wollongong,15.3,28.9,2.4,13.2,5.9,WNW,41.0,NNW,SSE,29.0,8.0,42.0,60.0,1028.9,1021.0,3.0,2.0,15.4,24.0,No,8.0,27.3,11.7,No
476,W0477,2016-04-25,Canberra,6.9,14.3,3.0,4.8,12.2,ESE,39.0,SW,S,25.0,18.0,58.0,30.0,1016.2728368017525,1021.4,4.0,4.0,9.4,12.4,Yes,10.0,26.3,9.7,No
477,W0478,2020-01-09,Sydney,12.3,23.4,2.9,1.1,8.3,E,43.0,E,WNW,24.0,3.0,57.0,31.0,1019.3,1022.0,1.0,2.0,17.0,22.6,No,2.0,39.6,15.3,No
478,W0479,2016-10-11,Canberra,7.8,23.3,3.4,7.3,8.4,N,30.0,W,W,9.0,30.0,41.0,50.0,1019.0,1014.5,5.0,1.0,8.2,19.0,No,9.0,42.5,10.1,No
479,W0480,2017-11-03,Canberra,10.1,23.9,1.3,12.7,9.8,SSW,31.0,WNW,SE,19.0,17.0,25.0,36.0,1025.2,1027.3,4.0,4.0,10.6,18.7,No,8.0,28.2,11.5,No
480,W0481,2021-05-22,Darwin,24.2,29.7,2.9,3.0,7.243421052631579,E,38.0,E,W,24.0,24.0,63.0,34.0,1021.0,1015.8,0.0,2.0,26.3,27.1,Yes,7.0,46.4,26.4,No
481,W0482,2016-11-21,Newcastle,16.9,19.5,3.05,4.8,7.243421052631579,N,31.0,NW,WNW,22.0,38.0,62.0,63.0,1016.2728368017525,1004.8,3.0,6.0,17.4,18.7,Yes,9.0,13.7,17.3,Yes
482,W0483,2018-04-16,Brisbane,18.2,24.3,4.9,6.5,9.9,NE,38.0,NW,N,20.0,7.0,66.0,22.0,1011.4,1012.3,3.0,1.0,19.5,23.1,No,3.0,36.8,21.6,No
483,W0484,2020-06-06,Adelaide,14.8,23.7,0.7,0.9,4.6,NNE,24.0,SSE,SW,0.0,6.0,70.0,52.0,1025.9,1018.4,3.0,5.0,19.2,22.7,Yes,11.0,19.4,14.1,No
484,W0485,2015-11-27,Adelaide,12.2,21.1,2.6500000000000004,13.8,7.243421052631579,NW,29.264835164835166,N,WNW,27.0,20.0,83.0,93.0,1016.2728368017525,1008.6,4.0,8.0,14.8,20.1,Yes,6.0,12.4,11.5,Yes
485,W0486,2018-10-02,Melbourne,9.0,19.5,4.3,3.6,11.2,ENE,12.0,SE,S,5.0,11.0,26.0,28.0,1020.4,1012.5,2.0,0.0,10.8,15.1,No,1.0,27.0,6.9,No
486,W0487,2016-02-05,Hobart,7.2,23.7,4.9,14.8,9.0,NE,17.0,SW,SSE,18.0,27.0,69.0,48.0,1026.8,1024.0,4.0,5.0,12.0,17.2,No,2.0,17.4,4.7,No
487,W0488,2016-06-11,Adelaide,15.6,18.3,2.3,14.1,4.8,NNW,10.0,NE,NW,11.0,2.0,60.0,48.0,1015.9,1023.0,3.0,0.0,16.3,18.3,No,2.0,12.4,20.2,No
488,W0489,2019-07-29,Wollongong,11.9,25.1,3.1,3.4,6.9,ENE,11.0,ENE,NE,2.0,12.0,44.0,58.0,1018.2,1008.1,4.0,1.0,14.2,21.9,No,9.0,26.5,12.5,No
489,W0490,2017-12-03,Sydney,14.4,27.4,0.4,7.2,4.8,ESE,38.0,W,WNW,12.0,15.0,40.0,25.0,1016.2728368017525,1012.7,5.0,3.0,16.4,26.5,Yes,3.0,45.0,10.7,No
490,W0491,2021-05-23,Hobart,5.6,18.0,1.6,3.5,9.3,SSE,11.0,SSE,ENE,19.0,2.0,56.0,48.0,1024.2,1008.8,5.0,4.0,8.1,15.5,No,2.0,29.6,1.6,No
491,W0492,2017-10-22,Sydney,11.2,21.9,2.9,7.4,13.0,NE,13.0,N,NE,26.0,15.0,70.0,27.0,1014.7,1009.4,1.0,4.0,11.9,21.4,Yes,6.0,15.4,7.2,No
492,W0493,2015-08-30,Brisbane,20.6,23.1,1.6,0.7,10.0,152,25.0,NW,ENE,10.0,31.0,33.0,25.0,1027.4,1027.5,2.0,0.0,21.8,22.2,No,4.0,20.4,16.7,No
493,W0494,2021-07-15,Sydney,15.0,25.3,4.1,14.5,6.5,WNW,33.0,WNW,SSE,28.0,23.0,67.0,49.0,1025.0,1019.6,1.0,4.0,16.4,21.4,No,5.0,22.0,14.890471092077089,No
494,W0495,2022-06-06,Melbourne,13.2,26.9,2.75,7.3,1.6,NNE,29.264835164835166,N,ENE,27.0,21.0,79.0,92.0,1009.3,1001.2,3.0,5.0,19.2,26.1,No,3.0,33.8,17.3,Yes
495,W0496,2017-08-14,Hobart,9.7,14.0,0.2,14.1,4.5,NE,26.0,NNW,S,11.0,19.0,59.0,62.0,1022.9,1011.5,4.0,4.0,10.8,13.2,No,2.0,37.8,10.5,No
496,W0497,2021-10-03,Cairns,14.6,28.7,2.7,11.2,1.6,NE,41.0,NNW,WSW,46.0,41.0,79.0,96.0,1003.6,1014.55,6.0,7.0,20.3,26.4,Yes,5.0,32.2,17.3,Yes
497,W0498,2018-11-21,Perth,14.0,31.3,1.3,0.4,9.4,NNW,44.0,WNW,SW,24.0,25.0,53.0,41.0,1018.4,1027.2,1.0,0.0,21.0,27.9,No,10.0,6.7,9.3,No
498,W0499,2022-10-05,Townsville,18.0,34.3,2.4,13.9,2.7,SSE,29.264835164835166,S,ESE,53.0,46.0,60.0,55.0,1000.5,994.0,5.0,3.0,24.8,34.0,Yes,9.0,13.8,18.3,Yes
499,W0500,2020-04-20,Wollongong,14.0,19.2,2.4,2.1,5.0,SSW,29.264835164835166,ENE,ESE,45.0,32.0,67.0,77.0,1005.8,1009.6,8.0,8.0,15.4,17.9,Yes,3.0,16.2,11.8,Yes
500,W0501,2020-09-29,Hobart,4.4,13.1,2.9,11.7,7.243421052631579,NW,63.0,ESE,WSW,17.0,43.0,63.0,76.0,1016.2728368017525,1014.55,8.0,5.0,8.3,9.2,Yes,6.0,12.4,3.7,Yes
501,W0502,2018-05-16,Sydney,11.3,28.2,4.2,12.1,6.0,N,19.0,S,WNW,5.0,11.0,64.0,63.0,1018.0,1026.4,2.0,0.0,12.7,22.8,Yes,5.0,33.2,12.0,No
502,W0503,2018-12-24,Hobart,6.4,20.8,1.4,4.6,4.8,ENE,13.0,ENE,NNW,15.0,17.0,54.0,24.0,1029.0,1019.8,2.0,5.0,8.1,17.7,No,7.0,45.7,2.9,No
503,W0504,2021-01-27,Cairns,14.6,33.3,2.7,2.8,5.7,SSW,39.0,E,ENE,53.0,22.0,60.0,80.0,1003.6,1006.8,6.0,7.0,25.3,30.3,No,4.0,48.6,22.3,Yes
504,W0505,2017-07-04,Darwin,25.0,30.7,2.6,13.6,9.3,SW,11.0,SE,SE,11.0,21.0,53.0,46.0,1022.6,1015.9,2.0,1.0,25.1,28.9,No,9.0,35.6,26.4,No
505,W0506,2015-01-30,Wollongong,14.7,21.0,1.9,9.2,7.7,NNW,44.0,N,ENE,18.0,31.0,63.0,58.0,1026.0,1014.55,2.0,5.0,17.1,19.1,No,8.0,30.8,14.8,No
506,W0507,2019-01-18,Adelaide,13.1,28.6,1.2,13.0,13.0,NW,17.0,E,S,29.0,26.0,35.0,23.0,1025.5,1023.5,2.0,1.0,13.3,25.7,No,10.0,29.9,16.9,No
507,W0508,2022-09-24,Sydney,13.2,20.4,0.9,2.6,4.9,S,15.0,NW,NNE,4.0,26.0,43.0,59.0,1012.3,1020.3,2.0,0.0,16.5,17.3,No,5.0,40.2,15.5,No
508,W0509,2021-02-09,Darwin,20.6,36.3,0.6,5.8,7.243421052631579,N,25.0,NNW,NNE,0.0,21.0,64.0,21.0,1016.6,1009.2,5.0,1.0,22.0,29.5,No,2.0,26.2,18.9,No
509,W0510,2016-01-05,Melbourne,11.4,19.7,1.3,5.7,8.3,WNW,24.0,ESE,NNE,9.0,25.0,37.0,54.0,1014.4,1013.9,1.0,2.0,13.0,15.8,No,9.0,46.5,12.1,No
510,W0511,2022-07-24,Melbourne,10.0,20.1,2.75,9.6,5.6,NE,29.264835164835166,NE,NW,50.0,30.0,74.0,96.0,1004.1,1001.1,7.0,6.0,10.9,15.1,Yes,8.0,22.8,8.2,Yes
511,W0512,2018-01-07,Melbourne,13.9,16.4,2.75,9.0,3.9,114,43.0,W,W,54.0,20.0,97.0,99.0,999.0,1002.1,5.0,8.0,14.9,16.4,Yes,5.0,46.3,15.4,Yes
512,W0513,2015-07-31,Brisbane,18.8,24.9,2.4,5.5,0.5,NE,57.0,S,NNE,48.0,17.0,61.0,55.0,1004.5,1009.0,6.0,8.0,19.0,22.7,Yes,4.0,17.1,21.4,Yes
513,W0514,2017-04-30,Wollongong,16.6,22.3,2.4,13.5,3.8,SSE,29.264835164835166,E,S,33.0,48.0,97.0,95.0,998.7,997.6,4.0,5.0,17.4,19.6,No,7.0,14.6,16.4,Yes
514,W0515,2015-07-11,Brisbane,18.9,29.5,2.4,7.3,1.0,S,29.264835164835166,WSW,SSW,39.0,48.0,93.0,92.0,1010.7,1001.5,8.0,7.0,19.6,25.7,Yes,1.0,36.7,21.9,Yes
515,W0516,2021-04-18,Melbourne,12.3,23.6,3.8,12.4,9.8,SSE,26.0,ESE,N,20.0,27.0,27.0,38.0,1016.2728368017525,1028.0,0.0,0.0,17.4,19.0,No,6.0,38.1,13.8,No
516,W0517,2016-09-12,Darwin,24.7,33.6,3.9,8.4,5.9,NNE,45.0,SW,ENE,24.0,21.0,98.0,94.0,1000.8,995.5,7.0,7.0,28.2,30.9,No,6.0,13.5,25.6,Yes
517,W0518,2019-09-23,Darwin,22.9,34.6,4.6,1.1,7.5,SE,15.0,SW,SSE,15.0,34.0,49.0,62.0,1016.2728368017525,1017.7,5.0,0.0,23.9,29.7,Yes,7.0,21.2,21.2,No
518,W0519,2020-11-13,Adelaide,15.9,18.9,2.2,8.9,8.3,SSW,32.0,NNW,SSW,12.0,10.0,44.0,21.0,1016.0,1014.4,5.0,5.0,17.1,17.8,No,1.0,34.6,14.4,No
519,W0520,2015-05-06,Melbourne,9.7,23.5,2.75,13.8,7.243421052631579,SW,69.0,ENE,ENE,32.0,53.0,81.0,66.0,1014.7,1006.4,8.0,5.0,15.6,23.0,No,8.0,15.8,14.3,Yes
520,W0521,2019-05-23,Perth,15.7,25.4,1.7,11.7,5.9,SSE,28.0,NW,WNW,26.0,28.0,34.0,17.0,1028.9,1014.55,5.0,4.0,20.0,20.7,No,6.0,38.8,13.1,No
521,W0522,2022-03-24,Hobart,9.4,21.4,1.0,12.8,5.8,SW,29.264835164835166,SSW,WSW,40.0,22.0,92.0,97.0,1016.2728368017525,1007.7,6.0,7.0,11.9,17.7,Yes,4.0,21.9,10.8,Yes
522,W0523,2017-07-09,Wollongong,11.9,27.5,2.4,0.2,7.243421052631579,W,64.0,SE,SE,52.0,21.0,72.0,78.0,1010.8,1002.6,7.0,3.0,12.6,26.6,No,8.0,48.8,16.5,Yes
523,W0524,2022-10-01,Darwin,22.5,33.7,2.6,14.7,1.6,NNE,29.264835164835166,W,WSW,18.0,21.0,96.0,99.0,996.6,1008.5,4.0,7.0,24.8,30.7,Yes,3.0,10.1,25.4,Yes
524,W0525,2021-11-29,Canberra,9.6,25.767203219315896,1.7,13.6,10.1,WNW,31.0,E,SW,3.0,1.0,32.0,22.0,1016.2728368017525,1014.9,1.0,5.0,16.6,21.6,No,7.0,20.4,6.6,No
525,W0526,2021-09-20,Wollongong,11.9,23.2,2.4,14.1,5.5,N,29.264835164835166,SW,S,29.0,29.0,97.0,81.0,1012.2,1006.7,3.0,7.0,14.2,19.7,Yes,5.0,31.7,8.8,Yes
526,W0527,2018-04-11,Sydney,13.2,25.6,4.6,6.6,6.6,ENE,44.0,SE,NW,3.0,11.0,30.0,21.0,1029.5,1016.4,3.0,3.0,13.9,25.4,No,2.0,7.3,17.2,No
527,W0528,2015-12-28,Darwin,22.2,34.9,1.1,13.4,8.2,S,34.0,NW,SW,26.0,17.0,52.0,47.0,1020.8,1017.6,5.0,2.0,23.4,31.8,No,4.0,7.8,22.4,No
528,W0529,2019-05-23,Darwin,21.9,32.7,2.6,1.8,2.6,SSE,29.264835164835166,SSW,E,33.0,31.0,82.0,67.0,1016.2728368017525,1006.4,4.0,3.0,25.6,31.4,Yes,8.0,29.6,23.2,Yes
529,W0530,2021-08-03,Wollongong,14.2,20.9,0.8,12.5,8.2,S,29.0,NNE,SW,11.0,5.0,26.0,61.0,1021.4,1013.4,4.0,3.0,14.8,18.2,No,8.0,28.8,17.3,No
530,W0531,2021-01-11,Brisbane,16.5,30.7,2.7,1.6,7.3,SSE,8.0,WSW,W,23.0,23.0,44.0,37.0,1023.1,1009.8,1.0,1.0,16.9,29.1,No,5.0,6.8,19.6,No
531,W0532,2016-02-01,Townsville,21.1,28.8,0.5,11.4,10.9,WNW,9.0,E,E,6.0,1.0,26.0,35.0,1012.6,1014.55,3.0,3.0,22.8,27.5,No,10.0,12.3,18.9,No
532,W0533,2022-09-09,Adelaide,13.4,23.6,2.7,7.3,5.3,NW,61.0,SE,W,47.0,57.0,61.0,58.0,996.2,1014.55,8.0,4.0,14.3,20.9,Yes,8.0,40.3,12.6,Yes
533,W0534,2015-12-22,Sydney,13.0,20.0,0.4,14.7,8.2,SSE,28.0,SSW,W,18.0,1.0,40.0,18.0,1019.1,1012.3,4.0,4.0,14.0,16.9,Yes,3.0,40.1,12.4,No
534,W0535,31/10/2019,Townsville,23.0,26.5,4.9,3.6,11.3,S,25.0,NNW,SSW,7.0,30.0,57.0,26.0,1012.1,1019.4,1.0,2.0,23.9,26.4,No,9.0,27.3,24.2,No
535,W0536,2021-10-29,Newcastle,12.1,22.8,3.05,1.7,-1.0,ENE,29.264835164835166,ESE,S,36.0,31.0,95.0,71.0,1013.0,1012.5,6.0,6.0,12.2,22.3,Yes,9.0,43.6,10.5,Yes
536,W0537,2017-01-22,Canberra,11.8,20.6,3.6,9.6,6.9,NE,11.0,SE,WNW,24.0,16.0,33.0,21.0,1029.9,1027.1,3.0,4.0,13.5,16.5,Yes,3.0,13.7,11.5,No
537,W0538,2019-11-01,Adelaide,12.6,22.1,0.8,11.8,7.243421052631579,WNW,9.0,S,ESE,10.0,18.0,62.0,65.0,1016.2728368017525,1025.1,5.0,0.0,12.7,17.6,No,4.0,17.9,12.4,No
538,W0539,2015-11-12,Canberra,5.1,16.1,3.9,10.3,4.0,NW,16.0,ENE,NNE,19.0,11.0,47.0,42.0,1020.8,1015.8,4.0,3.0,7.4,14.5,No,9.0,29.3,8.8,No
539,W0540,2021-04-30,Townsville,20.1,35.9,4.2,4.6,9.5,NE,39.0,S,SSE,14.0,32.0,58.0,30.0,1016.2728368017525,1014.55,3.0,1.0,22.6,32.5,No,4.0,30.6,21.9,No
540,W0541,2018-07-13,Brisbane,16.2,28.0,2.5,7.1,11.1,E,25.0,W,ESE,15.0,30.0,60.0,51.0,1014.0,1015.0,1.0,1.0,20.9,22.5,No,7.0,18.9,20.2,No
541,W0542,2022-08-30,Melbourne,7.2,23.9,1.9,7.3,11.4,NE,34.0,ESE,N,27.0,0.0,59.0,18.0,1018.6,1009.0,3.0,2.0,10.6,17.0,Yes,4.0,37.6,3.2,No
542,W0543,2015-03-21,Hobart,6.6,13.8,1.8,11.8,12.0,SSE,30.0,SE,ENE,20.0,23.0,61.0,61.0,1010.5,1011.5,5.0,1.0,8.7,11.4,No,6.0,20.5,4.2,No
543,W0544,2022-02-05,Adelaide,15.8,28.5,1.4,5.2,7.243421052631579,SSE,43.0,NNE,E,30.0,19.0,49.0,24.0,1024.5,1012.1,3.0,5.0,17.4,22.7,No,7.0,13.4,16.4,No
544,W0545,2020-05-05,Wollongong,13.5,23.2,0.6,8.5,7.243421052631579,NE,18.0,ESE,NE,10.0,28.0,37.0,49.0,1013.2,1022.9,5.0,1.0,15.1,22.6,No,6.0,21.9,12.0,No
545,W0546,2015-05-28,Brisbane,18.2,30.2,2.4,4.8,10.6,NE,39.0,SW,SSE,18.0,19.0,32.0,29.0,1017.7,1020.4,5.0,5.0,19.4,29.6,No,5.0,8.6,13.5,No
546,W0547,2022-02-17,Perth,17.0,23.7,0.7,11.2,7.243421052631579,ESE,20.0,NNW,WSW,29.0,33.0,65.0,43.0,1019.9,1024.1,2.0,1.0,19.5,20.6,Yes,1.0,33.1,19.7,No
547,W0548,2020-02-29,Newcastle,12.9,24.6,3.4,1.9,7.243421052631579,W,25.0,WSW,SE,0.0,28.0,46.0,62.0,1017.9,1010.1,5.0,1.0,15.3,23.0,No,9.0,25.5,16.8,No
548,W0549,2019-08-19,Perth,13.4,27.8,2.4,11.6,7.243421052631579,WNW,11.0,ESE,S,2.0,21.0,65.0,44.0,1012.4,1025.1,2.0,0.0,18.7,25.8,No,10.0,33.8,12.9,No
549,W0550,2017-11-26,Sydney,14.4,24.5,1.9,9.7,4.0,NE,30.0,SE,NNW,9.0,26.0,69.0,43.0,1014.4,1023.7,4.0,3.0,15.5,20.4,No,8.0,14.3,17.0,No
550,W0551,2015-07-12,Townsville,23.0,29.3,4.9,13.9,7.5,WSW,23.0,NNW,NW,17.0,11.0,49.0,18.0,1010.8,1014.3,1.0,4.0,24.4,28.3,Yes,7.0,37.3,20.6,No
551,W0552,12/01/2020,Perth,12.8,24.8,2.9,4.0,0.3,SSE,41.0,WNW,S,19.0,47.0,89.0,72.0,1012.9,1003.6,6.0,5.0,15.9,19.3,Yes,6.0,9.4,9.7,Yes
552,W0553,2022-08-23,Adelaide,21.7,12.1,2.6500000000000004,3.9,1.1,ESE,29.264835164835166,N,SE,46.0,31.0,60.0,95.0,1006.3,1005.4,7.0,6.0,14.1,21.1,Yes,11.0,9.7,7.2,Yes
553,W0554,2019-05-22,Townsville,19.2,26.9,1.8,9.5,7.243421052631579,ESE,14.0,W,WSW,29.0,29.0,50.0,40.0,1029.8,1014.8,3.0,1.0,21.0,23.3,Yes,7.0,45.9,17.7,No
554,W0555,2015-11-20,Cairns,18.3,31.6,0.2,1.5,5.9,NE,14.0,NW,SE,3.0,21.0,31.0,52.0,1011.6,1023.7,1.0,5.0,19.4,26.3,Yes,8.0,14.0,16.3,No
555,W0556,2021-11-29,Melbourne,12.2,18.3,4.7,6.1,7.8,NW,20.0,NW,SW,13.0,2.0,56.0,53.0,1016.2728368017525,1014.55,0.0,3.0,15.0,17.1,No,2.0,9.1,13.9,No
556,W0557,2019-10-17,Wollongong,12.3,19.9,0.3,5.5,12.1,E,42.0,NNW,WNW,17.0,17.0,37.0,56.0,1027.6,1011.4,3.0,2.0,12.6,16.7,No,11.0,33.5,8.7,No
557,W0558,2017-01-26,Townsville,18.6,26.6,3.9,4.0,6.0,WNW,38.0,NNW,W,28.0,12.0,47.0,60.0,1019.6,1020.4,5.0,3.0,21.7,24.0,No,9.0,39.4,23.1,No
558,W0559,2015-02-22,Hobart,9.0,20.3,4.0,9.0,10.8,NNE,44.0,SSW,SSE,8.0,21.0,38.0,20.0,1012.5,1011.8,1.0,2.0,13.6,20.3,No,3.0,33.6,9.0,No
559,W0560,2015-08-12,Darwin,25.9,37.6,4.2,12.8,11.0,SE,22.0,S,SSE,22.0,24.0,32.0,53.0,1015.9,1010.4,3.0,4.0,26.1,35.2,No,2.0,21.8,24.7,No
560,W0561,2021-05-30,Perth,14.7,21.3,2.9,9.3,3.2,NNW,51.0,SE,N,34.0,45.0,95.0,96.0,1004.7,994.9,7.0,5.0,17.5,20.8,Yes,6.0,18.5,14.4,Yes
561,W0562,2021-11-03,Melbourne,8.4,25.0,1.8,9.7,6.2,E,25.0,S,ENE,28.0,29.0,48.0,35.0,1023.2,1018.1,5.0,5.0,11.3,21.3,Yes,8.0,41.8,7.6,No
562,W0563,2018-02-14,Melbourne,9.1,24.9,0.4,0.1,7.1,NE,12.0,ENE,ESE,3.0,29.0,25.0,42.0,1016.2,1017.3,0.0,4.0,11.1,18.9,No,1.0,22.7,14.890471092077089,No
563,W0564,2017-04-02,Cairns,24.3,35.9,0.3,1.5,11.8,ENE,45.0,W,ENE,17.0,16.0,30.0,51.0,1011.5,1016.6,4.0,5.0,25.8,33.4,No,10.0,11.5,23.4,No
564,W0565,2015-03-22,Adelaide,12.2,22.7,3.7,5.3,7.243421052631579,N,45.0,E,NNE,21.0,26.0,39.0,26.0,1022.8,1022.0,4.0,4.0,15.6,18.9,No,3.0,26.5,12.6,No
565,W0566,2020-03-02,Melbourne,14.0,18.2,3.1,9.9,5.8,ENE,25.0,SSE,NNW,6.0,31.0,63.0,50.0,1016.1,1024.8,4.0,2.0,15.6,16.3,No,6.0,30.8,18.7,No
566,W0567,2022-06-11,Sydney,13.6,22.2,1.6,12.3,5.3,WNW,28.0,ESE,W,12.0,12.0,57.0,55.0,1013.1,1016.1,0.0,3.0,14.4,21.1,Yes,8.0,32.8,14.890471092077089,No
567,W0568,2019-10-03,Melbourne,8.1,23.2,2.75,10.4,7.243421052631579,ENE,37.0,SE,NE,19.0,36.0,61.0,99.0,1014.6,998.3,6.0,7.0,11.6,19.6,No,1.0,12.4,9.2,Yes
568,W0569,2019-06-28,Hobart,10.1,18.3,3.1,8.9,5.1,W,14.0,NW,NNW,16.0,10.0,54.0,28.0,1025.5,1008.6,4.0,4.0,10.2,15.8,No,6.0,6.8,9.3,No
569,W0570,2016-01-05,Cairns,24.8,35.8,4.0,11.0,4.4,NE,32.0,SW,WSW,22.0,27.0,40.0,29.0,1011.0,1026.9,1.0,4.0,29.9,33.6,No,11.0,26.1,24.2,No
570,W0571,2022-06-04,Sydney,11.1,20.9,3.3,4.3,4.6,SSW,21.0,W,WNW,13.0,29.0,33.0,39.0,1020.9,1017.5,2.0,4.0,14.0,16.1,No,11.0,30.9,7.4,No
571,W0572,2022-09-01,Cairns,14.6,37.1,0.1,12.3,12.8,WNW,37.0,SSE,S,27.0,14.0,42.0,54.0,1019.9,1012.0,3.0,1.0,28.3,36.4,No,1.0,36.0,24.2,No
572,W0573,2018-05-31,Cairns,19.9,30.0,2.7,13.9,7.4,NNE,44.0,WNW,WNW,7.0,9.0,45.0,17.0,1027.4,1025.3,3.0,2.0,22.0,29.1,No,11.0,7.6,19.9,No
573,W0574,2018-06-10,Wollongong,15.8,29.7,3.7,8.1,4.1,WNW,8.0,SE,SW,5.0,9.0,38.0,27.0,1010.4,1012.7,0.0,0.0,21.7,28.7,Yes,7.0,29.2,20.0,No
574,W0575,2020-05-20,Newcastle,13.3,30.0,1.8,14.9,5.0,WSW,41.0,NNW,NNE,15.0,28.0,62.0,61.0,1021.7,1024.3,2.0,0.0,15.4,24.1,Yes,11.0,39.0,18.3,No
575,W0576,2019-04-15,Canberra,5.6,22.2,4.7,14.9,12.4,ESE,17.0,NE,NE,27.0,2.0,65.0,54.0,1012.7,1021.1,2.0,4.0,6.5,20.0,No,4.0,45.8,1.3,No
576,W0577,2020-01-08,Newcastle,15.6,28.4,2.7,8.7,8.5,N,17.0,SE,NE,11.0,30.0,40.0,40.0,1016.2728368017525,1018.1,0.0,5.0,20.7,26.9,Yes,6.0,43.9,12.6,No
577,W0578,2021-12-12,Cairns,21.6,35.8,1.8,9.5,12.1,E,17.0,N,NW,3.0,16.0,42.0,43.0,1022.3,1018.4,2.0,3.0,25.4,33.7,No,9.0,23.4,22.3,No
578,W0579,2017-07-21,Darwin,23.1,30.7,5.6,6.6,4.2,NE,29.264835164835166,ENE,E,38.0,21.0,88.0,85.0,1016.2728368017525,995.2,4.0,3.0,25.7,30.5,Yes,11.0,30.2,18.3,Yes
579,W0580,2015-11-26,Brisbane,16.4,31.7,2.4,7.1,2.6,NW,29.264835164835166,NNE,SSW,16.0,33.0,93.0,66.0,997.2,1014.55,5.0,5.0,20.0,25.1,Yes,1.0,31.3,13.2,Yes
580,W0581,2015-07-07,Hobart,9.9,23.7,3.2,9.8,8.1,NNE,18.0,E,SSE,30.0,22.0,50.0,54.0,1016.2728368017525,1024.1,0.0,3.0,14.1,17.4,No,4.0,9.2,14.5,No
581,W0582,2021-02-22,Hobart,5.9,20.8,3.3,12.0,8.0,S,17.0,WNW,ENE,29.0,24.0,38.0,63.0,1013.9,1027.3,1.0,1.0,6.7,15.8,No,3.0,11.8,14.890471092077089,No
582,W0583,2018-10-27,Sydney,10.7,25.5,0.0,5.0,8.3,287,45.0,NW,WNW,5.0,4.0,56.0,65.0,1013.0,1027.7,3.0,3.0,13.7,20.5,No,4.0,21.2,11.9,No
583,W0584,17/10/2017,Townsville,18.9,29.2,3.5,14.7,10.6,NE,42.0,WSW,ESE,10.0,5.0,28.0,34.0,1017.1,1012.6,3.0,1.0,23.8,24.8,No,5.0,36.8,15.2,No
584,W0585,2021-08-30,Townsville,22.3,30.4,2.4,0.6,5.9,SSW,17.0,S,E,1.0,16.0,38.0,51.0,1015.0,1024.3,0.0,5.0,24.4,27.4,No,3.0,30.5,22.5,No
585,W0586,2018-03-21,Canberra,7.7,22.9,2.9,0.7,7.243421052631579,NE,29.264835164835166,SSE,W,40.0,42.0,56.0,63.0,1003.9,997.1,3.0,6.0,8.1,22.3,Yes,7.0,22.1,3.2,Yes
586,W0587,2019-02-17,Wollongong,11.9,23.5,1.7,5.1,10.3,S,18.0,WSW,WNW,3.0,27.0,67.0,38.0,1026.9,1018.6,0.0,5.0,12.5,22.8,No,5.0,38.4,12.3,No
587,W0588,2020-04-24,Townsville,22.7,29.4,3.8,1.9,4.1,W,7.0,NNE,WNW,1.0,31.0,27.0,28.0,1014.6,1025.4,3.0,5.0,24.9,26.1,No,11.0,21.0,27.0,No
588,W0589,2018-09-30,Cairns,21.7,34.5,2.7,4.8,7.243421052631579,S,29.264835164835166,SSE,NE,19.0,30.0,78.0,71.0,1004.0,996.9,6.0,8.0,24.3,31.6,Yes,5.0,31.4,21.2,Yes
589,W0590,2022-12-27,Adelaide,13.7,19.2,2.6500000000000004,4.6,7.243421052631579,SSE,32.0,SW,W,48.0,21.0,60.0,74.0,1014.5,1010.4,7.0,7.0,16.4,17.2,Yes,5.0,44.3,15.6,Yes
590,W0591,2021-06-04,Hobart,10.2,23.5,3.7,14.3,7.243421052631579,202,13.0,W,E,22.0,13.0,38.0,24.0,1018.8,1027.2,5.0,5.0,13.3,22.5,No,6.0,32.6,10.9,No
591,W0592,2016-06-29,Melbourne,11.4,19.7,0.8,12.2,4.1,NE,23.0,SSE,NE,26.0,24.0,48.0,38.0,1016.2728368017525,1017.3,3.0,3.0,12.2,17.8,Yes,1.0,10.5,9.4,No
592,W0593,2016-10-16,Melbourne,7.2,25.3,2.75,6.0,2.7,N,53.0,E,E,37.0,21.0,89.0,81.0,997.4,1002.6,4.0,7.0,12.8,20.2,Yes,9.0,27.0,5.6,Yes
593,W0594,2019-10-09,Townsville,19.5,35.0,2.8,6.0,9.8,NW,32.0,NNE,WSW,2.0,14.0,69.0,31.0,1020.6,1018.7,3.0,2.0,22.0,34.0,No,2.0,37.6,16.3,No
594,W0595,2020-12-09,Townsville,18.0,26.2,2.4,4.4,2.4,NE,31.0,WNW,NE,34.0,34.0,96.0,95.0,1009.2,1011.9,7.0,6.0,18.2,24.0,No,8.0,10.0,14.890471092077089,Yes
595,W0596,2020-05-27,Adelaide,13.7,21.0,2.6500000000000004,10.5,5.7,SSE,52.0,SSW,SW,18.0,49.0,90.0,67.0,1006.2,998.5,6.0,4.0,14.3,18.4,Yes,4.0,32.9,13.2,Yes
596,W0597,2016-03-19,Townsville,17.2,30.8,2.4,2.5,4.3,N,71.0,ESE,SSW,21.0,50.0,82.0,71.0,997.3,1004.9,5.0,8.0,18.8,26.0,Yes,5.0,31.9,16.4,Yes
597,W0598,2021-09-26,Newcastle,16.1,28.4,0.4,13.5,8.2,NE,44.0,SE,W,30.0,34.0,52.0,29.0,1013.5,1014.55,4.0,1.0,22.0,24.5,No,7.0,5.3,12.6,No
598,W0599,2015-08-16,Sydney,13.8,29.3,3.6,7.3,12.0,W,23.0,NNE,WNW,9.0,9.0,65.0,40.0,1023.3,1012.2,4.0,5.0,15.3,23.5,Yes,2.0,37.3,17.9,No
599,W0600,2015-08-03,Perth,18.7,24.0,4.5,11.8,6.9,NNE,33.0,NNW,ENE,21.0,6.0,67.0,49.0,1025.7,1012.8,3.0,3.0,20.7,22.6,No,8.0,6.1,14.890471092077089,No
600,W0601,2017-07-03,Canberra,5.8,21.8,3.3,11.3,5.1,N,39.0,E,NE,7.0,3.0,45.0,48.0,1021.8,1027.0,3.0,5.0,5.9,14.0,No,9.0,30.4,6.4,No
601,W0602,2017-03-30,Brisbane,17.3,33.0,2.5,9.9,5.3,E,45.0,SSE,WSW,15.0,21.0,62.0,98.0,1011.8,1014.55,7.0,7.0,17.6,25.8,Yes,5.0,40.4,13.9,Yes
602,W0603,2021-05-07,Brisbane,15.5,26.2,1.1,5.5,3.6,NW,31.0,N,E,33.0,35.0,88.0,78.0,1011.7,994.1,4.0,8.0,20.5,23.0,No,5.0,36.3,15.7,Yes
603,W0604,2018-12-22,Cairns,20.1,34.1,1.8,11.9,5.0,NNE,36.0,NW,ESE,18.0,3.0,104.0,26.0,1014.0,1025.9,5.0,5.0,23.2,31.6,No,9.0,15.8,22.4,No
604,W0605,2016-08-28,Townsville,23.1,30.4,2.0,13.5,5.2,WSW,24.0,NW,WNW,17.0,4.0,32.0,40.0,1018.3,1011.9,3.0,1.0,26.2,28.8,No,8.0,19.7,20.2,No
605,W0606,2021-04-29,Melbourne,13.0,21.3,3.6,15.0,3.5,WSW,36.0,NNE,SE,33.0,52.0,83.0,60.0,1012.5,1012.5,7.0,8.0,13.7,19.1,Yes,3.0,38.2,8.6,Yes
606,W0607,2016-03-07,Townsville,20.5,29.6,2.4,11.6,1.7,NE,29.264835164835166,E,N,47.0,46.0,80.0,83.0,1003.6,995.4,6.0,7.0,24.3,25.7,Yes,8.0,13.1,17.6,Yes
607,W0608,2019-07-10,Sydney,14.0,27.9,2.4,4.1,7.3,WSW,17.0,WSW,SSE,23.0,1.0,59.0,55.0,1026.4,1020.8,1.0,0.0,16.3,25.9,No,5.0,21.3,17.1,No
608,W0609,2016-11-28,Canberra,5.3,23.5,3.7,2.6,5.4,SSE,12.0,NW,SE,27.0,11.0,35.0,39.0,1016.2728368017525,1012.7,1.0,0.0,9.1,22.7,No,9.0,34.7,5.6,No
609,W0610,2018-09-15,Brisbane,16.3,33.0,4.9,7.3,4.4,NW,39.0,S,SSE,24.0,27.0,64.0,50.0,1028.1,1011.0,4.0,2.0,23.9,30.4,No,4.0,9.9,18.9,No
610,W0611,2019-09-29,Melbourne,11.8,21.8,2.8,7.3,4.4,SW,36.0,NW,SSE,26.0,23.0,61.0,47.0,1015.8,1017.0,2.0,0.0,16.2,21.3,No,11.0,36.6,12.5,No
611,W0612,2016-07-23,Darwin,24.5,29.0,3.7,7.3,4.9,NE,33.0,NE,NNE,18.0,21.0,76.0,98.0,1006.1,1012.8,8.0,5.0,26.0,27.2,Yes,10.0,39.4,19.6,Yes
612,W0613,2019-08-01,Hobart,4.4,21.9,2.9,10.2,2.5,W,29.264835164835166,SSW,NNE,37.0,54.0,96.0,82.0,1000.3,1003.3,6.0,7.0,7.4,14.4,Yes,11.0,11.9,7.5,Yes
613,W0614,2016-09-19,Perth,17.7,25.4,2.8,15.0,9.5,39,20.0,ESE,E,5.0,26.0,56.0,36.0,1024.2,1014.55,3.0,1.0,21.0,22.7,No,2.0,14.5,21.3,No
614,W0615,2015-09-16,Sydney,12.7,26.3,1.2,1.2,10.8,S,36.0,NE,NW,21.0,24.0,55.0,49.0,1020.7,1023.7,5.0,2.0,14.4,20.5,No,6.0,25.5,9.6,No
615,W0616,2020-11-06,Newcastle,14.5,19.4,0.4,7.8,7.243421052631579,WNW,13.0,N,ENE,20.0,15.0,44.0,54.0,1016.2728368017525,1008.1,0.0,3.0,14.7,17.6,No,3.0,33.8,13.9,No
616,W0617,2019-03-05,Cairns,20.1,30.3,2.7,14.9,11.3,W,15.0,SSE,N,19.0,27.0,38.0,57.0,1028.6,1014.4,2.0,4.0,20.9,28.2,No,3.0,7.3,22.9,No
617,W0618,2022-07-10,Brisbane,14.1,24.4,1.2,6.7,9.1,NE,23.0,ESE,SSW,1.0,35.0,28.0,31.0,1024.4,1019.4,0.0,1.0,19.2,24.1,No,5.0,49.2,13.7,No
618,W0619,2019-03-21,Melbourne,9.2,26.4,0.9,1.5,11.7,S,31.0,SE,NW,10.0,12.0,29.0,46.0,1022.7,1010.4,2.0,3.0,12.8,25.1,No,4.0,38.4,13.8,No
619,W0620,2015-11-07,Adelaide,14.3,22.1,0.4,5.6,11.7,S,24.0,ENE,N,20.0,26.0,55.0,53.0,1025.6,1026.9,4.0,3.0,17.7,21.5,No,4.0,43.6,18.3,No
620,W0621,2016-12-27,Cairns,20.3,33.9,0.3,7.3,9.4,S,11.0,WNW,ESE,16.0,3.0,56.0,44.0,1019.6,1014.55,3.0,1.0,24.6,30.4,Yes,2.0,29.6,18.6,No
621,W0622,2018-05-31,Cairns,19.9,30.0,2.7,13.9,7.4,NNE,44.0,WNW,WNW,7.0,9.0,45.0,17.0,1027.4,1025.3,3.0,2.0,22.0,29.1,No,11.0,7.6,19.9,No
622,W0623,2021-03-31,Sydney,13.9,19.1,2.9,14.2,7.243421052631579,NE,62.0,ESE,ESE,42.0,27.0,88.0,68.0,1014.4,1000.2,6.0,8.0,15.0,16.7,Yes,11.0,49.4,13.5,Yes
623,W0624,2018-01-09,Cairns,22.3,32.8,4.9,2.1,10.4,NNW,21.0,WSW,S,14.0,30.0,43.0,40.0,1026.7,1022.3,0.0,1.0,24.7,32.0,No,2.0,41.4,21.0,No
624,W0625,2016-03-29,Adelaide,11.7,18.6,1.0,14.0,6.8,E,29.264835164835166,ESE,WNW,12.0,12.0,32.0,17.0,1028.0,1008.6,4.0,3.0,13.6,18.4,No,8.0,49.3,8.8,No
625,W0626,2018-01-26,Perth,14.0,24.1,0.6,0.1,9.2,NE,42.0,SE,ESE,9.0,16.0,67.0,50.0,1027.4,1009.9,1.0,1.0,15.6,20.8,No,3.0,49.6,14.5,No
626,W0627,2021-06-04,Melbourne,7.2,25.2,4.5,9.3,11.2,WNW,41.0,SE,NW,29.0,28.0,65.0,64.0,1011.9,1023.2,3.0,0.0,9.2,25.0,No,5.0,13.0,7.9,No
627,W0628,2020-11-24,Sydney,12.7,19.1,2.9,5.9,3.8,E,41.0,W,WNW,23.0,16.0,70.0,55.0,1000.7,1012.1,7.0,4.0,14.9,17.2,Yes,11.0,32.4,9.2,Yes
628,W0629,2019-02-26,Perth,14.3,28.1,2.9,8.2,2.3,WSW,65.0,ENE,S,18.0,55.0,71.0,72.0,1010.2,997.9,5.0,7.0,14.5,28.0,Yes,9.0,26.2,9.9,Yes
629,W0630,2016-01-19,Adelaide,15.1,25.3,3.1,1.8,7.243421052631579,SW,43.0,N,SE,22.0,23.0,51.0,42.0,1028.6,1023.3,1.0,0.0,19.9,21.2,Yes,8.0,9.7,12.1,No
630,W0631,2020-12-10,Newcastle,11.0,27.7,1.7,8.3,11.8,SSW,18.0,W,SSW,30.0,30.0,49.0,-5.0,1029.7,1012.0,4.0,1.0,15.8,26.2,No,4.0,17.0,13.0,No
631,W0632,2018-02-19,Melbourne,14.6,24.8,4.2,4.4,10.8,N,37.0,NNE,WNW,22.0,1.0,54.0,40.0,1014.7,1011.4,2.0,0.0,17.5,22.7,No,6.0,20.6,9.4,No
632,W0633,2022-11-03,Darwin,14.6,38.8,2.6,7.3,3.5,NNW,64.0,WNW,WSW,17.0,39.0,75.0,77.0,996.0,1010.7,3.0,5.0,29.2,34.1,Yes,11.0,14.5,21.9,Yes
633,W0634,2020-01-28,Brisbane,15.9,32.9,1.5,2.9,12.8,ENE,29.264835164835166,WSW,W,4.0,27.0,49.0,16.0,1016.5,1024.2,4.0,5.0,20.1,25.3,No,8.0,32.6,11.6,No
634,W0635,2015-01-20,Darwin,21.8,38.3,1.5,6.5,10.3,NNE,15.0,SE,SE,5.0,33.0,41.0,18.0,1028.2,1009.6,5.0,1.0,22.7,32.6,No,10.0,44.0,19.8,No
635,W0636,2015-08-02,Hobart,5.3,13.3,3.2,2.9,8.6,W,35.0,NE,ESE,0.0,23.0,32.0,20.0,1012.3,1009.2,1.0,1.0,8.9,11.7,No,10.0,26.5,5.8,No
636,W0637,2022-01-21,Darwin,21.7,34.3,2.5,1.1,12.2,NNW,20.0,WSW,WNW,28.0,33.0,35.0,41.0,1012.7,1022.1,1.0,5.0,22.6,32.3,No,8.0,6.7,24.9,No
637,W0638,2016-07-13,Darwin,21.6,33.8,0.6,7.6,5.3,SW,23.0,WSW,NW,23.0,12.0,33.0,51.0,1021.5,1024.3,4.0,5.0,24.9,29.9,No,11.0,25.0,19.9,No
638,W0639,2021-11-11,Hobart,11.0,19.2,3.5,7.6,5.8,SSW,28.0,NNW,ESE,24.0,24.0,34.0,25.0,1016.2728368017525,1016.5,2.0,4.0,11.9,18.8,No,10.0,23.1,9.2,No
639,W0640,2017-06-27,Townsville,20.6,28.3,3.8,2.2,7.9,WSW,43.0,NNE,W,14.0,10.0,39.0,46.0,1018.1,1019.6,3.0,3.0,21.1,26.0,No,4.0,31.1,18.6,No
640,W0641,2021-10-04,Melbourne,7.2,21.7,3.0,5.9,11.6,NE,31.0,NNE,SE,8.0,12.0,63.0,30.0,1013.6,1015.5,1.0,0.0,11.0,14.9,No,1.0,16.6,7.9,No
641,W0642,2016-07-05,Perth,18.2,31.3,4.5,7.3,5.8,ENE,33.0,NNW,N,1.0,19.0,33.0,43.0,1023.1,1014.3,2.0,0.0,19.0,26.6,Yes,4.0,28.3,14.7,No
642,W0643,2021-05-15,Melbourne,10.7,19.1,2.75,12.9,5.8,NNW,29.264835164835166,E,NNE,17.0,38.0,95.0,82.0,1011.3,1012.6,7.0,7.0,13.5,16.5,Yes,4.0,13.5,12.5,Yes
643,W0644,2016-07-06,Newcastle,16.6,27.0,1.2,3.0,11.6,SE,43.0,W,SW,7.0,1.0,56.0,15.0,1013.2,1018.2,2.0,3.0,17.9,25.5,Yes,1.0,27.9,12.8,No
644,W0645,2022-04-04,Townsville,19.6,29.8,0.4,5.2,10.9,WNW,22.0,ENE,SW,29.0,14.0,38.0,31.0,1023.7,1018.5,0.0,4.0,23.5,25.4,No,1.0,46.9,20.1,No
645,W0646,2018-08-17,Adelaide,15.0,28.6,4.6,5.2,9.3,SSW,17.0,NNE,ENE,30.0,25.0,53.0,46.0,1010.8,1014.55,0.0,1.0,18.3,25.7,Yes,2.0,27.3,17.9,No
646,W0647,2016-05-01,Townsville,21.3,26.9,0.4,12.2,10.7,ESE,30.0,SW,NE,29.0,4.0,43.0,44.0,1023.5,1014.7,3.0,0.0,23.5,25.2,No,3.0,40.9,20.8,No
647,W0648,2019-12-08,Darwin,21.1,32.1,1.6,13.7,9.2,ENE,17.0,NE,SSW,3.0,6.0,54.0,48.0,1011.3,1008.7,2.0,0.0,22.0,30.4,No,2.0,26.7,18.3,No
648,W0649,2022-01-20,Brisbane,17.6,27.1,2.8,10.2,5.8,SSW,29.0,WSW,WNW,28.0,10.0,48.0,35.0,1013.1,1026.7,1.0,5.0,17.8,25.8,No,11.0,25.0,20.2,No
649,W0650,2021-08-31,Hobart,4.5,21.7,1.7,13.3,5.7,ENE,40.0,S,SSE,4.0,16.0,43.0,17.0,1028.6,1024.4,2.0,5.0,10.7,15.6,No,5.0,29.5,2.6,Yes
650,W0651,2017-05-05,Brisbane,21.0,23.6,2.4,3.1,2.6,NNE,60.0,WNW,SSE,18.0,16.0,87.0,98.0,1016.2728368017525,1005.4,7.0,8.0,22.0,23.4,No,8.0,44.9,22.4,Yes
651,W0652,2019-07-27,Adelaide,12.6,28.3,1.6,3.5,7.243421052631579,NNW,28.0,SW,E,26.0,24.0,38.0,53.0,1013.7,1025.0,5.0,3.0,16.1,27.7,Yes,9.0,5.2,17.0,No
652,W0653,2018-02-17,Melbourne,12.2,22.5,3.0,7.5,9.1,NW,29.0,ENE,N,3.0,3.0,25.0,48.0,1018.3,1016.8,1.0,1.0,14.1,20.4,Yes,5.0,48.0,11.1,No
653,W0654,2019-06-03,Brisbane,19.5,31.7,2.4,7.7,7.3,SSE,20.0,NNW,NNW,20.0,19.0,55.0,39.0,1013.3,1009.4,5.0,1.0,20.7,29.4,No,8.0,29.0,14.890471092077089,No
654,W0655,2019-04-28,Adelaide,10.8,22.1,4.2,12.2,9.2,ENE,9.0,S,ENE,3.0,2.0,29.0,53.0,1014.7,1023.8,2.0,1.0,11.8,21.6,No,9.0,24.8,13.9,No
655,W0656,2018-05-01,Adelaide,10.3,18.6,2.6500000000000004,5.9,1.6,ESE,29.264835164835166,ENE,SE,18.0,34.0,82.0,80.0,999.3,1014.55,8.0,8.0,12.1,17.0,Yes,6.0,41.5,5.4,Yes
656,W0657,2018-01-24,Newcastle,15.3,23.9,3.7,12.8,10.6,NE,11.0,WNW,WNW,24.0,23.0,39.0,29.0,1021.0,1009.1,1.0,2.0,18.5,23.5,No,2.0,12.0,11.3,No
657,W0658,2016-06-06,Darwin,24.5,29.5,2.6,7.1,11.1,WSW,37.0,ESE,E,17.0,29.0,50.0,27.0,1014.2,1013.3,0.0,4.0,25.0,28.2,No,3.0,42.1,14.890471092077089,No
658,W0659,2016-07-10,Sydney,11.0,23.0,4.0,7.3,12.6,NW,22.0,WSW,SSW,21.0,24.0,53.0,59.0,1028.1,1027.5,0.0,3.0,12.3,17.7,No,7.0,25.5,8.5,No
659,W0660,2018-06-19,Hobart,9.5,21.1,4.1,0.2,7.2,SE,31.0,W,NW,29.0,34.0,35.0,28.0,1013.0,1027.2,2.0,4.0,13.6,18.1,No,8.0,29.4,9.9,No
660,W0661,2020-10-31,Sydney,14.4,20.2,2.9,10.8,5.3,S,34.0,ENE,W,18.0,48.0,73.0,96.0,1000.1,995.4,6.0,6.0,15.0,17.6,No,11.0,47.9,15.2,Yes
661,W0662,2021-03-16,Brisbane,19.8,31.5,2.4,4.7,2.9,SE,34.0,WSW,E,22.0,36.0,78.0,86.0,1012.9,1012.5,7.0,5.0,23.7,29.5,Yes,1.0,14.5,15.1,Yes
662,W0663,2020-05-06,Canberra,6.3,24.2,4.8,8.5,12.2,SSW,13.0,SW,S,1.0,22.0,59.0,42.0,1013.0,1026.7,3.0,3.0,6.7,23.5,No,4.0,41.9,2.3,No
663,W0664,2021-08-30,Townsville,22.3,30.4,2.4,0.6,5.9,SSW,17.0,S,E,1.0,16.0,38.0,51.0,1015.0,1024.3,0.0,5.0,24.4,27.4,No,3.0,30.5,22.5,No
664,W0665,2019-08-26,Newcastle,15.2,19.6,4.5,13.4,4.8,E,15.0,N,SSW,6.0,0.0,36.0,47.0,1023.3,1020.3,4.0,3.0,17.1,18.9,Yes,4.0,42.6,16.0,No
665,W0666,2015-04-14,Adelaide,9.0,20.4,2.9,12.8,12.3,ENE,19.0,SSW,NW,14.0,27.0,35.0,46.0,1020.1,1023.4,3.0,4.0,11.7,19.2,No,5.0,22.9,9.2,No
666,W0667,2018-10-21,Cairns,19.8,35.1,4.3,9.6,0.2,SSW,29.264835164835166,NE,NNE,31.0,21.0,70.0,92.0,1010.4,997.7,8.0,4.0,25.5,31.2,Yes,1.0,45.1,24.8,Yes
667,W0668,2017-09-02,Darwin,25.6,32.8,3.7,7.3,3.3,SW,41.0,ESE,WNW,39.0,23.0,65.0,81.0,999.9,1005.7,3.0,3.0,29.0,32.6,Yes,4.0,32.4,23.0,Yes
668,W0669,2016-04-20,Melbourne,11.8,22.8,1.2,6.6,7.243421052631579,WSW,29.264835164835166,ENE,SE,37.0,21.0,62.0,60.0,1015.0,1005.6,7.0,5.0,14.6,19.3,Yes,9.0,25.9,12.5,Yes
669,W0670,2018-05-30,Darwin,21.4,31.7,3.9,14.8,6.5,NNE,24.0,NE,WNW,2.0,8.0,44.0,28.0,1016.2728368017525,1013.6,5.0,3.0,23.7,29.7,No,6.0,40.9,14.890471092077089,No
670,W0671,2016-06-03,Brisbane,18.8,26.5,4.7,5.7,10.2,NE,10.0,WSW,W,29.0,12.0,33.0,24.0,1028.5,1013.2,3.0,3.0,19.9,23.0,No,3.0,26.7,14.6,No
671,W0672,2019-02-01,Brisbane,14.8,23.4,0.3,2.7,7.243421052631579,NE,42.0,NE,S,12.0,13.0,50.0,50.0,1028.8,1012.6,3.0,2.0,14.8,19.4,No,10.0,7.8,10.7,No
672,W0673,2018-04-05,Townsville,20.4,29.9,3.2,7.3,10.7,WSW,27.0,NNW,W,5.0,33.0,41.0,41.0,1018.5,1010.7,0.0,4.0,25.1,27.3,Yes,7.0,24.8,22.2,No
673,W0674,2020-10-08,Townsville,18.8,33.2,1.7,3.3,7.1,NE,25.0,SSE,SSE,4.0,11.0,36.0,60.0,1024.4,1013.0,2.0,4.0,22.2,27.9,Yes,5.0,34.8,23.3,No
674,W0675,2022-05-18,Brisbane,15.2,23.9,4.6,3.3,8.0,WNW,30.0,E,N,13.0,16.0,49.0,15.0,1010.5,1009.2,5.0,0.0,15.4,23.4,No,11.0,38.3,16.2,No
675,W0676,2017-07-27,Melbourne,20.8,13.3,2.9,2.0,7.5,N,11.0,NE,NW,2.0,24.0,43.0,24.0,1020.3,1025.6,0.0,0.0,16.5,20.3,Yes,2.0,20.8,10.0,No
676,W0677,2019-12-25,Brisbane,17.4,23.7,4.4,4.3,7.243421052631579,E,40.0,ESE,WNW,24.0,4.0,56.0,58.0,1011.4,1026.1,3.0,4.0,20.1,23.1,No,10.0,11.1,21.8,No
677,W0678,2017-02-01,Melbourne,13.0,22.9,4.3,7.3,6.7,SSW,19.0,W,WNW,30.0,2.0,45.0,37.0,1024.2,1018.7,2.0,3.0,16.6,22.9,No,7.0,5.8,14.9,No
678,W0679,2020-01-13,Hobart,5.2,22.3,2.9,5.0,2.2,SE,66.0,WSW,WSW,45.0,38.0,96.0,77.0,1013.5,994.6,5.0,7.0,7.4,20.3,Yes,10.0,33.7,7.8,Yes
679,W0680,2018-08-17,Newcastle,12.2,25.1,1.1,6.7,7.243421052631579,S,22.0,ESE,NNW,10.0,0.0,63.0,17.0,1021.2,1020.6,3.0,1.0,14.1,24.2,No,6.0,32.1,7.5,No
680,W0681,2019-08-11,Brisbane,20.3,29.4,-0.1,5.3,7.5,NE,29.0,ESE,SE,3.0,8.0,26.0,29.0,1012.3,1010.3,5.0,4.0,24.0,25.7,No,4.0,47.4,14.890471092077089,No
681,W0682,2016-07-02,Cairns,20.4,25.767203219315896,4.6,6.7,7.0,SE,42.0,W,NNW,2.0,12.0,62.0,20.0,1010.7,1014.4,3.0,2.0,26.3,28.9,No,9.0,15.2,21.9,No
682,W0683,2022-11-02,Cairns,19.1,28.0,2.9,8.4,5.0,NE,35.0,SW,ENE,4.0,2.0,30.0,45.0,1011.4,1021.3,3.0,1.0,21.6,27.2,No,4.0,33.4,16.6,No
683,W0684,2022-01-31,Newcastle,17.0,25.5,3.05,12.6,5.8,W,29.264835164835166,NNE,ENE,18.0,39.0,64.0,63.0,1002.4,1005.3,4.0,6.0,19.7,21.5,Yes,4.0,30.7,13.7,Yes
684,W0685,2018-07-14,Cairns,20.5,36.1,4.7,10.2,7.2,NNW,26.0,WNW,S,14.0,16.0,56.0,57.0,1016.2728368017525,1019.1,5.0,2.0,25.1,34.5,No,11.0,25.7,20.2,Yes
685,W0686,2021-10-13,Adelaide,14.6,25.7,4.6,6.0,10.9,SSW,23.0,SSW,SSE,11.0,8.0,40.0,56.0,1029.7,1012.7,2.0,5.0,19.4,23.2,No,10.0,47.9,13.3,No
686,W0687,2017-12-31,Melbourne,13.4,21.9,0.5,11.4,11.6,SE,19.0,WNW,W,13.0,29.0,56.0,35.0,1014.9,1016.0,4.0,2.0,16.6,19.6,No,2.0,17.1,17.6,No
687,W0688,2021-12-09,Hobart,9.2,18.5,2.5,4.0,10.2,ESE,36.0,NE,NNE,2.0,20.0,42.0,29.0,1027.3,1009.7,5.0,2.0,10.6,18.3,No,9.0,32.3,14.2,No
688,W0689,2015-08-22,Canberra,6.8,21.2,5.0,12.3,6.0,S,44.0,NNE,S,18.0,23.0,39.0,48.0,1024.8,1011.9,4.0,3.0,11.8,20.1,No,7.0,15.3,14.890471092077089,No
689,W0690,2016-11-23,Darwin,14.6,23.8,2.6,10.9,3.0,WSW,68.0,N,SE,48.0,32.0,89.0,98.0,1012.5,1006.6,4.0,5.0,27.8,33.2,Yes,8.0,12.5,20.2,Yes
690,W0691,2016-12-09,Townsville,20.0,32.0,2.4,1.3,4.9,ESE,71.0,SE,SW,27.0,25.0,82.0,87.0,1009.8,1001.9,5.0,5.0,21.1,28.8,Yes,4.0,10.1,23.1,Yes
691,W0692,2022-05-18,Hobart,6.1,18.9,3.3,2.2,12.9,SW,41.0,W,NNW,6.0,1.0,40.0,47.0,1015.2,1014.55,3.0,3.0,6.7,15.7,No,1.0,9.4,2.8,No
692,W0693,2021-06-20,Cairns,21.0,33.8,3.9,8.8,8.1,ENE,10.0,NW,NE,4.0,13.0,47.0,32.0,1028.1,1015.3,4.0,0.0,22.6,27.6,No,2.0,15.3,23.6,No
693,W0694,2020-03-25,Melbourne,13.1,19.3,4.1,0.8,5.0,WSW,19.0,SW,N,10.0,31.0,69.0,64.0,1022.3,1011.7,2.0,3.0,14.4,16.8,No,5.0,40.8,12.2,No
694,W0695,2021-05-16,Townsville,21.7,30.7,2.4,5.5,0.7,S,60.0,NE,E,19.0,55.0,84.0,61.0,1003.6,1005.1,6.0,7.0,25.4,28.4,No,7.0,32.0,21.8,Yes
695,W0696,2018-09-29,Townsville,21.7,36.1,4.4,2.5,9.3,W,45.0,W,S,7.0,0.0,59.0,47.0,1022.7,1027.1,1.0,3.0,23.3,32.4,No,8.0,47.8,20.1,No
696,W0697,2021-10-29,Melbourne,9.5,19.7,5.0,8.8,5.8,SW,29.264835164835166,SW,N,54.0,53.0,56.0,74.0,1006.9,993.8,5.0,7.0,13.8,18.4,Yes,4.0,10.6,13.0,Yes
697,W0698,28/01/2019,Newcastle,16.0,25.767203219315896,3.05,3.8,4.8,NNW,66.0,SE,W,48.0,32.0,91.0,89.0,1016.2728368017525,1006.5,7.0,5.0,16.1,25.3,Yes,11.0,26.1,12.9,Yes
698,W0699,2020-12-19,Wollongong,13.8,27.9,2.4,8.5,4.9,ENE,29.264835164835166,E,NE,47.0,35.0,92.0,56.0,1001.5,997.7,7.0,4.0,18.4,24.3,No,7.0,25.9,12.8,Yes
699,W0700,2017-12-19,Darwin,21.1,39.3,2.1,7.3,11.6,W,35.0,NNW,NNW,11.0,25.0,43.0,50.0,1023.4,1016.1,3.0,5.0,26.7,34.8,No,7.0,6.0,18.6,No
700,W0701,2020-05-26,Wollongong,16.3,26.3,4.0,1.9,6.7,WNW,29.264835164835166,W,NNE,3.0,22.0,48.0,37.0,1018.5,1025.2,2.0,1.0,20.3,23.9,Yes,3.0,45.4,19.4,No
701,W0702,08/05/2016,Adelaide,12.2,20.4,4.3,7.4,6.9,SSE,11.0,SSW,N,2.0,1.0,54.0,57.0,1011.3,1018.1,4.0,2.0,13.0,19.6,No,8.0,28.7,8.1,No
702,W0703,2018-01-16,Adelaide,11.1,19.3,1.2,12.8,-1.0,SSE,17.0,NNW,SSW,26.0,29.0,65.0,45.0,1019.3,1015.6,3.0,1.0,13.1,16.9,No,2.0,34.3,8.4,No
703,W0704,2018-02-07,Perth,16.6,30.1,3.0,7.5,6.6,SW,38.0,NE,NNE,29.0,29.0,40.0,30.0,1015.3,1025.6,4.0,0.0,19.4,24.0,No,11.0,15.9,12.7,No
704,W0705,2020-11-23,Adelaide,13.8,19.0,3.0,7.3,7.243421052631579,NE,12.0,N,ESE,17.0,21.0,67.0,65.0,1022.7,1014.0,1.0,2.0,14.9,17.7,No,7.0,49.1,13.9,No
705,W0706,2018-11-01,Hobart,9.1,23.5,3.5,8.6,4.6,ESE,28.0,SSW,S,29.0,20.0,35.0,17.0,1022.6,1021.0,2.0,4.0,12.7,20.3,Yes,9.0,20.4,8.0,No
706,W0707,2015-10-01,Sydney,10.4,23.2,0.6,7.3,8.4,NW,32.0,ESE,SSW,5.0,35.0,38.0,22.0,1022.0,1014.55,4.0,0.0,12.4,18.1,No,9.0,21.2,8.0,No
707,W0708,2017-07-12,Adelaide,10.1,26.6,4.0,1.8,6.0,ENE,29.264835164835166,W,ENE,48.0,48.0,98.0,80.0,996.9,1010.8,4.0,4.0,18.3,25.8,Yes,7.0,49.1,6.5,Yes
708,W0709,2015-07-27,Darwin,20.2,38.5,2.6,9.1,2.9,SSW,45.0,WNW,WSW,18.0,16.0,79.0,71.0,1014.7,997.4,5.0,8.0,25.6,32.5,Yes,10.0,8.4,20.1,Yes
709,W0710,2017-03-21,Townsville,18.8,30.3,3.0,7.8,5.9,SW,10.0,NNW,SW,21.0,17.0,57.0,59.0,1021.4,1016.6,3.0,4.0,22.3,26.8,Yes,1.0,36.2,15.6,No
710,W0711,2016-06-28,Cairns,21.6,30.0,3.9,12.6,8.6,NE,16.0,SSE,SSE,23.0,15.0,63.0,40.0,1025.3,1025.3,0.0,0.0,24.4,26.4,No,1.0,8.0,17.6,No
711,W0712,2021-07-16,Sydney,10.4,19.9,1.6,13.1,7.243421052631579,E,8.0,ESE,N,28.0,12.0,68.0,21.0,1015.3,1018.9,5.0,5.0,12.9,16.2,Yes,5.0,49.1,6.8,No
712,W0713,2020-01-16,Melbourne,8.5,19.7,3.7,0.5,12.0,S,39.0,WNW,W,10.0,31.0,69.0,50.0,1021.5,1009.4,4.0,5.0,13.7,15.7,No,3.0,46.6,4.5,No
713,W0714,2018-07-26,Townsville,18.5,35.6,2.4,0.1,1.3,SE,37.0,NNE,W,53.0,34.0,82.0,78.0,1007.4,1002.6,7.0,6.0,23.8,28.9,No,10.0,45.9,21.3,Yes
714,W0715,2018-08-24,Melbourne,11.8,25.8,0.3,12.3,7.0,SW,30.0,ENE,NE,3.0,20.0,70.0,24.0,1019.9,1013.2,3.0,4.0,17.5,23.8,No,6.0,33.4,12.5,No
715,W0716,2020-08-27,Wollongong,15.5,29.7,1.7,5.6,11.7,WSW,16.0,SW,E,5.0,29.0,42.0,46.0,1016.2728368017525,1020.4,3.0,5.0,17.8,25.8,No,7.0,42.4,14.890471092077089,No
716,W0717,2016-01-19,Perth,17.6,31.1,1.0,13.2,12.9,SSW,30.0,WSW,SW,14.0,29.0,25.0,29.0,1027.8,1008.4,1.0,2.0,22.5,30.8,No,6.0,26.4,15.6,No
717,W0718,2019-04-09,Perth,18.8,31.2,2.4,8.6,7.243421052631579,WSW,37.0,SSE,S,27.0,15.0,30.0,47.0,1011.8,1018.0,3.0,3.0,19.8,25.9,No,7.0,33.2,21.5,No
718,W0719,2022-01-11,Sydney,15.7,23.3,3.5,1.6,4.4,W,43.0,SW,SW,23.0,13.0,54.0,16.0,1029.6,1015.8,2.0,2.0,19.1,22.5,No,6.0,35.7,16.4,No
719,W0720,2020-08-09,Brisbane,18.4,33.4,2.4,11.5,1.9,N,70.0,SSW,NE,18.0,21.0,91.0,94.0,1003.3,1007.2,5.0,7.0,20.1,27.7,No,7.0,14.4,18.9,Yes
720,W0721,2020-10-19,Newcastle,15.9,28.9,4.4,0.5,6.1,NNW,21.0,ESE,SSW,30.0,13.0,65.0,62.0,1026.7,1013.8,2.0,3.0,17.3,28.1,No,3.0,48.8,13.3,No
721,W0722,2018-08-26,Hobart,10.6,15.8,0.6,3.2,7.243421052631579,WSW,20.0,N,N,8.0,31.0,57.0,62.0,1017.2,1024.7,0.0,4.0,11.0,14.9,No,6.0,41.1,13.3,No
722,W0723,2021-02-12,Perth,13.6,22.4,0.5,0.9,6.6,WNW,9.0,WSW,NW,6.0,28.0,56.0,22.0,1019.9,1009.4,0.0,1.0,15.7,20.9,No,8.0,34.9,13.0,No
723,W0724,2016-11-24,Melbourne,11.5,18.5,0.4,1.7,7.6,NW,22.0,ENE,NE,15.0,14.0,61.0,55.0,1016.4,1018.9,4.0,0.0,12.9,16.8,No,7.0,27.1,8.2,Yes
724,W0725,2022-07-11,Sydney,14.2,24.7,0.9,12.9,4.8,S,28.0,WNW,ESE,27.0,31.0,29.0,60.0,1014.3,1023.7,1.0,1.0,16.8,24.2,No,5.0,27.6,9.6,No
725,W0726,2015-08-12,Brisbane,17.3,31.7,2.8,0.3,7.243421052631579,SW,19.0,N,NW,1.0,0.0,43.0,34.0,1022.0,1020.9,2.0,3.0,20.5,28.5,No,11.0,5.2,22.0,No
726,W0727,2017-11-19,Adelaide,9.3,23.1,1.3,2.7,9.2,NNW,21.0,SSE,SW,17.0,12.0,28.0,30.0,1022.1,1008.2,5.0,4.0,15.9,17.4,No,1.0,8.1,14.890471092077089,No
727,W0728,2018-08-10,Hobart,6.2,23.0,2.9,7.3,3.1,W,29.264835164835166,SE,ESE,18.0,17.0,93.0,81.0,996.1,1000.0,7.0,6.0,7.5,16.5,Yes,1.0,40.3,11.1,Yes
728,W0729,2015-02-21,Newcastle,10.9,23.0,3.7,3.9,5.5,SW,28.0,NNW,S,20.0,19.0,57.0,23.0,1029.5,1008.0,4.0,0.0,13.6,21.8,No,7.0,33.7,14.890471092077089,No
729,W0730,2022-11-14,Perth,15.0,23.9,2.9,7.6,4.2,W,60.0,E,SSW,26.0,41.0,56.0,85.0,997.5,1009.9,5.0,4.0,18.0,21.2,Yes,8.0,26.8,14.5,Yes
730,W0731,2019-11-25,Newcastle,15.6,22.8,3.3,1.3,5.8,NE,25.0,WNW,SSW,14.0,27.0,44.0,36.0,1016.2728368017525,1012.1,0.0,4.0,18.9,19.5,No,5.0,27.6,14.0,No
731,W0732,2016-12-05,Melbourne,7.9,26.2,2.75,0.4,7.243421052631579,NNW,29.264835164835166,W,W,29.0,52.0,74.0,69.0,1016.2728368017525,1014.55,7.0,3.0,15.0,23.5,Yes,4.0,22.5,5.9,Yes
732,W0733,2020-04-27,Darwin,26.4,36.0,3.4,8.2,4.9,NNW,10.0,WSW,NW,29.0,20.0,27.0,-5.0,1023.3,1015.2,3.0,4.0,29.7,35.0,No,1.0,27.6,24.1,No
733,W0734,2020-05-25,Cairns,19.0,31.9,6.9,9.0,3.6,SSE,29.264835164835166,WNW,SSW,33.0,15.0,69.0,80.0,995.3,1011.0,3.0,8.0,23.5,26.7,Yes,10.0,44.9,21.5,Yes
734,W0735,2016-07-03,Canberra,7.8,19.1,2.9,9.4,4.2,W,67.0,E,NW,52.0,32.0,83.0,98.0,1006.9,1014.55,8.0,8.0,9.3,18.5,No,4.0,32.2,7.4,Yes
735,W0736,2020-11-03,Brisbane,20.7,27.4,2.1,12.9,6.4,E,15.0,ESE,NE,0.0,11.0,43.0,53.0,1023.2,1010.2,0.0,5.0,21.0,25.4,No,11.0,12.0,23.9,No
736,W0737,2020-05-15,Townsville,17.4,28.2,4.3,8.1,11.5,NE,18.0,NNW,NW,16.0,25.0,42.0,31.0,1016.3,1009.1,4.0,2.0,22.8,25.5,No,7.0,8.4,13.9,No
737,W0738,2022-10-20,Melbourne,12.1,18.0,3.7,7.3,4.2,NW,16.0,ENE,S,30.0,22.0,56.0,16.0,1012.7,1014.6,4.0,1.0,13.3,16.4,No,11.0,15.9,14.6,No
738,W0739,2016-10-13,Newcastle,12.4,27.3,3.0,7.3,7.243421052631579,W,26.0,W,NE,14.0,30.0,25.0,41.0,1021.0,1020.4,5.0,4.0,15.7,26.0,No,11.0,48.6,12.2,No
739,W0740,2015-06-04,Wollongong,13.7,28.2,4.4,13.3,10.9,NNE,36.0,WNW,N,29.0,27.0,28.0,50.0,1022.0,1011.5,3.0,2.0,19.6,23.5,No,9.0,35.9,17.5,No
740,W0741,2019-04-19,Brisbane,17.2,33.2,2.4,12.9,5.9,63,39.0,NW,NNW,35.0,16.0,91.0,85.0,998.0,1008.1,6.0,6.0,23.9,32.9,Yes,10.0,13.2,14.5,Yes
741,W0742,2015-02-12,Melbourne,12.1,16.5,2.8,7.3,5.4,NNE,11.0,WSW,S,4.0,7.0,67.0,45.0,1022.5,1009.4,3.0,3.0,12.2,15.3,No,7.0,10.7,14.890471092077089,No
742,W0743,2016-12-22,Melbourne,9.0,18.0,3.8,0.2,12.8,WSW,11.0,ENE,NW,3.0,19.0,58.0,59.0,1024.0,1012.3,5.0,5.0,11.6,16.6,Yes,10.0,10.3,12.5,No
743,W0744,2020-02-14,Adelaide,9.2,19.9,4.1,14.9,12.4,SW,36.0,WNW,SSW,15.0,28.0,25.0,33.0,1016.2728368017525,1023.6,4.0,0.0,10.9,14.9,No,11.0,14.5,12.0,No
744,W0745,2015-01-26,Brisbane,15.5,26.8,4.9,13.2,7.0,NW,11.0,WNW,NE,25.0,33.0,56.0,42.0,1018.2,1022.4,3.0,3.0,20.3,24.9,No,1.0,16.0,11.0,No
745,W0746,2015-07-01,Hobart,4.5,14.3,2.7,4.6,8.0,E,34.0,SE,SW,14.0,14.0,34.0,61.0,1025.6,1012.7,2.0,0.0,6.3,13.3,No,9.0,43.9,7.2,No
746,W0747,2021-11-03,Melbourne,16.7,10.9,3.8,12.7,12.6,NNW,20.0,N,NNW,4.0,19.0,31.0,61.0,1012.2,1020.8,3.0,2.0,11.1,15.4,Yes,10.0,31.0,14.890471092077089,No
747,W0748,2016-07-15,Brisbane,19.9,25.7,4.4,13.0,10.0,NNW,41.0,WNW,S,13.0,31.0,41.0,18.0,1014.5,1010.9,3.0,3.0,22.6,25.4,No,5.0,42.5,16.3,No
748,W0749,2016-01-09,Wollongong,16.1,21.5,0.7,7.3,8.3,E,20.0,NNE,ENE,19.0,18.0,29.0,55.0,1024.6,1010.3,5.0,5.0,18.2,19.0,Yes,11.0,46.5,16.1,No
749,W0750,2015-09-07,Melbourne,7.9,16.3,4.8,5.5,11.9,SSW,23.0,W,ESE,5.0,30.0,65.0,24.0,1025.9,1008.9,1.0,1.0,11.4,12.8,No,8.0,27.3,7.1,No
750,W0751,2020-11-04,Adelaide,13.2,25.6,0.5,1.4,9.0,SSW,38.0,WSW,WNW,18.0,19.0,41.0,54.0,1012.0,1015.4,0.0,1.0,15.1,25.3,No,4.0,29.0,14.8,No
751,W0752,2017-01-14,Darwin,24.3,37.0,4.3,0.3,5.1,NNE,36.0,SE,WSW,15.0,29.0,91.0,65.0,1009.3,1004.9,5.0,4.0,26.1,31.3,Yes,4.0,40.5,28.0,Yes
752,W0753,2016-06-27,Adelaide,9.8,19.0,2.0,1.5,8.7,SW,20.0,NNW,SE,30.0,34.0,56.0,63.0,1028.5,1021.7,1.0,4.0,12.5,18.7,No,3.0,47.4,14.890471092077089,No
753,W0754,2019-02-07,Hobart,4.3,13.0,2.9,6.4,5.4,NE,31.0,N,NNE,28.0,7.0,55.0,55.0,1015.5,1025.3,5.0,4.0,7.0,8.8,No,7.0,36.7,2.0,No
754,W0755,2021-09-05,Sydney,10.3,24.4,1.6,10.8,4.3,ENE,10.0,NW,W,19.0,17.0,69.0,55.0,1023.4,1017.5,1.0,2.0,15.4,23.1,No,4.0,8.6,13.1,No
755,W0756,2022-12-11,Darwin,20.3,36.3,0.8,14.7,12.4,W,15.0,SSE,ESE,2.0,21.0,36.0,46.0,1022.4,1014.55,2.0,2.0,25.5,30.3,No,8.0,20.1,23.2,No
756,W0757,2021-01-08,Canberra,14.6,23.6,2.9,2.4,0.1,ENE,39.0,SSW,SSW,27.0,21.0,85.0,92.0,1011.9,1002.6,8.0,5.0,13.5,19.9,Yes,5.0,22.0,2.5,Yes
757,W0758,2016-01-08,Brisbane,17.8,29.9,2.4,7.3,2.4,SW,71.0,NNW,ESE,34.0,21.0,70.0,65.0,1013.1,1008.1,4.0,6.0,18.0,28.0,No,8.0,15.8,16.7,Yes
758,W0759,2022-11-09,Melbourne,10.9,22.6,1.4,5.9,12.6,NNE,11.0,ESE,SE,2.0,19.0,69.0,33.0,1023.0,1014.7,1.0,3.0,13.2,17.7,Yes,1.0,49.1,12.6,No
759,W0760,2017-01-08,Adelaide,10.3,28.2,3.5,10.3,7.243421052631579,WSW,30.0,WNW,ENE,9.0,31.0,64.0,33.0,1016.7,1015.6,2.0,4.0,10.6,27.9,No,5.0,34.9,11.5,No
760,W0761,15/07/2018,Darwin,23.1,31.9,2.6,2.5,5.2,NW,68.0,SSE,S,39.0,40.0,76.0,82.0,1016.2728368017525,1003.4,4.0,6.0,23.4,31.7,No,7.0,42.3,22.5,Yes
761,W0762,2022-03-01,Newcastle,14.4,19.5,2.9,13.5,10.6,SE,8.0,SSE,NNW,8.0,8.0,54.0,18.0,1010.9,1022.5,2.0,5.0,16.7,18.7,No,9.0,30.6,13.3,No
762,W0763,2022-08-16,Brisbane,20.0,23.3,2.4,5.3,0.7,E,29.264835164835166,SW,ENE,28.0,53.0,73.0,71.0,999.3,994.5,8.0,6.0,21.5,22.3,Yes,8.0,9.0,22.5,Yes
763,W0764,2017-10-26,Brisbane,19.1,28.4,2.4,3.3,0.5,S,29.264835164835166,NNW,SE,18.0,48.0,92.0,67.0,1003.5,993.5,5.0,7.0,21.6,26.3,Yes,9.0,30.8,24.1,Yes
764,W0765,2021-12-20,Brisbane,19.6,26.2,1.3,5.5,7.243421052631579,SSE,18.0,NNW,NNE,13.0,4.0,30.0,36.0,1017.9,1021.4,5.0,2.0,21.3,25.7,No,5.0,12.9,22.1,No
765,W0766,2020-09-08,Newcastle,15.9,26.4,3.05,1.2,2.9,SW,30.0,SE,W,50.0,21.0,84.0,87.0,1011.4,1005.1,5.0,5.0,19.0,24.6,No,9.0,15.6,13.1,Yes
766,W0767,2020-12-26,Darwin,23.1,39.1,2.6,1.4,4.6,NE,32.0,W,ENE,25.0,20.0,60.0,69.0,999.3,1005.8,7.0,5.0,23.4,37.8,No,5.0,45.8,21.9,Yes
767,W0768,2022-02-25,Newcastle,15.0,24.0,0.3,3.9,9.6,SE,18.0,WNW,NW,26.0,14.0,53.0,18.0,1012.6,1014.55,3.0,1.0,19.4,21.3,No,9.0,30.8,18.4,No
768,W0769,2020-03-08,Brisbane,19.0,33.5,2.9,1.5,7.5,NE,12.0,WNW,E,26.0,35.0,61.0,50.0,1010.6,1012.1,2.0,2.0,21.1,31.8,No,1.0,38.9,16.9,No
769,W0770,2020-01-01,Hobart,10.6,19.2,1.2,14.0,7.243421052631579,SSW,27.0,N,NNW,2.0,9.0,46.0,18.0,1016.2728368017525,1020.7,2.0,2.0,13.9,18.5,No,1.0,15.5,14.6,No
770,W0771,2019-10-20,Perth,16.7,31.0,1.7,11.2,7.243421052631579,N,29.0,NW,SE,27.0,23.0,38.0,24.0,1019.4,1020.6,3.0,3.0,18.1,25.5,Yes,1.0,20.8,14.2,No
771,W0772,2017-01-04,Perth,14.3,26.4,2.9,7.3,5.9,ESE,37.0,N,E,31.0,31.0,85.0,99.0,1006.7,999.2,6.0,6.0,19.0,26.1,No,5.0,24.9,13.9,Yes
772,W0773,2017-07-11,Newcastle,16.8,21.2,3.9,12.1,5.6,NE,33.0,E,ESE,23.0,25.0,29.0,25.0,1027.4,1026.1,2.0,0.0,18.5,20.8,No,8.0,16.9,13.4,No
773,W0774,2018-01-21,Brisbane,14.5,24.5,0.6,8.0,4.4,S,11.0,SW,ESE,4.0,35.0,31.0,15.0,1013.6,1015.8,1.0,5.0,18.6,23.1,Yes,3.0,36.7,16.5,No
774,W0775,2021-03-12,Adelaide,11.5,20.6,2.6500000000000004,13.5,5.8,SE,67.0,WNW,WNW,18.0,39.0,65.0,57.0,1003.9,1010.7,8.0,3.0,13.7,18.5,No,11.0,23.4,14.1,Yes
775,W0776,2022-07-07,Canberra,9.5,15.5,4.0,7.6,5.5,W,34.0,SE,SW,7.0,6.0,50.0,29.0,1019.9,1015.0,5.0,4.0,9.8,14.8,No,5.0,42.5,6.0,No
776,W0777,2020-07-30,Melbourne,12.2,16.8,2.0,12.6,4.4,S,19.0,W,NNW,5.0,24.0,61.0,62.0,1020.0,1027.0,5.0,5.0,13.1,15.7,No,6.0,6.9,8.8,No
777,W0778,2017-08-23,Hobart,5.4,16.1,2.4,7.4,11.6,SE,43.0,W,ESE,21.0,16.0,52.0,57.0,1016.0,1013.6,3.0,1.0,9.1,14.0,No,9.0,43.3,3.6,No
778,W0779,2018-12-30,Brisbane,19.9,30.7,4.5,12.6,8.7,SE,19.0,ENE,ESE,25.0,17.0,31.0,65.0,1016.2728368017525,1027.6,3.0,4.0,24.6,26.2,No,7.0,26.2,21.6,No
779,W0780,2017-12-26,Melbourne,7.7,18.9,2.9,7.3,6.1,SW,31.0,SW,SSE,21.0,6.0,66.0,21.0,1015.9,1025.9,1.0,4.0,11.9,17.7,No,1.0,32.1,6.5,No
780,W0781,2020-11-29,Perth,15.9,30.1,4.0,4.9,12.3,SW,33.0,W,NNW,28.0,30.0,65.0,64.0,1026.9,1008.9,0.0,2.0,22.6,25.4,No,4.0,26.4,15.9,No
781,W0782,2020-03-01,Hobart,8.0,16.6,3.4,0.9,11.3,SSE,41.0,ESE,WSW,8.0,8.0,34.0,20.0,1016.2728368017525,1016.1,4.0,1.0,11.9,13.4,No,6.0,5.0,3.1,No
782,W0783,2017-03-24,Townsville,18.5,34.2,2.4,9.0,7.6,WNW,34.0,S,NNE,7.0,11.0,65.0,17.0,1024.2,1021.6,0.0,0.0,20.1,33.6,No,8.0,6.9,15.2,No
783,W0784,2019-12-23,Sydney,15.8,28.7,4.0,5.3,7.1,WSW,34.0,WNW,SW,19.0,5.0,31.0,50.0,1021.4,1017.6,2.0,2.0,17.7,23.9,No,1.0,21.6,15.7,No
784,W0785,2020-12-30,Perth,14.8,25.9,2.9,10.5,1.5,NNW,61.0,ESE,E,19.0,55.0,75.0,86.0,1011.7,995.5,3.0,6.0,18.6,20.7,Yes,3.0,7.3,19.2,Yes
785,W0786,2018-04-20,Newcastle,11.0,24.9,4.3,9.4,12.6,N,9.0,NNW,E,29.0,33.0,56.0,40.0,1018.6,1020.0,1.0,4.0,17.7,18.2,Yes,7.0,32.9,14.890471092077089,No
786,W0787,2016-08-23,Cairns,18.7,35.6,3.3,10.9,5.4,WSW,38.0,NE,S,11.0,3.0,35.0,37.0,1017.5,1012.0,0.0,3.0,21.9,33.8,No,9.0,28.9,15.3,No
787,W0788,2022-06-09,Darwin,22.2,32.4,2.8,3.6,12.2,ENE,29.0,SSW,NNW,1.0,35.0,45.0,46.0,1016.2728368017525,1009.4,2.0,3.0,25.9,27.9,Yes,1.0,15.2,22.8,No
788,W0789,2017-02-10,Adelaide,14.6,26.6,2.6500000000000004,9.5,5.8,NE,35.0,SW,N,49.0,21.0,89.0,67.0,1004.3,1008.4,3.0,5.0,15.1,20.4,No,9.0,33.1,14.6,Yes
789,W0790,2017-06-08,Darwin,24.3,34.7,0.5,10.0,6.5,E,18.0,NNE,SW,15.0,11.0,46.0,17.0,1026.0,1024.2,5.0,5.0,26.1,30.4,No,5.0,46.4,21.8,No
790,W0791,2017-03-24,Brisbone,6.9,18.8,0.3,11.7,9.7,NW,11.0,S,ENE,15.0,7.0,29.0,30.0,1022.1,1025.6,3.0,1.0,12.8,18.6,No,8.0,49.8,11.7,No
791,W0792,2021-10-02,Perth,15.1,28.9,5.3,7.3,1.5,ESE,44.0,E,N,51.0,33.0,91.0,55.0,1016.2728368017525,1002.5,7.0,7.0,15.2,27.9,No,5.0,35.6,13.1,Yes
792,W0793,2015-12-12,Newcastle,15.2,23.7,4.9,11.0,12.9,S,12.0,W,ENE,0.0,22.0,64.0,31.0,1024.9,1023.4,3.0,1.0,19.2,19.5,Yes,6.0,47.5,12.7,No
793,W0794,2017-02-22,Perth,12.3,27.0,0.0,5.0,12.5,N,17.0,WNW,NNW,19.0,23.0,66.0,37.0,1020.7,1020.5,0.0,0.0,13.1,23.9,No,9.0,40.9,15.9,No
794,W0795,2020-12-02,Perth,15.8,25.2,3.4,0.4,10.9,WSW,24.0,NW,E,7.0,0.0,61.0,61.0,1021.7,1018.2,2.0,1.0,19.9,20.7,No,4.0,24.8,18.6,No
795,W0796,2022-01-20,Cairns,24.8,32.8,4.3,1.6,7.7,NE,44.0,SE,ESE,11.0,27.0,49.0,30.0,1016.2728368017525,1014.4,2.0,3.0,27.6,32.3,No,3.0,26.8,22.7,No
796,W0797,2016-05-18,Brisbane,16.3,31.8,1.3,13.4,8.3,ENE,44.0,NNW,WSW,28.0,24.0,49.0,65.0,1029.9,1014.55,0.0,4.0,16.6,28.7,Yes,7.0,20.9,16.2,No
797,W0798,2017-01-14,Adelaide,10.2,24.4,2.4,9.2,11.1,S,14.0,N,SSE,28.0,31.0,64.0,21.0,1021.5,1017.3,5.0,4.0,12.2,22.7,No,8.0,37.9,8.7,No
798,W0799,2015-03-27,Newcastle,11.1,24.6,6.0,2.1,5.6,NNE,29.264835164835166,NNE,S,30.0,42.0,78.0,96.0,1008.6,1008.6,7.0,6.0,11.4,23.3,Yes,4.0,16.3,10.6,Yes
799,W0800,2015-12-01,Wollongong,14.7,24.1,3.7,7.3,6.8,NNW,25.0,SSE,SSW,18.0,3.0,39.0,57.0,1020.3,1014.1,5.0,3.0,15.7,21.8,No,11.0,49.9,12.2,No
800,W0801,2021-06-30,Darwin,26.7,32.2,2.6,4.6,12.0,WNW,39.0,NNE,N,12.0,24.0,46.0,53.0,1029.6,1024.0,4.0,3.0,27.2,30.8,No,8.0,19.7,30.7,No
801,W0802,2017-06-09,Melbourne,10.1,21.2,2.1,4.7,12.5,E,22.0,SSE,SW,30.0,13.0,27.0,50.0,1012.6,1026.1,1.0,2.0,10.4,16.2,No,10.0,41.9,12.7,No
802,W0803,2017-09-23,Brisbane,17.8,25.767203219315896,3.6,12.0,5.5,WSW,34.0,S,NE,0.0,1.0,58.0,54.0,1018.9,1017.6,2.0,4.0,19.9,26.7,No,1.0,10.3,22.1,No
803,W0804,2015-03-19,Wollongong,11.0,30.0,2.4,2.4,2.4,WNW,29.264835164835166,NNW,NW,20.0,29.0,77.0,59.0,1005.2,995.4,5.0,6.0,14.4,26.2,No,6.0,32.3,14.890471092077089,Yes
804,W0805,2020-05-21,Darwin,26.5,33.3,4.1,3.6,11.3,SE,7.0,SSE,WSW,26.0,27.0,49.0,28.0,1025.0,1020.8,3.0,3.0,29.8,29.9,No,8.0,23.3,29.7,No
805,W0806,2020-01-20,Melbourne,9.3,16.6,2.75,9.2,5.2,NE,29.264835164835166,NNW,NNE,53.0,35.0,76.0,90.0,1014.4,994.7,6.0,8.0,12.0,15.8,Yes,10.0,5.6,5.8,Yes
806,W0807,2019-07-19,Melbourne,8.5,18.1,0.1,11.0,7.8,WSW,37.0,SSE,E,15.0,10.0,48.0,40.0,1012.2,1021.4,5.0,0.0,8.8,16.2,No,6.0,5.1,10.0,No
807,W0808,2016-07-08,Cairns,21.5,29.1,1.0,11.4,8.6,WSW,31.0,W,WSW,5.0,21.0,54.0,37.0,1019.7,1010.2,3.0,5.0,24.9,26.9,No,6.0,27.4,25.7,No
808,W0809,2022-07-29,Melbourne,11.4,20.2,2.75,7.3,5.1,SW,47.0,WNW,NNE,17.0,22.0,91.0,70.0,1000.4,1012.3,4.0,4.0,13.5,16.5,No,8.0,48.5,9.3,Yes
809,W0810,2017-03-19,Sydney,11.5,25.8,2.9,1.0,2.5,SSE,29.264835164835166,NNE,S,51.0,17.0,64.0,99.0,998.7,1012.2,3.0,6.0,11.9,24.4,Yes,9.0,33.5,13.6,Yes
810,W0811,2022-12-03,Sydney,14.6,22.9,1.7,9.5,4.8,NNE,43.0,SE,NE,29.0,27.0,45.0,63.0,1017.9,1008.2,5.0,3.0,16.0,20.6,No,8.0,29.9,14.890471092077089,No
811,W0812,2020-11-07,Adelaide,14.6,25.4,2.6500000000000004,7.1,1.4,ENE,29.264835164835166,SE,NE,18.0,26.0,74.0,79.0,1001.7,995.5,6.0,7.0,15.5,24.6,Yes,7.0,27.4,10.6,Yes
812,W0813,2015-02-10,Townsville,22.8,33.0,1.1,14.1,0.2,ESE,29.264835164835166,WSW,NNE,18.0,35.0,96.0,92.0,1009.5,998.2,4.0,8.0,25.8,30.3,Yes,2.0,35.4,18.3,Yes
813,W0814,2020-05-02,Adelaide,9.3,23.3,2.6500000000000004,1.9,12.5,E,23.0,WNW,SE,23.0,29.0,29.0,22.0,1016.2728368017525,1027.0,2.0,0.0,14.6,21.9,No,4.0,39.1,11.8,No
814,W0815,2020-03-29,Townsville,21.9,31.2,5.0,0.9,5.3,WSW,13.0,WNW,ENE,9.0,19.0,51.0,56.0,1012.4,1008.5,1.0,5.0,26.0,27.6,No,4.0,38.0,19.5,No
815,W0816,2017-02-26,Melbourne,10.8,20.7,2.3,11.2,9.1,S,36.0,SW,ESE,30.0,33.0,66.0,65.0,1017.3,1019.8,1.0,3.0,14.4,17.4,No,6.0,37.8,10.0,No
816,W0817,2021-05-15,Darwin,26.3,32.7,2.6,6.9,0.3,NNW,29.264835164835166,S,NE,42.0,21.0,75.0,89.0,1010.7,1003.9,3.0,7.0,29.2,30.8,Yes,6.0,26.1,30.5,Yes
817,W0818,2021-12-20,Darwin,23.4,35.1,2.9,4.9,4.2,WNW,32.0,NNE,S,29.0,9.0,63.0,59.0,1012.1,1025.9,2.0,4.0,24.7,33.9,No,2.0,27.8,26.6,No
818,W0819,2017-09-28,Darwin,25.2,32.9,3.4,4.5,11.2,NE,42.0,NNW,WNW,0.0,16.0,36.0,48.0,1029.8,1010.9,3.0,5.0,27.2,29.8,No,2.0,26.2,24.4,No
819,W0820,2020-12-07,Sydney,10.9,29.0,2.9,3.4,1.1,S,69.0,W,SE,49.0,19.0,96.0,59.0,1016.2728368017525,1005.0,7.0,4.0,16.8,20.7,No,6.0,15.5,6.9,Yes
820,W0821,2015-05-10,Townsville,23.9,26.1,6.9,7.0,5.0,ESE,34.0,E,SSW,29.0,33.0,94.0,64.0,997.5,1012.2,7.0,7.0,24.6,25.1,Yes,9.0,29.1,20.7,Yes
821,W0822,2021-06-19,Townsville,17.1,30.1,2.4,11.1,6.1,NW,23.0,NW,WSW,11.0,8.0,28.0,21.0,1025.3,1010.1,4.0,3.0,21.7,26.8,No,11.0,38.6,12.7,No
822,W0823,2020-10-09,Sydney,10.5,25.0,1.3,11.8,4.9,N,23.0,NE,ENE,11.0,31.0,40.0,54.0,1014.7,1025.1,1.0,4.0,17.2,18.4,No,10.0,16.1,11.3,No
823,W0824,2020-04-20,Canberra,7.6,25.767203219315896,2.9,9.6,2.1,SE,29.264835164835166,E,W,30.0,17.0,87.0,96.0,998.8,1002.5,8.0,3.0,10.0,13.1,No,10.0,30.0,3.4,Yes
824,W0825,2017-11-13,Brisbane,19.7,30.5,1.5,12.6,11.5,N,41.0,N,NW,19.0,9.0,33.0,32.0,1012.5,1023.6,2.0,5.0,23.5,25.5,No,2.0,21.0,16.3,No
825,W0826,2021-03-27,Cairns,21.6,28.2,1.7,0.8,7.9,ESE,28.0,SSE,ENE,19.0,1.0,54.0,38.0,1019.0,1018.9,5.0,5.0,22.8,26.1,No,6.0,35.9,17.9,No
826,W0827,2018-03-18,Hobart,7.6,18.8,4.9,0.3,6.7,SSE,21.0,NNW,NE,30.0,8.0,54.0,44.0,1024.0,1023.5,0.0,5.0,7.9,14.1,No,11.0,47.6,7.0,No
827,W0828,2015-08-09,Wollongong,25.3,10.3,3.4,7.3,7.5,SE,29.0,NE,S,17.0,6.0,58.0,19.0,1025.4,1024.1,4.0,1.0,17.4,19.3,No,4.0,5.2,9.1,No
828,W0829,2015-09-29,Perth,17.7,26.6,2.9,2.9,5.1,WNW,64.0,W,ESE,17.0,40.0,75.0,98.0,1012.2,1009.0,5.0,5.0,18.3,24.2,Yes,5.0,19.8,21.3,Yes
829,W0830,2018-01-05,Townsville,19.9,36.2,2.4,14.0,3.8,SSW,57.0,E,NNW,44.0,15.0,73.0,92.0,1011.8,1000.5,6.0,4.0,22.3,36.1,No,9.0,44.3,23.7,Yes
830,W0831,12/05/2017,Wollongong,16.2,20.0,2.6,6.7,9.4,WSW,40.0,NE,NE,5.0,11.0,45.0,32.0,1010.6,1014.9,0.0,3.0,17.7,19.4,Yes,8.0,9.5,20.4,No
831,W0832,2022-05-28,Brisbane,17.4,33.9,2.4,6.9,1.9,N,69.0,E,WSW,54.0,50.0,97.0,-5.0,1011.7,1010.1,6.0,3.0,22.7,26.0,Yes,6.0,19.7,22.4,Yes
832,W0833,2017-05-30,Adelaide,9.7,25.2,3.5,14.0,11.8,ESE,40.0,S,NE,11.0,33.0,39.0,30.0,1016.2728368017525,1012.7,0.0,0.0,14.3,18.4,No,10.0,38.4,12.3,No
833,W0834,2016-01-18,Brisbane,20.4,25.5,2.7,9.3,12.8,WNW,28.0,W,NE,7.0,31.0,49.0,51.0,1020.6,1013.1,4.0,2.0,21.5,24.4,Yes,1.0,18.4,21.3,No
834,W0835,2015-07-11,Wollongong,12.2,19.6,2.4,2.3,3.7,W,33.0,WSW,WSW,28.0,21.0,75.0,89.0,1005.4,999.8,7.0,5.0,12.2,17.2,Yes,6.0,41.2,14.5,Yes
835,W0836,2017-09-04,Sydney,11.9,29.8,2.5,12.0,10.5,S,14.0,ENE,NNW,12.0,24.0,39.0,19.0,1013.2,1020.0,5.0,3.0,20.6,25.2,No,10.0,45.9,11.4,No
836,W0837,2022-08-24,Cairns,22.9,32.0,0.7,1.3,5.1,NNW,37.0,SE,ESE,8.0,20.0,62.0,54.0,1016.2728368017525,1019.2,1.0,5.0,26.1,30.9,No,9.0,36.5,17.9,No
837,W0838,2019-11-07,Hobart,8.3,18.5,4.5,2.0,11.9,SSE,21.0,ENE,E,7.0,2.0,39.0,33.0,1014.4,1011.9,2.0,3.0,9.8,18.3,No,3.0,44.8,14.890471092077089,No
838,W0839,2019-02-07,Perth,13.3,31.0,1.1,4.2,7.8,SW,32.0,NNW,W,20.0,33.0,50.0,49.0,1010.6,1022.4,2.0,1.0,17.1,23.7,No,6.0,5.1,12.6,No
839,W0840,2018-03-11,Newcastle,10.3,20.3,5.8,10.8,2.4,SSW,54.0,SSE,NNW,38.0,40.0,82.0,92.0,1010.4,1001.7,5.0,7.0,10.3,18.3,Yes,10.0,12.7,5.6,Yes
840,W0841,2018-02-27,Adelaide,14.9,24.9,2.4,8.9,10.8,ENE,39.0,SE,SW,8.0,29.0,31.0,48.0,1016.2728368017525,1015.4,1.0,1.0,17.2,20.8,No,11.0,15.1,15.4,No
841,W0842,2015-07-23,Canberra,10.2,21.8,4.3,9.5,5.0,E,37.0,ESE,SSE,13.0,1.0,33.0,38.0,1029.7,1010.1,2.0,4.0,10.8,16.9,No,10.0,42.1,14.890471092077089,No
842,W0843,2021-12-18,Hobart,8.7,15.9,3.7,1.4,12.1,NE,43.0,WSW,E,29.0,0.0,59.0,40.0,1011.9,1010.6,5.0,1.0,11.9,15.8,No,5.0,23.2,14.890471092077089,No
843,W0844,2017-09-26,Townsville,23.6,26.3,0.5,3.1,6.9,WSW,32.0,SSW,E,19.0,34.0,48.0,22.0,1024.6,1008.7,2.0,3.0,24.8,25.1,Yes,11.0,19.2,22.6,No
844,W0845,2019-12-15,Cairns,20.3,29.5,2.7,5.5,7.243421052631579,NE,29.264835164835166,N,SE,15.0,30.0,61.0,60.0,1013.5,1000.7,7.0,5.0,22.2,28.6,Yes,10.0,17.3,22.1,Yes
845,W0846,2021-10-28,Melbourne,13.2,20.8,2.8,0.5,10.4,NNW,12.0,NNE,NE,6.0,29.0,35.0,47.0,1029.0,1022.6,0.0,2.0,14.1,19.0,No,10.0,48.2,9.3,No
846,W0847,2022-01-26,Wollongong,16.4,23.6,2.2,1.4,5.3,NE,24.0,N,ESE,30.0,1.0,68.0,56.0,1015.6,1026.3,3.0,3.0,18.2,21.1,No,11.0,25.0,18.9,No
847,W0848,2019-07-01,Canberra,10.2,14.7,3.5,11.3,4.3,NE,18.0,W,WNW,17.0,4.0,56.0,46.0,1019.6,1026.1,4.0,4.0,10.4,13.1,Yes,5.0,38.9,9.3,No
848,W0849,2020-03-17,Hobart,9.6,24.0,4.5,7.3,9.6,SSW,11.0,ENE,SE,20.0,11.0,49.0,58.0,1018.4,1010.2,0.0,4.0,12.1,23.8,No,8.0,43.4,13.5,No
849,W0850,2016-07-20,Perth,15.5,31.0,0.9,0.0,10.5,SW,15.0,NNW,WSW,30.0,29.0,25.0,46.0,1011.4,1014.55,0.0,0.0,18.1,30.6,No,11.0,12.3,11.3,No
850,W0851,2015-11-05,Hobart,10.1,21.5,2.1,12.3,4.7,W,43.0,S,WSW,7.0,25.0,39.0,41.0,1017.1,1023.8,0.0,2.0,11.8,17.9,No,7.0,29.2,6.5,No
851,W0852,2018-12-09,Wollongong,10.1,24.5,0.7,0.4,7.0,WNW,32.0,ENE,N,0.0,18.0,44.0,65.0,1019.5,1025.7,4.0,1.0,12.9,18.1,No,5.0,8.3,5.5,No
852,W0853,2020-04-26,Wollongong,15.6,20.8,0.2,4.4,12.9,ESE,18.0,WNW,W,10.0,6.0,42.0,21.0,1023.2,1014.7,3.0,2.0,17.1,18.6,No,2.0,45.7,11.7,No
853,W0854,09/09/2018,Townsville,18.3,32.3,3.7,7.3,12.6,SW,23.0,WNW,S,24.0,27.0,42.0,65.0,1029.6,1014.55,3.0,3.0,23.2,32.0,No,7.0,43.7,22.7,No
854,W0855,2021-01-10,Darwin,22.8,34.7,0.3,4.8,11.1,NW,7.0,NNE,NW,22.0,2.0,51.0,28.0,1015.3,1016.0,2.0,2.0,23.6,30.4,Yes,4.0,22.7,20.7,No
855,W0856,2017-01-05,Cairns,22.2,28.5,4.1,9.8,10.6,S,17.0,W,SE,1.0,19.0,64.0,58.0,1015.0,1010.0,3.0,2.0,25.2,27.1,No,8.0,34.6,25.2,No
856,W0857,2020-01-04,Perth,16.3,27.4,3.8,3.9,12.8,NW,39.0,WSW,NW,27.0,13.0,59.0,48.0,1029.4,1017.9,4.0,0.0,19.3,24.2,No,9.0,49.5,14.3,No
857,W0858,2018-03-14,Newcastle,15.2,19.6,1.4,7.3,9.5,ESE,32.0,N,NNW,15.0,10.0,34.0,56.0,1016.2728368017525,1027.8,5.0,5.0,16.6,19.1,No,4.0,9.4,19.3,No
858,W0859,2018-05-16,Cairns,20.6,25.767203219315896,3.5,5.9,6.2,NE,8.0,ENE,SSW,29.0,18.0,58.0,63.0,1013.2,1018.6,5.0,2.0,24.3,30.6,No,8.0,49.2,21.9,No
859,W0860,2022-04-13,Sydney,13.5,25.9,2.9,14.8,2.1,NNE,50.0,NW,NW,29.0,34.0,98.0,58.0,1014.7,1008.4,7.0,6.0,14.4,23.1,Yes,2.0,38.7,14.9,Yes
860,W0861,2016-07-31,Sydney,16.5,20.3,2.9,0.5,3.3,NW,36.0,NNW,N,18.0,32.0,61.0,66.0,1010.5,1001.0,4.0,3.0,17.0,19.0,Yes,7.0,19.1,14.890471092077089,Yes
861,W0862,2021-08-29,Canberra,9.6,14.9,3.0,8.3,8.6,ESE,32.0,SSE,WSW,4.0,16.0,63.0,20.0,1016.5,1021.3,3.0,5.0,10.4,14.9,No,10.0,8.9,14.1,No
862,W0863,2017-07-22,Townsville,20.4,32.5,2.4,0.6,3.6,SSE,52.0,SE,NW,29.0,17.0,87.0,84.0,998.8,1014.55,8.0,7.0,21.4,32.3,Yes,4.0,36.2,21.5,Yes
863,W0864,2015-06-10,Brisbane,19.5,25.9,0.1,9.6,5.7,W,10.0,NNE,WNW,5.0,6.0,45.0,63.0,1015.7,1017.1,3.0,1.0,20.6,22.9,No,4.0,35.6,15.8,No
864,W0865,2021-07-10,Brisbane,19.3,28.8,4.8,7.3,7.243421052631579,S,20.0,WNW,NNW,4.0,21.0,53.0,63.0,1028.0,1027.9,5.0,3.0,23.9,25.0,No,5.0,6.2,19.8,No
865,W0866,2016-07-15,Newcastle,12.0,25.1,1.3,10.3,9.5,NE,29.0,ENE,SSW,24.0,17.0,60.0,25.0,1025.7,1023.3,5.0,2.0,17.9,20.1,No,2.0,6.3,12.9,No
866,W0867,2019-06-04,Newcastle,14.4,19.4,1.1,0.1,10.4,W,28.0,E,N,6.0,28.0,56.0,35.0,1018.1,1018.1,5.0,0.0,14.4,17.9,No,2.0,33.4,18.3,No
867,W0868,2015-06-17,Darwin,26.9,29.9,2.2,7.3,3.6,NNW,69.0,W,WNW,18.0,35.0,76.0,89.0,1008.9,1006.4,6.0,4.0,28.1,29.3,No,5.0,8.6,27.5,Yes
868,W0869,2021-09-06,Hobart,10.5,13.2,3.1,3.9,11.7,S,7.0,NW,N,0.0,13.0,66.0,18.0,1023.6,1013.6,3.0,5.0,10.8,12.9,No,6.0,38.7,14.890471092077089,No
869,W0870,2017-11-29,Newcastle,13.7,21.5,3.05,12.9,9.2,WNW,32.0,NNE,NE,14.0,0.0,68.0,15.0,1011.9,1013.8,4.0,3.0,14.7,19.2,No,5.0,10.6,17.0,No
870,W0871,2021-05-15,Darwin,24.7,29.5,2.6,7.3,2.5,S,32.0,NE,NW,28.0,21.0,83.0,64.0,1007.9,1014.55,7.0,7.0,25.1,28.6,Yes,10.0,8.8,27.4,Yes
871,W0872,2015-03-13,Adelaide,10.1,28.6,0.1,12.5,7.1,S,29.0,SW,SW,8.0,21.0,34.0,57.0,1019.6,1010.1,3.0,1.0,11.2,19.7,No,2.0,47.0,13.9,No
872,W0873,2017-04-25,Adelaide,10.6,20.4,1.6,7.0,9.0,N,29.0,NW,NNE,2.0,5.0,61.0,34.0,1023.7,1018.4,1.0,4.0,11.1,20.0,No,8.0,29.2,11.4,No
873,W0874,2015-02-18,Darwin,21.2,33.7,1.5,2.4,7.9,ENE,43.0,NE,E,2.0,18.0,26.0,63.0,1019.0,1017.3,0.0,1.0,22.0,30.7,No,7.0,8.9,20.7,No
874,W0875,2019-01-26,Cairns,19.6,32.6,4.4,11.4,7.243421052631579,NE,34.0,ENE,NW,29.0,30.0,94.0,93.0,996.9,994.2,7.0,7.0,21.5,30.2,Yes,1.0,37.9,17.1,Yes
875,W0876,15/03/2022,Newcastle,13.9,28.0,5.5,8.3,3.1,SE,29.264835164835166,WSW,W,18.0,33.0,73.0,92.0,995.8,1007.6,7.0,7.0,20.7,21.1,Yes,4.0,47.6,14.2,Yes
876,W0877,2020-03-13,Canberra,8.9,22.5,4.3,1.0,6.7,WSW,12.0,WSW,NNE,4.0,12.0,36.0,41.0,1011.7,1027.1,2.0,4.0,13.2,21.3,No,2.0,26.6,13.6,No
877,W0878,2022-04-09,Townsville,21.8,32.8,0.4,12.5,4.4,WNW,41.0,ENE,W,0.0,4.0,67.0,28.0,1011.6,1009.7,5.0,3.0,22.6,28.1,No,9.0,39.9,19.9,No
878,W0879,2015-11-23,Darwin,25.6,38.8,4.4,7.3,7.8,SE,34.0,SSE,E,0.0,13.0,66.0,-5.0,1012.5,1022.2,1.0,0.0,28.6,32.9,No,3.0,11.2,26.1,No
879,W0880,2017-12-02,Melbourne,13.8,25.767203219315896,4.8,4.6,10.6,N,27.0,SSE,S,8.0,31.0,37.0,57.0,1014.3,1015.8,1.0,5.0,17.7,19.6,No,9.0,15.6,11.8,No
880,W0881,2018-01-19,Canberra,11.5,15.9,2.9,6.8,5.8,NW,29.264835164835166,SW,SSW,18.0,57.0,64.0,64.0,1001.0,1001.4,6.0,8.0,13.7,14.9,Yes,5.0,13.6,7.9,Yes
881,W0882,2016-07-22,Canberra,7.2,15.5,0.6,1.9,7.243421052631579,S,12.0,SW,WNW,26.0,26.0,37.0,57.0,1012.1,1009.2,0.0,4.0,10.7,14.1,No,2.0,40.6,9.9,No
882,W0883,2022-10-06,Brisbane,17.9,33.9,1.8,10.7,12.1,ESE,27.0,SSW,NW,20.0,16.0,50.0,28.0,1026.6,1020.2,1.0,2.0,23.7,32.5,Yes,6.0,6.7,13.9,No
883,W0884,2018-02-11,Canberra,6.8,16.2,4.5,2.1,7.6,SE,0.0,N,S,26.0,8.0,35.0,26.0,1011.5,1023.2,3.0,4.0,11.4,11.8,Yes,11.0,44.2,8.0,No
884,W0885,2019-03-05,Sydney,10.5,25.0,2.9,9.2,8.2,ESE,28.0,ENE,SW,11.0,0.0,56.0,43.0,1025.1,1022.2,0.0,0.0,14.2,18.9,No,9.0,47.8,13.6,No
885,W0886,2020-06-22,Adelaide,11.3,19.1,5.0,4.3,4.4,SSW,11.0,NW,ESE,20.0,31.0,33.0,64.0,1014.2,1010.9,3.0,5.0,11.5,15.3,No,5.0,46.8,7.9,No
886,W0887,2021-07-16,Townsville,21.7,26.9,2.4,7.3,7.243421052631579,E,39.0,SW,SSW,9.0,27.0,45.0,53.0,1014.9,1014.55,2.0,3.0,22.1,24.6,No,4.0,37.9,25.5,No
887,W0888,2021-06-14,Perth,15.2,22.3,2.8,7.8,10.3,WNW,26.0,ESE,NNW,19.0,31.0,56.0,46.0,1014.8,1012.9,0.0,5.0,17.1,19.7,No,5.0,28.6,15.1,No
888,W0889,2018-03-14,Melbourne,8.0,25.6,2.3,8.4,7.9,WNW,7.0,N,NNW,17.0,26.0,41.0,16.0,1022.8,1012.0,3.0,1.0,13.8,22.1,No,9.0,9.2,7.0,No
889,W0890,2018-06-01,Melbourne,12.0,23.1,0.5,12.6,8.3,NE,33.0,NNW,SE,14.0,9.0,58.0,40.0,1017.4,1019.7,0.0,2.0,12.2,19.7,No,5.0,37.1,9.4,No
890,W0891,2015-05-08,Cairns,19.2,31.0,3.6,3.9,6.4,S,19.0,NW,E,7.0,17.0,45.0,19.0,1028.0,1012.5,4.0,3.0,22.6,26.7,Yes,1.0,41.4,17.1,No
891,W0892,2022-11-25,Darwin,26.6,35.0,1.4,1.3,5.9,NNE,33.0,NE,NW,8.0,10.0,42.0,38.0,1013.0,1026.4,1.0,0.0,28.4,31.7,Yes,1.0,28.6,22.4,No
892,W0893,2018-12-15,Darwin,22.0,29.9,3.5,7.3,12.6,SSE,12.0,WSW,SSE,9.0,7.0,53.0,38.0,1016.2728368017525,1017.1,2.0,3.0,25.2,28.0,Yes,7.0,12.5,14.890471092077089,No
893,W0894,2015-05-28,Brisbane,20.6,28.2,2.3,11.4,8.4,NE,22.0,NE,NW,6.0,29.0,69.0,48.0,1016.2728368017525,1022.3,1.0,1.0,23.5,25.6,No,7.0,37.7,16.4,No
894,W0895,2021-07-10,Canberra,9.5,21.5,4.5,7.0,7.3,N,42.0,E,ENE,8.0,12.0,65.0,38.0,1016.2728368017525,1018.2,4.0,3.0,11.2,17.8,Yes,7.0,7.2,12.1,No
895,W0896,2018-11-15,Sydney,12.8,22.1,2.9,7.2,4.3,ESE,57.0,WNW,NNE,39.0,21.0,83.0,79.0,1004.1,999.3,4.0,7.0,15.8,19.9,No,10.0,34.0,14.890471092077089,Yes
896,W0897,2021-06-17,Adelaide,14.0,19.9,3.0,2.4,11.2,NE,8.0,NE,NNW,17.0,30.0,43.0,20.0,1026.2,1017.4,4.0,1.0,15.6,19.5,No,8.0,40.6,14.890471092077089,No
897,W0898,2015-03-10,Townsville,21.2,28.3,2.4,9.0,3.2,S,49.0,SSW,WNW,22.0,15.0,70.0,56.0,1012.7,1006.5,7.0,5.0,22.0,25.1,Yes,8.0,38.0,21.2,Yes
898,W0899,2020-01-24,Adelaide,14.6,26.0,0.2,7.6,12.1,NNE,29.0,E,NW,23.0,6.0,39.0,33.0,1016.2,1025.0,5.0,3.0,19.8,25.5,No,8.0,16.3,18.2,No
899,W0900,2017-10-06,Brisbane,19.0,28.4,0.2,13.8,12.1,NE,27.0,WSW,W,29.0,30.0,104.0,35.0,1014.6,1017.9,3.0,5.0,23.0,26.8,No,4.0,19.2,20.7,No
900,W0901,2015-03-17,Townsville,19.4,32.2,2.4,7.4,1.4,SSW,66.0,W,SSW,32.0,21.0,69.0,88.0,1001.3,1007.2,6.0,7.0,22.6,26.2,Yes,2.0,29.9,21.9,Yes
901,W0902,2015-10-18,Sydney,14.2,23.8,1.5,5.4,8.6,SW,39.0,N,ESE,11.0,26.0,65.0,18.0,1011.4,1014.55,1.0,1.0,17.4,21.7,No,11.0,18.5,12.3,No
902,W0903,2021-09-25,Darwin,23.0,29.1,2.3,0.4,5.6,WNW,31.0,ENE,S,9.0,11.0,31.0,56.0,1017.2,1014.0,4.0,3.0,25.5,27.2,No,5.0,44.4,23.9,No
903,W0904,2018-01-30,Melbourne,8.4,23.4,0.6,3.6,6.8,WNW,27.0,SSW,ENE,13.0,8.0,27.0,48.0,1023.4,1014.55,0.0,1.0,10.3,20.5,No,3.0,24.8,7.4,No
904,W0905,2020-03-10,Wollongong,11.3,26.8,3.9,3.2,5.6,SE,7.0,NNE,ESE,2.0,31.0,31.0,28.0,1019.8,1021.2,5.0,1.0,18.5,19.3,Yes,5.0,30.3,11.3,No
905,W0906,2016-12-02,Perth,14.8,27.4,2.9,1.6,5.2,SSE,29.264835164835166,S,NNE,23.0,24.0,93.0,81.0,999.8,1006.4,8.0,4.0,20.9,21.9,No,7.0,33.4,19.5,Yes
906,W0907,2016-06-30,Canberra,11.5,20.3,2.2,10.0,12.0,WNW,34.0,NW,SE,12.0,33.0,34.0,31.0,1016.2,1008.2,1.0,4.0,12.2,18.3,No,11.0,41.6,8.9,No
907,W0908,2022-09-28,Newcastle,12.6,20.1,2.1,7.2,11.1,SSW,28.0,SSE,NE,9.0,13.0,51.0,52.0,1013.4,1015.6,0.0,1.0,15.2,18.6,Yes,4.0,39.3,17.5,No
908,W0909,2021-05-22,Cairns,22.5,33.6,2.0,3.5,7.2,N,41.0,ENE,SSE,20.0,17.0,66.0,55.0,1025.2,1021.9,1.0,2.0,23.9,31.4,No,5.0,25.3,26.6,No
909,W0910,2020-05-17,Canberra,11.0,24.6,0.5,5.4,6.7,WNW,44.0,ESE,E,14.0,14.0,65.0,18.0,1012.1,1014.55,1.0,2.0,15.4,23.8,No,3.0,28.9,12.6,No
910,W0911,2022-03-19,Newcastle,11.0,29.1,3.6,7.3,7.7,WNW,31.0,SSW,NW,13.0,9.0,59.0,60.0,1014.9,1026.2,5.0,3.0,16.3,23.2,No,4.0,23.4,13.8,No
911,W0912,2020-03-25,Brisbane,14.4,25.9,1.1,7.3,4.1,W,28.0,NNE,SSE,5.0,6.0,70.0,39.0,1019.7,1014.55,0.0,5.0,18.5,23.3,No,8.0,20.3,11.6,No
912,W0913,2017-09-03,Wollongong,15.1,25.767203219315896,2.3,9.7,4.9,NNE,15.0,NW,NNE,0.0,18.0,68.0,43.0,1013.9,1025.0,0.0,0.0,16.7,19.2,No,6.0,37.3,15.2,No
913,W0914,2018-04-16,Perth,12.8,25.767203219315896,2.1,6.0,8.4,WSW,19.0,E,S,24.0,12.0,56.0,23.0,1026.0,1009.8,1.0,1.0,17.9,20.0,Yes,2.0,30.1,16.2,No
914,W0915,2017-07-19,Brisbane,18.9,30.9,4.1,1.9,11.2,WNW,42.0,ESE,WNW,16.0,22.0,63.0,33.0,1013.3,1019.2,1.0,3.0,19.3,29.5,No,9.0,10.2,16.0,No
915,W0916,2016-06-06,Newcastle,15.8,29.7,3.9,8.1,9.1,NW,41.0,NNE,ENE,17.0,26.0,68.0,35.0,1010.3,1019.3,4.0,3.0,18.4,25.3,No,9.0,27.5,17.6,No
916,W0917,2016-08-18,Adelaide,15.1,25.6,2.6500000000000004,14.7,5.6,ENE,24.0,ENE,SSE,23.0,24.0,56.0,38.0,1025.4,1014.55,3.0,4.0,17.5,22.0,No,5.0,22.2,19.4,No
917,W0918,2020-03-26,Wollongong,10.2,23.6,3.6,7.3,10.2,WNW,29.264835164835166,WSW,N,6.0,6.0,68.0,18.0,1020.7,1017.3,3.0,5.0,16.8,23.4,Yes,9.0,31.1,14.9,No
918,W0919,2017-05-26,Newcastle,12.9,21.2,1.5,3.2,12.0,SSW,32.0,NNW,SSW,23.0,31.0,29.0,31.0,1014.9,1023.5,1.0,5.0,17.0,17.8,No,11.0,27.1,14.890471092077089,No
919,W0920,2022-04-25,Canberra,6.4,21.1,2.6,2.0,7.243421052631579,NE,29.264835164835166,NE,SW,36.0,32.0,64.0,84.0,1013.8,1007.1,4.0,3.0,8.2,16.4,No,11.0,33.5,2.0,Yes
920,W0921,2020-02-02,Canberra,6.7,15.9,2.9,0.6,7.243421052631579,S,29.264835164835166,SW,SSE,29.0,15.0,77.0,96.0,1014.7,1005.7,4.0,3.0,11.0,12.3,Yes,2.0,18.1,6.1,Yes
921,W0922,2017-07-06,Townsville,21.2,32.4,4.2,3.2,7.4,NNW,41.0,WNW,W,1.0,9.0,55.0,15.0,1016.2728368017525,1014.8,3.0,0.0,24.8,30.6,No,11.0,12.0,23.4,No
922,W0923,2018-04-15,Newcastle,15.0,22.5,4.7,10.4,7.0,N,41.0,NNE,ESE,17.0,26.0,62.0,45.0,1028.8,1022.0,5.0,2.0,16.0,20.7,No,10.0,32.1,15.8,No
923,W0924,2022-12-08,Darwin,23.8,39.0,1.1,14.6,9.2,ENE,43.0,ENE,ENE,0.0,13.0,47.0,62.0,1021.8,1018.9,1.0,3.0,29.9,34.8,No,9.0,13.5,19.1,No
924,W0925,2017-08-10,Darwin,21.3,29.6,1.5,7.3,10.8,NE,29.0,SSW,SSW,28.0,32.0,44.0,20.0,1014.3,1009.8,0.0,0.0,21.6,27.0,Yes,11.0,16.8,14.890471092077089,No
925,W0926,2021-03-22,Townsville,19.8,30.1,2.0,12.8,5.1,E,15.0,NE,ESE,24.0,6.0,41.0,63.0,1022.7,1017.2,2.0,2.0,23.4,29.0,Yes,6.0,7.4,23.1,No
926,W0927,2018-12-17,Perth,15.2,24.7,4.7,3.5,8.4,NE,10.0,SSW,ENE,26.0,20.0,69.0,51.0,1016.5,1009.5,1.0,2.0,16.0,20.2,Yes,3.0,28.2,19.1,No
927,W0928,2015-03-20,Newcastle,11.4,29.7,4.4,0.9,4.8,WNW,12.0,SSW,NE,9.0,6.0,56.0,30.0,1014.0,1014.55,1.0,3.0,20.0,21.1,No,3.0,15.3,7.8,No
928,W0929,2022-08-28,Melbourne,7.2,16.6,4.2,2.6,8.4,NNW,41.0,E,SE,14.0,20.0,52.0,29.0,1014.6,1028.0,2.0,4.0,10.0,16.5,No,8.0,12.2,10.5,No
929,W0930,2015-08-25,Wollongong,16.8,27.0,2.4,7.1,0.1,SE,29.264835164835166,S,S,18.0,21.0,85.0,90.0,999.8,995.6,7.0,8.0,19.3,26.8,No,1.0,41.5,14.1,Yes
930,W0931,2017-06-08,Darwin,23.1,33.6,0.8,6.3,8.1,NNE,7.0,SE,NW,24.0,14.0,50.0,27.0,1010.3,1014.7,1.0,2.0,26.8,33.0,No,9.0,27.3,14.890471092077089,No
931,W0932,2016-05-24,Cairns,18.3,30.9,2.1,14.0,12.8,NE,45.0,SW,WSW,0.0,32.0,68.0,38.0,1017.0,1017.8,2.0,5.0,20.3,28.6,No,3.0,45.4,14.890471092077089,No
932,W0933,2015-08-03,Cairns,21.3,37.4,2.7,8.9,6.0,NNW,30.0,WNW,NNE,49.0,52.0,75.0,57.0,1009.4,999.3,7.0,6.0,27.4,30.9,No,2.0,17.9,21.1,Yes
933,W0934,2015-11-26,Wollongong,14.8,26.0,2.4,4.1,3.6,SSW,61.0,WSW,WNW,31.0,44.0,75.0,75.0,1007.9,1003.3,8.0,5.0,17.8,21.6,No,5.0,29.9,10.4,Yes
934,W0935,2022-09-21,Adelaide,20.3,13.7,1.4,1.0,11.3,SSW,40.0,S,N,3.0,28.0,33.0,59.0,1020.0,1012.1,1.0,4.0,15.0,19.1,No,5.0,25.6,11.4,No
935,W0936,2022-08-21,Darwin,20.4,38.7,4.5,6.5,9.9,WSW,26.0,NNE,N,23.0,0.0,63.0,20.0,1028.5,1013.5,1.0,1.0,28.6,37.3,No,5.0,6.8,24.5,No
936,W0937,2018-03-24,Perth,13.1,25.3,3.4,12.3,7.243421052631579,ESE,18.0,NNE,WSW,16.0,9.0,25.0,54.0,1015.5,1013.6,3.0,5.0,15.0,20.0,No,10.0,12.7,16.0,No
937,W0938,2021-09-20,Sydney,13.0,20.7,2.9,7.2,1.5,NE,43.0,ENE,SE,47.0,32.0,77.0,70.0,1002.6,997.4,5.0,7.0,16.1,20.2,Yes,4.0,9.4,14.4,Yes
938,W0939,2018-03-25,Canberra,11.0,14.3,4.2,0.1,3.7,E,38.0,ESE,NE,24.0,17.0,84.0,65.0,1000.7,1011.4,3.0,4.0,11.2,12.8,No,6.0,27.7,12.5,Yes
939,W0940,2017-10-14,Perth,12.4,26.7,3.6,7.2,12.2,W,22.0,NNW,S,15.0,22.0,58.0,42.0,1012.0,1011.7,5.0,0.0,17.0,19.9,No,6.0,43.2,11.1,No
940,W0941,2022-11-17,Sydney,16.5,25.0,3.2,7.3,5.1,ESE,12.0,ESE,NE,30.0,32.0,32.0,29.0,1026.6,1026.1,0.0,4.0,20.5,23.8,Yes,3.0,32.8,19.6,No
941,W0942,2017-06-03,Sydney,15.1,20.8,1.0,8.4,8.1,NE,17.0,ENE,NE,4.0,9.0,47.0,31.0,1028.7,1024.3,2.0,4.0,17.9,18.8,No,9.0,29.7,14.3,No
942,W0943,2015-05-02,Townsville,22.3,34.9,4.1,7.3,5.0,ENE,23.0,NW,NE,5.0,22.0,63.0,35.0,1018.2,1008.7,0.0,3.0,25.5,33.6,No,6.0,20.0,19.4,No
943,W0944,2015-10-16,Hobart,10.5,21.7,2.5,1.7,7.8,S,22.0,SSE,NNW,29.0,1.0,50.0,26.0,1025.3,1014.55,1.0,0.0,13.4,16.4,No,8.0,23.7,7.9,No
944,W0945,2021-05-06,Townsville,19.5,27.2,0.9,9.6,4.7,ENE,34.0,SSW,NNW,26.0,18.0,27.0,62.0,1029.5,1019.1,3.0,2.0,23.3,24.1,No,2.0,48.9,18.0,No
945,W0946,2016-10-08,Sydney,10.0,23.2,4.1,3.1,12.1,N,9.0,N,E,2.0,16.0,31.0,21.0,1016.0,1023.3,5.0,4.0,16.3,17.0,No,9.0,32.8,14.890471092077089,No
946,W0947,2022-05-27,Melbourne,10.2,26.2,1.4,14.6,11.3,SE,11.0,E,SSW,26.0,13.0,67.0,15.0,1010.9,1024.1,5.0,1.0,12.4,22.0,No,9.0,48.7,15.0,No
947,W0948,2019-10-13,Newcastle,12.9,22.1,2.9,2.7,6.8,E,21.0,NNE,SSW,7.0,18.0,41.0,56.0,1023.1,1012.6,2.0,3.0,15.1,19.9,No,9.0,47.7,7.9,No
948,W0949,2017-09-28,Townsville,18.1,26.9,2.4,1.2,5.5,N,70.0,NNE,W,30.0,38.0,88.0,85.0,1009.8,1004.0,6.0,6.0,22.0,24.5,Yes,7.0,16.7,20.2,Yes
949,W0950,2015-04-06,Melbourne,9.8,24.0,5.0,14.1,6.2,NE,32.0,SW,NW,11.0,25.0,62.0,38.0,1029.4,1013.9,2.0,5.0,13.1,22.3,No,7.0,6.9,7.6,No
950,W0951,2018-06-26,Darwin,23.1,30.5,4.2,12.0,4.9,NE,19.0,NNW,WNW,19.0,34.0,45.0,48.0,1012.7,1022.3,1.0,2.0,23.4,29.7,No,7.0,21.8,25.9,No
951,W0952,2019-12-30,Melbourne,10.8,21.5,2.7,14.9,7.8,W,40.0,N,SSW,4.0,24.0,68.0,32.0,1018.5,1027.9,0.0,0.0,10.9,19.7,Yes,8.0,33.5,15.5,No
952,W0953,2016-05-13,Melbourne,11.5,18.0,2.2,14.1,6.9,S,43.0,WNW,ESE,18.0,6.0,26.0,32.0,1027.4,1010.7,1.0,0.0,13.8,14.9,No,4.0,47.3,11.6,No
953,W0954,2021-02-08,Newcastle,15.3,24.7,3.05,2.1,7.7,ENE,26.0,SW,WSW,24.0,6.0,62.0,59.0,1021.8,1013.9,2.0,0.0,19.6,22.7,No,7.0,17.4,11.4,No
954,W0955,2018-04-02,Hobart,10.7,25.767203219315896,2.5,13.2,12.9,E,32.0,NNW,NNE,13.0,15.0,53.0,18.0,1021.2,1008.5,3.0,1.0,13.1,15.6,No,3.0,47.9,11.6,No
955,W0956,2015-12-18,Brisbane,16.0,33.8,3.5,5.6,5.2,WNW,45.0,NE,SSW,29.0,18.0,35.0,50.0,1010.3,1014.55,2.0,4.0,20.1,26.4,No,5.0,49.4,20.1,No
956,W0957,2019-07-05,Hobart,10.0,19.5,2.9,12.7,7.243421052631579,ENE,29.264835164835166,WSW,W,49.0,15.0,90.0,61.0,995.7,1008.4,5.0,8.0,12.1,15.6,Yes,11.0,21.3,12.5,Yes
957,W0958,2020-05-29,Townsville,19.2,33.1,3.3,6.0,4.8,NE,20.0,SSW,SSW,26.0,29.0,69.0,58.0,1012.1,1014.55,1.0,2.0,19.5,27.2,No,8.0,31.2,19.4,No
958,W0959,2019-03-07,Cairns,23.4,29.9,0.9,8.0,9.2,N,31.0,WNW,NNW,20.0,1.0,54.0,56.0,1016.7,1009.9,4.0,5.0,26.6,29.6,No,5.0,40.9,27.4,No
959,W0960,2021-01-07,Wollongong,15.7,19.4,0.8,7.6,7.4,SW,36.0,NNW,NNW,25.0,7.0,26.0,55.0,1023.3,1010.5,2.0,3.0,17.0,19.3,No,6.0,48.0,11.9,No
960,W0961,2015-07-15,Adelaide,9.9,23.5,2.6500000000000004,0.7,11.8,NW,27.0,NNE,ESE,10.0,18.0,34.0,55.0,1020.9,1014.55,4.0,1.0,13.2,19.7,No,10.0,19.9,9.6,No
961,W0962,2020-11-08,Newcastle,13.7,26.6,3.4,10.1,10.9,WNW,13.0,S,ENE,17.0,35.0,25.0,25.0,1016.2728368017525,1025.7,5.0,3.0,18.7,24.8,Yes,5.0,19.1,17.4,No
962,W0963,2018-06-21,Adelaide,14.6,25.3,1.8,14.1,7.3,NE,7.0,NW,SE,26.0,30.0,42.0,45.0,1013.7,1013.6,5.0,4.0,15.7,20.6,No,9.0,12.4,9.7,No
963,W0964,2021-03-04,Melbourne,10.7,17.9,2.75,12.1,3.2,ESE,29.264835164835166,WNW,SW,26.0,46.0,96.0,88.0,1001.3,1010.7,7.0,4.0,14.1,15.4,No,7.0,31.1,14.890471092077089,Yes
964,W0965,2016-02-24,Perth,12.2,30.8,2.9,5.3,12.4,ENE,43.0,NNW,SE,3.0,27.0,45.0,33.0,1010.1,1019.3,3.0,3.0,20.4,28.7,No,8.0,33.2,11.3,No
965,W0966,2016-04-20,Perth,13.6,31.6,2.0,1.2,5.1,ENE,11.0,NE,NE,6.0,12.0,40.0,44.0,1020.6,1009.7,5.0,1.0,16.9,30.0,No,11.0,35.3,12.4,No
966,W0967,2017-08-10,Darwin,21.3,29.6,1.5,7.3,10.8,NE,29.0,SSW,SSW,28.0,32.0,44.0,20.0,1014.3,1009.8,0.0,0.0,21.6,27.0,Yes,11.0,16.8,14.890471092077089,No
967,W0968,2021-07-20,Hobart,7.7,15.9,2.9,13.3,3.3,NNW,29.264835164835166,SSE,NW,36.0,21.0,83.0,57.0,1016.2728368017525,1014.55,8.0,4.0,11.4,14.0,Yes,7.0,41.2,14.890471092077089,Yes
968,W0969,2021-05-28,Newcastle,16.1,20.0,2.2,0.6,6.3,W,33.0,SSW,E,5.0,9.0,27.0,55.0,1010.7,1021.7,4.0,0.0,16.5,19.7,No,2.0,9.3,15.0,No
969,W0970,2015-10-21,Darwin,20.8,30.0,4.1,8.2,9.4,NE,8.0,NW,SSE,10.0,24.0,26.0,50.0,1027.6,1015.2,5.0,2.0,21.5,28.7,No,1.0,36.8,19.7,No
970,W0971,2017-09-06,Melbourne,9.6,18.1,3.9,3.2,9.4,NE,14.0,N,ENE,0.0,27.0,33.0,54.0,1016.1,1019.1,3.0,2.0,10.0,13.9,Yes,10.0,45.4,5.0,No
971,W0972,2020-11-11,Newcastle,16.7,23.7,3.4,8.8,10.2,SW,28.0,NNE,WNW,23.0,3.0,59.0,47.0,1025.8,1021.0,5.0,3.0,19.9,21.3,No,2.0,38.8,17.2,No
972,W0973,2021-03-22,Perth,13.6,30.0,1.4,10.5,-1.0,WNW,38.0,N,NNW,19.0,8.0,53.0,64.0,1016.2,1014.55,2.0,2.0,13.9,24.3,No,9.0,46.9,9.2,No
973,W0974,2016-06-11,Adelaide,13.2,27.0,0.0,14.6,11.1,N,9.0,S,NNE,6.0,11.0,54.0,48.0,1018.9,1026.1,5.0,4.0,14.4,23.9,No,6.0,31.5,12.7,No
974,W0975,2015-10-13,Wollongong,13.8,21.5,0.8,7.3,9.1,N,41.0,SSE,ENE,19.0,5.0,29.0,35.0,1010.4,1016.1,4.0,2.0,16.0,20.0,Yes,3.0,23.2,9.3,No
975,W0976,2022-10-17,Cairns,21.4,34.5,1.6,9.9,7.243421052631579,ESE,44.0,W,SSW,19.0,6.0,52.0,50.0,1014.6,1019.6,4.0,0.0,21.4,30.1,No,8.0,16.7,21.3,No
976,W0977,2018-08-11,Adelaide,13.3,18.8,4.4,0.2,12.9,WSW,26.0,NNE,SE,2.0,11.0,42.0,29.0,1027.0,1014.55,4.0,5.0,14.7,18.3,Yes,11.0,41.9,10.9,No
977,W0978,2021-10-27,Canberra,5.3,22.5,2.5,7.3,10.0,SE,42.0,E,S,18.0,33.0,47.0,59.0,1013.4,1017.2,1.0,1.0,8.3,21.8,No,8.0,9.3,0.3,No
978,W0979,2022-01-17,Melbourne,11.9,25.5,3.2,10.9,4.7,SSW,26.0,NE,N,25.0,1.0,28.0,28.0,1011.9,1022.3,1.0,3.0,15.4,23.1,Yes,10.0,34.5,7.2,No
979,W0980,2021-10-14,Wollongong,13.8,20.1,3.7,12.5,11.8,E,32.0,E,SSW,22.0,22.0,56.0,46.0,1024.1,1015.3,0.0,5.0,15.9,17.3,No,11.0,12.6,11.8,No
980,W0981,2022-07-27,Newcastle,14.3,26.6,1.9,2.6,6.7,SSE,21.0,SSE,SSE,4.0,8.0,55.0,48.0,1019.0,1024.3,3.0,3.0,18.1,24.6,No,7.0,27.3,18.2,No
981,W0982,2017-12-24,Hobart,9.8,19.4,1.5,12.2,10.1,NW,25.0,SSW,SE,4.0,10.0,64.0,32.0,1029.4,1024.4,2.0,4.0,14.3,18.8,Yes,8.0,26.7,13.6,Yes
982,W0983,2015-09-10,Hobart,4.1,25.767203219315896,0.3,14.9,11.2,WSW,7.0,ENE,S,21.0,32.0,67.0,49.0,1027.5,1023.0,4.0,3.0,12.8,15.6,No,3.0,5.5,6.4,No
983,W0984,2022-02-08,Newcastle,15.0,25.7,1.9,9.4,11.5,SSE,36.0,NW,SW,27.0,33.0,63.0,15.0,1015.6,1017.2,5.0,3.0,17.1,24.1,No,11.0,6.0,15.2,No
984,W0985,2021-08-23,Brisbane,16.0,30.0,2.4,6.4,7.4,NW,24.0,SSE,SSE,24.0,31.0,67.0,30.0,1025.8,1014.55,3.0,2.0,20.3,27.3,Yes,8.0,10.2,11.3,No
985,W0986,2018-12-31,Darwin,25.0,37.2,6.8,0.0,2.9,WSW,37.0,NW,S,38.0,21.0,81.0,82.0,1002.4,1008.1,3.0,7.0,28.0,32.3,Yes,2.0,11.1,20.3,Yes
986,W0987,2019-12-25,Darwin,23.6,39.2,4.6,0.7,10.3,WSW,25.0,NW,NNW,11.0,34.0,69.0,49.0,1012.4,1021.5,5.0,0.0,30.4,35.0,No,7.0,18.9,28.2,No
987,W0988,2020-02-04,Cairns,18.5,28.8,3.9,-0.1,5.7,NE,24.0,N,ESE,25.0,0.0,53.0,51.0,1021.0,1017.1,5.0,1.0,22.0,26.3,No,4.0,20.4,15.7,No
988,W0989,2018-05-30,Canberra,6.8,18.4,4.4,13.1,10.9,WSW,31.0,W,W,30.0,5.0,28.0,28.0,1021.4,1016.4,2.0,0.0,11.5,13.9,No,6.0,12.5,8.0,No
989,W0990,05/06/2018,Wollongong,14.3,19.3,2.4,1.8,4.7,NE,72.0,NE,WSW,33.0,43.0,66.0,59.0,1002.8,996.0,3.0,7.0,16.5,18.4,Yes,1.0,43.6,14.890471092077089,Yes
990,W0991,2016-08-28,Wollongong,10.4,24.0,1.2,5.3,4.1,NNE,43.0,NW,NW,3.0,26.0,32.0,64.0,1014.7,1012.9,5.0,2.0,16.3,22.2,Yes,4.0,45.9,13.0,No
991,W0992,2018-08-31,Townsville,17.3,31.4,2.4,12.5,0.3,SW,61.0,WNW,SE,49.0,17.0,91.0,95.0,997.3,1003.3,6.0,4.0,18.0,25.7,No,6.0,15.9,16.2,Yes
992,W0993,2022-07-13,Cairns,21.7,31.5,1.6,13.2,12.8,WSW,16.0,NW,NW,28.0,28.0,42.0,64.0,1026.6,1010.6,2.0,2.0,22.6,31.2,No,8.0,10.2,26.6,No
993,W0994,2019-01-28,Wollongong,13.9,24.1,0.6,7.3,6.6,SE,40.0,ENE,NE,27.0,18.0,53.0,53.0,1014.5,1023.7,2.0,3.0,16.7,22.2,No,9.0,20.4,14.7,No
994,W0995,2022-10-09,Wollongong,10.6,26.6,3.5,0.5,8.6,SW,45.0,WNW,E,10.0,26.0,59.0,23.0,1016.2728368017525,1020.1,3.0,2.0,10.9,21.5,Yes,7.0,37.4,7.6,No
995,W0996,2017-02-19,Melbourne,8.0,26.6,3.1,6.1,5.6,WSW,25.0,NNW,NNW,3.0,12.0,28.0,20.0,1030.0,1024.5,3.0,3.0,15.8,21.1,No,7.0,35.1,11.3,No
996,W0997,2022-05-31,Cairns,18.3,31.9,2.7,11.5,0.5,SW,56.0,NNE,SSE,40.0,19.0,76.0,66.0,1005.7,999.1,7.0,5.0,23.8,30.5,Yes,5.0,15.2,17.7,Yes
997,W0998,2019-12-13,Melbourne,11.1,21.6,2.7,8.5,11.9,E,17.0,SSW,S,19.0,6.0,32.0,40.0,1011.7,1027.0,5.0,2.0,12.0,20.8,No,1.0,16.3,15.9,No
998,W0999,2022-07-17,Hobart,9.0,18.0,3.0,2.9,8.2,NNW,12.0,SSW,E,22.0,16.0,35.0,21.0,1016.2728368017525,1012.6,5.0,1.0,11.2,16.5,No,8.0,24.3,14.890471092077089,No
999,W1000,2015-02-20,Wollongong,14.3,25.1,2.4,0.2,7.243421052631579,NNW,37.0,SW,WSW,23.0,44.0,78.0,66.0,999.3,997.7,5.0,3.0,18.7,23.5,Yes,11.0,31.0,13.5,Yes
1000,W1001,2019-03-12,Darwin,23.0,36.3,1.7,8.3,7.243421052631579,W,29.264835164835166,S,W,36.0,31.0,85.0,70.0,1010.0,993.7,6.0,8.0,23.6,33.0,Yes,2.0,32.1,23.7,Yes
1001,W1002,2018-11-21,Adelaide,15.9,20.2,3.2,7.3,4.7,E,26.0,W,NW,20.0,31.0,29.0,49.0,1012.8,1014.55,1.0,5.0,16.8,19.7,No,7.0,43.3,19.2,No
1002,W1003,2022-09-12,Darwin,25.2,32.9,2.6,7.3,7.243421052631579,NW,29.264835164835166,SE,WNW,15.0,38.0,84.0,64.0,999.6,1006.8,6.0,4.0,27.6,32.7,Yes,10.0,5.3,25.8,Yes
1003,W1004,2015-09-28,Canberra,8.4,24.2,4.2,11.6,7.0,ENE,28.0,NE,NW,3.0,5.0,34.0,31.0,1014.3,1017.8,0.0,1.0,15.3,21.0,No,3.0,38.1,5.4,No
1004,W1005,2017-01-25,Hobart,8.8,15.9,2.9,14.1,7.243421052631579,SE,60.0,ENE,NE,37.0,48.0,91.0,94.0,1007.9,1012.5,4.0,7.0,9.9,15.4,Yes,9.0,24.9,4.7,Yes
1005,W1006,2020-06-17,Townsville,17.5,31.8,3.7,3.5,5.6,SE,16.0,ESE,WSW,27.0,7.0,35.0,37.0,1025.4,1015.5,1.0,1.0,20.5,27.8,No,10.0,5.2,19.4,No
1006,W1007,2019-11-03,Hobart,6.4,23.7,2.9,5.4,7.243421052631579,NW,29.264835164835166,WNW,NNW,34.0,31.0,74.0,93.0,1012.7,996.5,4.0,7.0,14.5,17.3,Yes,10.0,19.7,1.8,Yes
1007,W1008,2018-02-17,Melbourne,8.1,22.0,2.75,7.5,3.6,ENE,29.264835164835166,S,E,37.0,50.0,68.0,60.0,1008.5,998.3,4.0,4.0,13.2,18.9,Yes,6.0,41.9,10.3,Yes
1008,W1009,2020-01-03,Melbourne,7.9,22.2,3.4,4.2,6.5,SE,24.0,N,WSW,19.0,12.0,47.0,29.0,1016.2728368017525,1011.1,2.0,3.0,14.1,15.7,No,1.0,39.3,6.6,No
1009,W1010,2016-01-19,Newcastle,11.9,20.1,4.6,11.2,8.6,WNW,25.0,SSW,W,17.0,22.0,33.0,23.0,1011.2,1008.6,2.0,1.0,15.5,18.3,No,7.0,21.9,11.1,No
1010,W1011,2020-09-02,Townsville,19.9,27.2,3.8,7.3,10.8,W,11.0,SSW,NE,19.0,1.0,33.0,53.0,1017.6,1014.55,5.0,2.0,22.1,26.8,No,1.0,38.5,16.4,No
1011,W1012,2019-09-29,Wollongong,14.5,20.4,2.4,8.7,2.5,NW,54.0,WSW,SSE,26.0,34.0,98.0,89.0,1000.7,1001.0,7.0,7.0,16.5,18.9,No,2.0,19.4,16.1,Yes
1012,W1013,2020-12-01,Cairns,19.9,32.7,1.7,7.3,12.7,SE,30.0,S,ESE,19.0,16.0,45.0,54.0,1021.7,1027.5,1.0,4.0,22.2,32.2,No,3.0,26.0,21.2,No
1013,W1014,2022-03-05,Cairns,19.6,32.0,5.1,9.1,3.4,NE,29.264835164835166,E,NNE,51.0,33.0,61.0,73.0,1012.6,1002.2,3.0,3.0,24.1,28.9,Yes,9.0,8.9,23.2,Yes
1014,W1015,2020-07-20,Sydney,12.5,19.1,1.2,9.1,4.9,WSW,16.0,W,E,13.0,17.0,40.0,46.0,1022.5,1011.3,0.0,5.0,15.8,17.5,No,8.0,8.4,14.7,No
