,ObservationID,Date,Location,MinTemp,MaxTemp,Rainfall,Evaporation,Sunshine,WindGustDir,WindGustSpeed,WindDir9am,WindDir3pm,WindSpeed9am,WindSpeed3pm,Humidity9am,Humidity3pm,Pressure9am,Pressure3pm,Cloud9am,Cloud3pm,Temp9am,Temp3pm,RainToday,UVIndex,Visibility_km,DewPoint,RainTomorrow
0,W0001,2021-05-21,Adelaide,0.43933054393305443,0.35353535353535354,0.38732394366197187,0.6519823788546255,0.3642857142857142,S,0.611111111111111,WSW,NW,0.7777777777777777,0.8421052631578947,0.8518518518518516,0.6666666666666666,0.12893982808023097,0.014285714285716011,0.625,0.625,0.4801587301587302,0.3569023569023568,Yes,0.5000000000000001,0.29111111111111115,0.5870967741935484,Yes
1,W0002,2022-04-26,Adelaide,0.46025104602510464,0.27272727272727265,0.352112676056338,0.9030837004405288,0.6928571428571427,SW,0.1388888888888889,SSW,N,0.18518518518518517,0.42105263157894735,0.1111111111111111,0.5833333333333333,0.7392550143266483,0.7171428571428571,0.25,0.375,0.3968253968253968,0.2828282828282827,No,0.9,0.7911111111111111,0.47066035780893833,No
2,W0003,2019-11-19,Perth,0.6192468619246863,0.6296296296296295,0.49295774647887325,0.709251101321586,0.6071428571428571,WNW,0.3611111111111111,ESE,NW,0.2222222222222222,0.15789473684210525,0.25925925925925924,0.4907407407407407,0.9541547277936999,0.9400000000000013,0.375,0.375,0.5833333333333333,0.5858585858585859,No,1.0,0.7511111111111111,0.6774193548387097,No
3,W0004,2015-07-22,Melbourne,0.20502092050209209,0.5151515151515151,0.09859154929577466,0.7841409691629957,0.7285714285714284,NNE,0.29166666666666663,NE,E,0.38888888888888884,0.19298245614035087,0.012345679012345678,0.25925925925925924,0.6066715415974961,0.5742857142857147,0.25,0.375,0.3531746031746031,0.3333333333333332,Yes,0.1,0.039999999999999994,0.22258064516129034,No
4,W0005,2017-08-28,Newcastle,0.3849372384937239,0.43771043771043766,0.647887323943662,0.6167400881057269,0.7285714285714284,NNE,0.38888888888888884,ENE,ESE,0.24074074074074073,0.2631578947368421,0.1975308641975309,0.36111111111111105,0.6066715415974961,0.6157142857142865,0.375,0.5,0.40873015873015867,0.34343434343434337,Yes,0.4,0.6288888888888888,0.26774193548387093,No
5,W0006,2022-04-06,Darwin,0.8368200836820086,0.973063973063973,0.36619718309859156,0.4405286343612335,0.4285714285714285,SSE,0.3055555555555555,ESE,W,0.0,0.3684210526315789,0.012345679012345678,0.49999999999999994,0.7478510028653318,0.845714285714287,0.0,0.0,0.9563492063492063,0.8956228956228955,No,0.30000000000000004,0.07555555555555556,0.7741935483870968,No
6,W0007,2020-06-20,Canberra,0.15481171548117156,0.1515151515151515,0.3380281690140845,0.5638766519823789,0.8357142857142856,NE,0.4583333333333333,SW,SSW,0.05555555555555555,0.0,0.5432098765432098,0.37037037037037035,0.5272206303724936,0.8571428571428577,0.125,0.625,0.13492063492063489,0.15488215488215484,No,0.8,0.72,0.0967741935483871,No
7,W0008,2018-07-04,Hobart,0.1380753138075314,0.44444444444444436,0.4225352112676056,0.6607929515418502,0.3142857142857143,SE,0.9305555555555555,ESE,NNW,0.5925925925925926,0.43859649122807015,0.6172839506172838,0.5555555555555555,0.1747851002865346,0.3342857142857163,0.375,0.75,0.23412698412698407,0.22895622895622886,Yes,1.0,0.8666666666666667,0.47066035780893833,Yes
8,W0009,2019-07-25,Townsville,0.6987447698744771,0.5353535353535352,0.16901408450704228,0.9603524229074891,0.5499999999999999,NE,0.3333333333333333,ESE,E,0.42592592592592593,0.03508771929824561,0.037037037037037035,0.27777777777777773,0.6066715415974961,0.9485714285714302,0.0,0.625,0.7103174603174602,0.5656565656565657,No,0.7000000000000001,0.36888888888888893,0.7161290322580646,No
9,W0010,2018-09-26,Adelaide,0.389121338912134,0.2626262626262626,0.38732394366197187,0.4008810572687225,0.4928571428571429,WSW,0.9027777777777777,S,WSW,0.8703703703703703,0.6491228070175439,0.5679012345679011,0.9074074074074073,0.6066715415974961,0.38285714285714434,0.625,1.0,0.33730158730158727,0.3063973063973063,No,0.9,0.057777777777777775,0.3709677419354839,Yes
10,W0011,2016-03-26,Sydney,0.3765690376569038,0.44444444444444436,0.4225352112676056,0.3876651982378855,0.12857142857142856,NE,0.9444444444444444,NNE,ESE,0.2777777777777778,0.2807017543859649,0.6049382716049383,0.5555555555555555,0.10601719197707737,0.11714285714285921,0.875,0.875,0.42063492063492064,0.3905723905723905,No,0.5000000000000001,0.6822222222222223,0.43548387096774194,Yes
11,W0012,2018-03-27,Perth,0.3598326359832636,0.6632996632996633,0.352112676056338,0.5374449339207049,0.37142857142857144,NNE,0.125,NW,SE,0.37037037037037035,0.5438596491228069,0.09876543209876543,0.5740740740740741,0.6217765042979941,0.6157142857142865,0.375,0.625,0.484126984126984,0.5218855218855218,No,1.0,0.04444444444444444,0.29354838709677417,No
12,W0013,2022-07-29,Perth,0.46443514644351463,0.47474747474747464,0.4225352112676056,0.8854625550660793,0.6714285714285714,W,0.09722222222222221,N,WSW,0.12962962962962962,0.24561403508771928,0.5061728395061729,0.5833333333333333,0.8395415472779391,0.562857142857144,0.375,0.375,0.5079365079365079,0.38720538720538716,No,0.0,0.36888888888888893,0.41612903225806447,No
13,W0014,2022-09-12,Newcastle,0.2677824267782427,0.3905723905723905,0.4788732394366197,0.9251101321585904,0.4571428571428572,NNW,0.15277777777777776,S,NNE,0.0,0.2631578947368421,0.18518518518518517,0.5092592592592592,0.4383954154727796,0.7542857142857144,0.625,0.375,0.28968253968253965,0.3501683501683501,No,0.0,0.4444444444444445,0.25806451612903225,No
14,W0015,2021-02-24,Darwin,0.7154811715481173,0.9932659932659931,0.29577464788732394,0.7180616740088106,0.3214285714285714,WNW,0.611111111111111,W,WNW,0.3333333333333333,0.2807017543859649,0.765432098765432,0.6851851851851851,0.4527220630372497,0.2799999999999976,0.625,0.75,0.896825396825397,0.8484848484848484,Yes,0.7000000000000001,0.4822222222222223,0.47066035780893833,Yes
15,W0016,2020-10-28,Cairns,0.6569037656903767,0.8114478114478112,0.18309859154929578,0.6872246696035242,0.4571428571428572,NE,0.3472222222222222,NW,W,0.38888888888888884,0.47368421052631576,0.22222222222222215,0.2962962962962963,0.6066715415974961,0.5600000000000023,0.0,0.375,0.8650793650793651,0.734006734006734,No,1.0,0.9288888888888889,0.5516129032258065,No
16,W0017,2017-03-25,Darwin,0.7824267782426779,0.8417508417508415,0.18309859154929578,0.49779735682819387,0.6428571428571428,WSW,0.3472222222222222,SSE,WNW,0.18518518518518517,0.5614035087719298,0.22222222222222215,0.34259259259259256,0.4899713467048734,0.6571428571428584,0.5,0.25,0.7420634920634919,0.8181818181818181,No,0.7000000000000001,0.5733333333333334,0.6580645161290323,No
17,W0018,2019-07-30,Darwin,0.7196652719665273,0.7272727272727271,0.38028169014084506,0.6784140969162996,0.20714285714285713,SSW,0.40645604395604396,N,NW,0.5,0.3333333333333333,0.7407407407407407,0.6388888888888888,0.49856733524355334,0.02571428571428669,0.875,0.875,0.8055555555555556,0.67003367003367,Yes,0.20000000000000004,0.4133333333333334,0.567741935483871,Yes
18,W0019,2021-05-20,Sydney,0.48953974895397495,0.5207812531756193,0.4225352112676056,0.4405286343612335,0.41428571428571426,NE,0.736111111111111,NE,ESE,0.3333333333333333,0.2982456140350877,0.5925925925925926,0.6481481481481481,0.12034383954154748,0.4085714285714275,0.5,1.0,0.5079365079365079,0.43771043771043766,Yes,0.1,0.2733333333333334,0.5483870967741936,Yes
19,W0020,2016-02-13,Cairns,0.7656903765690377,0.6666666666666665,0.11267605633802816,0.38325991189427316,0.8999999999999999,W,0.4305555555555555,SW,NNW,0.35185185185185186,0.2631578947368421,0.07407407407407407,0.48148148148148145,0.9426934097421231,0.6157142857142865,0.5,0.25,0.8174603174603174,0.6026936026936025,Yes,0.0,0.6155555555555556,0.8483870967741935,No
20,W0021,2017-06-02,Cairns,0.7907949790794979,0.5622895622895623,0.5492957746478873,0.7400881057268722,0.9428571428571427,NE,0.4722222222222222,WNW,NNW,0.35185185185185186,0.22807017543859648,0.2839506172839506,0.6481481481481481,0.7965616045845287,0.8542857142857123,0.625,0.0,0.7619047619047619,0.5555555555555556,No,0.8,0.8977777777777778,0.6225806451612904,No
21,W0022,2022-06-17,Perth,0.594142259414226,0.5488215488215489,0.4225352112676056,0.709251101321586,0.5888157894736842,WNW,0.19444444444444442,SSE,WSW,0.3333333333333333,0.3508771929824561,0.5555555555555556,0.4629629629629629,0.7277936962750715,0.6657142857142837,0.375,0.125,0.5198412698412698,0.5757575757575757,Yes,1.0,0.6355555555555555,0.5612903225806452,No
22,W0023,2019-05-12,Townsville,0.8158995815899583,0.569023569023569,0.352112676056338,0.4273127753303965,0.2714285714285714,NW,0.8333333333333333,SSW,SE,0.3333333333333333,0.7017543859649122,0.6296296296296295,0.861111111111111,0.0028653295128968637,0.19142857142857395,1.0,0.5,0.75,0.5622895622895623,Yes,0.4,0.2088888888888889,0.8677419354838709,Yes
23,W0024,2022-04-01,Canberra,0.16736401673640172,0.33670033670033667,0.08450704225352113,0.8502202643171806,0.5714285714285714,NE,0.3333333333333333,W,S,0.2037037037037037,0.2807017543859649,0.5308641975308641,0.28703703703703703,0.7879656160458488,0.654285714285713,0.375,0.625,0.23412698412698407,0.30976430976430974,No,0.6000000000000001,0.19777777777777783,0.14838709677419357,No
24,W0025,2015-11-04,Cairns,0.7991631799163181,0.7845117845117844,0.352112676056338,0.7841409691629957,0.6285714285714284,NE,0.20833333333333331,SW,WSW,0.4444444444444444,0.21052631578947367,0.2839506172839506,0.4074074074074074,0.7965616045845287,0.937142857142856,0.5,0.625,0.7380952380952381,0.67003367003367,No,0.7000000000000001,0.7755555555555556,0.8967741935483872,No
25,W0026,2022-07-29,Sydney,0.2845188284518829,0.4983164983164983,0.16901408450704228,0.6563876651982379,0.5888157894736842,NE,0.2361111111111111,WSW,NW,0.2037037037037037,0.6140350877192982,0.1728395061728395,0.537037037037037,0.7621776504298019,0.6157142857142865,0.125,0.375,0.3769841269841269,0.4208754208754209,Yes,0.9,0.05111111111111109,0.47066035780893833,No
26,W0027,2015-03-20,Darwin,0.6903765690376571,0.8451178451178449,0.323943661971831,0.37885462555066085,0.5357142857142857,E,0.15277777777777776,NNE,ENE,0.2037037037037037,0.12280701754385964,0.43209876543209874,0.23148148148148145,0.6131805157593142,0.6999999999999993,0.625,0.375,0.9007936507936507,0.6868686868686869,No,0.20000000000000004,0.30000000000000004,0.5225806451612903,No
27,W0028,2020-11-01,Cairns,0.7698744769874477,0.6565656565656566,0.18309859154929578,0.7577092511013217,0.6499999999999999,E,0.4305555555555555,SSW,NE,0.37037037037037035,0.43859649122807015,0.08641975308641975,0.37037037037037035,0.7736389684813787,0.5685714285714276,0.25,0.0,0.7896825396825398,0.6666666666666667,No,0.30000000000000004,0.7044444444444445,0.6,No
28,W0029,2020-04-22,Wollongong,0.3096234309623431,0.34006734006734,0.16901408450704228,0.4405286343612335,0.11428571428571427,NW,0.986111111111111,SSE,ENE,0.8888888888888888,0.3684210526315789,0.4567901234567901,0.7222222222222222,0.1776504297994279,0.4400000000000013,0.5,0.625,0.30158730158730157,0.38047138047138046,Yes,1.0,0.013333333333333322,0.48064516129032253,Yes
29,W0030,2015-01-07,Perth,0.5648535564853558,0.6801346801346799,0.6901408450704225,0.37885462555066085,0.6428571428571428,ENE,0.125,NE,WNW,0.05555555555555555,0.3684210526315789,0.39506172839506176,0.6018518518518519,0.5243553008596002,0.8914285714285732,0.0,0.25,0.5515873015873016,0.6161616161616161,Yes,0.4,0.9111111111111112,0.49032258064516127,Yes
30,W0031,2019-08-25,Darwin,0.7196652719665273,0.6734006734006732,0.9436619718309859,0.8986784140969164,0.22142857142857142,E,0.40645604395604396,SSW,S,0.5555555555555556,0.40350877192982454,0.8641975308641974,0.787037037037037,0.045845272206307186,0.06571428571428584,0.625,0.75,0.7976190476190477,0.5723905723905724,Yes,0.30000000000000004,0.8377777777777778,0.5774193548387097,Yes
31,W0032,2018-11-11,Cairns,0.6694560669456069,0.8215488215488216,0.4507042253521127,0.5110132158590308,0.6928571428571427,WNW,0.16666666666666666,SE,NW,0.38888888888888884,0.5614035087719298,0.09876543209876543,0.4722222222222222,0.47851002865329306,0.8200000000000003,0.375,0.125,0.7738095238095237,0.6363636363636362,Yes,0.4,0.5333333333333333,0.5193548387096774,No
32,W0033,2018-05-25,Sydney,0.44769874476987453,0.5252525252525251,0.5070422535211268,0.7048458149779737,0.4214285714285715,SE,0.3611111111111111,W,SE,0.018518518518518517,0.40350877192982454,0.4691358024691357,0.5925925925925926,0.5587392550143271,0.5942857142857143,0.25,0.125,0.42063492063492064,0.4276094276094276,Yes,0.4,0.3488888888888889,0.35806451612903223,No
33,W0034,2017-12-07,Adelaide,0.3682008368200838,0.3265993265993266,0.2394366197183099,0.6872246696035242,0.5214285714285714,NE,0.125,S,S,0.5185185185185185,0.17543859649122806,0.1111111111111111,0.23148148148148145,0.8997134670487128,0.6514285714285712,0.375,0.25,0.3531746031746031,0.2693602693602693,No,0.1,0.42,0.5483870967741936,No
34,W0035,2019-07-12,Sydney,0.46443514644351463,0.5959595959595958,0.2394366197183099,0.748898678414097,0.9142857142857143,NE,0.15277777777777776,S,E,0.3333333333333333,0.5087719298245614,0.5432098765432098,0.6481481481481481,0.6066715415974961,0.5114285714285707,0.375,0.125,0.4126984126984126,0.643097643097643,No,0.6000000000000001,0.3311111111111111,0.6129032258064516,No
35,W0036,2016-11-17,Townsville,0.602510460251046,0.8383838383838385,0.5492957746478873,0.7004405286343612,0.9357142857142856,WSW,0.18055555555555555,NW,SE,0.12962962962962962,0.2631578947368421,0.24691358024691362,0.3055555555555555,0.6103151862464173,0.6742857142857162,0.125,0.375,0.5952380952380951,0.8585858585858586,No,0.8,0.9155555555555557,0.47066035780893833,No
36,W0037,2018-08-19,Wollongong,0.25941422594142266,0.6127946127946127,0.2112676056338028,0.8458149779735684,0.5888157894736842,NE,0.5416666666666666,WNW,NNE,0.31481481481481477,0.45614035087719296,0.012345679012345678,0.5092592592592592,0.6066715415974961,0.9971428571428618,0.125,0.625,0.2698412698412698,0.4713804713804714,No,0.7000000000000001,0.29777777777777775,0.3483870967741935,No
37,W0038,2019-04-07,Melbourne,0.15481171548117156,0.25252525252525254,0.4014084507042254,0.37004405286343617,0.23571428571428568,NNW,0.40645604395604396,NNE,W,0.3333333333333333,0.40350877192982454,0.8148148148148147,0.8888888888888888,0.33524355300859554,0.07142857142857295,0.625,0.5,0.2182539682539682,0.14478114478114473,No,0.8,0.5377777777777777,0.08709677419354839,Yes
38,W0039,2018-01-04,Canberra,0.06276150627615062,0.32323232323232315,0.323943661971831,0.5770925110132159,0.5928571428571427,SSW,0.3333333333333333,SSE,SSE,0.35185185185185186,0.14035087719298245,0.34567901234567905,0.20370370370370366,0.6066715415974961,0.774285714285714,0.0,0.625,0.2936507936507936,0.15488215488215484,No,0.7000000000000001,0.9333333333333333,0.47066035780893833,No
39,W0040,2022-08-16,Brisbane,0.6066945606694563,0.5589225589225588,0.2394366197183099,0.4757709251101322,0.7,NE,0.5416666666666666,WSW,SSE,0.2037037037037037,0.43859649122807015,0.3209876543209876,0.23148148148148145,0.6066715415974961,0.5971428571428561,0.125,0.625,0.5476190476190477,0.5555555555555556,No,0.6000000000000001,0.42444444444444446,0.6096774193548387,No
40,W0041,2022-08-24,Cairns,0.7866108786610879,0.7306397306397305,0.11267605633802816,0.39647577092511016,0.4357142857142856,NNW,0.5138888888888888,SE,ESE,0.14814814814814814,0.3508771929824561,0.4567901234567901,0.5462962962962963,0.6066715415974961,0.7485714285714309,0.125,0.625,0.8293650793650795,0.7441077441077442,No,0.8,0.7,0.567741935483871,No
41,W0042,2017-02-11,Perth,0.393305439330544,0.7239057239057238,0.2676056338028169,0.6607929515418502,0.5714285714285714,WSW,0.1388888888888889,SE,NNE,0.4629629629629629,0.6140350877192982,0.3333333333333333,0.5833333333333333,0.5014326647564502,0.43714285714285595,0.125,0.375,0.5634920634920635,0.48821548821548816,No,0.8,0.14666666666666667,0.27096774193548384,No
42,W0043,2021-02-10,Newcastle,0.5397489539748954,0.30976430976430974,0.4436619718309859,0.8986784140969164,0.3642857142857142,S,0.625,WSW,NNW,0.9444444444444444,1.0,0.38271604938271603,0.7407407407407407,0.4498567335243564,0.4457142857142884,0.5,0.625,0.4880952380952381,0.35353535353535354,Yes,0.6000000000000001,0.8577777777777778,0.664516129032258,Yes
43,W0044,2017-06-27,Darwin,0.7573221757322177,1.0,0.04225352112676057,0.9559471365638768,0.7785714285714286,NE,0.29166666666666663,SW,NW,0.12962962962962962,0.5964912280701754,0.024691358024691357,0.21296296296296297,0.8767908309455628,0.9771428571428586,0.375,0.625,0.876984126984127,0.7643097643097643,No,1.0,0.8488888888888889,0.8387096774193549,No
44,W0045,2021-11-26,Canberra,0.10460251046025104,0.34006734006734,0.3380281690140845,0.6607929515418502,0.5888157894736842,NNE,0.125,NE,E,0.4629629629629629,0.17543859649122806,0.3703703703703703,0.5185185185185185,0.9885386819484232,0.5514285714285698,0.0,0.25,0.08333333333333331,0.2693602693602693,No,0.6000000000000001,0.6977777777777777,0.17741935483870966,No
45,W0046,2022-06-15,Melbourne,0.32635983263598334,0.41750841750841744,0.3380281690140845,0.9515418502202644,0.47857142857142854,E,0.5694444444444444,S,N,0.37037037037037035,0.10526315789473684,0.30864197530864196,0.5092592592592592,0.6790830945558746,0.5028571428571453,0.625,0.625,0.32936507936507936,0.34680134680134683,No,0.4,0.8999999999999999,0.48709677419354835,No
46,W0047,2015-01-20,Townsville,0.7196652719665273,0.6026936026936027,0.352112676056338,0.9603524229074891,0.34285714285714286,NNE,0.6805555555555555,E,SSE,1.0,0.5614035087719298,0.8518518518518516,0.9537037037037036,0.07163323782235054,0.3028571428571425,1.0,0.75,0.7619047619047619,0.6228956228956228,No,0.4,0.49333333333333335,0.7838709677419355,Yes
47,W0048,2015-03-07,Newcastle,0.5355648535564854,0.5959595959595958,0.4436619718309859,0.775330396475771,0.17857142857142855,SSW,0.40645604395604396,S,WNW,0.8148148148148148,0.49122807017543857,0.7530864197530862,0.5833333333333333,0.2779369627507151,0.562857142857144,0.75,0.5,0.6666666666666667,0.6228956228956228,Yes,0.30000000000000004,0.5511111111111111,0.5483870967741936,Yes
48,W0049,2017-12-16,Townsville,0.8158995815899583,0.7003367003367003,0.16901408450704228,0.814977973568282,0.8642857142857142,SW,0.4861111111111111,ESE,S,0.18518518518518517,0.17543859649122806,0.0,0.611111111111111,0.544412607449857,0.5371428571428574,0.5,0.0,0.876984126984127,0.7441077441077442,No,0.9,0.7355555555555555,0.47066035780893833,No
49,W0050,2021-08-02,Wollongong,0.32635983263598334,0.4478114478114478,0.028169014084507046,0.48017621145374456,0.5857142857142856,S,0.4861111111111111,WSW,NNW,0.18518518518518517,0.17543859649122806,0.2839506172839506,0.3796296296296296,0.47851002865329306,0.4942857142857129,0.625,0.5,0.26587301587301587,0.3333333333333332,No,0.9,0.5422222222222222,0.26774193548387093,No
50,W0051,2017-01-07,Sydney,0.47698744769874485,0.47474747474747464,0.647887323943662,0.4889867841409692,0.9928571428571428,ESE,0.375,W,S,0.16666666666666666,0.43859649122807015,0.5308641975308641,0.25,0.5243553008596002,0.5571428571428569,0.375,0.0,0.5317460317460319,0.4646464646464647,No,0.6000000000000001,0.06888888888888887,0.43225806451612897,No
51,W0052,2019-09-03,Townsville,0.7238493723849373,0.808080808080808,0.352112676056338,0.6828193832599119,0.3571428571428571,S,0.625,SE,WNW,0.8333333333333333,0.40350877192982454,0.5802469135802468,0.9351851851851851,0.25214899713467176,0.4085714285714275,0.625,1.0,0.7738095238095237,0.7138047138047139,No,0.5000000000000001,0.27555555555555555,0.5290322580645161,Yes
52,W0053,2015-01-19,Newcastle,0.2468619246861925,0.36700336700336694,0.4436619718309859,0.8237885462555067,0.4714285714285714,W,0.5833333333333333,W,NE,0.7777777777777777,0.7894736842105263,0.5555555555555556,0.5648148148148148,0.4498567335243564,0.5685714285714276,1.0,0.625,0.2976190476190476,0.2323232323232322,No,0.6000000000000001,0.18888888888888888,0.41290322580645156,Yes
53,W0054,2017-01-29,Canberra,0.2635983263598327,0.26599326599326595,0.3380281690140845,0.6607929515418502,0.5714285714285714,SW,0.29166666666666663,NNE,SSE,0.05555555555555555,0.43859649122807015,0.09876543209876543,0.2685185185185185,0.8108882521489988,0.6085714285714268,0.5,0.625,0.27777777777777773,0.19528619528619523,No,0.20000000000000004,0.3844444444444445,0.39999999999999997,No
54,W0055,2018-12-10,Wollongong,0.3765690376569038,0.30976430976430974,0.352112676056338,0.40528634361233484,0.3999999999999999,SW,0.40645604395604396,N,S,0.5925925925925926,0.5789473684210527,0.4938271604938272,0.7777777777777777,0.5472779369627538,0.2857142857142847,0.5,0.75,0.38492063492063494,0.26599326599326595,Yes,0.6000000000000001,0.8288888888888888,0.4419354838709677,Yes
55,W0056,2017-03-15,Melbourne,0.3556485355648536,0.26599326599326595,0.5492957746478873,0.9911894273127755,0.4214285714285715,WNW,0.18055555555555555,SSE,S,0.5555555555555556,0.3333333333333333,0.037037037037037035,0.6481481481481481,0.6066715415974961,0.45428571428571374,0.375,0.625,0.3611111111111111,0.2929292929292929,No,0.8,0.9977777777777777,0.23548387096774193,No
56,W0057,2018-06-06,Adelaide,0.45606694560669464,0.4208754208754209,0.04225352112676057,0.42290748898678415,0.8928571428571428,SE,0.4722222222222222,NW,W,0.37037037037037035,0.5789473684210527,0.27160493827160487,0.3796296296296296,0.9398280802292298,0.9314285714285688,0.5,0.5,0.4801587301587302,0.3905723905723905,No,0.7000000000000001,0.12222222222222222,0.47066035780893833,No
57,W0058,2022-02-24,Cairns,0.7238493723849373,0.8316498316498315,0.12676056338028172,0.38325991189427316,0.5785714285714285,SW,0.2361111111111111,NNE,SSE,0.07407407407407407,0.3684210526315789,0.24691358024691362,0.25925925925925924,0.561604584527224,0.831428571428571,0.375,0.375,0.876984126984127,0.7272727272727273,Yes,0.5000000000000001,0.731111111111111,0.7000000000000001,No
58,W0059,2016-04-15,Melbourne,0.4142259414225942,0.3771043771043771,0.4507042253521127,0.709251101321586,0.8357142857142856,E,0.2638888888888889,WNW,WSW,0.25925925925925924,0.40350877192982454,0.4691358024691357,0.27777777777777773,0.8452722063037221,0.6285714285714299,0.25,0.375,0.47222222222222227,0.3198653198653198,No,0.1,0.10222222222222223,0.5645161290322581,No
59,W0060,2022-07-08,Perth,0.43096234309623443,0.39730639730639733,0.14084507042253522,0.5682819383259913,0.3999999999999999,ENE,0.5277777777777778,S,NW,0.38888888888888884,0.05263157894736842,0.1975308641975309,0.19444444444444442,0.6361031518624642,0.6157142857142865,0.625,0.625,0.4801587301587302,0.3771043771043771,Yes,0.8,0.17555555555555558,0.36129032258064514,No
60,W0061,2019-05-07,Brisbane,0.6150627615062763,0.5521885521885521,0.3380281690140845,0.8061674008810573,0.3999999999999999,NE,0.4305555555555555,S,N,0.018518518518518517,0.15789473684210525,0.12345679012345678,0.6481481481481481,0.4641833810888265,0.7342857142857149,0.0,0.625,0.5476190476190477,0.5791245791245792,No,0.8,0.3622222222222223,0.6258064516129033,No
61,W0062,2018-03-29,Darwin,0.7782426778242679,0.8484848484848484,0.7183098591549296,0.6475770925110133,0.11428571428571427,W,0.40645604395604396,WNW,NW,0.8518518518518519,0.7368421052631579,0.8024691358024691,0.6574074074074073,0.5100286532951301,0.12571428571428456,0.5,0.875,0.7619047619047619,0.7272727272727273,No,0.20000000000000004,0.3622222222222223,0.8419354838709677,Yes
62,W0063,2017-04-15,Sydney,0.27615062761506276,0.37373737373737365,0.36619718309859156,0.3524229074889868,0.7214285714285713,NW,0.4444444444444444,N,WSW,0.24074074074074073,0.10526315789473684,0.5308641975308641,0.37037037037037035,0.808022922636102,0.6828571428571415,0.625,0.25,0.3452380952380953,0.4141414141414141,No,0.20000000000000004,0.7266666666666667,0.1806451612903226,No
63,W0064,2018-08-22,Hobart,0.28033472803347287,0.3501683501683501,0.6197183098591549,0.6607929515418502,0.8928571428571428,ENE,0.15277777777777776,WSW,N,0.018518518518518517,0.15789473684210525,0.4938271604938272,0.5092592592592592,0.9799426934097433,0.5057142857142871,0.25,0.0,0.3888888888888889,0.36026936026936024,Yes,0.1,0.11111111111111112,0.4967741935483871,No
64,W0065,2016-05-10,Canberra,0.03765690376569039,0.1616161616161616,0.2394366197183099,0.762114537444934,0.3642857142857142,E,0.18055555555555555,WSW,E,0.38888888888888884,0.5087719298245614,0.1111111111111111,0.5925925925925926,0.7249283667621782,0.5371428571428574,0.625,0.5,0.08730158730158732,0.0572390572390572,No,0.20000000000000004,0.7933333333333333,0.26774193548387093,No
65,W0066,2016-12-15,Newcastle,0.4058577405857741,0.5387205387205387,0.2535211267605634,0.8237885462555067,0.8785714285714286,SSW,0.3333333333333333,E,E,0.2962962962962963,0.24561403508771928,0.5185185185185184,0.34259259259259256,0.5042979942693435,0.7485714285714309,0.625,0.5,0.46428571428571425,0.5757575757575757,No,0.5000000000000001,0.015555555555555559,0.5193548387096774,No
66,W0067,2017-04-30,Brisbane,0.5397489539748954,0.5084175084175082,0.14084507042253522,0.8634361233480177,0.7071428571428571,NW,0.2222222222222222,N,SE,0.2962962962962963,0.49122807017543857,0.0,0.4722222222222222,0.5042979942693435,0.6000000000000014,0.375,0.5,0.6190476190476191,0.4343434343434343,Yes,0.5000000000000001,0.16888888888888892,0.5451612903225806,No
67,W0068,2017-10-20,Hobart,0.07949790794979084,0.19865319865319858,0.9295774647887324,0.3656387665198238,0.35,SE,0.40645604395604396,SSW,WNW,0.4629629629629629,0.38596491228070173,0.4938271604938272,0.6944444444444444,0.5386819484240704,0.3771428571428572,1.0,1.0,0.14682539682539686,0.12794612794612786,No,0.9,0.5711111111111111,0.3161290322580645,Yes
68,W0069,2022-11-23,Townsville,0.7782426778242679,0.8888888888888888,0.22535211267605634,0.6255506607929515,0.5071428571428571,WSW,0.4444444444444444,ENE,S,0.5555555555555556,0.38596491228070173,0.1728395061728395,0.18518518518518517,0.8481375358166225,0.5057142857142871,0.0,0.0,0.9087301587301588,0.8922558922558921,No,0.8,0.42,0.8451612903225807,No
69,W0070,2021-04-10,Canberra,0.05020920502092052,0.29629629629629634,0.5492957746478873,0.5198237885462555,0.40714285714285714,NE,0.0,SW,WNW,0.37037037037037035,0.2982456140350877,0.14814814814814814,0.48148148148148145,0.7822349570200586,0.9628571428571462,0.125,0.375,0.2698412698412698,0.276094276094276,Yes,0.1,0.06666666666666667,0.13870967741935483,No
70,W0071,2022-01-08,Wollongong,0.31799163179916323,0.3771043771043771,0.6197183098591549,0.7797356828193833,0.8785714285714286,WNW,0.41666666666666663,SSW,S,0.037037037037037035,0.21052631578947367,0.39506172839506176,0.611111111111111,0.607449856733524,0.5514285714285698,0.0,0.125,0.3174603174603174,0.40067340067340057,No,0.20000000000000004,0.29333333333333333,0.264516129032258,No
71,W0072,2015-08-22,Townsville,0.8242677824267783,0.5993265993265993,0.14084507042253522,0.7180616740088106,0.9857142857142857,SW,0.5694444444444444,ESE,NW,0.24074074074074073,0.07017543859649122,0.419753086419753,0.39814814814814814,0.6066715415974961,0.6285714285714299,0.5,0.375,0.746031746031746,0.5925925925925926,No,0.9,0.29333333333333333,0.47066035780893833,No
72,W0073,2018-01-06,Melbourne,0.15481171548117156,0.34006734006734,0.2394366197183099,0.5726872246696035,0.5888157894736842,WNW,0.40277777777777773,SSW,S,0.35185185185185186,0.3333333333333333,0.3209876543209876,0.5925925925925926,0.607449856733524,0.7657142857142851,0.5,0.25,0.10714285714285715,0.202020202020202,Yes,0.6000000000000001,0.4822222222222223,0.21290322580645163,No
73,W0074,2017-05-19,Melbourne,0.2468619246861925,0.24242424242424238,0.18309859154929578,0.7797356828193833,0.9857142857142857,NE,0.1111111111111111,WNW,SE,0.42592592592592593,0.5087719298245614,0.34567901234567905,0.34259259259259256,0.7277936962750715,0.7799999999999976,0.5,0.375,0.32142857142857145,0.276094276094276,No,0.1,0.09555555555555557,0.45161290322580644,No
74,W0075,2015-05-30,Brisbane,0.5230125523012554,0.643097643097643,0.352112676056338,0.4669603524229075,0.4214285714285715,WNW,0.9166666666666666,W,NNE,0.7407407407407407,0.45614035087719296,0.5185185185185184,0.6388888888888888,0.4899713467048734,0.4285714285714306,0.75,1.0,0.6944444444444444,0.6498316498316499,Yes,1.0,0.37333333333333335,0.364516129032258,Yes
75,W0076,2018-06-29,Canberra,0.07531380753138078,0.20538720538720528,0.028169014084507046,0.5374449339207049,0.95,NE,0.5138888888888888,NE,N,0.14814814814814814,0.5614035087719298,0.037037037037037035,0.27777777777777773,0.6590257879656178,0.7314285714285731,0.0,0.375,0.15873015873015867,0.14814814814814808,No,0.0,0.30000000000000004,0.23870967741935484,No
76,W0077,2020-09-03,Sydney,0.30543933054393313,0.5555555555555556,0.4225352112676056,0.775330396475771,0.7928571428571427,S,0.38888888888888884,NE,WSW,0.2962962962962963,0.2982456140350877,0.06172839506172839,0.38888888888888884,0.5587392550143271,0.9657142857142844,0.125,0.375,0.40079365079365076,0.5993265993265993,Yes,0.6000000000000001,0.07777777777777777,0.41290322580645156,No
77,W0078,2018-05-15,Sydney,0.5230125523012554,0.31649831649831645,0.36619718309859156,0.9647577092511013,0.8785714285714286,E,0.5416666666666666,NE,NE,0.24074074074074073,0.45614035087719296,0.38271604938271603,0.2407407407407407,0.5272206303724936,0.6157142857142865,0.5,0.625,0.4682539682539682,0.3265993265993265,No,1.0,0.38222222222222224,0.5806451612903226,No
78,W0079,2016-03-11,Darwin,0.9163179916317994,0.7138047138047137,0.38028169014084506,0.9559471365638768,0.19999999999999998,SW,0.40645604395604396,NNW,W,0.7592592592592592,0.8245614035087718,0.4444444444444445,0.6203703703703703,0.6066715415974961,0.4200000000000017,0.625,1.0,0.8888888888888891,0.6868686868686869,Yes,0.1,0.06444444444444446,0.9870967741935484,Yes
79,W0080,2020-08-01,Sydney,0.27196652719665276,0.5858585858585859,0.2394366197183099,0.86784140969163,0.9714285714285713,W,0.0,NE,ESE,0.31481481481481477,0.19298245614035087,0.34567901234567905,0.5740740740740741,0.8997134670487128,0.6085714285714268,0.125,0.125,0.2182539682539682,0.6363636363636362,No,0.5000000000000001,0.38222222222222224,0.3387096774193548,No
80,W0081,2016-03-22,Hobart,0.27615062761506276,0.12794612794612792,0.5352112676056339,0.4008810572687225,0.5888157894736842,SW,0.3194444444444444,NW,NNE,0.38888888888888884,0.24561403508771928,0.38271604938271603,0.37037037037037035,0.7707736389684818,0.5971428571428561,0.375,0.375,0.24603174603174605,0.15488215488215484,No,0.0,0.5644444444444444,0.48709677419354835,No
81,W0082,2017-02-20,Adelaide,0.29288702928870297,0.3198653198653198,0.40845070422535207,0.7268722466960353,0.5888157894736842,N,0.5833333333333333,W,SE,0.24074074074074073,0.15789473684210525,0.48148148148148145,0.4907407407407407,0.6131805157593142,0.6857142857142868,0.25,0.125,0.34126984126984133,0.25252525252525254,No,0.1,0.3177777777777778,0.46451612903225803,No
82,W0083,2019-10-15,Brisbane,0.6945606694560671,0.7239057239057238,0.2676056338028169,0.5242290748898679,0.8857142857142857,WSW,0.3194444444444444,ENE,S,0.07407407407407407,0.5789473684210527,0.037037037037037035,0.38888888888888884,0.4670487106017198,0.48571428571428754,0.625,0.0,0.7301587301587302,0.7542087542087541,No,0.20000000000000004,0.9288888888888889,0.735483870967742,No
83,W0084,2015-02-25,Newcastle,0.5355648535564854,0.5454545454545454,0.43661971830985913,0.6784140969162996,0.7285714285714284,E,0.3472222222222222,ESE,WNW,0.05555555555555555,0.38596491228070173,0.06172839506172839,0.3518518518518518,0.4813753581661899,0.5342857142857156,0.5,0.0,0.5873015873015872,0.569023569023569,No,0.9,0.5222222222222221,0.603225806451613,No
84,W0085,2016-09-28,Brisbane,0.6192468619246863,0.45454545454545453,0.04225352112676057,0.9691629955947136,0.5285714285714286,S,0.2361111111111111,SSW,NW,0.05555555555555555,0.2631578947368421,0.5555555555555556,0.39814814814814814,0.8681948424068793,0.9485714285714302,0.125,0.5,0.5674603174603174,0.45117845117845107,Yes,0.5000000000000001,0.47555555555555556,0.47066035780893833,No
85,W0086,2017-06-02,Canberra,0.2217573221757323,0.4478114478114478,0.4225352112676056,0.814977973568282,0.5888157894736842,SE,0.5,N,SE,0.42592592592592593,0.3333333333333333,0.5802469135802468,0.6759259259259258,0.2578796561604584,0.4457142857142884,0.75,1.0,0.2857142857142857,0.34006734006734,Yes,0.4,0.3422222222222222,0.2548387096774193,Yes
86,W0087,2020-12-08,Sydney,0.3514644351464436,0.39730639730639733,0.5070422535211268,0.696035242290749,0.7785714285714286,ESE,0.5833333333333333,WNW,WNW,0.3333333333333333,0.47368421052631576,0.48148148148148145,0.28703703703703703,0.9169054441260727,0.6028571428571432,0.0,0.125,0.4166666666666666,0.3771043771043771,No,0.9,0.9466666666666668,0.47066035780893833,No
87,W0088,2019-04-20,Cairns,0.7698744769874477,0.8451178451178449,0.4788732394366197,0.748898678414097,0.41428571428571426,ENE,0.5,E,NNW,0.4444444444444444,0.3333333333333333,0.4074074074074074,0.4351851851851851,0.830945558739252,0.49142857142857466,0.125,0.375,0.8611111111111112,0.7138047138047139,No,1.0,0.03555555555555555,0.6161290322580645,No
88,W0089,2018-04-02,Adelaide,0.2887029288702929,0.606060606060606,0.5915492957746479,0.37885462555066085,0.4285714285714285,N,0.38888888888888884,WSW,E,0.38888888888888884,0.3157894736842105,0.037037037037037035,0.6296296296296295,0.455587392550143,0.9028571428571404,0.0,0.375,0.2420634920634921,0.5218855218855218,No,0.4,0.5866666666666666,0.3903225806451613,No
89,W0090,2020-08-30,Hobart,0.0585774058577406,0.4478114478114478,0.1971830985915493,0.5991189427312775,0.47857142857142854,SW,0.16666666666666666,N,W,0.537037037037037,0.0,0.04938271604938271,0.20370370370370366,1.0,0.7514285714285691,0.375,0.625,0.26587301587301587,0.2558922558922558,No,0.7000000000000001,0.4511111111111112,0.29999999999999993,No
90,W0091,2020-05-24,Canberra,0.2008368200836821,0.3265993265993266,0.43661971830985913,0.7444933920704846,0.9785714285714284,N,0.5,E,ENE,0.38888888888888884,0.43859649122807015,0.08641975308641975,0.37037037037037035,0.7679083094555885,0.4657142857142844,0.625,0.25,0.15873015873015867,0.3198653198653198,No,0.6000000000000001,0.031111111111111103,0.364516129032258,No
91,W0092,2016-12-14,Wollongong,0.3096234309623431,0.4141414141414142,0.6619718309859155,0.4273127753303965,0.7142857142857142,NW,0.4583333333333333,SSE,ESE,0.3333333333333333,0.38596491228070173,0.20987654320987653,0.5092592592592592,0.959885386819483,0.7685714285714269,0.5,0.125,0.28174603174603174,0.3636363636363636,Yes,0.20000000000000004,0.8733333333333333,0.5161290322580645,No
92,W0093,2016-01-19,Brisbane,0.5690376569037658,0.7104377104377102,0.04225352112676057,0.39207048458149785,0.5888157894736842,ENE,0.3472222222222222,NNE,SSW,0.37037037037037035,0.07017543859649122,0.22222222222222215,0.23148148148148145,0.6066715415974961,0.8399999999999999,0.125,0.625,0.7103174603174602,0.6902356902356903,No,0.1,0.13333333333333336,0.5645161290322581,No
93,W0094,2018-11-05,Canberra,0.20502092050209209,0.23569023569023567,0.676056338028169,0.39647577092511016,0.4642857142857143,NE,0.2361111111111111,SSE,NE,0.48148148148148145,0.3508771929824561,0.4444444444444445,0.3518518518518518,0.9914040114613201,0.7714285714285722,0.0,0.5,0.23412698412698407,0.2693602693602693,No,0.4,0.8066666666666666,0.39677419354838706,No
94,W0095,2019-10-05,Canberra,0.2635983263598327,0.29629629629629634,0.4225352112676056,0.40528634361233484,0.07857142857142857,N,1.0,NE,NE,0.8888888888888888,1.0,0.38271604938271603,0.7685185185185185,0.04297994269341032,0.020000000000003126,0.875,0.625,0.27777777777777773,0.2121212121212121,No,0.1,0.7733333333333332,0.17419354838709677,Yes
95,W0096,2020-10-16,Perth,0.48535564853556495,0.3905723905723905,0.6901408450704225,0.4008810572687225,0.5888157894736842,NW,0.18055555555555555,S,S,0.537037037037037,0.3157894736842105,0.27160493827160487,0.37037037037037035,0.4498567335243564,0.7485714285714309,0.625,0.25,0.4523809523809524,0.38047138047138046,No,0.9,0.7488888888888889,0.6451612903225806,No
96,W0097,2021-07-01,Melbourne,0.14225941422594146,0.49494949494949486,0.676056338028169,0.9251101321585904,0.6857142857142856,SSE,0.2222222222222222,NE,WNW,0.5555555555555556,0.14035087719298245,0.22222222222222215,0.6203703703703703,0.5014326647564502,0.7600000000000016,0.25,0.25,0.39285714285714285,0.3501683501683501,No,0.9,0.8177777777777777,0.17419354838709677,No
97,W0098,2021-04-14,Brisbane,0.48117154811715485,0.43097643097643096,0.4788732394366197,0.6916299559471366,0.8142857142857143,ENE,0.1111111111111111,E,E,0.3333333333333333,0.24561403508771928,0.24691358024691362,0.5555555555555555,0.8108882521489988,0.6157142857142865,0.125,0.0,0.5595238095238095,0.39730639730639733,No,0.7000000000000001,0.96,0.41290322580645156,No
98,W0099,2017-06-24,Darwin,0.8200836820083683,0.771043771043771,0.2535211267605634,0.9779735682819384,0.3571428571428571,W,0.5277777777777778,W,NW,0.0,0.2631578947368421,0.4691358024691357,0.6018518518518519,0.5214899713467034,0.6157142857142865,0.625,0.25,0.7658730158730158,0.6868686868686869,No,0.8,0.07555555555555556,0.8258064516129032,No
99,W0100,2020-08-27,Darwin,0.8953974895397492,0.8316498316498315,0.9859154929577466,0.9515418502202644,0.44285714285714284,NE,0.0,SE,ESE,0.8333333333333333,0.5438596491228069,0.765432098765432,0.8981481481481481,0.455587392550143,0.4200000000000017,1.0,1.0,0.9285714285714286,0.8552188552188553,Yes,0.5000000000000001,0.2888888888888889,0.47066035780893833,Yes
100,W0101,2022-07-21,Darwin,0.8410041841004186,0.8922558922558921,0.40845070422535207,0.6211453744493393,0.8714285714285713,SSW,0.5277777777777778,W,S,0.5185185185185185,0.17543859649122806,0.16049382716049382,0.3796296296296296,0.6590257879656178,0.6157142857142865,0.25,0.625,0.8214285714285714,0.7912457912457911,No,0.5000000000000001,0.12666666666666665,0.7032258064516129,No
101,W0102,2018-03-11,Darwin,0.7531380753138077,0.7912457912457911,0.4788732394366197,0.9823788546255507,0.9642857142857142,S,0.4305555555555555,N,W,0.14814814814814814,0.2982456140350877,0.5185185185185184,0.20370370370370366,0.8166189111747855,0.5571428571428569,0.375,0.5,0.7619047619047619,0.808080808080808,No,0.4,0.5355555555555556,0.7387096774193548,No
102,W0103,2016-10-15,Canberra,0.2217573221757323,0.5207812531756193,0.08450704225352113,0.4581497797356828,0.7928571428571427,SSE,0.4861111111111111,SE,ESE,0.31481481481481477,0.3508771929824561,0.18518518518518517,0.27777777777777773,0.4527220630372497,0.5771428571428601,0.5,0.25,0.2103174603174603,0.2188552188552188,Yes,0.30000000000000004,0.6222222222222222,0.17096774193548386,No
103,W0104,2015-02-27,Newcastle,0.43933054393305443,0.5555555555555556,0.22535211267605634,0.73568281938326,0.4285714285714285,WNW,0.4861111111111111,S,WNW,0.018518518518518517,0.2631578947368421,0.4074074074074074,0.21296296296296297,0.5873925501432673,0.8514285714285705,0.125,0.375,0.45634920634920634,0.5589225589225588,No,0.7000000000000001,0.9177777777777778,0.48709677419354835,No
104,W0105,2015-05-20,Sydney,0.5062761506276152,0.4646464646464647,0.5633802816901409,0.6607929515418502,0.7428571428571428,NNE,0.25,NNW,WNW,0.3333333333333333,0.5087719298245614,0.04938271604938271,0.21296296296296297,0.9111747851002896,0.9685714285714333,0.125,0.375,0.44841269841269843,0.4915824915824915,No,1.0,0.6311111111111111,0.5935483870967742,No
105,W0106,2021-04-28,Newcastle,0.3096234309623431,0.4713804713804714,0.4436619718309859,0.7312775330396477,0.07857142857142857,SSW,0.40645604395604396,S,NNE,1.0,0.6140350877192982,0.9135802469135801,0.9259259259259258,0.41260744985673625,0.4114285714285728,0.625,0.875,0.33730158730158727,0.38720538720538716,Yes,0.4,0.44888888888888895,0.5225806451612903,Yes
106,W0107,2022-06-07,Adelaide,0.393305439330544,0.5207812531756193,0.16901408450704228,0.5638766519823789,0.6357142857142857,SSW,0.18055555555555555,W,ESE,0.14814814814814814,0.3684210526315789,0.4691358024691357,0.0,0.5014326647564502,0.8428571428571416,0.625,0.0,0.36507936507936506,0.44444444444444436,No,1.0,0.1955555555555556,0.5774193548387097,No
107,W0108,2019-01-23,Wollongong,0.29707112970711297,0.4713804713804714,0.43661971830985913,0.5154185022026432,0.5214285714285714,E,0.40645604395604396,WSW,E,0.48148148148148145,0.3508771929824561,0.5555555555555556,0.4629629629629629,0.5730659025787972,0.4942857142857129,0.375,0.375,0.36507936507936506,0.4646464646464647,No,0.9,0.29333333333333333,0.2161290322580645,No
108,W0109,2017-06-20,Sydney,0.5104602510460252,0.5521885521885521,0.07042253521126762,0.4537444933920705,0.5888157894736842,SW,0.16666666666666666,E,N,0.31481481481481477,0.17543859649122806,0.419753086419753,0.2407407407407407,0.42979942693409967,0.5371428571428574,0.25,0.375,0.496031746031746,0.4848484848484848,No,0.20000000000000004,0.5888888888888889,0.6741935483870968,No
109,W0110,2020-04-06,Cairns,0.8577405857740588,0.5791245791245792,0.3943661971830986,0.4405286343612335,0.4357142857142856,47,0.40645604395604396,E,SE,0.35185185185185186,0.6140350877192982,0.8271604938271604,0.6481481481481481,0.6066715415974961,0.04285714285714448,1.0,0.5,0.7817460317460316,0.5824915824915824,No,0.1,0.38222222222222224,0.8935483870967742,Yes
110,W0111,2015-10-23,Cairns,0.6192468619246863,0.6262626262626261,0.6197183098591549,0.7136563876651982,0.6428571428571428,WSW,0.09722222222222221,ESE,SSE,0.3333333333333333,0.19298245614035087,1.0,0.45370370370370366,0.6017191977077374,0.654285714285713,0.25,0.125,0.6111111111111112,0.5218855218855218,Yes,0.9,0.08888888888888889,0.7258064516129032,No
111,W0112,2018-08-12,Canberra,0.25941422594142266,0.3333333333333333,0.6056338028169015,0.5770925110132159,0.4642857142857143,W,0.15277777777777776,ESE,SSE,0.38888888888888884,0.2982456140350877,0.43209876543209874,0.37037037037037035,0.6332378223495709,0.6400000000000006,0.0,0.5,0.35714285714285704,0.2255892255892255,Yes,0.8,0.3355555555555556,0.47066035780893833,No
112,W0113,2020-08-12,Townsville,0.6903765690376571,0.835016835016835,0.352112676056338,0.8458149779735684,0.3142857142857143,SW,0.5555555555555556,NE,E,0.6296296296296295,0.45614035087719296,0.6049382716049383,0.6296296296296295,0.4212034383954162,0.22000000000000242,0.625,0.625,0.8809523809523809,0.8417508417508417,No,0.1,0.9333333333333333,0.7290322580645161,Yes
113,W0114,2015-10-21,Sydney,0.5355648535564854,0.32996632996632996,0.49295774647887325,0.40969162995594716,0.41428571428571426,W,0.4861111111111111,E,SE,0.8333333333333333,0.7894736842105263,0.5061728395061729,0.8888888888888888,0.4355300859598863,0.44285714285714306,0.375,0.375,0.49206349206349215,0.36700336700336694,No,0.6000000000000001,0.17555555555555558,0.5774193548387097,Yes
114,W0115,2021-08-10,Perth,0.589958158995816,0.3703703703703704,0.352112676056338,0.5462555066079295,0.37142857142857144,WSW,0.2777777777777778,WSW,ESE,0.1111111111111111,0.22807017543859648,0.48148148148148145,0.5185185185185185,0.6066715415974961,0.48571428571428754,0.5,0.625,0.5357142857142856,0.3771043771043771,No,0.6000000000000001,0.5266666666666666,0.6612903225806452,No
115,W0116,2022-08-28,Darwin,0.866108786610879,0.771043771043771,0.09859154929577466,0.4669603524229075,0.44999999999999996,E,0.16666666666666666,NW,ENE,0.2037037037037037,0.5438596491228069,0.20987654320987653,0.49999999999999994,0.49570200573066003,0.6157142857142865,0.25,0.5,0.8531746031746033,0.7609427609427608,Yes,0.9,0.6044444444444445,0.7806451612903226,No
116,W0117,2016-05-24,Wollongong,0.5188284518828452,0.3905723905723905,0.352112676056338,0.8061674008810573,0.15,SW,0.9722222222222222,ENE,ESE,0.6851851851851851,0.9824561403508771,0.5679012345679011,0.8333333333333333,0.0028653295128968637,0.134285714285717,0.625,0.875,0.4801587301587302,0.3905723905723905,Yes,0.8,0.1955555555555556,0.37741935483870964,Yes
117,W0118,2021-06-14,Canberra,0.15481171548117156,0.5207812531756193,0.4225352112676056,0.8458149779735684,0.41428571428571426,SW,0.25,NNE,NE,0.35185185185185186,0.5789473684210527,0.38271604938271603,0.5925925925925926,0.4641833810888265,0.7057142857142864,0.375,0.125,0.2182539682539682,0.23905723905723902,No,0.6000000000000001,0.3355555555555556,0.3387096774193548,No
118,W0119,2019-05-12,Cairns,0.6066945606694563,0.8249158249158246,0.5211267605633803,0.5022026431718062,0.37142857142857144,NE,0.29166666666666663,SE,SSW,0.09259259259259259,0.2982456140350877,0.5185185185185184,0.48148148148148145,0.687679083094558,0.6514285714285712,0.5,0.125,0.7896825396825398,0.8417508417508417,No,0.4,0.5599999999999999,0.46774193548387094,No
119,W0120,2022-09-01,Canberra,0.29288702928870297,0.37373737373737365,0.028169014084507046,0.9515418502202644,0.5888157894736842,SE,0.38888888888888884,ENE,ESE,0.5555555555555556,0.6140350877192982,0.06172839506172839,0.5277777777777778,0.4899713467048734,0.6157142857142865,0.375,0.0,0.28968253968253965,0.4208754208754209,No,0.4,0.5711111111111111,0.36129032258064514,No
120,W0121,2016-10-24,Newcastle,0.5062761506276152,0.36700336700336694,0.4507042253521127,0.4405286343612335,0.8428571428571429,N,0.2222222222222222,E,S,0.12962962962962962,0.40350877192982454,0.06172839506172839,0.6388888888888888,0.8567335243553025,0.725714285714286,0.625,0.375,0.484126984126984,0.36700336700336694,No,0.6000000000000001,0.68,0.6193548387096774,No
121,W0122,2019-04-25,Perth,0.43933054393305443,0.6195286195286194,0.5211267605633803,0.6519823788546255,0.8571428571428571,NE,0.611111111111111,NNE,W,0.2777777777777778,0.45614035087719296,0.419753086419753,0.5833333333333333,0.6332378223495709,0.7228571428571406,0.5,0.25,0.6190476190476191,0.5521885521885521,Yes,0.30000000000000004,0.47555555555555556,0.47096774193548385,No
122,W0123,2019-10-18,Darwin,0.7196652719665273,0.9225589225589226,0.2816901408450704,0.643171806167401,0.8357142857142856,ESE,0.40277777777777773,SSW,E,0.4074074074074074,0.5789473684210527,0.39506172839506176,0.5833333333333333,0.8166189111747855,0.4457142857142884,0.625,0.25,0.7222222222222221,0.7542087542087541,No,0.5000000000000001,0.6244444444444445,0.8032258064516129,No
123,W0124,2021-06-26,Townsville,0.8200836820083683,0.5824915824915824,0.3380281690140845,0.6255506607929515,0.0,W,0.4722222222222222,W,NW,0.07407407407407407,0.40350877192982454,0.024691358024691357,0.3796296296296296,0.7793696275071618,0.9114285714285728,0.625,0.5,0.7579365079365079,0.5723905723905724,No,1.0,0.35111111111111115,0.47066035780893833,No
124,W0125,2016-01-07,Townsville,0.6610878661087867,0.707070707070707,0.18309859154929578,0.9118942731277533,0.3857142857142857,SW,0.18055555555555555,WSW,NW,0.2777777777777778,0.24561403508771928,0.0,0.6018518518518519,0.5042979942693435,0.47714285714285865,0.5,0.625,0.6666666666666667,0.6666666666666667,No,0.6000000000000001,0.07777777777777777,0.7645161290322581,No
125,W0126,2022-11-04,Darwin,0.7866108786610879,0.7171717171717171,0.4507042253521127,0.8061674008810573,0.37142857142857144,WNW,0.5138888888888888,N,W,0.14814814814814814,0.5964912280701754,0.4444444444444445,0.6203703703703703,0.9226361031518628,0.5200000000000031,0.375,0.25,0.8611111111111112,0.7575757575757576,No,0.1,0.9488888888888889,0.603225806451613,No
126,W0127,2017-09-20,Newcastle,0.5104602510460252,0.40067340067340057,0.6901408450704225,0.5242290748898679,0.5214285714285714,NE,0.25,SE,WSW,0.37037037037037035,0.5614035087719298,0.22222222222222215,0.45370370370370366,0.6066715415974961,0.6157142857142865,0.625,0.625,0.5,0.36026936026936024,Yes,0.4,0.3955555555555556,0.38064516129032255,No
127,W0128,2022-11-12,Cairns,0.7071129707112971,0.6734006734006732,0.323943661971831,0.4845814977973568,0.9642857142857142,W,0.4305555555555555,ESE,NNW,0.5185185185185185,0.40350877192982454,0.3333333333333333,0.5185185185185185,0.6189111747851044,0.6157142857142865,0.375,0.0,0.6547619047619047,0.632996632996633,No,0.4,0.14666666666666667,0.7161290322580646,No
128,W0129,2018-02-27,Adelaide,0.45188284518828464,0.4915824915824915,0.352112676056338,0.7312775330396477,0.8428571428571429,ENE,0.5416666666666666,SE,SW,0.14814814814814814,0.5087719298245614,0.07407407407407407,0.4907407407407407,0.6066715415974961,0.6400000000000006,0.125,0.125,0.4761904761904761,0.40404040404040403,No,1.0,0.22444444444444445,0.48709677419354835,No
129,W0130,2017-12-26,Cairns,0.8577405857740588,0.5925925925925926,0.7042253521126761,0.4273127753303965,0.5499999999999999,SE,0.3055555555555555,NW,ENE,0.5185185185185185,0.19298245614035087,0.25925925925925924,0.5925925925925926,0.6361031518624642,0.6999999999999993,0.375,0.375,0.8095238095238095,0.6397306397306397,No,0.0,0.7733333333333332,0.7580645161290323,No
130,W0131,2019-08-02,Adelaide,0.3012552301255231,0.6262626262626261,0.29577464788732394,0.748898678414097,0.6,NE,0.4444444444444444,SSW,ENE,0.14814814814814814,0.43859649122807015,0.06172839506172839,0.3333333333333333,0.9570200573065932,0.6257142857142846,0.0,0.625,0.5912698412698414,0.6565656565656566,No,0.0,0.9044444444444446,0.47066035780893833,No
131,W0132,2019-12-23,Brisbane,0.48953974895397495,0.7676767676767675,0.2816901408450704,0.6035242290748899,0.7785714285714286,SSE,0.2638888888888889,NNE,E,0.1111111111111111,0.45614035087719296,0.30864197530864196,0.4259259259259259,0.5730659025787972,0.6171428571428592,0.375,0.375,0.6547619047619047,0.6161616161616161,No,1.0,0.5955555555555555,0.4967741935483871,No
132,W0133,2022-08-25,Hobart,0.0669456066945607,0.1818181818181817,0.49295774647887325,0.8546255506607929,0.8785714285714286,N,0.5416666666666666,SSE,WNW,0.3333333333333333,0.17543859649122806,0.39506172839506176,0.4907407407407407,0.6991404011461313,0.43714285714285595,0.0,0.0,0.19047619047619047,0.2053872053872054,Yes,0.30000000000000004,0.02444444444444442,0.47066035780893833,No
133,W0134,2016-08-12,Darwin,0.866108786610879,0.7676767676767675,0.38028169014084506,0.9427312775330396,0.3071428571428571,NE,0.5138888888888888,NW,S,0.3333333333333333,0.9824561403508771,0.5679012345679011,0.6388888888888888,0.06876790830945723,0.08571428571428541,1.0,0.625,0.8849206349206349,0.797979797979798,Yes,0.6000000000000001,0.7466666666666667,0.6548387096774194,Yes
134,W0135,2018-02-24,Newcastle,0.46025104602510464,0.4646464646464647,0.4436619718309859,0.3744493392070485,0.19999999999999998,NE,0.8472222222222222,SE,NE,0.6666666666666666,0.3684210526315789,0.654320987654321,0.8703703703703703,0.5128939828080235,0.5542857142857152,0.625,0.875,0.503968253968254,0.45454545454545453,Yes,0.7000000000000001,0.7844444444444444,0.3419354838709677,Yes
135,W0136,2021-04-03,Canberra,0.18828451882845193,0.24915824915824908,0.40845070422535207,0.8854625550660793,0.7642857142857141,S,0.09722222222222221,WSW,NNW,0.0,0.12280701754385964,0.14814814814814814,0.6388888888888888,0.7449856733524385,0.8371428571428545,0.625,0.375,0.18253968253968256,0.1515151515151515,No,0.20000000000000004,0.78,0.18387096774193548,No
136,W0137,2019-11-28,Wollongong,0.29288702928870297,0.5824915824915824,0.36619718309859156,0.8502202643171806,0.8142857142857143,NE,0.4722222222222222,SE,W,0.38888888888888884,0.5789473684210527,0.38271604938271603,0.4444444444444444,0.6618911174785111,0.9542857142857173,0.25,0.375,0.25,0.5757575757575757,No,1.0,0.6866666666666666,0.27741935483870966,No
137,W0138,2021-01-19,Newcastle,0.46861924686192474,0.3131313131313131,0.2394366197183099,0.9339207048458151,0.4285714285714285,N,0.2222222222222222,WNW,SSE,0.35185185185185186,0.49122807017543857,0.5185185185185184,0.2222222222222222,0.9942693409742134,0.9200000000000017,0.25,0.125,0.47222222222222227,0.3501683501683501,Yes,0.20000000000000004,0.20222222222222225,0.43225806451612897,No
138,W0139,2019-01-22,Townsville,0.6108786610878663,0.7912457912457911,0.014084507042253523,0.43171806167400884,0.9642857142857142,NE,0.2222222222222222,ENE,SSW,0.3333333333333333,0.10526315789473684,0.1728395061728395,0.32407407407407407,0.6066715415974961,0.6171428571428592,0.0,0.0,0.6388888888888888,0.7239057239057238,Yes,1.0,0.7955555555555555,0.7161290322580646,No
139,W0140,2020-08-07,Cairns,0.7907949790794979,0.6464646464646464,0.46478873239436624,0.37004405286343617,0.6785714285714285,N,0.20833333333333331,SW,NW,0.0,0.3508771929824561,0.3333333333333333,0.611111111111111,0.696275071633238,0.9057142857142857,0.25,0.625,0.7301587301587302,0.6835016835016834,No,0.20000000000000004,0.7488888888888889,0.6580645161290323,No
140,W0141,2020-04-26,Canberra,0.21338912133891214,0.3265993265993266,0.4225352112676056,0.7665198237885462,0.47857142857142854,NW,0.861111111111111,WSW,ENE,0.537037037037037,0.43859649122807015,0.8148148148148147,0.861111111111111,0.5644699140401137,0.08285714285714363,0.625,0.5,0.23412698412698407,0.2929292929292929,Yes,0.7000000000000001,0.7266666666666667,0.3903225806451613,Yes
141,W0142,2016-07-28,Melbourne,0.2217573221757323,0.3198653198653198,0.1971830985915493,0.748898678414097,0.7499999999999999,NE,0.2361111111111111,ENE,NNE,0.07407407407407407,0.08771929824561403,0.5185185185185184,0.25925925925925924,0.455587392550143,0.5771428571428601,0.25,0.25,0.2182539682539682,0.22222222222222215,No,0.7000000000000001,0.23777777777777775,0.47066035780893833,No
142,W0143,11/11/2017,Wollongong,0.44769874476987453,0.5207812531756193,0.6056338028169015,0.801762114537445,0.9285714285714285,SE,0.38888888888888884,ESE,W,0.12962962962962962,0.22807017543859648,0.29629629629629634,0.611111111111111,0.6103151862464173,0.8399999999999999,0.625,0.125,0.42063492063492064,0.5993265993265993,No,0.6000000000000001,0.5444444444444444,0.5580645161290323,No
143,W0144,2020-05-26,Sydney,0.5271966527196654,0.29629629629629634,0.4507042253521127,0.3656387665198238,0.8071428571428572,SSW,0.5138888888888888,SSE,WSW,0.2962962962962963,0.40350877192982454,0.3333333333333333,0.5648148148148148,0.6618911174785111,0.6714285714285708,0.625,0.5,0.49206349206349215,0.3131313131313131,No,0.8,0.3355555555555556,0.47096774193548385,No
144,W0145,2016-08-20,Townsville,0.6694560669456069,0.7845117845117844,0.323943661971831,0.5682819383259913,0.7499999999999999,SSE,0.1111111111111111,WNW,W,0.4074074074074074,0.40350877192982454,0.39506172839506176,0.5185185185185185,0.7879656160458488,0.4314285714285724,0.375,0.25,0.5992063492063493,0.7811447811447811,Yes,0.8,0.9777777777777779,0.5483870967741936,No
145,W0146,2019-08-14,Perth,0.47280334728033485,0.5151515151515151,0.4507042253521127,0.37885462555066085,0.5888157894736842,SE,0.2361111111111111,E,WNW,0.018518518518518517,0.24561403508771928,0.43209876543209874,0.6388888888888888,0.7392550143266483,0.9285714285714306,0.375,0.0,0.5952380952380951,0.4343434343434343,Yes,0.8,0.04666666666666665,0.4032258064516129,No
146,W0147,2021-02-07,Wollongong,0.3305439330543934,0.6363636363636362,0.352112676056338,0.6563876651982379,0.5888157894736842,SSW,0.40645604395604396,ENE,WSW,0.611111111111111,0.49122807017543857,0.7530864197530862,0.8148148148148148,0.3553008595988558,0.3771428571428572,1.0,0.625,0.28174603174603174,0.6767676767676767,Yes,0.5000000000000001,0.9622222222222221,0.36129032258064514,Yes
147,W0148,2019-03-21,Perth,0.3723849372384938,0.49494949494949486,0.352112676056338,0.4361233480176212,0.6214285714285713,ESE,0.4722222222222222,NE,NE,0.16666666666666666,0.45614035087719296,0.024691358024691357,0.49999999999999994,0.6017191977077374,0.6771428571428579,0.375,0.125,0.503968253968254,0.45791245791245777,No,0.7000000000000001,0.3888888888888889,0.37419354838709673,No
148,W0149,2022-02-28,Wollongong,0.4142259414225942,0.48148148148148145,0.352112676056338,0.5638766519823789,0.3071428571428571,WSW,0.40645604395604396,E,NNW,0.37037037037037035,0.45614035087719296,0.728395061728395,0.5833333333333333,0.5071633237822333,0.274285714285714,0.875,0.875,0.4682539682539682,0.5117845117845117,No,0.30000000000000004,0.94,0.47066035780893833,No
149,W0150,2018-04-25,Townsville,0.8117154811715481,0.8821548821548821,0.7183098591549296,0.9339207048458151,0.8857142857142857,SW,0.625,ESE,SSE,0.0,0.2631578947368421,0.0,0.28703703703703703,0.9512893982808031,0.8657142857142865,0.25,0.375,0.9087301587301588,0.9191919191919193,No,0.1,0.5755555555555555,0.6516129032258065,No
150,W0151,2018-12-23,Hobart,0.11297071129707115,0.1077441077441077,0.8450704225352114,0.7312775330396477,0.44999999999999996,SSW,0.40645604395604396,SW,SE,0.3333333333333333,0.6491228070175439,0.8765432098765431,0.75,0.6066715415974961,0.45428571428571374,0.875,0.625,0.10317460317460314,0.13131313131313122,Yes,0.4,0.8066666666666666,0.14193548387096774,Yes
151,W0152,2015-04-21,Cairns,0.6150627615062763,0.8787878787878787,0.6901408450704225,0.7268722466960353,0.6428571428571428,SE,0.625,NNW,SSE,0.07407407407407407,0.19298245614035087,0.25925925925925924,0.45370370370370366,0.7478510028653318,0.4342857142857177,0.5,0.375,0.8333333333333333,0.8686868686868687,No,0.9,0.22000000000000003,0.6774193548387097,No
152,W0153,2020-02-26,Hobart,0.2259414225941423,0.1548821548821549,0.323943661971831,0.5330396475770925,0.6,NW,0.611111111111111,SW,ENE,0.16666666666666666,0.3157894736842105,0.39506172839506176,0.4444444444444444,0.8510028653295123,0.6371428571428552,0.625,0.0,0.18253968253968256,0.12457912457912451,No,0.7000000000000001,0.5488888888888889,0.42903225806451606,No
153,W0154,2020-11-15,Newcastle,0.28033472803347287,0.41077441077441074,0.08450704225352113,0.3524229074889868,0.8357142857142856,NE,0.2777777777777778,NNE,W,0.5555555555555556,0.07017543859649122,0.1111111111111111,0.5185185185185185,0.5415472779369637,0.9942857142857129,0.25,0.625,0.2857142857142857,0.31649831649831645,No,1.0,0.22666666666666668,0.22258064516129034,No
154,W0155,2017-11-11,Perth,0.46443514644351463,0.3636363636363636,0.12676056338028172,0.4008810572687225,0.6,E,0.09722222222222221,SE,SE,0.3333333333333333,0.10526315789473684,0.3209876543209876,0.25,0.49856733524355334,0.5799999999999983,0.5,0.625,0.4325396825396826,0.40067340067340057,No,0.6000000000000001,0.6022222222222222,0.42903225806451606,No
155,W0156,2022-04-21,Brisbane,0.5230125523012554,0.5151515151515151,0.2816901408450704,0.6519823788546255,0.6499999999999999,ENE,0.125,ENE,NW,0.24074074074074073,0.21052631578947367,0.38271604938271603,0.2407407407407407,0.9140401146131829,0.6157142857142865,0.25,0.25,0.503968253968254,0.46127946127946123,No,0.4,0.851111111111111,0.5806451612903226,No
156,W0157,2019-12-23,Canberra,0.10041841004184104,0.18518518518518517,0.4225352112676056,0.7004405286343612,0.17142857142857143,NE,0.40645604395604396,ESE,ENE,0.4444444444444444,0.9824561403508771,0.6666666666666665,0.5555555555555555,0.08595988538682064,0.1114285714285721,0.875,0.875,0.2182539682539682,0.23569023569023567,Yes,0.7000000000000001,0.7377777777777779,0.24838709677419354,Yes
157,W0158,2022-06-25,Hobart,0.16736401673640172,0.3569023569023568,0.36619718309859156,0.6035242290748899,0.5888157894736842,ENE,0.5,NNE,ENE,0.09259259259259259,0.12280701754385964,0.35802469135802467,0.25925925925925924,0.959885386819483,0.9085714285714275,0.375,0.0,0.25,0.38720538720538716,No,1.0,0.2088888888888889,0.24516129032258063,No
158,W0159,2020-12-06,Perth,0.6066945606694563,0.632996632996633,0.6338028169014085,0.8898678414096917,0.9142857142857143,N,0.3055555555555555,W,ENE,0.1111111111111111,0.3684210526315789,0.39506172839506176,0.48148148148148145,0.5959885386819472,0.7971428571428554,0.5,0.375,0.5793650793650793,0.5387205387205387,No,0.5000000000000001,0.21111111111111114,0.4774193548387096,No
159,W0160,2020-10-16,Brisbane,0.45606694560669464,0.734006734006734,0.352112676056338,0.6740088105726872,0.09285714285714285,NE,0.736111111111111,NNW,E,0.48148148148148145,0.7192982456140351,0.6419753086419753,0.824074074074074,0.5644699140401137,0.02857142857142847,0.625,1.0,0.6785714285714286,0.7205387205387206,Yes,0.1,0.4222222222222222,0.3161290322580645,Yes
160,W0161,2021-01-29,Darwin,0.8200836820083683,0.9696969696969697,0.1971830985915493,0.4713656387665198,0.8428571428571429,NW,0.375,S,ENE,0.07407407407407407,0.2982456140350877,0.18518518518518517,0.23148148148148145,0.9169054441260727,0.9971428571428618,0.0,0.25,0.9642857142857142,1.0,No,0.30000000000000004,0.09333333333333331,0.7032258064516129,No
161,W0162,2021-03-18,Sydney,0.5146443514644352,0.3333333333333333,0.04225352112676057,0.5286343612334802,0.6857142857142856,SSW,0.4305555555555555,ENE,SE,0.31481481481481477,0.21052631578947367,0.4938271604938272,0.31481481481481477,0.8595988538681922,0.9114285714285728,0.375,0.5,0.4880952380952381,0.38047138047138046,No,0.6000000000000001,0.2466666666666667,0.35806451612903223,No
162,W0163,2016-12-25,Brisbane,0.5230125523012554,0.7474747474747474,0.352112676056338,0.5947136563876652,0.6499999999999999,NW,0.1388888888888889,NW,NNW,0.18518518518518517,0.5964912280701754,0.22222222222222215,0.39814814814814814,0.4355300859598863,0.7028571428571446,0.625,0.0,0.6388888888888888,0.7676767676767677,No,0.30000000000000004,0.9622222222222221,0.43225806451612897,No
163,W0164,2019-12-13,Melbourne,0.46025104602510464,0.6599326599326598,0.5633802816901409,0.6607929515418502,0.06428571428571428,SW,0.40645604395604396,SW,N,0.6666666666666666,0.7719298245614035,0.765432098765432,0.6851851851851851,0.6066715415974961,0.2685714285714269,0.875,0.75,0.42063492063492064,0.5117845117845117,No,0.4,0.8333333333333334,0.5064516129032258,Yes
164,W0165,2016-09-27,Melbourne,0.2887029288702929,0.5454545454545454,0.2535211267605634,0.41409691629955947,0.6785714285714285,S,0.18055555555555555,SSW,NNW,0.537037037037037,0.5964912280701754,0.27160493827160487,0.34259259259259256,0.8338108882521524,0.5428571428571445,0.0,0.5,0.35714285714285704,0.5454545454545454,No,0.8,0.6688888888888889,0.47419354838709676,No
165,W0166,2019-04-05,Canberra,0.10041841004184104,0.42424242424242414,0.29577464788732394,0.8237885462555067,0.9357142857142856,WNW,0.1111111111111111,SE,ESE,0.2777777777777778,0.08771929824561403,0.5185185185185184,0.36111111111111105,0.799426934097422,0.7799999999999976,0.125,0.375,0.3531746031746031,0.22222222222222215,No,0.1,0.48000000000000004,0.25806451612903225,No
166,W0167,2019-03-26,Sydney,0.393305439330544,0.4646464646464647,0.4225352112676056,0.38325991189427316,0.09999999999999999,N,0.40645604395604396,NNW,NNE,0.9814814814814814,0.42105263157894735,0.4938271604938272,0.8981481481481481,0.2722063037249285,0.0,1.0,1.0,0.484126984126984,0.4848484848484848,No,0.1,0.648888888888889,0.47066035780893833,Yes
167,W0168,2020-01-10,Adelaide,0.32635983263598334,0.5723905723905724,0.43661971830985913,0.9603524229074891,0.7214285714285713,NNW,0.125,S,NNW,0.5555555555555556,0.12280701754385964,0.012345679012345678,0.25925925925925924,0.6066715415974961,0.47428571428571686,0.375,0.375,0.47222222222222227,0.36700336700336694,No,0.7000000000000001,0.10666666666666667,0.3354838709677419,No
168,W0169,2020-07-16,Wollongong,0.27196652719665276,0.47474747474747464,0.1971830985915493,0.5638766519823789,0.5785714285714285,SW,0.5555555555555556,NNE,ESE,0.24074074074074073,0.0,0.3703703703703703,0.25925925925925924,0.4871060171919801,0.9457142857142848,0.0,0.125,0.3968253968253968,0.3063973063973063,No,0.1,0.62,0.22580645161290322,No
169,W0170,2016-02-18,Newcastle,0.3389121338912134,0.5207812531756193,0.4436619718309859,0.4845814977973568,0.4714285714285714,SE,0.75,NW,ESE,0.6481481481481481,0.3684210526315789,0.654320987654321,0.5833333333333333,0.5501432664756436,0.2314285714285731,1.0,0.875,0.30158730158730157,0.30303030303030304,No,0.9,0.4155555555555555,0.22258064516129034,Yes
170,W0171,2016-04-21,Adelaide,0.2259414225941423,0.4781144781144781,0.38732394366197187,0.6123348017621146,0.7857142857142856,S,0.5694444444444444,S,ENE,0.38888888888888884,0.5789473684210527,0.1111111111111111,0.41666666666666663,0.799426934097422,0.8685714285714283,0.125,0.0,0.34126984126984133,0.34343434343434337,No,0.30000000000000004,0.07555555555555556,0.28709677419354834,No
171,W0172,2020-02-03,Darwin,0.43933054393305443,0.8451178451178449,0.323943661971831,0.6607929515418502,0.7857142857142856,NNW,0.15277777777777776,ENE,SE,0.018518518518518517,0.42105263157894735,0.06172839506172839,0.36111111111111105,0.5042979942693435,0.634285714285717,0.25,0.25,0.8373015873015874,0.8855218855218856,No,0.5000000000000001,0.08444444444444445,0.5290322580645161,No
172,W0173,2018-05-24,Brisbane,0.5606694560669456,0.5252525252525251,0.08450704225352113,0.49339207048458156,0.9142857142857143,NE,0.125,NNW,SSE,0.09259259259259259,0.2631578947368421,0.037037037037037035,0.6481481481481481,0.9455587392550129,0.46857142857142975,0.0,0.375,0.5714285714285714,0.49494949494949486,No,1.0,0.9022222222222223,0.47066035780893833,No
173,W0174,2016-03-05,Melbourne,0.2008368200836821,0.2929292929292929,0.2535211267605634,0.7797356828193833,0.7642857142857141,SE,0.16666666666666666,SW,SE,0.1111111111111111,0.3333333333333333,0.4444444444444445,0.48148148148148145,0.8538681948424092,0.6457142857142877,0.5,0.375,0.32142857142857145,0.3063973063973063,No,0.4,0.057777777777777775,0.17741935483870966,No
174,W0175,2022-02-25,Adelaide,0.45188284518828464,0.4848484848484848,0.11267605633802816,0.40528634361233484,0.4642857142857143,SW,0.18055555555555555,SW,N,0.37037037037037035,0.17543859649122806,0.13580246913580246,0.5185185185185185,0.5243553008596002,0.8342857142857163,0.375,0.625,0.5238095238095237,0.5252525252525251,No,0.4,0.34444444444444444,0.4387096774193548,No
175,W0176,2022-05-14,Canberra,0.27615062761506276,0.25252525252525254,0.6338028169014085,0.6607929515418502,0.48571428571428565,NE,0.5694444444444444,NNE,E,0.537037037037037,0.3508771929824561,0.5555555555555556,0.4722222222222222,0.808022922636102,0.5114285714285707,0.0,0.25,0.3095238095238095,0.2693602693602693,Yes,0.7000000000000001,0.8666666666666667,0.48064516129032253,No
176,W0177,2020-04-24,Adelaide,0.2635983263598327,0.5252525252525251,0.647887323943662,0.8502202643171806,0.657142857142857,NW,0.15277777777777776,NE,NE,0.5555555555555556,0.2807017543859649,0.4567901234567901,0.5185185185185185,0.49856733524355334,0.5971428571428561,0.5,0.625,0.3888888888888889,0.36026936026936024,No,0.0,0.9155555555555557,0.34516129032258064,No
177,W0178,2015-02-13,Townsville,0.6527196652719667,0.7037037037037035,0.352112676056338,0.4757709251101322,0.5,NE,0.6388888888888888,ESE,NE,0.38888888888888884,0.3684210526315789,0.8024691358024691,0.9074074074074073,0.36676217765042907,0.34285714285714164,0.875,0.5,0.6468253968253967,0.6397306397306397,Yes,0.30000000000000004,0.4533333333333333,0.7290322580645161,Yes
178,W0179,2021-01-08,Sydney,0.397489539748954,0.46801346801346794,0.49295774647887325,0.788546255506608,0.22857142857142856,NE,0.6527777777777778,NE,SSW,0.3333333333333333,0.2982456140350877,0.6172839506172838,0.9166666666666666,0.07736389684813716,0.20857142857142819,1.0,0.875,0.5396825396825398,0.37373737373737365,No,0.5000000000000001,0.9155555555555557,0.45161290322580644,Yes
179,W0180,2018-08-17,Melbourne,0.29707112970711297,0.38047138047138046,0.6197183098591549,0.9074889867841411,0.6428571428571428,NNW,0.625,SW,N,0.4074074074074074,0.3333333333333333,0.5308641975308641,0.6296296296296295,0.8997134670487128,0.7714285714285722,0.5,0.0,0.31349206349206343,0.2895622895622894,No,0.30000000000000004,0.32666666666666666,0.45161290322580644,No
180,W0181,2018-03-14,Wollongong,0.29288702928870297,0.3636363636363636,0.4507042253521127,0.9559471365638768,0.9285714285714285,WNW,0.15277777777777776,SE,SW,0.5,0.5087719298245614,0.2345679012345679,0.25925925925925924,0.8825214899713494,0.6028571428571432,0.25,0.5,0.3452380952380953,0.3131313131313131,No,0.30000000000000004,0.04444444444444444,0.37741935483870964,No
181,W0182,2015-08-26,Perth,0.5606694560669456,0.38047138047138046,0.2816901408450704,0.7929515418502203,0.5888157894736842,NE,0.3333333333333333,E,NNW,0.07407407407407407,0.5263157894736842,0.25925925925925924,0.4907407407407407,0.8853868194842427,0.6428571428571423,0.5,0.5,0.5238095238095237,0.3636363636363636,No,1.0,0.47333333333333333,0.48387096774193544,No
182,W0183,2021-04-17,Perth,0.3347280334728034,0.5555555555555556,0.4225352112676056,0.6607929515418502,0.21428571428571427,ENE,0.7222222222222222,WSW,SE,0.9814814814814814,0.6842105263157894,0.5061728395061729,0.8703703703703703,0.6066715415974961,0.5085714285714289,0.5,1.0,0.39285714285714285,0.46127946127946123,No,0.5000000000000001,0.7822222222222223,0.49032258064516127,Yes
183,W0184,2016-10-09,Melbourne,0.3723849372384938,0.2323232323232322,0.4014084507042254,0.3612334801762115,0.15714285714285714,NW,0.5694444444444444,SSW,SSW,0.2777777777777778,0.7543859649122806,0.5432098765432098,0.6481481481481481,0.07163323782235054,0.23428571428571487,0.875,0.75,0.3333333333333333,0.22895622895622886,Yes,0.6000000000000001,0.39111111111111113,0.3161290322580645,Yes
184,W0185,2017-07-05,Adelaide,0.49372384937238506,0.6127946127946127,0.5633802816901409,0.5462555066079295,0.8214285714285714,SSW,0.40645604395604396,SSE,WSW,0.12962962962962962,0.3684210526315789,0.5308641975308641,0.4351851851851851,0.7478510028653318,0.6157142857142865,0.625,0.375,0.6428571428571428,0.5016835016835015,No,0.20000000000000004,0.7155555555555556,0.5967741935483871,No
185,W0186,2015-11-01,Melbourne,0.15062761506276157,0.3198653198653198,0.3943661971830986,0.6607929515418502,0.7857142857142856,NE,0.2638888888888889,SW,ENE,0.18518518518518517,0.2982456140350877,0.024691358024691357,0.5185185185185185,0.4412607449856729,0.8571428571428577,0.625,0.5,0.32936507936507936,0.23569023569023567,No,0.8,0.017777777777777767,0.25161290322580643,No
186,W0187,2019-10-13,Melbourne,0.12970711297071136,0.5016835016835015,0.323943661971831,0.6343612334801763,0.8928571428571428,NE,0.4722222222222222,ESE,WNW,0.14814814814814814,0.14035087719298245,0.22222222222222215,0.5277777777777778,0.4383954154727796,0.6157142857142865,0.25,0.125,0.1428571428571429,0.24915824915824908,No,0.4,0.8933333333333333,0.2193548387096774,No
187,W0188,2015-11-02,Canberra,0.25941422594142266,0.18855218855218853,0.12676056338028172,0.814977973568282,0.37142857142857144,N,0.1388888888888889,E,NNW,0.16666666666666666,0.12280701754385964,0.24691358024691362,0.3055555555555555,0.7707736389684818,0.7228571428571406,0.625,0.0,0.2976190476190476,0.17845117845117842,No,0.7000000000000001,0.4777777777777778,0.23870967741935484,No
188,W0189,2019-10-17,Adelaide,0.4225941422594142,0.33670033670033667,0.3380281690140845,0.6387665198237886,0.44999999999999996,SW,0.41666666666666663,SSW,ESE,0.3333333333333333,0.3333333333333333,0.9012345679012346,0.6296296296296295,0.47277936962751,0.6157142857142865,0.5,0.5,0.4603174603174603,0.32323232323232315,Yes,1.0,0.8333333333333334,0.5225806451612903,Yes
189,W0190,2022-12-14,Adelaide,0.3221757322175733,0.3063973063973063,0.3098591549295775,0.8722466960352424,0.5142857142857142,SW,0.4861111111111111,SE,ESE,0.5,0.43859649122807015,0.4691358024691357,0.5925925925925926,0.4813753581661899,0.5914285714285725,0.375,0.0,0.36507936507936506,0.27946127946127947,No,0.1,0.9422222222222221,0.25806451612903225,No
190,W0191,2018-01-09,Sydney,0.30543933054393313,0.5207812531756193,0.4225352112676056,0.5374449339207049,0.35,SE,0.736111111111111,WSW,SE,0.5,0.7719298245614035,0.7037037037037037,0.8333333333333333,0.12320916905444079,0.23714285714285666,0.875,1.0,0.26587301587301587,0.27272727272727265,Yes,0.0,0.5733333333333334,0.28709677419354834,Yes
191,W0192,2022-03-16,Adelaide,0.23849372384937245,0.6262626262626261,0.49295774647887325,0.5286343612334802,0.7071428571428571,NW,0.3055555555555555,SSW,SSW,0.24074074074074073,0.3684210526315789,0.012345679012345678,0.4259259259259259,0.7421203438395416,0.5257142857142867,0.125,0.0,0.46428571428571425,0.5286195286195285,No,1.0,0.9444444444444444,0.25806451612903225,No
192,W0193,2016-10-22,Wollongong,0.48953974895397495,0.6094276094276094,0.5492957746478873,0.7533039647577093,0.7428571428571428,NNW,0.16666666666666666,NNW,ESE,0.018518518518518517,0.017543859649122806,0.0,0.4629629629629629,0.9083094555873927,0.8342857142857163,0.375,0.125,0.5833333333333333,0.49494949494949486,Yes,0.8,0.5288888888888889,0.48064516129032253,No
193,W0194,2015-10-15,Sydney,0.4267782426778243,0.5151515151515151,0.5633802816901409,0.8722466960352424,0.9857142857142857,SW,0.3472222222222222,SSW,ENE,0.05555555555555555,0.017543859649122806,0.38271604938271603,0.36111111111111105,0.6618911174785111,0.6657142857142837,0.375,0.375,0.4682539682539682,0.38047138047138046,No,0.5000000000000001,0.13555555555555554,0.49032258064516127,No
194,W0195,2018-05-16,Perth,0.4435146443514644,0.3703703703703704,0.4507042253521127,0.38325991189427316,0.8785714285714286,SW,0.3611111111111111,SE,SSE,0.05555555555555555,0.5263157894736842,0.5308641975308641,0.31481481481481477,0.5587392550143271,0.5200000000000031,0.0,0.5,0.4603174603174603,0.41077441077441074,No,0.7000000000000001,0.951111111111111,0.49999999999999994,No
195,W0196,2021-05-05,Perth,0.4100418410041842,0.4478114478114478,0.6901408450704225,0.5682819383259913,0.8285714285714285,W,0.38888888888888884,SE,E,0.0,0.07017543859649122,0.06172839506172839,0.5555555555555555,0.4756446991404033,0.8571428571428577,0.25,0.375,0.4801587301587302,0.4646464646464647,No,0.7000000000000001,0.5177777777777778,0.4419354838709677,No
196,W0197,2018-07-28,Adelaide,0.3556485355648536,0.5286195286195285,0.5774647887323944,0.4669603524229075,0.4214285714285715,NE,0.5416666666666666,ENE,E,0.2777777777777778,0.2807017543859649,0.08641975308641975,0.4351851851851851,0.9226361031518628,0.7028571428571446,0.125,0.375,0.45634920634920634,0.4713804713804714,No,0.9,0.6355555555555555,0.41612903225806447,No
197,W0198,2015-10-02,Newcastle,0.3305439330543934,0.5207812531756193,0.4436619718309859,0.5022026431718062,0.4642857142857143,NE,0.6527777777777778,NE,NNW,0.9629629629629629,0.2807017543859649,0.654320987654321,0.7685185185185185,0.6066715415974961,0.020000000000003126,0.625,1.0,0.28968253968253965,0.5252525252525251,No,0.9,0.5377777777777777,0.5096774193548388,Yes
198,W0199,2020-04-09,Brisbane,0.5020920502092052,0.7575757575757573,0.1971830985915493,0.6828193832599119,0.5857142857142856,SE,0.2777777777777778,NW,E,0.16666666666666666,0.5964912280701754,0.18518518518518517,0.5555555555555555,0.7277936962750715,0.7799999999999976,0.625,0.375,0.5674603174603174,0.7272727272727273,No,0.8,0.21333333333333332,0.48064516129032253,No
199,W0200,2017-06-01,Brisbane,0.6234309623430963,0.49494949494949486,0.7042253521126761,0.8325991189427313,0.5142857142857142,NW,0.2777777777777778,SE,N,0.018518518518518517,0.05263157894736842,0.5432098765432098,0.5277777777777778,0.6217765042979941,0.8114285714285714,0.625,0.5,0.6468253968253967,0.4478114478114478,No,0.9,0.23111111111111116,0.6129032258064516,No
200,W0201,2022-03-19,Newcastle,0.25523012552301255,0.34680134680134683,0.36619718309859156,0.9118942731277533,0.8285714285714285,SW,0.5555555555555556,SW,NNW,0.2777777777777778,0.05263157894736842,0.024691358024691357,0.4907407407407407,0.7736389684813787,0.620000000000001,0.375,0.0,0.23412698412698407,0.2255892255892255,No,0.8,0.4822222222222223,0.18709677419354837,No
201,W0202,2017-04-26,Hobart,0.2887029288702929,0.21548821548821545,0.9859154929577466,0.6651982378854626,0.17857142857142855,W,0.40645604395604396,NNE,ESE,0.7962962962962963,0.7368421052631579,0.8641975308641974,0.8425925925925926,0.39828080229226615,0.1114285714285721,0.5,0.875,0.3333333333333333,0.24579124579124584,Yes,0.30000000000000004,0.0,0.23225806451612904,Yes
202,W0203,2016-06-26,Sydney,0.393305439330544,0.47474747474747464,0.6619718309859155,0.8502202643171806,0.5214285714285714,ENE,0.2777777777777778,E,ENE,0.24074074074074073,0.3684210526315789,0.5432098765432098,0.3055555555555555,0.8022922636103154,0.5371428571428574,0.125,0.25,0.3531746031746031,0.4713804713804714,No,1.0,0.29111111111111115,0.4258064516129032,No
203,W0204,2018-08-21,Townsville,0.5815899581589958,0.8518518518518519,0.1971830985915493,0.5770925110132159,0.9285714285714285,NW,0.4444444444444444,SW,WSW,0.2962962962962963,0.3684210526315789,0.4938271604938272,0.4907407407407407,0.4383954154727796,0.9400000000000013,0.125,0.25,0.5873015873015872,0.8215488215488216,Yes,0.9,0.5555555555555556,0.6741935483870968,No
204,W0205,2019-02-07,Adelaide,0.6108786610878663,0.6531986531986531,0.2394366197183099,0.8854625550660793,0.17857142857142855,SE,0.40645604395604396,ENE,S,0.9259259259259258,0.8596491228070176,0.8024691358024691,0.5648148148148148,0.0,0.6157142857142865,0.75,0.875,0.7301587301587302,0.6296296296296295,No,0.6000000000000001,0.2866666666666667,0.5129032258064516,Yes
205,W0206,2017-04-06,Cairns,0.7698744769874477,0.6531986531986531,0.6056338028169015,0.9118942731277533,0.0,S,0.3055555555555555,NNE,WNW,0.0,0.5263157894736842,0.4567901234567901,0.4629629629629629,0.49856733524355334,0.6400000000000006,0.25,0.125,0.8095238095238095,0.5993265993265993,No,1.0,0.54,0.6290322580645161,No
206,W0207,2019-06-18,Adelaide,0.30543933054393313,0.5791245791245792,0.38732394366197187,0.6607929515418502,0.5888157894736842,E,0.2222222222222222,NW,SW,0.09259259259259259,0.38596491228070173,0.012345679012345678,0.25,0.8338108882521524,0.6157142857142865,0.375,0.0,0.5238095238095237,0.38047138047138046,No,0.30000000000000004,0.7999999999999999,0.24193548387096772,No
207,W0208,2017-08-23,Cairns,0.7489539748953975,0.6195286195286194,0.3943661971830986,0.8281938325991189,0.08571428571428572,SSW,0.9583333333333333,WNW,SSW,0.3333333333333333,0.3684210526315789,0.7777777777777777,0.0,0.22063037249283468,0.0,0.5,1.0,0.7380952380952381,0.5892255892255891,Yes,0.8,0.8933333333333333,0.7709677419354839,Yes
208,W0209,2021-06-13,Brisbane,0.5439330543933056,0.542087542087542,0.5915492957746479,0.35682819383259917,0.8071428571428572,SSE,0.2777777777777778,W,SE,0.037037037037037035,0.0,0.34567901234567905,0.9814814814814814,0.4469914040114631,0.4457142857142884,0.0,0.25,0.5238095238095237,0.5521885521885521,No,0.1,0.5199999999999999,0.7032258064516129,No
209,W0210,2018-01-07,Melbourne,0.8075313807531381,0.5207812531756193,0.2816901408450704,0.4273127753303965,0.4285714285714285,E,0.3333333333333333,ENE,E,0.4629629629629629,0.42105263157894735,0.12345679012345678,0.39814814814814814,0.455587392550143,0.7971428571428554,0.625,0.375,0.2857142857142857,0.4781144781144781,No,0.5000000000000001,0.68,0.3354838709677419,No
210,W0211,2017-12-20,Cairns,0.7907949790794979,0.8383838383838385,0.29577464788732394,0.8325991189427313,0.5285714285714286,NNW,0.38888888888888884,W,W,0.25925925925925924,0.2807017543859649,0.2345679012345679,0.5740740740740741,0.9140401146131829,1.0,0.375,0.0,0.7222222222222221,0.7946127946127945,No,0.7000000000000001,0.34666666666666673,0.8161290322580645,No
211,W0212,2022-06-27,Hobart,0.25523012552301255,0.1077441077441077,0.40845070422535207,0.0,0.5888157894736842,NE,0.3333333333333333,SSE,NW,0.12962962962962962,0.10526315789473684,0.29629629629629634,0.3055555555555555,0.9570200573065932,0.49142857142857466,0.5,0.5,0.2182539682539682,0.13131313131313122,No,0.4,0.12444444444444443,0.41612903225806447,No
212,W0213,2021-05-12,Canberra,0.2845188284518829,0.12794612794612792,0.4225352112676056,0.4361233480176212,0.5888157894736842,SE,0.3194444444444444,SE,SE,0.24074074074074073,0.40350877192982454,0.30864197530864196,0.6388888888888888,0.687679083094558,0.8485714285714288,0.25,0.0,0.22619047619047622,0.15488215488215484,No,0.6000000000000001,0.82,0.19999999999999998,No
213,W0214,2019-11-23,Adelaide,0.43933054393305443,0.6228956228956228,0.4507042253521127,0.6299559471365639,0.7928571428571427,SSE,0.625,S,SE,0.12962962962962962,0.5964912280701754,0.1111111111111111,0.6018518518518519,0.432664756446993,0.5885714285714307,0.375,0.375,0.19047619047619047,0.5151515151515151,No,1.0,0.20666666666666672,0.31935483870967735,No
214,W0215,2017-03-21,Adelaide,0.27196652719665276,0.46801346801346794,0.49295774647887325,0.5330396475770925,0.5888157894736842,NNE,0.1388888888888889,NE,ENE,0.4444444444444444,0.05263157894736842,0.0,0.5462962962962963,0.584527220630374,0.6771428571428579,0.0,0.625,0.37301587301587297,0.3771043771043771,No,0.6000000000000001,0.32,0.37419354838709673,No
215,W0216,2016-10-31,Hobart,0.18828451882845193,0.2188552188552188,0.4507042253521127,0.5638766519823789,0.4571428571428572,SSW,0.8472222222222222,S,SE,0.5740740740740741,0.3508771929824561,0.765432098765432,0.6574074074074073,0.5386819484240704,0.005714285714287115,0.75,0.75,0.15079365079365076,0.15488215488215484,Yes,0.6000000000000001,0.30000000000000004,0.25161290322580643,Yes
216,W0217,2020-04-07,Townsville,0.5606694560669456,0.8686868686868687,0.352112676056338,0.5991189427312775,0.3142857142857143,ENE,0.40645604395604396,ESE,NNW,0.9814814814814814,0.43859649122807015,0.8888888888888888,0.6296296296296295,0.561604584527224,0.3771428571428572,0.375,0.75,0.7222222222222221,0.7239057239057238,Yes,0.6000000000000001,0.3888888888888889,0.5935483870967742,Yes
217,W0218,2015-04-22,Darwin,0.8033472803347281,0.973063973063973,0.38028169014084506,0.643171806167401,0.5,NNW,0.40645604395604396,N,SE,0.8148148148148148,0.9824561403508771,0.5432098765432098,0.6481481481481481,0.21203438395415475,0.16857142857142904,0.875,0.5,0.8333333333333333,0.8653198653198653,Yes,0.4,0.017777777777777767,0.6451612903225806,Yes
218,W0219,2020-11-21,Townsville,0.7824267782426779,0.6868686868686866,0.323943661971831,0.9867841409691631,0.7214285714285713,SE,0.4722222222222222,S,WSW,0.3333333333333333,0.017543859649122806,0.13580246913580246,0.23148148148148145,0.5902578796561642,0.9485714285714302,0.125,0.125,0.7420634920634919,0.643097643097643,No,1.0,0.12222222222222222,0.8354838709677419,No
219,W0220,2020-07-20,Townsville,0.7238493723849373,0.5993265993265993,0.352112676056338,0.5594713656387665,0.3857142857142857,SSW,0.15277777777777776,SSW,ESE,0.3333333333333333,0.43859649122807015,0.06172839506172839,0.537037037037037,0.4269340974212028,0.9571428571428591,0.5,0.375,0.753968253968254,0.6296296296296295,Yes,1.0,0.731111111111111,0.47066035780893833,No
220,W0221,2020-12-26,Newcastle,0.5104602510460252,0.41077441077441074,0.5352112676056339,0.748898678414097,0.907142857142857,WSW,0.1111111111111111,ESE,W,0.12962962962962962,0.24561403508771928,0.24691358024691362,0.45370370370370366,0.5759312320916941,0.6157142857142865,0.625,0.25,0.4404761904761905,0.4276094276094276,No,0.20000000000000004,0.72,0.5741935483870968,No
221,W0222,2015-07-24,Canberra,0.1380753138075314,0.34680134680134683,0.2535211267605634,0.3876651982378855,0.5857142857142856,SSE,0.2361111111111111,SSE,W,0.31481481481481477,0.3508771929824561,0.4074074074074074,0.611111111111111,0.9742120343839531,0.4628571428571462,0.375,0.625,0.17063492063492064,0.2255892255892255,No,0.1,0.39111111111111113,0.37741935483870964,No
222,W0223,2020-01-31,Wollongong,0.45188284518828464,0.3063973063973063,0.5211267605633803,0.6607929515418502,0.9214285714285714,NW,0.2777777777777778,SE,SSW,0.037037037037037035,0.40350877192982454,0.5185185185185184,0.611111111111111,0.6017191977077374,0.8828571428571443,0.375,0.625,0.4246031746031746,0.3198653198653198,No,0.8,0.10888888888888891,0.6129032258064516,No
223,W0224,2018-09-01,Brisbane,0.6694560669456069,0.49494949494949486,0.647887323943662,0.8105726872246697,0.7499999999999999,NNE,0.4722222222222222,SW,ENE,0.537037037037037,0.5087719298245614,0.1975308641975309,0.4351851851851851,0.6332378223495709,0.5742857142857147,0.625,0.125,0.6111111111111112,0.5016835016835015,Yes,0.8,0.24222222222222223,0.7838709677419355,No
224,W0225,2021-05-15,Cairns,0.6485355648535567,0.8855218855218854,0.36619718309859156,0.6607929515418502,0.5357142857142857,ENE,0.375,S,N,0.16666666666666666,0.03508771929824561,0.5308641975308641,0.49999999999999994,0.5243553008596002,0.6428571428571423,0.5,0.125,0.8452380952380953,0.9158249158249159,No,0.9,0.8666666666666667,0.5741935483870968,No
225,W0226,2020-09-21,Hobart,0.21757322175732224,0.441077441077441,0.4225352112676056,0.9823788546255507,0.5888157894736842,NNE,0.1388888888888889,NW,S,0.037037037037037035,0.19298245614035087,0.25925925925925924,0.45370370370370366,0.8825214899713494,0.4828571428571422,0.5,0.25,0.2182539682539682,0.3905723905723905,No,1.0,0.4911111111111112,0.3258064516129032,No
226,W0227,2016-12-24,Perth,0.5732217573221758,0.40404040404040403,0.7042253521126761,0.5682819383259913,0.21428571428571427,NE,0.736111111111111,WSW,W,0.3333333333333333,0.40350877192982454,0.8395061728395061,0.5833333333333333,0.5644699140401137,0.6157142857142865,0.625,0.75,0.5753968253968254,0.38720538720538716,No,1.0,0.32888888888888895,0.5096774193548388,Yes
227,W0228,2016-06-26,Brisbane,0.43933054393305443,0.7777777777777777,0.11267605633802816,0.9030837004405288,0.5,SSW,0.611111111111111,NE,SSW,0.537037037037037,0.38596491228070173,0.3703703703703703,0.2407407407407407,0.6066715415974961,0.9200000000000017,0.125,0.25,0.4682539682539682,0.5488215488215489,No,0.5000000000000001,0.36,0.364516129032258,No
228,W0229,2015-06-13,Hobart,0.17991631799163188,0.4343434343434343,0.323943661971831,0.8898678414096917,0.7714285714285715,NE,0.1111111111111111,WSW,NW,0.5,0.3508771929824561,0.2839506172839506,0.6296296296296295,0.6066715415974961,0.6314285714285717,0.5,0.375,0.3452380952380953,0.3501683501683501,No,0.5000000000000001,0.47333333333333333,0.15161290322580645,No
229,W0230,2019-01-15,Darwin,0.6736401673640169,0.7037037037037035,0.6901408450704225,0.6123348017621146,0.8285714285714285,SE,0.5972222222222222,N,E,0.018518518518518517,0.3157894736842105,0.48148148148148145,0.25925925925925924,0.9713467048710598,0.8714285714285701,0.125,0.125,0.6825396825396823,0.5791245791245792,No,0.9,0.4822222222222223,0.6774193548387097,No
230,W0231,2021-11-14,Canberra,0.0669456066945607,0.25925925925925924,0.4225352112676056,0.762114537444934,0.5888157894736842,ENE,0.4444444444444444,NW,NE,0.6666666666666666,0.49122807017543857,0.5061728395061729,0.7314814814814814,0.3295128939828089,0.04571428571428626,0.75,0.875,0.023809523809523808,0.30303030303030304,No,0.8,0.46888888888888897,0.25161290322580643,Yes
231,W0232,2018-01-21,Melbourne,0.18828451882845193,0.24915824915824908,0.12676056338028172,0.6607929515418502,0.5285714285714286,NNE,0.3194444444444444,SW,ENE,0.38888888888888884,0.2982456140350877,0.419753086419753,0.45370370370370366,0.9971346704871102,0.7457142857142856,0.5,0.625,0.23015873015873017,0.2929292929292929,Yes,0.5000000000000001,0.5977777777777777,0.35806451612903223,No
232,W0233,2021-03-06,Brisbane,1.0000000000000002,0.25925925925925924,0.352112676056338,0.8546255506607929,0.11428571428571427,SE,0.40645604395604396,SW,WNW,0.9074074074074073,0.7894736842105263,0.4938271604938272,0.7962962962962963,0.6066715415974961,0.13714285714285523,1.0,0.375,0.6904761904761905,0.5791245791245792,No,0.9,0.17555555555555558,0.6709677419354839,Yes
233,W0234,21/02/2022,Brisbane,0.48953974895397495,0.531986531986532,0.6338028169014085,0.6387665198237886,0.3857142857142857,SW,0.38888888888888884,SSE,ESE,0.4629629629629629,0.14035087719298245,0.38271604938271603,0.6018518518518519,0.647564469914041,0.620000000000001,0.125,0.125,0.5079365079365079,0.46801346801346794,No,0.4,0.8999999999999999,0.43548387096774194,No
234,W0235,2015-02-08,Sydney,0.48117154811715485,0.5151515151515151,0.5070422535211268,0.6035242290748899,0.95,ESE,0.5972222222222222,WNW,SSW,0.4444444444444444,0.5438596491228069,0.38271604938271603,0.611111111111111,0.6704871060171946,0.5771428571428601,0.25,0.375,0.5277777777777777,0.4343434343434343,Yes,0.20000000000000004,0.8711111111111112,0.4451612903225806,No
235,W0236,2019-10-18,Newcastle,0.4225941422594142,0.5892255892255891,0.4436619718309859,0.6607929515418502,0.4214285714285715,SE,0.40645604395604396,SSE,W,0.8703703703703703,0.3684210526315789,0.4567901234567901,0.6944444444444444,0.4871060171919801,0.3028571428571425,1.0,0.5,0.6071428571428572,0.49494949494949486,Yes,0.30000000000000004,0.6399999999999999,0.5419354838709678,Yes
236,W0237,2018-05-27,Wollongong,0.3598326359832636,0.5117845117845117,0.323943661971831,0.643171806167401,0.9285714285714285,N,0.5138888888888888,NW,NW,0.5185185185185185,0.38596491228070173,0.35802469135802467,0.21296296296296297,0.6066715415974961,0.8285714285714292,0.0,0.375,0.3968253968253968,0.3636363636363636,No,0.1,0.34444444444444444,0.4387096774193548,No
237,W0238,16/04/2021,Darwin,0.9414225941422596,0.8316498316498315,0.676056338028169,0.5418502202643172,0.5714285714285714,SE,0.2361111111111111,WNW,NE,0.2777777777777778,0.21052631578947367,0.18518518518518517,0.6388888888888888,0.9942693409742134,0.5914285714285725,0.375,0.375,0.8849206349206349,0.7744107744107744,No,0.5000000000000001,0.8866666666666666,1.0,No
238,W0239,2020-10-18,Perth,0.43933054393305443,0.6666666666666665,0.9577464788732395,0.6475770925110133,0.3999999999999999,NNW,0.8055555555555555,E,ESE,0.7592592592592592,0.3684210526315789,0.5061728395061729,0.9074074074074073,0.1346704871060176,0.6157142857142865,0.625,0.375,0.5277777777777777,0.5252525252525251,No,0.4,0.23777777777777775,0.47066035780893833,Yes
239,W0240,2018-06-23,Newcastle,0.5104602510460252,0.30303030303030304,0.352112676056338,0.7400881057268722,0.8785714285714286,NW,0.5555555555555556,N,N,0.18518518518518517,0.42105263157894735,0.5555555555555556,0.6296296296296295,0.5214899713467034,0.9857142857142875,0.5,0.0,0.4404761904761905,0.32323232323232315,No,0.8,0.9666666666666666,0.5354838709677419,No
240,W0241,2021-09-17,Melbourne,0.3556485355648536,0.46127946127946123,0.49295774647887325,0.8502202643171806,0.6142857142857142,NNW,0.40645604395604396,N,N,0.16666666666666666,0.0,0.5061728395061729,0.2685185185185185,0.9742120343839531,0.4314285714285724,0.375,0.5,0.4801587301587302,0.4276094276094276,Yes,0.1,0.731111111111111,0.24838709677419354,No
241,W0242,2017-06-01,Brisbane,0.6234309623430963,0.49494949494949486,0.7042253521126761,0.8325991189427313,0.5142857142857142,NW,0.2777777777777778,SE,N,0.018518518518518517,0.05263157894736842,0.5432098765432098,0.5277777777777778,0.6217765042979941,0.8114285714285714,0.625,0.5,0.6468253968253967,0.4478114478114478,No,0.9,0.23111111111111116,0.6129032258064516,No
242,W0243,2015-04-28,Townsville,0.6276150627615065,0.5286195286195285,0.6197183098591549,0.8898678414096917,0.3642857142857142,W,0.4305555555555555,NW,WNW,0.2962962962962963,0.2982456140350877,0.1975308641975309,0.37037037037037035,0.7621776504298019,0.845714285714287,0.5,0.0,0.6071428571428572,0.5791245791245792,No,0.7000000000000001,0.9888888888888889,0.46774193548387094,No
243,W0244,2021-08-30,Cairns,0.7573221757322177,0.5723905723905724,0.5070422535211268,0.643171806167401,0.4714285714285714,NNW,0.2777777777777778,SW,S,0.3333333333333333,0.22807017543859648,0.0,0.25,0.4871060171919801,0.9171428571428564,0.25,0.0,0.6865079365079365,0.5521885521885521,No,0.7000000000000001,0.6333333333333333,0.8129032258064516,No
244,W0245,2019-10-13,Canberra,0.2635983263598327,0.19865319865319858,0.4225352112676056,0.8986784140969164,0.8571428571428571,SW,0.2361111111111111,NE,WNW,0.4629629629629629,0.17543859649122806,0.3209876543209876,0.5833333333333333,0.9627507163323799,0.45428571428571374,0.375,0.375,0.26587301587301587,0.24579124579124584,No,0.1,0.3622222222222223,0.22258064516129034,No
245,W0246,2016-01-29,Townsville,0.6569037656903767,0.7676767676767675,0.647887323943662,0.7444933920704846,0.9285714285714285,NNE,0.611111111111111,SSW,SW,0.35185185185185186,0.0,0.5555555555555556,0.39814814814814814,0.8051575931232122,0.7314285714285731,0.0,0.5,0.8174603174603174,0.632996632996633,No,0.6000000000000001,0.6377777777777778,0.7516129032258065,No
246,W0247,2020-08-23,Perth,0.46025104602510464,0.6026936026936027,0.15492957746478875,0.7268722466960353,0.7071428571428571,SE,0.4583333333333333,WSW,N,0.25925925925925924,0.12280701754385964,0.38271604938271603,0.45370370370370366,0.7335243553008617,0.9485714285714302,0.0,0.5,0.44444444444444436,0.5084175084175082,No,0.1,0.22222222222222227,0.4612903225806451,No
247,W0248,20/11/2018,Hobart,0.10041841004184104,0.4074074074074073,0.6901408450704225,0.6079295154185023,0.9428571428571427,N,0.38888888888888884,SSW,N,0.18518518518518517,0.5087719298245614,0.09876543209876543,0.6388888888888888,0.5014326647564502,0.5542857142857152,0.125,0.375,0.19841269841269837,0.2693602693602693,No,0.20000000000000004,0.3622222222222223,0.28387096774193543,No
248,W0249,2016-08-16,Darwin,0.7364016736401675,0.8518518518518519,0.38028169014084506,0.5682819383259913,0.3142857142857143,WNW,0.6666666666666666,WNW,ESE,0.42592592592592593,0.3684210526315789,0.5308641975308641,0.9351851851851851,0.20916905444126144,0.12571428571428456,0.75,1.0,0.7857142857142856,0.67003367003367,No,1.0,0.9755555555555555,0.767741935483871,Yes
249,W0250,2015-08-17,Melbourne,0.2635983263598327,0.3771043771043771,0.11267605633802816,0.9162995594713657,0.6857142857142856,S,0.4305555555555555,W,N,0.018518518518518517,0.3684210526315789,0.12345679012345678,0.5462962962962963,0.9512893982808031,0.8571428571428577,0.5,0.25,0.3333333333333333,0.4208754208754209,No,0.6000000000000001,0.611111111111111,0.24193548387096772,No
250,W0251,2015-06-09,Cairns,0.7112970711297073,0.6161616161616161,0.18309859154929578,0.9691629955947136,0.5888157894736842,NE,0.4305555555555555,NNE,SW,0.37037037037037035,0.22807017543859648,0.1111111111111111,0.3333333333333333,0.808022922636102,0.9228571428571435,0.625,0.375,0.6388888888888888,0.632996632996633,Yes,0.1,0.20222222222222225,0.567741935483871,No
251,W0252,2015-09-26,Canberra,0.27196652719665276,0.24579124579124584,0.2535211267605634,0.9118942731277533,0.8857142857142857,NNE,0.4444444444444444,WSW,S,0.3333333333333333,0.5964912280701754,0.5555555555555556,0.27777777777777773,0.4613180515759332,0.562857142857144,0.5,0.375,0.24603174603174605,0.19865319865319858,No,0.5000000000000001,0.6377777777777778,0.17419354838709677,No
252,W0253,2021-07-26,Hobart,0.13389121338912136,0.2121212121212121,0.2676056338028169,0.6255506607929515,0.5888157894736842,NE,0.5416666666666666,NNE,ESE,0.4074074074074074,0.42105263157894735,0.5308641975308641,0.3796296296296296,0.8739255014326623,0.5085714285714289,0.625,0.5,0.1111111111111111,0.1649831649831649,Yes,0.6000000000000001,0.5533333333333332,0.14193548387096774,No
253,W0254,2018-06-08,Newcastle,0.43933054393305443,0.46127946127946123,0.4436619718309859,0.9251101321585904,0.5888157894736842,N,0.4861111111111111,SE,E,0.9259259259259258,0.8771929824561403,0.38271604938271603,0.7037037037037036,0.09455587392550058,0.022857142857141355,0.5,0.875,0.3611111111111111,0.39393939393939387,Yes,0.4,0.15555555555555556,0.24838709677419354,Yes
254,W0255,2022-02-22,Sydney,0.5020920502092052,0.4343434343434343,0.2112676056338028,0.86784140969163,0.657142857142857,WNW,0.4444444444444444,W,WNW,0.2962962962962963,0.15789473684210525,0.48148148148148145,0.4444444444444444,0.5329512893982837,0.4314285714285724,0.25,0.375,0.4682539682539682,0.45454545454545453,No,0.1,0.22444444444444445,0.5064516129032258,No
255,W0256,2017-10-01,Canberra,0.2008368200836821,0.3771043771043771,0.04225352112676057,0.788546255506608,0.4714285714285714,E,0.5277777777777778,E,W,0.48148148148148145,0.24561403508771928,0.09876543209876543,0.28703703703703703,0.776504297994272,0.7971428571428554,0.375,0.125,0.17063492063492064,0.32323232323232315,No,0.6000000000000001,0.6444444444444444,0.2096774193548387,No
256,W0257,2022-05-24,Melbourne,0.9121338912133892,0.08080808080808072,0.3380281690140845,0.4581497797356828,0.8142857142857143,S,0.5694444444444444,SE,WSW,0.25925925925925924,0.3508771929824561,0.4938271604938272,0.3055555555555555,0.830945558739252,0.8257142857142838,0.0,0.375,0.3095238095238095,0.4141414141414141,No,0.8,0.7155555555555556,0.26129032258064516,No
257,W0258,2017-07-25,Hobart,0.20502092050209209,0.09090909090909088,0.2394366197183099,0.6828193832599119,0.7214285714285713,NNW,0.16666666666666666,NW,S,0.31481481481481477,0.08771929824561403,0.08641975308641975,0.18518518518518517,0.455587392550143,0.937142857142856,0.5,0.125,0.2182539682539682,0.101010101010101,No,0.5000000000000001,0.26222222222222225,0.27741935483870966,No
258,W0259,2018-01-25,Perth,0.5313807531380754,0.6262626262626261,0.3098591549295775,0.8546255506607929,0.9642857142857142,NW,0.4722222222222222,WSW,NNW,0.1111111111111111,0.05263157894736842,0.13580246913580246,0.27777777777777773,0.8595988538681922,0.668571428571429,0.625,0.125,0.484126984126984,0.542087542087542,No,1.0,0.7755555555555556,0.46774193548387094,No
259,W0260,2018-03-17,Townsville,0.8158995815899583,0.835016835016835,0.6338028169014085,0.8986784140969164,0.7928571428571427,E,0.1388888888888889,WNW,WNW,0.42592592592592593,0.03508771929824561,0.38271604938271603,0.2222222222222222,0.9541547277936999,0.5228571428571414,0.25,0.25,0.896825396825397,0.7272727272727273,Yes,0.8,0.08444444444444445,0.8,No
260,W0261,2019-11-28,Brisbane,0.5355648535564854,0.6363636363636362,0.5070422535211268,0.669603524229075,0.7214285714285713,SSE,0.2361111111111111,W,ESE,0.31481481481481477,0.3684210526315789,0.16049382716049382,0.27777777777777773,0.6066715415974961,0.7028571428571446,0.125,0.25,0.6746031746031744,0.4848484848484848,No,0.6000000000000001,0.2777777777777778,0.4064516129032258,No
261,W0262,2017-03-27,Cairns,0.6987447698744771,0.7003367003367003,0.5915492957746479,0.9030837004405288,0.657142857142857,ENE,0.2222222222222222,SE,E,0.05555555555555555,0.14035087719298245,0.35802469135802467,0.49999999999999994,0.5959885386819472,0.8657142857142865,0.125,0.125,0.7420634920634919,0.6363636363636362,No,0.5000000000000001,0.4266666666666667,0.7000000000000001,No
262,W0263,2015-03-29,Canberra,0.07531380753138078,0.3501683501683501,0.5633802816901409,0.5154185022026432,0.4285714285714285,NW,0.4305555555555555,NE,SW,0.16666666666666666,0.05263157894736842,0.08641975308641975,0.5740740740740741,0.9226361031518628,0.46857142857142975,0.625,0.375,0.2103174603174603,0.21548821548821545,No,0.20000000000000004,0.7066666666666666,0.24838709677419354,No
263,W0264,2018-09-03,Newcastle,0.4184100418410042,0.4343434343434343,0.4436619718309859,0.8193832599118944,0.37142857142857144,ESE,0.41666666666666663,S,S,0.7037037037037037,0.5438596491228069,0.4691358024691357,0.611111111111111,0.4670487106017198,0.08285714285714363,0.5,0.75,0.5198412698412698,0.4208754208754209,No,0.6000000000000001,0.7777777777777778,0.43225806451612897,Yes
264,W0265,2021-01-07,Brisbane,0.5732217573221758,0.47474747474747464,0.6619718309859155,0.5374449339207049,0.9928571428571428,S,0.3333333333333333,ENE,W,0.2037037037037037,0.08771929824561403,0.3333333333333333,0.49999999999999994,0.544412607449857,0.6257142857142846,0.0,0.25,0.5952380952380951,0.5084175084175082,No,0.30000000000000004,0.94,0.45483870967741935,No
265,W0266,2022-10-04,Adelaide,0.3347280334728034,0.5353535353535352,0.15492957746478875,0.4273127753303965,0.37857142857142856,W,0.16666666666666666,SE,S,0.18518518518518517,0.3684210526315789,0.2345679012345679,0.20370370370370366,0.8338108882521524,0.7057142857142864,0.5,0.625,0.46428571428571425,0.37373737373737365,No,0.5000000000000001,0.6755555555555555,0.28387096774193543,No
266,W0267,2022-07-29,Newcastle,0.3849372384937239,0.49494949494949486,0.15492957746478875,0.6475770925110133,0.557142857142857,S,0.40645604395604396,SSW,SSE,0.4444444444444444,0.08771929824561403,0.3209876543209876,0.4907407407407407,0.8223495702005721,0.8885714285714279,0.125,0.625,0.380952380952381,0.5117845117845117,No,1.0,0.5177777777777778,0.4967741935483871,No
267,W0268,2017-06-26,Melbourne,0.3849372384937239,0.2996632996632996,0.07042253521126762,0.6607929515418502,0.8999999999999999,SW,0.16666666666666666,WNW,NW,0.5555555555555556,0.38596491228070173,0.29629629629629634,0.25,0.5214899713467034,0.4485714285714302,0.5,0.25,0.3888888888888889,0.2996632996632996,No,0.30000000000000004,0.8955555555555554,0.28709677419354834,No
268,W0269,2020-11-08,Perth,0.44769874476987453,0.4915824915824915,0.056338028169014086,0.709251101321586,0.5142857142857142,SSW,0.0,S,NW,0.2962962962962963,0.10526315789473684,0.07407407407407407,0.25925925925925924,0.6905444126074514,0.6485714285714295,0.125,0.125,0.4761904761904761,0.5218855218855218,No,0.4,0.6088888888888888,0.31935483870967735,No
269,W0270,2015-10-06,Hobart,0.18828451882845193,0.22895622895622897,0.5352112676056339,0.6167400881057269,0.5,NE,0.4722222222222222,WNW,SSE,1.0,0.3684210526315789,0.8395061728395061,0.6666666666666666,0.6066715415974961,0.6157142857142865,0.75,1.0,0.20634920634920634,0.15488215488215484,Yes,0.4,0.46222222222222226,0.16129032258064516,Yes
270,W0271,2015-02-16,Brisbane,0.5062761506276152,0.5286195286195285,0.5492957746478873,0.9603524229074891,0.5214285714285714,E,0.5833333333333333,ENE,ENE,0.4629629629629629,0.3684210526315789,0.419753086419753,0.39814814814814814,0.6045845272206343,0.9142857142857146,0.125,0.125,0.5317460317460319,0.4646464646464647,No,0.20000000000000004,0.06666666666666667,0.47096774193548385,No
271,W0272,2015-09-28,Townsville,0.6987447698744771,0.7474747474747474,0.3943661971830986,0.4889867841409692,0.5888157894736842,SSE,0.5694444444444444,ENE,NW,0.2037037037037037,0.5789473684210527,0.25925925925925924,0.39814814814814814,0.6790830945558746,0.6457142857142877,0.5,0.0,0.6865079365079365,0.7912457912457911,No,0.4,0.2644444444444444,0.7483870967741936,No
272,W0273,2017-10-27,Darwin,0.8284518828451883,0.8989898989898988,0.18309859154929578,0.7665198237885462,0.37142857142857144,256,0.625,S,SE,0.25925925925925924,0.6140350877192982,0.48148148148148145,0.41666666666666663,0.5530085959885405,0.8971428571428604,0.5,0.25,0.7857142857142856,0.7676767676767677,No,1.0,0.6244444444444445,0.635483870967742,No
273,W0274,2021-11-21,Wollongong,0.30543933054393313,0.33670033670033667,0.352112676056338,0.6607929515418502,0.5888157894736842,NNE,0.6805555555555555,SSW,N,0.9814814814814814,0.3684210526315789,0.5432098765432098,0.7407407407407407,0.49283667621776317,0.011428571428570677,1.0,0.75,0.35714285714285704,0.25925925925925924,No,0.5000000000000001,0.37555555555555553,0.48387096774193544,Yes
274,W0275,2021-06-02,Perth,0.3682008368200838,0.6195286195286194,0.46478873239436624,0.5594713656387665,0.8714285714285713,WNW,0.3194444444444444,WNW,ENE,0.537037037037037,0.42105263157894735,0.22222222222222215,0.3055555555555555,0.4355300859598863,0.845714285714287,0.375,0.375,0.5317460317460319,0.4208754208754209,No,0.9,0.36444444444444446,0.4225806451612903,No
275,W0276,2017-10-24,Townsville,0.585774058577406,0.5286195286195285,0.46478873239436624,0.7312775330396477,0.4714285714285714,SSE,0.4305555555555555,SSW,WNW,0.1111111111111111,0.45614035087719296,0.14814814814814814,0.4351851851851851,0.8882521489971325,0.7771428571428594,0.0,0.5,0.6666666666666667,0.4781144781144781,No,0.0,0.22000000000000003,0.5322580645161291,No
276,W0277,2022-12-20,Darwin,0.7112970711297073,0.6363636363636362,0.38028169014084506,0.5859030837004405,0.40714285714285714,ESE,0.4861111111111111,ENE,WSW,0.5740740740740741,0.6491228070175439,0.6049382716049383,0.6944444444444444,0.6066715415974961,0.47714285714285865,1.0,0.75,0.6349206349206349,0.5589225589225588,Yes,0.4,0.7844444444444444,0.7709677419354839,Yes
277,W0278,2020-07-12,Adelaide,0.3556485355648536,0.6296296296296295,0.40845070422535207,0.9955947136563879,0.5642857142857143,ENE,0.375,WSW,NNW,0.4629629629629629,0.2807017543859649,0.024691358024691357,0.4444444444444444,0.6532951289398277,0.47428571428571686,0.625,0.375,0.5,0.505050505050505,No,0.30000000000000004,0.017777777777777767,0.4419354838709677,No
278,W0279,2015-02-24,Canberra,0.15899581589958162,0.21548821548821545,0.2394366197183099,0.5991189427312775,0.8142857142857143,NW,0.19444444444444442,SSE,NNE,0.2962962962962963,0.45614035087719296,0.5308641975308641,0.537037037037037,0.8710601719197726,0.5428571428571445,0.5,0.375,0.16666666666666669,0.20875420875420875,No,0.7000000000000001,0.84,0.29032258064516125,No
279,W0280,29/10/2018,Darwin,0.7782426778242679,0.8047138047138047,0.46478873239436624,0.4889867841409692,0.5888157894736842,ESE,0.3333333333333333,SW,NW,0.12962962962962962,0.2982456140350877,0.43209876543209874,0.4351851851851851,0.4613180515759332,0.620000000000001,0.0,0.375,0.7142857142857142,0.8316498316498318,No,0.6000000000000001,0.09999999999999999,0.5806451612903226,No
280,W0281,06/09/2017,Townsville,0.6108786610878663,0.5723905723905724,0.028169014084507046,0.49339207048458156,0.3571428571428571,WNW,0.0,ENE,WSW,0.0,0.43859649122807015,0.48148148148148145,0.4907407407407407,0.7908309455587421,0.44285714285714306,0.375,0.375,0.6468253968253967,0.5488215488215489,No,0.4,0.5333333333333333,0.47066035780893833,No
281,W0282,2021-04-17,Newcastle,0.3556485355648536,0.48148148148148145,0.5915492957746479,0.9955947136563879,0.8642857142857142,WNW,0.3194444444444444,N,WSW,0.14814814814814814,0.6140350877192982,0.43209876543209874,0.2407407407407407,0.4613180515759332,0.9942857142857129,0.625,0.25,0.4325396825396826,0.4848484848484848,No,0.1,0.00888888888888889,0.4774193548387096,No
282,W0283,2019-07-06,Brisbane,0.5606694560669456,0.5185185185185184,0.6338028169014085,0.6607929515418502,0.5499999999999999,WNW,0.3194444444444444,SSE,E,0.5555555555555556,0.3157894736842105,0.4938271604938272,0.27777777777777773,0.7908309455587421,0.9885714285714258,0.375,0.625,0.6150793650793651,0.43097643097643096,No,0.6000000000000001,0.4511111111111112,0.6064516129032259,No
283,W0284,2019-06-04,Hobart,0.18410041841004188,0.4478114478114478,0.38028169014084506,0.6607929515418502,0.8642857142857142,W,0.125,ESE,SE,0.4074074074074074,0.6140350877192982,0.16049382716049382,0.4259259259259259,0.6066715415974961,0.4314285714285724,0.0,0.375,0.27777777777777773,0.42424242424242414,No,0.9,0.4911111111111112,0.3709677419354839,No
284,W0285,2018-03-04,Darwin,0.6820083682008369,0.771043771043771,0.07042253521126762,0.9911894273127755,0.8571428571428571,SSE,0.5833333333333333,W,S,0.0,0.5789473684210527,0.13580246913580246,0.32407407407407407,0.7020057306590282,0.7457142857142856,0.375,0.25,0.7777777777777777,0.8181818181818181,No,0.6000000000000001,0.3177777777777778,0.7548387096774194,No
285,W0286,2020-06-14,Canberra,0.18828451882845193,0.40404040404040403,0.4225352112676056,0.5418502202643172,0.2642857142857143,NW,0.40645604395604396,ESE,WNW,0.537037037037037,0.45614035087719296,0.38271604938271603,0.9259259259259258,0.6066715415974961,0.6157142857142865,1.0,1.0,0.37301587301587297,0.28619528619528617,Yes,0.6000000000000001,0.9022222222222223,0.3838709677419354,Yes
286,W0287,2019-06-14,Newcastle,0.393305439330544,0.4074074074074073,0.40845070422535207,0.5594713656387665,0.5888157894736842,NE,0.1388888888888889,WSW,SSE,0.2037037037037037,0.5438596491228069,0.419753086419753,0.37037037037037035,0.4813753581661899,0.7571428571428562,0.375,0.25,0.36507936507936506,0.38720538720538716,No,0.4,0.6155555555555556,0.47096774193548385,No
287,W0288,2021-04-01,Wollongong,0.2677824267782427,0.30976430976430974,0.49295774647887325,0.3744493392070485,0.5,SE,0.5833333333333333,E,N,0.24074074074074073,0.19298245614035087,0.30864197530864196,0.5555555555555555,0.8366762177650422,0.6157142857142865,0.0,0.5,0.25,0.3063973063973063,No,0.4,0.47333333333333333,0.2161290322580645,No
288,W0289,2022-11-11,Brisbane,0.45606694560669464,0.7373737373737375,0.5070422535211268,0.894273127753304,0.8142857142857143,ENE,0.16666666666666666,ENE,SW,0.2962962962962963,0.38596491228070173,0.1728395061728395,0.32407407407407407,0.8022922636103154,0.5371428571428574,0.125,0.375,0.6785714285714286,0.5353535353535352,Yes,0.5000000000000001,0.23111111111111116,0.632258064516129,No
289,W0290,2022-03-13,Hobart,0.03765690376569039,0.11111111111111105,0.08450704225352113,0.7709251101321587,0.7071428571428571,NE,0.4861111111111111,S,NW,0.3333333333333333,0.49122807017543857,0.3333333333333333,0.6388888888888888,0.6361031518624642,0.5971428571428561,0.0,0.5,0.12301587301587302,0.1515151515151515,No,0.8,0.6555555555555556,0.18387096774193548,No
290,W0291,2017-02-18,Perth,0.5062761506276152,0.6969696969696968,0.08450704225352113,0.4405286343612335,0.8642857142857142,S,0.1388888888888889,NE,W,0.4074074074074074,0.49122807017543857,0.4567901234567901,0.5925925925925926,0.8968481375358195,0.46000000000000085,0.25,0.125,0.5912698412698414,0.7104377104377104,No,0.30000000000000004,0.6933333333333334,0.6516129032258065,No
291,W0292,2019-03-16,Cairns,0.8577405857740588,0.6464646464646464,0.43661971830985913,0.6651982378854626,0.5928571428571427,N,0.2222222222222222,SSE,NNW,0.037037037037037035,0.19298245614035087,0.07407407407407407,0.38888888888888884,0.6045845272206343,0.7971428571428554,0.375,0.0,0.7896825396825398,0.6565656565656566,No,0.4,0.5488888888888889,0.9258064516129032,No
292,W0293,2018-10-23,Perth,0.3514644351464436,0.7037037037037035,0.676056338028169,0.8810572687224671,0.8285714285714285,ESE,0.1388888888888889,NNE,NNW,0.31481481481481477,0.38596491228070173,0.012345679012345678,0.3055555555555555,0.4613180515759332,0.7028571428571446,0.625,0.375,0.6388888888888888,0.6565656565656566,No,0.0,0.8488888888888889,0.5548387096774193,No
293,W0294,2022-06-21,Darwin,0.7824267782426779,0.6599326599326598,0.15492957746478875,0.5638766519823789,0.6499999999999999,E,0.5138888888888888,SE,WSW,0.4444444444444444,0.3684210526315789,0.25925925925925924,0.4907407407407407,0.9025787965616026,0.6157142857142865,0.375,0.375,0.8134920634920635,0.6599326599326598,No,1.0,0.39111111111111113,0.47066035780893833,No
294,W0295,2020-05-15,Darwin,0.9330543933054394,0.7575757575757573,0.38028169014084506,0.6916299559471366,0.4285714285714285,W,0.40645604395604396,NE,W,0.38888888888888884,0.45614035087719296,0.8888888888888888,0.8333333333333333,0.6066715415974961,0.562857142857144,0.625,0.625,0.873015873015873,0.7575757575757576,Yes,0.7000000000000001,0.4822222222222223,0.7290322580645161,Yes
295,W0296,2017-11-29,Wollongong,0.4225941422594142,0.3905723905723905,0.352112676056338,0.8193832599118944,0.41428571428571426,SSW,0.625,S,SSW,0.42592592592592593,0.2631578947368421,0.9012345679012346,0.7592592592592592,0.060171919770777293,0.4285714285714306,0.5,0.875,0.380952380952381,0.31649831649831645,Yes,0.4,0.004444444444444445,0.3225806451612903,Yes
296,W0297,2019-10-09,Wollongong,0.3389121338912134,0.32996632996632996,0.2535211267605634,0.5903083700440529,0.6071428571428571,NE,0.38888888888888884,E,S,0.09259259259259259,0.07017543859649122,0.22222222222222215,0.25925925925925924,0.6131805157593142,0.6142857142857139,0.625,0.375,0.34126984126984133,0.37373737373737365,No,1.0,0.6022222222222222,0.2967741935483871,No
297,W0298,2019-09-19,Canberra,0.2008368200836821,0.20875420875420875,0.07042253521126762,0.709251101321586,0.8428571428571429,ESE,0.3333333333333333,NE,NNW,0.18518518518518517,0.5087719298245614,0.5555555555555556,0.45370370370370366,0.6504297994269344,0.4828571428571422,0.375,0.25,0.15873015873015867,0.24242424242424238,Yes,0.7000000000000001,0.07555555555555556,0.4225806451612903,No
298,W0299,2018-05-30,Adelaide,0.47698744769874485,0.6026936026936027,0.3943661971830986,0.4757709251101322,0.9714285714285713,W,0.375,E,S,0.38888888888888884,0.5789473684210527,0.3333333333333333,0.4907407407407407,0.9312320916905428,0.6228571428571428,0.625,0.25,0.43650793650793646,0.5218855218855218,No,0.30000000000000004,0.15555555555555556,0.48064516129032253,No
299,W0300,2020-11-23,Adelaide,0.4058577405857741,0.2929292929292929,0.43661971830985913,0.6607929515418502,0.5888157894736842,NE,0.16666666666666666,N,ESE,0.31481481481481477,0.3684210526315789,0.5185185185185184,0.6481481481481481,0.7908309455587421,0.6000000000000014,0.125,0.25,0.38492063492063494,0.2996632996632996,No,0.6000000000000001,0.98,0.4387096774193548,No
300,W0301,2018-01-02,Adelaide,0.23430962343096234,0.4478114478114478,0.028169014084507046,0.4361233480176212,0.9214285714285714,ENE,0.2222222222222222,N,ESE,0.07407407407407407,0.5614035087719298,0.27160493827160487,0.38888888888888884,0.47277936962751,0.5314285714285738,0.25,0.125,0.28968253968253965,0.4781144781144781,No,0.20000000000000004,0.13111111111111112,0.45483870967741935,No
301,W0302,2015-10-29,Brisbane,0.6192468619246863,0.4276094276094276,0.2676056338028169,0.8458149779735684,0.5642857142857143,WNW,0.2777777777777778,WNW,NNE,0.4074074074074074,0.47368421052631576,0.5061728395061729,0.6388888888888888,0.6066715415974961,0.8599999999999994,0.125,0.5,0.6190476190476191,0.44444444444444436,No,0.30000000000000004,0.11555555555555554,0.45483870967741935,No
302,W0303,2022-02-21,Canberra,0.0460251046025105,0.31649831649831645,0.028169014084507046,0.722466960352423,0.4928571428571429,ENE,0.19444444444444442,SE,E,0.48148148148148145,0.15789473684210525,0.07407407407407407,0.611111111111111,0.7593123209169086,0.4942857142857129,0.375,0.625,0.18253968253968256,0.12457912457912451,No,0.9,0.6577777777777778,0.01935483870967742,No
303,W0304,2016-06-06,Perth,0.5146443514644352,0.5353535353535352,0.15492957746478875,0.9779735682819384,0.6785714285714285,WSW,0.29166666666666663,NNW,SW,0.35185185185185186,0.10526315789473684,0.06172839506172839,0.5648148148148148,0.9799426934097433,0.9800000000000004,0.5,0.0,0.5357142857142856,0.5488215488215489,No,0.1,0.32888888888888895,0.5709677419354838,No
304,W0305,2020-03-23,Wollongong,0.48117154811715485,0.3131313131313131,0.352112676056338,0.775330396475771,0.11428571428571427,E,0.9722222222222222,ESE,NNE,0.48148148148148145,0.5789473684210527,0.7407407407407407,0.7037037037037036,0.10888252148997069,0.5228571428571414,0.5,1.0,0.43650793650793646,0.2996632996632996,No,0.8,0.13111111111111112,0.3387096774193548,Yes
305,W0306,2018-06-30,Canberra,0.25941422594142266,0.3636363636363636,0.9577464788732395,0.947136563876652,0.3,WNW,0.4444444444444444,ENE,WSW,0.9444444444444444,0.3157894736842105,0.8024691358024691,0.8888888888888888,0.01719197707736697,0.12285714285714278,1.0,0.5,0.3888888888888889,0.35353535353535354,No,0.6000000000000001,0.7466666666666667,0.2161290322580645,Yes
306,W0307,28/02/2015,Hobart,0.054393305439330575,0.3703703703703704,0.6338028169014085,0.6607929515418502,0.9857142857142857,SE,0.1388888888888889,ENE,WSW,0.2222222222222222,0.3508771929824561,0.5432098765432098,0.25,0.647564469914041,0.514285714285716,0.375,0.375,0.011904761904761918,0.3198653198653198,Yes,0.8,0.4644444444444445,0.02580645161290323,No
307,W0308,2020-07-11,Wollongong,0.45606694560669464,0.38047138047138046,0.352112676056338,0.5550660792951543,0.3214285714285714,SW,0.5972222222222222,E,WNW,0.6296296296296295,0.5438596491228069,0.691358024691358,0.9259259259259258,0.11747851002865417,0.6157142857142865,1.0,0.5,0.4404761904761905,0.3771043771043771,Yes,0.20000000000000004,0.23555555555555557,0.47066035780893833,Yes
308,W0309,2017-01-14,Wollongong,0.30543933054393313,0.34680134680134683,0.43661971830985913,0.8325991189427313,0.5071428571428571,NNE,0.19444444444444442,SSW,E,0.3333333333333333,0.17543859649122806,0.39506172839506176,0.2222222222222222,0.47277936962751,0.5542857142857152,0.375,0.625,0.3531746031746031,0.3703703703703703,No,0.1,0.7044444444444445,0.3548387096774193,No
309,W0310,07/04/2022,Townsville,0.6861924686192469,0.6161616161616161,0.352112676056338,0.6828193832599119,0.24285714285714283,S,0.40645604395604396,NE,S,0.9629629629629629,0.49122807017543857,0.5308641975308641,0.4907407407407407,0.5243553008596002,0.4800000000000004,0.625,0.375,0.6507936507936509,0.6632996632996633,No,0.9,0.5177777777777778,0.6612903225806452,Yes
310,W0311,2022-06-25,Melbourne,0.3012552301255231,0.36026936026936024,0.14084507042253522,0.8986784140969164,0.5428571428571428,W,0.5972222222222222,W,ESE,0.2777777777777778,0.22807017543859648,0.4444444444444445,0.39814814814814814,0.47851002865329306,0.5542857142857152,0.375,0.375,0.3968253968253968,0.3703703703703703,No,1.0,0.16888888888888892,0.22580645161290322,No
311,W0312,2022-12-06,Sydney,0.3682008368200838,0.5084175084175082,0.4788732394366197,0.32158590308370044,0.6714285714285714,NNE,0.40645604395604396,NE,WSW,0.5,0.5789473684210527,0.38271604938271603,0.34259259259259256,0.49283667621776317,0.5742857142857147,0.125,0.25,0.4246031746031746,0.5117845117845117,No,0.9,0.06222222222222222,0.2967741935483871,No
312,W0313,2019-05-08,Newcastle,0.3598326359832636,0.5622895622895623,0.647887323943662,0.9339207048458151,0.4642857142857143,N,0.3194444444444444,SW,ENE,0.25925925925925924,0.3684210526315789,0.30864197530864196,0.4259259259259259,0.8452722063037221,0.46857142857142975,0.0,0.125,0.42857142857142855,0.5252525252525251,Yes,0.9,0.5533333333333332,0.5161290322580645,No
313,W0314,2020-11-23,Wollongong,0.25523012552301255,0.36700336700336694,0.6619718309859155,0.6740088105726872,0.5499999999999999,SW,0.2222222222222222,SW,N,0.4629629629629629,0.5964912280701754,0.48148148148148145,0.611111111111111,0.5501432664756436,0.6828571428571415,0.375,0.375,0.369047619047619,0.3198653198653198,No,0.8,0.8977777777777778,0.1967741935483871,No
314,W0315,2021-05-07,Townsville,0.7071129707112971,0.7205387205387204,0.028169014084507046,0.4537444933920705,0.907142857142857,NE,0.3055555555555555,SSE,E,0.5185185185185185,0.5964912280701754,0.3209876543209876,0.28703703703703703,0.6418338108882544,0.8285714285714292,0.0,0.0,0.7857142857142856,0.6026936026936025,No,0.0,0.37555555555555553,0.7741935483870968,No
315,W0316,2018-09-13,Adelaide,0.2887029288702929,0.6228956228956228,0.38028169014084506,0.43171806167400884,0.5888157894736842,S,0.5138888888888888,NE,ENE,0.5185185185185185,0.08771929824561403,0.4074074074074074,0.25925925925925924,0.647564469914041,0.7057142857142864,0.25,0.0,0.5158730158730158,0.4983164983164983,No,0.9,0.055555555555555566,0.4419354838709677,No
316,W0317,2015-01-19,Townsville,0.7029288702928871,0.7104377104377102,0.36619718309859156,0.9559471365638768,0.8857142857142857,SSE,0.5277777777777778,NNW,E,0.5555555555555556,0.3684210526315789,0.35802469135802467,0.41666666666666663,0.6066715415974961,0.6514285714285712,0.125,0.5,0.8095238095238095,0.7272727272727273,Yes,0.30000000000000004,0.9488888888888889,0.7870967741935484,No
317,W0318,2019-02-09,Cairns,0.6861924686192469,0.8417508417508415,0.09859154929577466,0.3876651982378855,0.7428571428571428,W,0.3055555555555555,NNE,NNE,0.2037037037037037,0.49122807017543857,0.34567901234567905,0.23148148148148145,0.6704871060171946,0.8142857142857132,0.0,0.625,0.8055555555555556,0.8518518518518519,No,0.8,0.648888888888889,0.7322580645161291,No
318,W0319,2017-09-27,Sydney,0.29288702928870297,0.5185185185185184,0.2816901408450704,0.49339207048458156,0.8714285714285713,WSW,0.5555555555555556,NNW,N,0.12962962962962962,0.2807017543859649,0.4691358024691357,0.5740740740740741,0.736389684813755,0.8628571428571448,0.375,0.25,0.5198412698412698,0.45117845117845107,Yes,0.1,0.26222222222222225,0.28387096774193543,No
319,W0320,2021-12-29,Brisbane,0.5397489539748954,0.48821548821548816,0.352112676056338,0.6123348017621146,0.19999999999999998,NE,0.8888888888888888,S,NNE,0.537037037037037,0.8596491228070176,0.728395061728395,0.5555555555555555,0.06590257879656036,0.4828571428571422,0.875,0.375,0.47222222222222227,0.45454545454545453,Yes,0.6000000000000001,0.58,0.635483870967742,Yes
320,W0321,2019-01-06,Cairns,0.7573221757322177,0.67003367003367,0.028169014084507046,0.6607929515418502,0.3857142857142857,NE,0.19444444444444442,ESE,ESE,0.42592592592592593,0.017543859649122806,0.04938271604938271,0.2407407407407407,0.4584527220630399,0.9628571428571462,0.125,0.125,0.746031746031746,0.6228956228956228,No,0.5000000000000001,0.5044444444444444,0.8483870967741935,No
321,W0322,2022-03-31,Adelaide,0.4142259414225942,0.26599326599326595,0.1971830985915493,0.6607929515418502,0.7428571428571428,NNW,0.5,NW,WNW,0.3333333333333333,0.5263157894736842,0.4074074074074074,0.38888888888888884,0.9426934097421231,0.9028571428571404,0.375,0.375,0.369047619047619,0.31649831649831645,Yes,0.1,0.020000000000000004,0.39677419354838706,No
322,W0323,2022-06-18,Brisbane,0.4435146443514644,0.7676767676767675,0.2535211267605634,0.6607929515418502,0.9142857142857143,E,0.125,WSW,SSW,0.1111111111111111,0.24561403508771928,0.1728395061728395,0.4444444444444444,0.561604584527224,0.7571428571428562,0.625,0.375,0.5396825396825398,0.808080808080808,Yes,0.4,0.08444444444444445,0.6129032258064516,No
323,W0324,2016-05-02,Newcastle,0.4435146443514644,0.5387205387205387,0.5352112676056339,0.9823788546255507,0.20714285714285713,NE,0.75,SE,SE,0.7777777777777777,0.7017543859649122,0.7407407407407407,0.75,0.5100286532951301,0.26285714285714334,0.375,0.75,0.5119047619047619,0.542087542087542,Yes,1.0,0.08666666666666668,0.47066035780893833,Yes
324,W0325,2021-12-14,Newcastle,0.3640167364016737,0.34680134680134683,0.7042253521126761,0.6607929515418502,0.7714285714285715,S,0.5138888888888888,E,SE,0.12962962962962962,0.5789473684210527,0.2345679012345679,0.3796296296296296,0.9398280802292298,0.6157142857142865,0.0,0.625,0.3611111111111111,0.2895622895622894,No,0.30000000000000004,0.5977777777777777,0.332258064516129,Yes
325,W0326,2017-02-18,Cairns,0.8619246861924688,0.7508417508417509,0.40845070422535207,0.8105726872246697,0.6428571428571428,SSW,0.4583333333333333,NNE,S,0.2222222222222222,0.47368421052631576,0.5308641975308641,0.25925925925925924,0.9484240687679097,0.7942857142857136,0.375,0.375,0.7817460317460316,0.8013468013468015,Yes,1.0,0.2555555555555556,0.7258064516129032,No
326,W0327,2016-02-09,Hobart,0.08786610878661094,0.40067340067340057,0.4225352112676056,0.7709251101321587,0.5888157894736842,NNW,0.9305555555555555,NNW,SW,0.9444444444444444,0.43859649122807015,0.6296296296296295,0.8703703703703703,0.6066715415974961,0.14571428571428768,0.75,0.625,0.10317460317460314,0.41750841750841744,Yes,1.0,0.048888888888888885,0.0903225806451613,Yes
327,W0328,2022-01-08,Cairns,0.6903765690376571,0.8484848484848484,0.15492957746478875,0.8281938325991189,0.5142857142857142,SW,0.5555555555555556,SSE,NNE,0.07407407407407407,0.03508771929824561,0.4444444444444445,0.537037037037037,0.9799426934097433,0.9885714285714258,0.5,0.375,0.626984126984127,0.8215488215488216,No,0.30000000000000004,0.5355555555555556,0.49999999999999994,No
328,W0329,2018-04-04,Melbourne,0.28033472803347287,0.441077441077441,0.2676056338028169,0.6607929515418502,0.5888157894736842,SSW,0.5,ENE,ESE,0.12962962962962962,0.05263157894736842,0.14814814814814814,0.45370370370370366,0.49856733524355334,0.8628571428571448,0.125,0.375,0.3769841269841269,0.30303030303030304,No,0.8,0.9733333333333332,0.47419354838709676,No
329,W0330,2020-05-18,Cairns,0.7949790794979081,0.771043771043771,0.08450704225352113,0.5110132158590308,0.44999999999999996,NW,0.20833333333333331,WSW,ESE,0.35185185185185186,0.19298245614035087,0.2839506172839506,0.537037037037037,0.4498567335243564,0.7171428571428571,0.0,0.125,0.726190476190476,0.7643097643097643,Yes,1.0,0.9244444444444444,0.735483870967742,No
330,W0331,2020-07-27,Adelaide,0.3849372384937239,0.30976430976430974,0.3943661971830986,0.43171806167400884,0.5642857142857143,ENE,0.3333333333333333,NNE,E,0.018518518518518517,0.2982456140350877,0.1111111111111111,0.2685185185185185,0.5959885386819472,0.9114285714285728,0.625,0.125,0.4325396825396826,0.2693602693602693,No,0.7000000000000001,0.7177777777777777,0.3548387096774193,No
331,W0332,2016-03-26,Hobart,0.09623430962343099,0.1548821548821549,0.3943661971830986,0.920704845814978,0.5888157894736842,NNW,0.5694444444444444,SW,E,0.38888888888888884,0.3333333333333333,0.4691358024691357,0.3055555555555555,0.4641833810888265,0.8857142857142861,0.125,0.0,0.20238095238095238,0.14478114478114473,No,0.1,0.4911111111111112,0.22580645161290322,Yes
332,W0333,2018-07-29,Canberra,0.2468619246861925,0.45117845117845107,0.1971830985915493,0.9955947136563879,0.41428571428571426,E,0.4722222222222222,ESE,W,0.25925925925925924,0.3684210526315789,0.419753086419753,0.5555555555555555,0.5673352435530106,0.5028571428571453,0.5,0.125,0.3253968253968254,0.3198653198653198,No,0.9,0.4155555555555555,0.15483870967741933,No
333,W0334,2017-05-22,Sydney,0.3138075313807532,0.3636363636363636,0.6619718309859155,0.3656387665198238,0.7642857142857141,SE,0.40277777777777773,W,E,0.05555555555555555,0.2982456140350877,0.3333333333333333,0.5925925925925926,0.6704871060171946,0.7342857142857149,0.125,0.25,0.36507936507936506,0.2693602693602693,No,0.7000000000000001,0.2555555555555556,0.39999999999999997,No
334,W0335,2019-08-04,Newcastle,0.43933054393305443,0.5791245791245792,0.7042253521126761,0.9911894273127755,0.9999999999999999,ENE,0.611111111111111,NNW,E,0.25925925925925924,0.0,0.07407407407407407,0.4907407407407407,0.6934097421203447,0.8571428571428577,0.375,0.0,0.38492063492063494,0.44444444444444436,No,0.5000000000000001,0.13555555555555554,0.39354838709677414,No
335,W0336,2018-05-08,Townsville,0.7740585774058579,0.6363636363636362,0.352112676056338,0.48017621145374456,0.2785714285714286,NE,0.9166666666666666,NW,ESE,0.4074074074074074,0.3684210526315789,0.691358024691358,0.5648148148148148,0.4355300859598863,0.06857142857142762,0.875,0.375,0.7579365079365079,0.6565656565656566,No,0.9,0.26222222222222225,0.664516129032258,Yes
336,W0337,2018-06-10,Townsville,0.7991631799163181,0.6228956228956228,0.09859154929577466,0.8810572687224671,0.5888157894736842,NW,0.18055555555555555,WNW,W,0.09259259259259259,0.03508771929824561,0.5061728395061729,0.4629629629629629,0.9025787965616026,0.5742857142857147,0.0,0.375,0.7896825396825398,0.6565656565656566,No,0.9,0.08222222222222221,0.47066035780893833,No
337,W0338,2016-01-25,Darwin,0.7238493723849373,0.9057239057239057,0.5915492957746479,0.6563876651982379,0.6285714285714284,NNE,0.18055555555555555,SW,E,0.09259259259259259,0.14035087719298245,0.29629629629629634,0.4351851851851851,0.9025787965616026,0.4314285714285724,0.25,0.5,0.8690476190476191,0.7508417508417509,No,0.6000000000000001,0.39777777777777773,0.7451612903225806,No
338,W0339,2018-04-18,Sydney,0.43933054393305443,0.44444444444444436,0.38028169014084506,0.5638766519823789,0.557142857142857,NNE,0.16666666666666666,SSW,SW,0.37037037037037035,0.5964912280701754,0.1975308641975309,0.38888888888888884,0.8595988538681922,0.6457142857142877,0.0,0.375,0.40873015873015867,0.3838383838383838,No,0.1,0.9022222222222223,0.47066035780893833,No
339,W0340,2015-07-17,Sydney,0.3556485355648536,0.5555555555555556,0.11267605633802816,0.37885462555066085,0.6285714285714284,WSW,0.3194444444444444,SSW,SW,0.05555555555555555,0.49122807017543857,0.35802469135802467,0.5740740740740741,0.6189111747851044,0.47714285714285865,0.375,0.0,0.5396825396825398,0.4343434343434343,Yes,0.4,0.39777777777777773,0.30322580645161284,No
340,W0341,2019-01-25,Newcastle,0.3765690376569038,0.46801346801346794,0.4788732394366197,0.7048458149779737,0.48571428571428565,WNW,0.4305555555555555,N,E,0.42592592592592593,0.47368421052631576,0.0,0.20370370370370366,0.6066715415974961,0.7028571428571446,0.625,0.625,0.4325396825396826,0.39730639730639733,No,0.6000000000000001,0.9088888888888889,0.5225806451612903,No
341,W0342,2022-07-24,Canberra,0.16736401673640172,0.3333333333333333,0.2816901408450704,0.6255506607929515,0.3857142857142857,SE,0.5277777777777778,W,SE,0.2962962962962963,0.24561403508771928,0.2345679012345679,0.4629629629629629,0.7191977077363916,0.5085714285714289,0.125,0.125,0.16666666666666669,0.18181818181818177,Yes,0.20000000000000004,0.6733333333333332,0.16129032258064516,No
342,W0343,2017-12-23,Darwin,0.7531380753138077,0.7777777777777777,0.38028169014084506,0.39647577092511016,0.3,SSE,0.6805555555555555,W,SE,0.37037037037037035,0.7719298245614035,0.8765432098765431,0.5648148148148148,0.22922636103152172,0.37428571428571544,0.5,1.0,0.726190476190476,0.6565656565656566,No,0.4,0.46888888888888897,0.7290322580645161,Yes
343,W0344,2020-10-13,Perth,0.47280334728033485,0.6666666666666665,0.5352112676056339,0.7048458149779737,0.5428571428571428,E,0.4861111111111111,ESE,NW,0.2222222222222222,0.10526315789473684,0.1111111111111111,0.5833333333333333,0.8280802292263623,0.6114285714285721,0.625,0.625,0.6428571428571428,0.5656565656565657,Yes,0.4,0.13111111111111112,0.6419354838709678,No
344,W0345,2022-05-11,Cairns,0.8451882845188285,0.8787878787878787,0.4225352112676056,0.6343612334801763,0.6071428571428571,NNW,0.611111111111111,SW,SSE,0.35185185185185186,0.5263157894736842,0.22222222222222215,0.27777777777777773,0.47277936962751,0.6157142857142865,0.5,0.125,0.9682539682539684,0.8316498316498318,No,0.7000000000000001,0.3311111111111111,0.47066035780893833,No
345,W0346,2017-04-12,Perth,0.5271966527196654,0.39730639730639733,0.4225352112676056,0.5242290748898679,0.5888157894736842,WNW,0.40645604395604396,NNW,ENE,0.31481481481481477,0.631578947368421,0.8641975308641974,0.6296296296296295,0.12893982808023097,0.3371428571428545,0.75,0.75,0.5119047619047619,0.43097643097643096,No,0.6000000000000001,0.5599999999999999,0.5645161290322581,Yes
346,W0347,2017-12-26,Sydney,0.2887029288702929,0.6161616161616161,0.676056338028169,0.6607929515418502,0.7999999999999998,NE,0.18055555555555555,WSW,E,0.35185185185185186,0.2807017543859649,0.14814814814814814,0.28703703703703703,0.6590257879656178,0.9714285714285715,0.25,0.0,0.4603174603174603,0.46127946127946123,Yes,0.7000000000000001,0.13555555555555554,0.3838709677419354,No
347,W0348,2019-08-03,Melbourne,0.389121338912134,0.42424242424242414,0.647887323943662,0.6519823788546255,0.557142857142857,WSW,0.3472222222222222,E,ESE,0.18518518518518517,0.2982456140350877,0.5185185185185184,0.23148148148148145,0.6066715415974961,0.7171428571428571,0.5,0.5,0.33730158730158727,0.34006734006734,No,0.9,0.2777777777777778,0.4032258064516129,No
348,W0349,2017-02-19,Brisbane,0.48117154811715485,0.7373737373737375,0.2816901408450704,0.37004405286343617,0.37857142857142856,NE,0.5138888888888888,N,S,0.42592592592592593,0.14035087719298245,0.18518518518518517,0.28703703703703703,0.7851002865329519,0.9714285714285715,0.375,0.0,0.6507936507936509,0.6094276094276094,No,0.0,0.028888888888888895,0.567741935483871,No
349,W0350,2016-02-16,Brisbane,0.43096234309623443,0.5488215488215489,0.07042253521126762,0.5374449339207049,0.9428571428571427,W,0.4444444444444444,WSW,SSW,0.31481481481481477,0.07017543859649122,0.06172839506172839,0.27777777777777773,0.4899713467048734,0.8657142857142865,0.125,0.125,0.3888888888888889,0.44444444444444436,No,0.4,0.6977777777777777,0.3677419354838709,No
350,W0351,2018-01-27,Perth,0.43514644351464443,0.41750841750841744,0.29577464788732394,0.3612334801762115,0.5888157894736842,SSE,0.16666666666666666,ESE,E,0.48148148148148145,0.43859649122807015,0.5061728395061729,0.27777777777777773,0.455587392550143,0.9028571428571404,0.375,0.0,0.44444444444444436,0.3905723905723905,No,0.8,0.43777777777777777,0.4225806451612903,No
351,W0352,2016-10-02,Adelaide,0.2887029288702929,0.5454545454545454,0.38028169014084506,0.9823788546255507,0.9928571428571428,NE,0.19444444444444442,ESE,SW,0.38888888888888884,0.5438596491228069,0.4074074074074074,0.25925925925925924,0.4670487106017198,0.6514285714285712,0.5,0.25,0.4761904761904761,0.45117845117845107,No,0.0,0.6755555555555555,0.3354838709677419,No
352,W0353,2018-12-18,Cairns,0.7280334728033473,0.9057239057239057,0.11267605633802816,0.4713656387665198,0.9785714285714284,NE,0.5,NE,NE,0.25925925925925924,0.3157894736842105,0.07407407407407407,0.25925925925925924,0.7249283667621782,0.45428571428571374,0.5,0.375,0.8531746031746033,0.8888888888888891,No,0.30000000000000004,0.8155555555555556,0.5645161290322581,No
353,W0354,2022-02-12,Hobart,0.25523012552301255,0.19865319865319858,0.6338028169014085,0.5110132158590308,0.7428571428571428,E,0.25,SSW,E,0.35185185185185186,0.2807017543859649,0.5308641975308641,0.9999999999999999,0.6066715415974961,0.9314285714285688,0.0,0.125,0.19841269841269837,0.18181818181818177,No,0.6000000000000001,0.6333333333333333,0.4064516129032258,No
354,W0355,2015-08-29,Sydney,0.43933054393305443,0.6026936026936027,0.07042253521126762,0.7312775330396477,0.8999999999999999,SE,0.5416666666666666,NNW,ENE,0.14814814814814814,0.6140350877192982,0.08641975308641975,0.5092592592592592,0.432664756446993,0.7485714285714309,0.5,0.0,0.4682539682539682,0.505050505050505,No,0.30000000000000004,0.9688888888888889,0.5322580645161291,No
355,W0356,2019-09-27,Cairns,0.8200836820083683,0.6767676767676767,0.4507042253521127,0.48017621145374456,0.9642857142857142,151,0.2638888888888889,SSE,S,0.2222222222222222,0.38596491228070173,0.1111111111111111,0.18518518518518517,0.9742120343839531,0.831428571428571,0.625,0.375,0.7896825396825398,0.632996632996633,No,0.0,0.7755555555555556,0.7548387096774194,No
356,W0357,2022-07-06,Perth,0.5146443514644352,0.5622895622895623,0.323943661971831,0.4625550660792952,0.657142857142857,SW,0.19444444444444442,SSE,W,0.31481481481481477,0.5263157894736842,0.08641975308641975,0.4907407407407407,0.9570200573065932,0.5742857142857147,0.125,0.0,0.45634920634920634,0.48821548821548816,No,0.1,0.8866666666666666,0.6387096774193549,No
357,W0358,2016-12-16,Canberra,0.07531380753138078,0.3198653198653198,1.0,0.709251101321586,0.19999999999999998,ESE,0.40645604395604396,S,NW,0.2962962962962963,0.5438596491228069,0.9012345679012346,0.8981481481481481,0.3180515759312357,0.49142857142857466,0.875,0.625,0.2182539682539682,0.3569023569023568,Yes,0.8,0.7422222222222222,0.13548387096774192,Yes
358,W0359,2018-05-22,Hobart,0.21757322175732224,0.14478114478114473,0.6197183098591549,0.5154185022026432,0.657142857142857,SSE,0.5555555555555556,SSW,ESE,0.09259259259259259,0.3157894736842105,0.5185185185185184,0.5462962962962963,0.6848137535816647,0.7085714285714282,0.375,0.375,0.1746031746031746,0.175084175084175,No,0.5000000000000001,0.27111111111111114,0.26129032258064516,No
359,W0360,2018-03-23,Hobart,0.10041841004184104,0.1683501683501683,0.4225352112676056,0.6828193832599119,0.7999999999999998,SSE,0.3472222222222222,WSW,W,0.16666666666666666,0.19298245614035087,0.4444444444444445,0.0,0.6066715415974961,0.7542857142857144,0.125,0.25,0.07936507936507936,0.1077441077441077,Yes,0.20000000000000004,0.06444444444444446,0.18387096774193548,No
360,W0361,2021-08-23,Brisbane,0.49790794979079506,0.6632996632996633,0.352112676056338,0.6211453744493393,0.6,NW,0.3333333333333333,SSE,SSE,0.4444444444444444,0.5438596491228069,0.5185185185185184,0.32407407407407407,0.8796561604584525,0.6157142857142865,0.375,0.25,0.5992063492063493,0.6228956228956228,Yes,0.7000000000000001,0.11555555555555554,0.3548387096774193,No
361,W0362,2022-02-08,Perth,0.5230125523012554,0.6262626262626261,0.5211267605633803,0.696035242290749,0.3857142857142857,SSW,0.3194444444444444,ESE,N,0.4074074074074074,0.017543859649122806,0.2839506172839506,0.5925925925925926,0.6246418338108874,0.951428571428572,0.125,0.625,0.6428571428571428,0.6296296296296295,No,0.5000000000000001,0.5822222222222222,0.47066035780893833,No
362,W0363,2022-08-01,Newcastle,0.43514644351464443,0.3905723905723905,0.4436619718309859,0.3744493392070485,0.5928571428571427,SW,0.3611111111111111,NNE,NNW,0.5,0.47368421052631576,0.4074074074074074,0.3333333333333333,0.9455587392550129,0.620000000000001,0.25,0.125,0.503968253968254,0.43771043771043766,Yes,0.6000000000000001,0.3155555555555556,0.47066035780893833,No
363,W0364,2021-05-02,Hobart,0.2217573221757323,0.43097643097643096,0.07042253521126762,0.5154185022026432,0.5,NE,0.3194444444444444,NNE,SE,0.5555555555555556,0.05263157894736842,0.04938271604938271,0.4074074074074074,0.6332378223495709,0.4657142857142844,0.0,0.25,0.32142857142857145,0.25925925925925924,Yes,0.30000000000000004,0.3177777777777778,0.39354838709677414,No
364,W0365,2021-03-27,Cairns,0.7322175732217575,0.6026936026936027,0.2535211267605634,0.3744493392070485,0.6357142857142857,ESE,0.38888888888888884,SSE,ENE,0.35185185185185186,0.017543859649122806,0.35802469135802467,0.39814814814814814,0.6848137535816647,0.7399999999999984,0.625,0.625,0.6984126984126984,0.5824915824915824,No,0.5000000000000001,0.6866666666666666,0.567741935483871,No
365,W0366,29/10/2018,Darwin,0.7782426778242679,0.8047138047138047,0.46478873239436624,0.4889867841409692,0.5888157894736842,ESE,0.3333333333333333,SW,NW,0.12962962962962962,0.2982456140350877,0.43209876543209874,0.4351851851851851,0.4613180515759332,0.620000000000001,0.0,0.375,0.7142857142857142,0.8316498316498318,No,0.6000000000000001,0.09999999999999999,0.5806451612903226,No
366,W0367,2021-05-21,Perth,0.4100418410041842,0.43771043771043766,0.49295774647887325,0.7400881057268722,0.4571428571428572,ESE,0.18055555555555555,E,S,0.25925925925925924,0.45614035087719296,0.4074074074074074,0.31481481481481477,0.5730659025787972,0.9800000000000004,0.125,0.375,0.496031746031746,0.45117845117845107,No,0.30000000000000004,0.9244444444444444,0.36129032258064514,No
367,W0368,2017-11-02,Sydney,0.3556485355648536,0.5387205387205387,0.4788732394366197,0.5418502202643172,0.4357142857142856,SW,0.41666666666666663,ESE,SSE,0.38888888888888884,0.5789473684210527,0.5308641975308641,0.38888888888888884,0.6066715415974961,0.6157142857142865,0.25,0.25,0.496031746031746,0.5488215488215489,No,0.7000000000000001,0.5466666666666666,0.2548387096774193,No
368,W0369,2022-04-29,Townsville,0.5439330543933056,0.5858585858585859,0.352112676056338,0.7797356828193833,0.47857142857142854,SSW,0.75,SE,SE,0.7592592592592592,0.3157894736842105,0.4567901234567901,0.7037037037037036,0.6066715415974961,0.3371428571428545,1.0,0.75,0.6507936507936509,0.5286195286195285,Yes,0.7000000000000001,1.0,0.5516129032258065,Yes
369,W0370,2017-06-30,Perth,0.49790794979079506,0.6464646464646464,0.4225352112676056,0.6607929515418502,0.2928571428571428,ESE,0.40645604395604396,NNW,SSW,0.48148148148148145,0.45614035087719296,0.43209876543209874,0.6574074074074073,0.07163323782235054,0.34857142857142875,0.625,0.5,0.5079365079365079,0.632996632996633,Yes,0.30000000000000004,0.9466666666666668,0.6161290322580645,Yes
370,W0371,2015-09-20,Adelaide,0.2259414225941423,0.4781144781144781,0.38732394366197187,0.9691629955947136,0.3571428571428571,NNE,0.40645604395604396,E,SE,0.31481481481481477,0.9649122807017543,0.5185185185185184,0.7962962962962963,0.4871060171919801,0.134285714285717,0.75,1.0,0.1746031746031746,0.29629629629629634,No,0.7000000000000001,0.06888888888888887,0.26129032258064516,Yes
371,W0372,2020-04-07,Canberra,0.0669456066945607,0.29629629629629634,0.4225352112676056,0.894273127753304,0.16428571428571428,SSW,0.861111111111111,NW,E,0.3333333333333333,0.7719298245614035,0.4444444444444445,0.6481481481481481,0.5702005730659039,0.4657142857142844,0.375,0.5,0.25,0.19191919191919188,No,0.5000000000000001,0.6422222222222221,0.07741935483870968,Yes
372,W0373,2020-03-25,Canberra,0.32635983263598334,0.12457912457912451,0.4225352112676056,0.894273127753304,0.3285714285714285,SSW,0.9444444444444444,WSW,N,0.8518518518518519,0.7192982456140351,0.654320987654321,0.787037037037037,0.5644699140401137,0.4828571428571422,0.75,0.5,0.2976190476190476,0.14141414141414138,Yes,0.6000000000000001,0.26222222222222225,0.47066035780893833,Yes
373,W0374,26/02/2019,Wollongong,0.3807531380753138,0.6127946127946127,0.09859154929577466,0.894273127753304,0.8928571428571428,ESE,0.4722222222222222,NW,SE,0.48148148148148145,0.15789473684210525,0.024691358024691357,0.39814814814814814,0.8624641833810927,0.8200000000000003,0.375,0.5,0.3333333333333333,0.5151515151515151,Yes,0.4,0.9733333333333332,0.3516129032258064,No
374,W0375,2016-03-23,Perth,0.43933054393305443,0.41750841750841744,0.5070422535211268,0.947136563876652,0.3857142857142857,WNW,0.09722222222222221,NW,SE,0.037037037037037035,0.07017543859649122,0.14814814814814814,0.611111111111111,0.7277936962750715,0.7228571428571406,0.375,0.25,0.3968253968253968,0.31649831649831645,No,0.8,0.6444444444444444,0.47096774193548385,No
375,W0376,2016-09-24,Sydney,0.3347280334728034,0.5622895622895623,0.6056338028169015,0.9779735682819384,0.5888157894736842,WNW,0.09722222222222221,E,NNW,0.09259259259259259,0.08771929824561403,0.38271604938271603,0.537037037037037,0.7593123209169086,0.6171428571428592,0.375,0.0,0.5436507936507935,0.5723905723905724,No,0.6000000000000001,0.2533333333333333,0.2548387096774193,No
376,W0377,2016-11-23,Newcastle,0.25104602510460255,0.6531986531986531,0.6056338028169015,0.669603524229075,0.9785714285714284,NNE,0.16666666666666666,SW,WSW,0.31481481481481477,0.47368421052631576,0.4567901234567901,0.3055555555555555,0.4383954154727796,0.6971428571428575,0.5,0.375,0.45634920634920634,0.6228956228956228,No,0.20000000000000004,0.6622222222222222,0.3387096774193548,No
377,W0378,2021-08-23,Canberra,0.14225941422594146,0.20538720538720528,0.4225352112676056,0.9911894273127755,0.4214285714285715,NNW,0.29166666666666663,E,SSW,0.5,0.47368421052631576,0.38271604938271603,0.2962962962962963,0.6066715415974961,0.6157142857142865,0.125,0.125,0.12698412698412698,0.16161616161616155,Yes,0.9,0.02444444444444442,0.22258064516129034,No
378,W0379,2019-12-03,Cairns,0.7949790794979081,0.6262626262626261,0.2394366197183099,0.37004405286343617,0.9285714285714285,NE,0.5138888888888888,NW,W,0.18518518518518517,0.5438596491228069,0.07407407407407407,0.6203703703703703,0.673352435530088,0.9342857142857177,0.125,0.375,0.7857142857142856,0.643097643097643,No,0.7000000000000001,0.3777777777777778,0.47066035780893833,No
379,W0380,2017-01-14,Darwin,0.8451882845188285,0.8989898989898988,0.6197183098591549,0.3524229074889868,0.4357142857142856,NNE,0.5,SE,WSW,0.2777777777777778,0.5087719298245614,0.8148148148148147,0.6481481481481481,0.4068767908309461,0.33999999999999986,0.625,0.5,0.8293650793650795,0.7575757575757576,Yes,0.30000000000000004,0.7888888888888889,0.8935483870967742,Yes
380,W0381,2017-08-19,Darwin,0.8953974895397492,0.9326599326599325,0.38028169014084506,0.9030837004405288,0.19285714285714284,S,0.6944444444444444,NW,N,0.611111111111111,0.631578947368421,0.8641975308641974,0.7685185185185185,0.4871060171919801,0.39142857142857324,0.375,0.75,0.8293650793650795,0.7946127946127945,Yes,0.20000000000000004,0.8266666666666668,0.9032258064516129,Yes
381,W0382,2020-07-04,Perth,0.5313807531380754,0.6666666666666665,0.5211267605633803,0.41409691629955947,0.9785714285714284,NE,0.1388888888888889,NNW,SSE,0.037037037037037035,0.43859649122807015,0.2839506172839506,0.2407407407407407,0.7965616045845287,0.9057142857142857,0.5,0.375,0.49206349206349215,0.7037037037037037,Yes,0.30000000000000004,0.5088888888888888,0.6709677419354839,No
382,W0383,2015-05-28,Brisbane,0.589958158995816,0.67003367003367,0.352112676056338,0.5506607929515419,0.8285714285714285,NE,0.5416666666666666,SW,SSE,0.3333333333333333,0.3333333333333333,0.08641975308641975,0.31481481481481477,0.647564469914041,0.7828571428571429,0.625,0.625,0.5634920634920635,0.7003367003367003,No,0.4,0.08,0.4258064516129032,No
383,W0384,2019-11-29,Sydney,0.5271966527196654,0.5488215488215489,0.5915492957746479,0.5242290748898679,0.8428571428571429,NNE,0.625,SSE,SSE,0.18518518518518517,0.3508771929824561,0.4444444444444445,0.4907407407407407,0.6066715415974961,0.5885714285714307,0.625,0.125,0.5238095238095237,0.5656565656565657,No,0.20000000000000004,0.9688888888888889,0.4774193548387096,No
384,W0385,2018-03-11,Townsville,0.6610878661087867,0.8821548821548821,0.2676056338028169,0.49779735682819387,0.41428571428571426,SW,0.3055555555555555,NW,WSW,0.16666666666666666,0.08771929824561403,0.4691358024691357,0.36111111111111105,0.46991404011461313,0.6157142857142865,0.25,0.375,0.7896825396825398,0.7272727272727273,No,0.4,0.3022222222222223,0.7580645161290323,No
385,W0386,2015-06-02,Darwin,0.882845188284519,0.7138047138047137,0.29577464788732394,0.9691629955947136,0.5714285714285714,E,0.5416666666666666,ESE,SSE,0.1111111111111111,0.47368421052631576,0.38271604938271603,0.4074074074074074,0.5272206303724936,0.5200000000000031,0.0,0.25,0.8095238095238095,0.67003367003367,No,0.20000000000000004,0.5666666666666667,0.47066035780893833,No
386,W0387,2021-06-06,Brisbane,0.5439330543933056,0.6262626262626261,0.49295774647887325,0.9823788546255507,0.5142857142857142,NE,0.09722222222222221,SSW,ENE,0.3333333333333333,0.2631578947368421,0.16049382716049382,0.20370370370370366,0.6361031518624642,0.6157142857142865,0.5,0.375,0.5,0.5488215488215489,No,0.1,0.5511111111111111,0.6903225806451613,No
387,W0388,2016-03-04,Adelaide,0.3514644351464436,0.39393939393939387,0.43661971830985913,0.8810572687224671,0.40714285714285714,SSW,0.625,SE,SSE,0.2962962962962963,0.40350877192982454,0.07407407407407407,0.4259259259259259,0.8825214899713494,0.46000000000000085,0.375,0.625,0.3333333333333333,0.3063973063973063,No,0.5000000000000001,0.9622222222222221,0.24838709677419354,No
388,W0389,2018-08-31,Adelaide,0.4100418410041842,0.5353535353535352,0.49295774647887325,0.5022026431718062,0.5888157894736842,W,0.2361111111111111,N,WNW,0.48148148148148145,0.03508771929824561,0.18518518518518517,0.37037037037037035,0.8280802292263623,0.5228571428571414,0.375,0.5,0.44841269841269843,0.531986531986532,No,0.4,0.10444444444444444,0.3870967741935484,No
389,W0390,2018-01-28,Wollongong,0.401673640167364,0.5993265993265993,0.15492957746478875,0.4493392070484582,0.7499999999999999,NW,0.25,NNE,S,0.537037037037037,0.07017543859649122,0.2839506172839506,0.5555555555555555,0.5959885386819472,0.7600000000000016,0.5,0.625,0.5357142857142856,0.5286195286195285,No,1.0,0.5866666666666666,0.29354838709677417,No
390,W0391,2022-10-07,Adelaide,0.43096234309623443,0.48821548821548816,0.5633802816901409,0.6079295154185023,0.6499999999999999,NE,0.3194444444444444,NNW,ESE,0.48148148148148145,0.2807017543859649,0.13580246913580246,0.4907407407407407,0.8366762177650422,0.4485714285714302,0.25,0.625,0.36507936507936506,0.36700336700336694,No,0.1,0.21555555555555556,0.5193548387096774,No
391,W0392,2022-10-12,Newcastle,0.4225941422594142,0.42424242424242414,0.12676056338028172,0.8325991189427313,0.6714285714285714,NE,0.19444444444444442,N,SSW,0.5555555555555556,0.10526315789473684,0.1111111111111111,0.18518518518518517,0.4670487106017198,0.9599999999999973,0.125,0.5,0.5119047619047619,0.441077441077441,No,0.7000000000000001,0.1577777777777778,0.5387096774193548,No
392,W0393,2016-09-18,Adelaide,0.397489539748954,0.5757575757575757,0.18309859154929578,0.3656387665198238,0.5928571428571427,SW,0.5694444444444444,SSE,W,0.1111111111111111,0.24561403508771928,0.38271604938271603,0.4351851851851851,0.6045845272206343,0.6157142857142865,0.5,0.375,0.5714285714285714,0.5252525252525251,No,0.7000000000000001,0.18222222222222223,0.5290322580645161,No
393,W0394,2016-10-24,Adelaide,0.43933054393305443,0.6296296296296295,0.38732394366197187,0.6872246696035242,0.22142857142857142,ENE,0.40645604395604396,ESE,SW,0.7777777777777777,0.7894736842105263,0.7530864197530862,0.9259259259259258,0.011461318051576797,0.21142857142856997,0.875,0.875,0.5833333333333333,0.67003367003367,Yes,0.5000000000000001,0.5266666666666666,0.41612903225806447,Yes
394,W0395,2015-07-25,Brisbane,0.49372384937238506,0.7643097643097643,0.6901408450704225,0.73568281938326,0.5142857142857142,WSW,0.16666666666666666,SW,ENE,0.09259259259259259,0.3684210526315789,0.5061728395061729,0.5555555555555555,0.6676217765042978,1.0,0.625,0.0,0.6626984126984126,0.5824915824915824,No,0.9,0.8622222222222221,0.3838709677419354,No
395,W0396,2018-04-02,Perth,0.5188284518828452,0.5959595959595958,0.7042253521126761,0.7268722466960353,0.6285714285714284,NNE,0.09722222222222221,N,NW,0.2222222222222222,0.21052631578947367,0.30864197530864196,0.41666666666666663,0.8395415472779391,0.8285714285714292,0.125,0.625,0.6190476190476191,0.5387205387205387,No,0.0,0.8288888888888888,0.5548387096774193,No
396,W0397,2017-09-04,Brisbane,0.43933054393305443,0.2693602693602693,0.056338028169014086,0.40969162995594716,0.5214285714285714,SSW,0.20833333333333331,NW,SSE,0.5555555555555556,0.5438596491228069,0.35802469135802467,0.38888888888888884,0.4641833810888265,0.49142857142857466,0.375,0.5,0.5873015873015872,0.5757575757575757,No,0.30000000000000004,0.42888888888888893,0.7419354838709677,No
397,W0398,2021-10-21,Perth,0.43933054393305443,0.41077441077441074,0.4507042253521127,0.4757709251101322,0.5714285714285714,NE,0.2361111111111111,ENE,ESE,0.38888888888888884,0.14035087719298245,0.1975308641975309,0.4074074074074074,0.6066715415974961,0.8371428571428545,0.5,0.25,0.44841269841269843,0.41077441077441074,No,0.0,0.8999999999999999,0.4612903225806451,No
398,W0399,2021-10-21,Cairns,0.8284518828451883,0.6835016835016834,0.3943661971830986,0.35682819383259917,0.11428571428571427,ENE,0.4444444444444444,W,SW,0.3333333333333333,0.7368421052631579,0.5308641975308641,0.5555555555555555,0.455587392550143,0.1285714285714299,0.625,0.625,0.7857142857142856,0.67003367003367,Yes,0.8,0.9088888888888889,0.47066035780893833,Yes
399,W0400,2018-03-18,Cairns,0.598326359832636,0.8148148148148147,0.3098591549295775,0.4625550660792952,0.3928571428571428,ENE,0.5277777777777778,SSW,WSW,0.037037037037037035,0.2631578947368421,0.4444444444444445,0.31481481481481477,0.4613180515759332,0.9914285714285747,0.125,0.5,0.6150793650793651,0.8417508417508417,No,0.20000000000000004,0.09555555555555557,0.5258064516129033,No
400,W0401,2017-09-12,Newcastle,0.4058577405857741,0.39393939393939387,0.2112676056338028,0.49339207048458156,0.9285714285714285,NNW,0.41666666666666663,W,E,0.018518518518518517,0.17543859649122806,0.43209876543209874,0.48148148148148145,0.7564469914040117,0.562857142857144,0.625,0.625,0.5,0.31649831649831645,Yes,0.9,0.6777777777777778,0.3129032258064516,No
401,W0402,2019-12-07,Hobart,0.05020920502092052,0.38720538720538716,0.5774647887323944,0.40969162995594716,0.5,S,0.611111111111111,SSE,E,0.5185185185185185,0.47368421052631576,0.20987654320987653,0.23148148148148145,0.736389684813755,0.879999999999999,0.375,0.25,0.08333333333333331,0.2693602693602693,No,0.1,0.78,0.029032258064516127,No
402,W0403,2018-07-30,Darwin,0.9456066945606696,0.6868686868686866,0.4507042253521127,0.6607929515418502,0.4571428571428572,W,0.3333333333333333,S,SSE,0.42592592592592593,0.43859649122807015,0.1111111111111111,0.4259259259259259,0.9799426934097433,0.6171428571428592,0.25,0.0,0.8650793650793651,0.7373737373737372,No,0.30000000000000004,0.10444444444444444,0.7870967741935484,No
403,W0404,07/04/2022,Townsville,0.589958158995816,0.5555555555555556,0.352112676056338,0.4008810572687225,0.5888157894736842,NE,0.9722222222222222,E,WSW,0.3333333333333333,0.894736842105263,0.5802469135802468,0.8148148148148148,0.41260744985673625,0.3542857142857123,0.5,0.75,0.5912698412698414,0.5151515151515151,Yes,0.0,0.35333333333333333,0.4258064516129032,Yes
404,W0405,2016-05-27,Newcastle,0.2887029288702929,0.4646464646464647,0.43661971830985913,0.4405286343612335,0.6857142857142856,NE,0.2777777777777778,SW,SSW,0.42592592592592593,0.3684210526315789,0.2345679012345679,0.5185185185185185,0.5386819484240704,0.4457142857142884,0.125,0.125,0.380952380952381,0.44444444444444436,Yes,0.0,0.6577777777777778,0.42903225806451606,No
405,W0406,2021-06-13,Melbourne,0.2887029288702929,0.24242424242424238,0.5492957746478873,0.5110132158590308,0.3999999999999999,WNW,0.5555555555555556,SE,SE,0.24074074074074073,0.40350877192982454,0.35802469135802467,0.45370370370370366,0.5501432664756436,0.5657142857142858,0.125,0.0,0.2698412698412698,0.24242424242424238,No,0.4,0.14666666666666667,0.49999999999999994,No
406,W0407,2019-08-10,Townsville,0.8242677824267783,0.8215488215488216,0.14084507042253522,0.5022026431718062,0.907142857142857,N,0.09722222222222221,NNE,NNW,0.3333333333333333,0.10526315789473684,0.43209876543209874,0.49999999999999994,0.6819484240687679,0.8971428571428604,0.375,0.625,0.8531746031746033,0.7104377104377104,No,0.1,0.8999999999999999,0.9064516129032257,No
407,W0408,2020-08-15,Canberra,0.10460251046025104,0.5207812531756193,0.08450704225352113,0.5066079295154186,0.5071428571428571,WSW,0.3055555555555555,ENE,NNW,0.537037037037037,0.3684210526315789,0.5555555555555556,0.6296296296296295,0.5300859598853869,0.9714285714285715,0.125,0.125,0.1111111111111111,0.2895622895622894,No,0.8,0.2088888888888889,0.47066035780893833,Yes
408,W0409,2016-10-27,Melbourne,0.3472803347280336,0.4478114478114478,0.11267605633802816,0.7444933920704846,0.7071428571428571,S,0.15277777777777776,SE,NE,0.2037037037037037,0.07017543859649122,0.2345679012345679,0.28703703703703703,0.6905444126074514,0.879999999999999,0.25,0.625,0.42063492063492064,0.45454545454545453,No,0.30000000000000004,0.5066666666666667,0.264516129032258,No
409,W0410,2016-10-12,Adelaide,0.25104602510460255,0.4848484848484848,0.647887323943662,0.4405286343612335,0.8071428571428572,NW,0.5416666666666666,ESE,NW,0.09259259259259259,0.5087719298245614,0.38271604938271603,0.45370370370370366,0.7421203438395416,0.6157142857142865,0.375,0.25,0.3888888888888889,0.45791245791245777,No,0.6000000000000001,0.5333333333333333,0.29999999999999993,No
410,W0411,2015-08-11,Perth,0.5104602510460252,0.5488215488215489,0.647887323943662,0.7400881057268722,0.6714285714285714,NE,0.3611111111111111,NNE,ENE,0.4444444444444444,0.3157894736842105,0.04938271604938271,0.2407407407407407,0.455587392550143,0.7685714285714269,0.0,0.0,0.4761904761904761,0.5757575757575757,No,0.30000000000000004,0.5711111111111111,0.635483870967742,No
411,W0412,2020-09-09,Perth,0.389121338912134,0.5622895622895623,0.46478873239436624,0.7577092511013217,0.6928571428571427,NNE,0.4444444444444444,SW,NNW,0.09259259259259259,0.38596491228070173,0.4567901234567901,0.2962962962962963,0.7593123209169086,0.4885714285714293,0.25,0.375,0.3769841269841269,0.6026936026936025,No,0.4,0.7644444444444444,0.5612903225806452,No
412,W0413,2015-01-09,Perth,0.49790794979079506,0.48148148148148145,0.3098591549295775,0.43171806167400884,0.5,233,0.5277777777777778,WNW,W,0.0,0.47368421052631576,0.2345679012345679,0.23148148148148145,0.9885386819484232,0.5828571428571436,0.625,0.625,0.5119047619047619,0.40404040404040403,No,0.4,0.8555555555555555,0.5064516129032258,No
413,W0414,2017-05-23,Hobart,0.14225941422594146,0.4141414141414142,0.4225352112676056,0.709251101321586,0.15714285714285714,S,0.9444444444444444,NE,WNW,0.4629629629629629,0.3684210526315789,0.8148148148148147,0.8148148148148148,0.1747851002865346,0.5114285714285707,0.625,0.5,0.3174603174603174,0.35353535353535354,No,0.9,0.7422222222222222,0.3677419354838709,Yes
414,W0415,2016-08-16,Perth,0.3682008368200838,0.36700336700336694,0.22535211267605634,0.43171806167400884,0.5642857142857143,SW,0.20833333333333331,N,NNW,0.24074074074074073,0.47368421052631576,0.5308641975308641,0.49999999999999994,0.776504297994272,0.7542857142857144,0.625,0.25,0.4523809523809524,0.3265993265993265,No,0.0,0.39777777777777773,0.5419354838709678,No
415,W0416,2021-02-14,Canberra,0.0669456066945607,0.45791245791245777,0.2535211267605634,0.6740088105726872,0.6642857142857143,NE,0.5555555555555556,NE,NNW,0.2222222222222222,0.10526315789473684,0.5185185185185184,0.5092592592592592,0.561604584527224,0.5914285714285725,0.625,0.0,0.15873015873015867,0.4141414141414141,Yes,0.8,0.006666666666666654,0.2064516129032258,No
416,W0417,2016-11-10,Townsville,0.6945606694560671,0.6531986531986531,0.2816901408450704,0.6607929515418502,0.5857142857142856,NE,0.40645604395604396,WNW,WSW,0.38888888888888884,0.3157894736842105,0.5555555555555556,0.39814814814814814,0.46991404011461313,0.9885714285714258,0.125,0.375,0.6547619047619047,0.606060606060606,No,0.0,0.08888888888888889,0.7870967741935484,No
417,W0418,2022-06-19,Townsville,0.585774058577406,0.7306397306397305,0.22535211267605634,0.8590308370044053,0.6928571428571427,SSW,0.3194444444444444,W,W,0.24074074074074073,0.0,0.419753086419753,0.38888888888888884,0.9140401146131829,0.9542857142857173,0.125,0.5,0.5714285714285714,0.6835016835016834,Yes,0.1,0.07777777777777777,0.47066035780893833,No
418,W0419,2019-12-21,Cairns,0.7071129707112971,0.6094276094276094,0.15492957746478875,0.6607929515418502,0.6714285714285714,N,0.18055555555555555,SSE,S,0.37037037037037035,0.5438596491228069,0.4567901234567901,0.4259259259259259,0.8051575931232122,0.8514285714285705,0.25,0.375,0.6428571428571428,0.5993265993265993,No,0.5000000000000001,0.3377777777777778,0.8032258064516129,No
419,W0420,2022-09-02,Melbourne,0.389121338912134,0.31649831649831645,0.4507042253521127,0.7444933920704846,0.9142857142857143,NE,0.5694444444444444,NE,ENE,0.48148148148148145,0.3508771929824561,0.06172839506172839,0.6296296296296295,0.6066715415974961,0.7971428571428554,0.375,0.0,0.3333333333333333,0.276094276094276,Yes,0.30000000000000004,0.6222222222222222,0.42903225806451606,No
420,W0421,2017-02-22,Sydney,0.4267782426778243,0.4141414141414142,0.4225352112676056,0.7665198237885462,0.5888157894736842,N,0.40645604395604396,WSW,ENE,0.4074074074074074,0.45614035087719296,0.5802469135802468,0.9166666666666666,0.2005730659025815,0.02857142857142847,0.375,1.0,0.380952380952381,0.43097643097643096,Yes,1.0,0.7666666666666666,0.46451612903225803,Yes
421,W0422,2015-03-18,Perth,0.3807531380753138,0.5959595959595958,0.43661971830985913,0.42290748898678415,0.5888157894736842,NE,0.18055555555555555,WSW,E,0.4444444444444444,0.45614035087719296,0.09876543209876543,0.3796296296296296,0.647564469914041,0.725714285714286,0.0,0.25,0.4166666666666666,0.505050505050505,No,0.7000000000000001,0.5177777777777778,0.5774193548387097,No
422,W0423,2018-07-20,Townsville,0.6945606694560671,0.808080808080808,0.056338028169014086,0.5506607929515419,0.3571428571428571,SSE,0.25,SW,E,0.12962962962962962,0.3684210526315789,0.13580246913580246,0.3796296296296296,0.9942693409742134,0.951428571428572,0.375,0.25,0.6785714285714286,0.797979797979798,No,0.8,0.2511111111111112,0.7096774193548387,No
423,W0424,2019-07-05,Melbourne,0.3807531380753138,0.2558922558922558,0.5633802816901409,0.841409691629956,0.4642857142857143,NNE,0.5972222222222222,SSE,N,0.37037037037037035,0.0,0.34567901234567905,0.5092592592592592,0.7879656160458488,0.8628571428571448,0.375,0.375,0.39285714285714285,0.24242424242424238,Yes,0.4,0.2644444444444444,0.3354838709677419,No
424,W0425,2016-10-26,Sydney,0.5355648535564854,0.44444444444444436,0.4225352112676056,0.7136563876651982,0.40714285714285714,NE,0.40645604395604396,S,ENE,0.7037037037037037,0.8245614035087718,0.8888888888888888,0.7222222222222222,0.5186246418338136,0.15428571428571303,0.5,1.0,0.5753968253968254,0.45117845117845107,Yes,0.6000000000000001,0.5911111111111111,0.5354838709677419,Yes
425,W0426,2015-05-06,Hobart,0.029288702928870314,0.13468013468013468,0.4225352112676056,0.5286343612334802,0.007142857142857145,WSW,0.40645604395604396,NNE,NNE,0.8518518518518519,0.7368421052631579,0.8765432098765431,0.5833333333333333,0.2349570200573048,0.0942857142857143,0.5,0.5,0.0,0.1144781144781144,No,0.1,0.30444444444444446,0.16451612903225807,Yes
426,W0427,2015-01-13,Melbourne,0.25523012552301255,0.4713804713804714,0.5211267605633803,0.4537444933920705,0.7785714285714286,WNW,0.5833333333333333,S,W,0.2777777777777778,0.24561403508771928,0.16049382716049382,0.48148148148148145,0.9914040114613201,0.4828571428571422,0.0,0.375,0.4404761904761905,0.29629629629629634,No,1.0,0.9577777777777778,0.17096774193548386,No
427,W0428,2018-04-01,Sydney,0.2677824267782427,0.5824915824915824,0.4788732394366197,0.5198237885462555,0.4928571428571429,N,0.5,NE,SSW,0.16666666666666666,0.2982456140350877,0.3209876543209876,0.45370370370370366,0.49570200573066003,0.654285714285713,0.25,0.5,0.5079365079365079,0.6228956228956228,No,0.9,0.18888888888888888,0.1903225806451613,No
428,W0429,2019-02-17,Brisbane,0.5774058577405858,0.7979797979797978,0.6338028169014085,0.4889867841409692,0.9642857142857142,S,0.2361111111111111,SSW,ENE,0.38888888888888884,0.12280701754385964,0.4938271604938272,0.36111111111111105,0.9713467048710598,0.5857142857142854,0.375,0.25,0.6587301587301588,0.7272727272727273,Yes,0.5000000000000001,0.3844444444444445,0.7193548387096774,No
429,W0430,2022-07-17,Cairns,0.7698744769874477,0.6734006734006732,0.46478873239436624,0.14537444933920704,0.5888157894736842,NW,0.1111111111111111,SSW,ENE,0.25925925925925924,0.38596491228070173,0.27160493827160487,0.25,0.5100286532951301,0.5399999999999991,0.25,0.375,0.8333333333333333,0.7003367003367003,No,0.8,0.6133333333333334,0.8032258064516129,No
430,W0431,2021-10-30,Hobart,0.18410041841004188,0.33670033670033667,0.028169014084507046,0.6607929515418502,0.5714285714285714,N,0.5555555555555556,W,WNW,0.37037037037037035,0.40350877192982454,0.16049382716049382,0.34259259259259256,0.6762177650429813,0.6485714285714295,0.5,0.625,0.28174603174603174,0.24915824915824908,No,0.7000000000000001,0.6533333333333333,0.3677419354838709,No
431,W0432,2019-12-19,Perth,0.594142259414226,0.43771043771043766,0.5070422535211268,0.9030837004405288,0.6642857142857143,SSE,0.3611111111111111,W,NNW,0.48148148148148145,0.5087719298245614,0.4074074074074074,0.3333333333333333,0.8567335243553025,0.4400000000000013,0.375,0.375,0.5555555555555556,0.45791245791245777,No,0.30000000000000004,0.8999999999999999,0.5064516129032258,No
432,W0433,2017-08-06,Wollongong,0.32635983263598334,0.4276094276094276,0.352112676056338,0.5638766519823789,0.12857142857142856,E,0.40645604395604396,E,E,0.35185185185185186,0.3684210526315789,0.6790123456790123,0.6203703703703703,0.6066715415974961,0.17999999999999972,1.0,0.5,0.33730158730158727,0.47474747474747464,Yes,0.4,0.35111111111111115,0.3225806451612903,Yes
433,W0434,2018-10-02,Darwin,0.6903765690376571,0.7878787878787878,0.29577464788732394,0.8193832599118944,0.9357142857142856,ENE,0.29166666666666663,WNW,NNW,0.018518518518518517,0.2631578947368421,0.419753086419753,0.5833333333333333,0.8166189111747855,0.6999999999999993,0.625,0.625,0.6706349206349207,0.6531986531986531,No,0.5000000000000001,0.028888888888888895,0.7000000000000001,No
434,W0435,2021-07-03,Sydney,0.5355648535564854,0.4343434343434343,0.4507042253521127,0.6607929515418502,0.5,ENE,0.4444444444444444,ENE,NNE,0.14814814814814814,0.0,0.27160493827160487,0.4074074074074074,0.7851002865329519,0.8428571428571416,0.375,0.625,0.5079365079365079,0.45117845117845107,No,0.5000000000000001,0.54,0.6903225806451613,No
435,W0436,2015-09-14,Canberra,0.05020920502092052,0.48148148148148145,0.6197183098591549,0.7312775330396477,0.7928571428571427,NE,0.2777777777777778,SE,W,0.2037037037037037,0.5789473684210527,0.09876543209876543,0.6203703703703703,0.7851002865329519,0.9400000000000013,0.125,0.625,0.20238095238095238,0.45117845117845107,No,0.30000000000000004,0.4466666666666667,0.2096774193548387,No
436,W0437,2018-07-22,Darwin,0.8953974895397492,0.9663299663299663,0.14084507042253522,0.5418502202643172,0.7,N,0.15277777777777776,ESE,WSW,0.5,0.38596491228070173,0.39506172839506176,0.4907407407407407,0.561604584527224,0.8257142857142838,0.375,0.0,0.9920634920634921,0.8215488215488216,Yes,0.0,0.8911111111111112,0.7645161290322581,No
437,W0438,2017-08-05,Canberra,0.07112970711297073,0.31649831649831645,0.14084507042253522,0.5330396475770925,0.6428571428571428,SE,0.5277777777777778,N,E,0.42592592592592593,0.3684210526315789,0.012345679012345678,0.4907407407407407,0.928366762177653,0.9657142857142844,0.125,0.375,0.21428571428571425,0.2929292929292929,No,0.4,0.9222222222222223,0.1935483870967742,No
438,W0439,2022-12-25,Wollongong,0.43933054393305443,0.505050505050505,0.352112676056338,0.6607929515418502,0.35,WNW,0.40645604395604396,WNW,SSE,0.9259259259259258,0.3333333333333333,0.5802469135802468,0.4907407407407407,0.4097421203438394,0.45428571428571374,0.875,0.625,0.3888888888888889,0.3771043771043771,No,0.8,0.6844444444444444,0.47066035780893833,Yes
439,W0440,2015-11-27,Wollongong,0.2635983263598327,0.5892255892255891,0.6338028169014085,0.7665198237885462,0.8214285714285714,SW,0.4861111111111111,ESE,NW,0.2962962962962963,0.5964912280701754,0.3333333333333333,0.4444444444444444,0.9054441260744994,0.9257142857142888,0.5,0.5,0.5476190476190477,0.5488215488215489,Yes,0.1,0.5333333333333333,0.18709677419354837,No
440,W0441,2019-05-04,Newcastle,0.5020920502092052,0.6127946127946127,0.7183098591549296,0.6211453744493393,0.6857142857142856,WSW,0.2777777777777778,E,S,0.24074074074074073,0.5438596491228069,0.4074074074074074,0.32407407407407407,0.561604584527224,0.7685714285714269,0.375,0.375,0.5674603174603174,0.48821548821548816,No,0.8,0.20444444444444443,0.4258064516129032,No
441,W0442,2022-08-07,Cairns,0.6066945606694563,0.8552188552188551,0.6056338028169015,0.6343612334801763,0.5714285714285714,ESE,0.625,NW,E,0.25925925925925924,0.45614035087719296,0.25925925925925924,0.48148148148148145,0.7220630372492849,0.6157142857142865,0.625,0.125,0.8373015873015874,0.8720538720538722,Yes,0.5000000000000001,0.9733333333333332,0.6516129032258065,No
442,W0443,2019-04-28,Adelaide,0.28033472803347287,0.39730639730639733,0.6056338028169015,0.8766519823788546,0.7285714285714284,ENE,0.125,S,ENE,0.05555555555555555,0.03508771929824561,0.04938271604938271,0.537037037037037,0.561604584527224,0.879999999999999,0.25,0.125,0.2619047619047619,0.43097643097643096,No,0.8,0.44,0.4387096774193548,No
443,W0444,2018-04-25,Darwin,0.7364016736401675,0.8417508417508415,0.5070422535211268,0.5594713656387665,0.557142857142857,N,0.625,ESE,SE,0.1111111111111111,0.2631578947368421,0.4691358024691357,0.39814814814814814,0.9713467048710598,0.6714285714285708,0.625,0.625,0.873015873015873,0.7508417508417509,No,1.0,0.48000000000000004,0.47066035780893833,No
444,W0445,2015-08-28,Townsville,0.602510460251046,0.7878787878787878,0.2112676056338028,0.6784140969162996,0.6214285714285713,NE,0.2361111111111111,S,SW,0.2962962962962963,0.43859649122807015,0.5308641975308641,0.25,0.8108882521489988,0.6171428571428592,0.375,0.375,0.6111111111111112,0.5892255892255891,No,0.8,0.9644444444444444,0.6870967741935484,No
445,W0446,2019-05-14,Darwin,0.7405857740585775,0.9663299663299663,0.2676056338028169,0.8722466960352424,0.3857142857142857,SE,0.40277777777777773,N,S,0.0,0.45614035087719296,0.0,0.4259259259259259,0.8223495702005721,0.7485714285714309,0.125,0.5,0.7738095238095237,0.7542087542087541,Yes,0.30000000000000004,0.9133333333333333,0.6161290322580645,No
446,W0447,2018-09-30,Sydney,0.2677824267782427,0.6228956228956228,0.5492957746478873,0.9118942731277533,0.6214285714285713,ENE,0.3194444444444444,SW,ENE,0.5185185185185185,0.22807017543859648,0.35802469135802467,0.3518518518518518,0.7621776504298019,0.6514285714285712,0.375,0.0,0.3769841269841269,0.6026936026936025,No,0.1,0.06000000000000001,0.24516129032258063,No
447,W0448,2016-09-26,Wollongong,0.5020920502092052,0.4208754208754209,0.352112676056338,0.35682819383259917,0.34285714285714286,ESE,0.5416666666666666,NNE,ESE,0.42592592592592593,0.9122807017543859,0.5061728395061729,0.8703703703703703,0.13180515759312428,0.031428571428573804,0.375,0.75,0.4682539682539682,0.4713804713804714,Yes,0.4,0.6422222222222221,0.3516129032258064,Yes
448,W0449,2019-04-19,Hobart,0.20502092050209209,0.30976430976430974,0.1971830985915493,0.6607929515418502,0.6857142857142856,SW,0.5694444444444444,WSW,WSW,0.37037037037037035,0.0,0.419753086419753,0.6296296296296295,0.6504297994269344,0.9800000000000004,0.625,0.375,0.24603174603174605,0.32996632996632996,No,0.7000000000000001,0.24888888888888888,0.47066035780893833,No
449,W0450,2020-11-16,Adelaide,0.3514644351464436,0.5488215488215489,0.38732394366197187,0.8722466960352424,0.5888157894736842,ESE,0.6527777777777778,NNW,SSW,0.9444444444444444,0.7017543859649122,0.5679012345679011,0.6944444444444444,0.011461318051576797,0.2799999999999976,0.875,0.75,0.42857142857142855,0.45454545454545453,No,0.1,0.6844444444444444,0.47066035780893833,Yes
450,W0451,2019-08-17,Sydney,0.2635983263598327,0.4915824915824915,0.40845070422535207,0.42290748898678415,0.5888157894736842,NNE,0.40277777777777773,SSW,WSW,0.018518518518518517,0.07017543859649122,0.5432098765432098,0.5925925925925926,0.6676217765042978,0.7571428571428562,0.625,0.375,0.28968253968253965,0.5353535353535352,No,0.30000000000000004,0.07555555555555556,0.40967741935483865,No
451,W0452,2017-09-28,Brisbane,0.49790794979079506,0.48148148148148145,0.43661971830985913,0.6607929515418502,0.8142857142857143,NNE,0.4444444444444444,WNW,ENE,0.4444444444444444,0.45614035087719296,0.5555555555555556,0.2222222222222222,0.6066715415974961,0.7485714285714309,0.375,0.0,0.5476190476190477,0.4208754208754209,No,0.20000000000000004,0.8600000000000001,0.6129032258064516,No
452,W0453,2020-07-02,Sydney,0.4184100418410042,0.6026936026936027,0.4225352112676056,0.4537444933920705,0.5888157894736842,SSE,0.40645604395604396,SW,N,0.3333333333333333,1.0,0.48148148148148145,0.787037037037037,0.2865329512893986,0.47428571428571686,0.875,0.5,0.4880952380952381,0.441077441077441,Yes,0.9,0.5466666666666666,0.5580645161290323,Yes
453,W0454,2015-10-10,Cairns,0.6652719665271967,0.6969696969696968,0.6197183098591549,0.3656387665198238,0.9285714285714285,WSW,0.1111111111111111,S,ENE,0.48148148148148145,0.3333333333333333,0.30864197530864196,0.34259259259259256,0.8739255014326623,0.7628571428571433,0.25,0.25,0.6309523809523809,0.6094276094276094,No,0.1,0.32888888888888895,0.5483870967741936,No
454,W0455,2019-12-29,Canberra,0.20920502092050214,0.3703703703703704,0.4225352112676056,0.9647577092511013,0.4214285714285715,W,0.40645604395604396,NNW,NNW,0.48148148148148145,0.3684210526315789,0.7407407407407407,0.7314814814814814,0.1776504297994279,0.4971428571428582,0.625,0.875,0.31349206349206343,0.29629629629629634,No,0.20000000000000004,0.1955555555555556,0.16451612903225807,Yes
455,W0456,2016-11-24,Hobart,0.20920502092050214,0.24242424242424238,0.36619718309859156,0.6607929515418502,0.6714285714285714,W,0.375,NW,NW,0.35185185185185186,0.5438596491228069,0.12345679012345678,0.6388888888888888,0.8882521489971325,0.5685714285714276,0.125,0.0,0.3055555555555555,0.2053872053872054,Yes,0.4,0.2777777777777778,0.3354838709677419,No
456,W0457,2021-04-20,Perth,0.3807531380753138,0.6868686868686866,0.7183098591549296,0.6607929515418502,0.5499999999999999,SW,0.40277777777777773,NNW,SSW,0.537037037037037,0.22807017543859648,0.48148148148148145,0.28703703703703703,0.6045845272206343,0.5685714285714276,0.0,0.0,0.3253968253968254,0.45791245791245777,No,0.7000000000000001,0.5488888888888889,0.28387096774193543,No
457,W0458,2019-01-08,Perth,0.602510460251046,0.5656565656565657,0.2535211267605634,0.44493392070484583,0.5214285714285714,WNW,0.3611111111111111,WNW,WSW,0.12962962962962962,0.03508771929824561,0.38271604938271603,0.6296296296296295,0.6504297994269344,0.9142857142857146,0.375,0.125,0.6587301587301588,0.5892255892255891,No,1.0,0.10666666666666667,0.48709677419354835,No
458,W0459,2020-09-17,Newcastle,0.3514644351464436,0.5084175084175082,0.4436619718309859,0.8458149779735684,0.3857142857142857,WSW,0.5694444444444444,NW,SW,0.31481481481481477,0.9649122807017543,0.5679012345679011,0.9259259259259258,0.1776504297994279,0.28857142857143003,1.0,0.875,0.30158730158730157,0.505050505050505,Yes,0.1,0.7466666666666667,0.3354838709677419,Yes
459,W0460,2021-02-07,Wollongong,0.3305439330543934,0.6363636363636362,0.352112676056338,0.6563876651982379,0.5888157894736842,SSW,0.40645604395604396,ENE,WSW,0.611111111111111,0.49122807017543857,0.7530864197530862,0.8148148148148148,0.3553008595988558,0.3771428571428572,1.0,0.625,0.28174603174603174,0.6767676767676767,Yes,0.5000000000000001,0.9622222222222221,0.36129032258064514,Yes
460,W0461,2018-09-15,Melbourne,0.15062761506276157,0.45791245791245777,0.14084507042253522,0.6828193832599119,0.3857142857142857,E,0.4444444444444444,SSE,N,0.25925925925925924,0.24561403508771928,0.18518518518518517,0.18518518518518517,0.6066715415974961,0.6028571428571432,0.25,0.0,0.33730158730158727,0.3703703703703703,Yes,1.0,0.06000000000000001,0.11290322580645161,No
461,W0462,2019-10-15,Melbourne,0.2845188284518829,0.35353535353535354,0.29577464788732394,0.6255506607929515,0.7999999999999998,NW,0.2222222222222222,WNW,SW,0.037037037037037035,0.6140350877192982,0.024691358024691357,0.4722222222222222,0.6066715415974961,0.5428571428571445,0.375,0.5,0.3253968253968254,0.27272727272727265,No,0.4,0.5577777777777778,0.3483870967741935,No
462,W0463,2021-09-05,Adelaide,0.46025104602510464,0.5151515151515151,0.7042253521126761,0.4361233480176212,0.9857142857142857,NNW,0.15277777777777776,WSW,WSW,0.2222222222222222,0.5614035087719298,0.5185185185185184,0.38888888888888884,0.6762177650429813,0.5600000000000023,0.25,0.125,0.5873015873015872,0.39730639730639733,No,0.30000000000000004,0.3422222222222222,0.48064516129032253,No
463,W0464,2019-03-28,Newcastle,0.31799163179916323,0.38720538720538716,0.04225352112676057,0.9295154185022028,0.6071428571428571,W,0.5833333333333333,SSW,SSW,0.24074074074074073,0.45614035087719296,0.39506172839506176,0.6018518518518519,0.8739255014326623,0.774285714285714,0.25,0.375,0.3452380952380953,0.2996632996632996,No,1.0,0.33333333333333337,0.3677419354838709,No
464,W0465,2019-05-29,Darwin,0.8995815899581592,0.7609427609427608,0.2394366197183099,0.6255506607929515,0.4285714285714285,W,0.1388888888888889,SSE,S,0.037037037037037035,0.38596491228070173,0.4074074074074074,0.39814814814814814,0.8997134670487128,0.7457142857142856,0.375,0.0,0.9246031746031746,0.7744107744107744,No,1.0,0.9199999999999999,0.8032258064516129,No
465,W0466,2018-11-13,Adelaide,0.47698744769874485,0.41750841750841744,0.5070422535211268,0.801762114537445,0.8857142857142857,WSW,0.5138888888888888,ENE,W,0.2962962962962963,0.2982456140350877,0.4938271604938272,0.2407407407407407,0.6066715415974961,0.8000000000000007,0.625,0.0,0.5317460317460319,0.40067340067340057,No,1.0,0.6622222222222222,0.5419354838709678,No
466,W0467,2019-07-16,Perth,0.3472803347280336,0.4713804713804714,0.5774647887323944,0.9603524229074891,0.5888157894736842,S,0.5694444444444444,E,NE,0.2777777777777778,0.40350877192982454,0.5185185185185184,0.49999999999999994,0.6704871060171946,0.514285714285716,0.25,0.375,0.380952380952381,0.32996632996632996,Yes,0.8,0.3844444444444445,0.5290322580645161,No
467,W0468,2019-09-08,Canberra,0.21757322175732224,0.44444444444444436,0.49295774647887325,0.775330396475771,0.47857142857142854,NE,0.20833333333333331,W,W,0.24074074074074073,0.15789473684210525,0.1975308641975309,0.25,0.9541547277936999,0.47142857142857153,0.625,0.125,0.3611111111111111,0.2929292929292929,Yes,0.9,0.6822222222222223,0.19999999999999998,No
468,W0469,2018-09-29,Darwin,0.8870292887029292,0.9158249158249157,0.5352112676056339,0.894273127753304,0.6499999999999999,SW,0.3333333333333333,NW,SE,0.37037037037037035,0.38596491228070173,0.07407407407407407,0.4444444444444444,0.5558739255014338,0.4400000000000013,0.25,0.25,0.8888888888888891,0.9494949494949494,No,0.9,0.9711111111111113,0.8258064516129032,No
469,W0470,2015-07-31,Wollongong,0.47698744769874485,0.41077441077441074,0.352112676056338,0.8854625550660793,0.1357142857142857,ESE,0.40645604395604396,WNW,SW,0.3333333333333333,0.3684210526315789,0.8765432098765431,0.8333333333333333,0.1862464183381114,0.23428571428571487,0.5,0.875,0.46428571428571425,0.39393939393939387,Yes,0.4,0.39333333333333337,0.5903225806451613,Yes
470,W0471,2017-04-25,Sydney,0.3389121338912134,0.5723905723905724,0.49295774647887325,0.3876651982378855,0.9285714285714285,NNE,0.125,SSE,NNE,0.037037037037037035,0.12280701754385964,0.14814814814814814,0.34259259259259256,0.9484240687679097,0.9400000000000013,0.625,0.375,0.4166666666666666,0.5959595959595958,No,0.30000000000000004,0.4222222222222222,0.47066035780893833,No
471,W0472,2019-07-05,Melbourne,0.3807531380753138,0.2558922558922558,0.5633802816901409,0.841409691629956,0.4642857142857143,NNE,0.5972222222222222,SSE,N,0.37037037037037035,0.0,0.34567901234567905,0.5092592592592592,0.7879656160458488,0.8628571428571448,0.375,0.375,0.39285714285714285,0.24242424242424238,Yes,0.4,0.2644444444444444,0.3354838709677419,No
472,W0473,2016-02-10,Brisbane,0.6527196652719667,0.569023569023569,0.3380281690140845,0.6607929515418502,0.9999999999999999,WSW,0.4861111111111111,E,ESE,0.18518518518518517,0.45614035087719296,0.13580246913580246,0.32407407407407407,0.7306590257879684,0.9314285714285688,0.5,0.125,0.5912698412698414,0.5016835016835015,No,1.0,0.9955555555555555,0.47066035780893833,No
473,W0474,2015-08-28,Hobart,0.13389121338912136,0.36026936026936024,0.2535211267605634,0.841409691629956,0.557142857142857,S,0.29166666666666663,SW,WNW,0.1111111111111111,0.03508771929824561,0.14814814814814814,0.37037037037037035,0.5501432664756436,0.6157142857142865,0.375,0.375,0.12301587301587302,0.2558922558922558,No,0.9,0.11111111111111112,0.3387096774193548,No
474,W0475,2020-08-24,Wollongong,0.3598326359832636,0.6464646464646464,0.352112676056338,0.6607929515418502,0.0,N,0.40645604395604396,SSW,N,0.7777777777777777,0.8596491228070176,0.8395061728395061,0.824074074074074,0.3467048710601759,0.345714285714287,0.875,1.0,0.5833333333333333,0.5858585858585859,No,1.0,0.6088888888888888,0.4580645161290322,Yes
475,W0476,2015-06-13,Wollongong,0.46861924686192474,0.6262626262626261,0.352112676056338,0.920704845814978,0.4928571428571429,WNW,0.5694444444444444,NNW,SSE,0.537037037037037,0.14035087719298245,0.20987654320987653,0.6018518518518519,0.96848137535817,0.8000000000000007,0.375,0.25,0.4047619047619047,0.5117845117845117,No,0.7000000000000001,0.4955555555555556,0.3677419354838709,No
476,W0477,2016-04-25,Canberra,0.1171548117154812,0.13468013468013468,0.43661971830985913,0.5506607929515419,0.9428571428571427,ESE,0.5416666666666666,SW,S,0.4629629629629629,0.3157894736842105,0.4074074074074074,0.32407407407407407,0.6066715415974961,0.8114285714285714,0.5,0.5,0.16666666666666669,0.12121212121212116,Yes,0.9,0.47333333333333333,0.30322580645161284,No
477,W0478,2020-01-09,Sydney,0.3430962343096235,0.441077441077441,0.4225352112676056,0.3876651982378855,0.6642857142857143,E,0.5972222222222222,E,WNW,0.4444444444444444,0.05263157894736842,0.39506172839506176,0.3333333333333333,0.6934097421203447,0.8285714285714292,0.125,0.25,0.4682539682539682,0.4646464646464647,No,0.1,0.768888888888889,0.48387096774193544,No
478,W0479,2016-10-11,Canberra,0.15481171548117156,0.43771043771043766,0.49295774647887325,0.6607929515418502,0.6714285714285714,N,0.41666666666666663,W,W,0.16666666666666666,0.5263157894736842,0.1975308641975309,0.5092592592592592,0.6848137535816647,0.6142857142857139,0.625,0.125,0.11904761904761901,0.34343434343434337,No,0.8,0.8333333333333334,0.3161290322580645,No
479,W0480,2017-11-03,Canberra,0.25104602510460255,0.45791245791245777,0.1971830985915493,0.8986784140969164,0.7714285714285715,SSW,0.4305555555555555,WNW,SE,0.35185185185185186,0.2982456140350877,0.0,0.3796296296296296,0.8624641833810927,0.9800000000000004,0.5,0.5,0.21428571428571425,0.3333333333333332,No,0.7000000000000001,0.5155555555555555,0.36129032258064514,No
480,W0481,2021-05-22,Darwin,0.8410041841004186,0.6531986531986531,0.4225352112676056,0.4713656387665198,0.5888157894736842,E,0.5277777777777778,E,W,0.4444444444444444,0.42105263157894735,0.4691358024691357,0.36111111111111105,0.7421203438395416,0.6514285714285712,0.0,0.25,0.8373015873015874,0.6161616161616161,Yes,0.6000000000000001,0.9199999999999999,0.8419354838709677,No
481,W0482,2016-11-21,Newcastle,0.5355648535564854,0.30976430976430974,0.4436619718309859,0.5506607929515419,0.5888157894736842,N,0.4305555555555555,NW,WNW,0.4074074074074074,0.6666666666666666,0.4567901234567901,0.6296296296296295,0.6066715415974961,0.3371428571428545,0.375,0.75,0.484126984126984,0.3333333333333332,Yes,0.8,0.19333333333333336,0.5483870967741936,Yes
482,W0483,2018-04-16,Brisbane,0.589958158995816,0.4713804713804714,0.7042253521126761,0.6255506607929515,0.7785714285714286,NE,0.5277777777777778,NW,N,0.37037037037037035,0.12280701754385964,0.5061728395061729,0.25,0.4670487106017198,0.5514285714285698,0.375,0.125,0.5674603174603174,0.48148148148148145,No,0.20000000000000004,0.7066666666666666,0.6870967741935484,No
483,W0484,2020-06-06,Adelaide,0.44769874476987453,0.45117845117845107,0.11267605633802816,0.37885462555066085,0.3999999999999999,NNE,0.3333333333333333,SSE,SW,0.0,0.10526315789473684,0.5555555555555556,0.5277777777777778,0.8825214899713494,0.725714285714286,0.375,0.625,0.5555555555555556,0.46801346801346794,Yes,1.0,0.32,0.4451612903225806,No
484,W0485,2015-11-27,Adelaide,0.3389121338912134,0.3636363636363636,0.38732394366197187,0.947136563876652,0.5888157894736842,NW,0.40645604395604396,N,WNW,0.5,0.3508771929824561,0.7160493827160492,0.9074074074074073,0.6066715415974961,0.4457142857142884,0.5,1.0,0.380952380952381,0.38047138047138046,Yes,0.5000000000000001,0.16444444444444445,0.36129032258064514,Yes
485,W0486,2018-10-02,Melbourne,0.20502092050209209,0.30976430976430974,0.6197183098591549,0.49779735682819387,0.8714285714285713,ENE,0.16666666666666666,SE,S,0.09259259259259259,0.19298245614035087,0.012345679012345678,0.3055555555555555,0.7249283667621782,0.5571428571428569,0.25,0.0,0.22222222222222227,0.2121212121212121,No,0.0,0.4888888888888889,0.21290322580645163,No
486,W0487,2016-02-05,Hobart,0.12970711297071136,0.45117845117845107,0.7042253521126761,0.9911894273127755,0.7142857142857142,NE,0.2361111111111111,SW,SSE,0.3333333333333333,0.47368421052631576,0.5432098765432098,0.4907407407407407,0.9083094555873927,0.8857142857142861,0.5,0.625,0.2698412698412698,0.2828282828282827,No,0.1,0.27555555555555555,0.14193548387096774,No
487,W0488,2016-06-11,Adelaide,0.48117154811715485,0.2693602693602693,0.3380281690140845,0.9603524229074891,0.41428571428571426,NNW,0.1388888888888889,NE,NW,0.2037037037037037,0.03508771929824561,0.43209876543209874,0.4907407407407407,0.5959885386819472,0.8571428571428577,0.375,0.0,0.4404761904761905,0.3198653198653198,No,0.1,0.16444444444444445,0.6419354838709678,No
488,W0489,2019-07-29,Wollongong,0.32635983263598334,0.4983164983164983,0.4507042253521127,0.4889867841409692,0.5642857142857143,ENE,0.15277777777777776,ENE,NE,0.037037037037037035,0.21052631578947367,0.2345679012345679,0.5833333333333333,0.6618911174785111,0.4314285714285724,0.5,0.125,0.35714285714285704,0.441077441077441,No,0.8,0.4777777777777778,0.39354838709677414,No
489,W0490,2017-12-03,Sydney,0.43096234309623443,0.5757575757575757,0.07042253521126762,0.6563876651982379,0.41428571428571426,ESE,0.5277777777777778,W,WNW,0.2222222222222222,0.2631578947368421,0.18518518518518517,0.27777777777777773,0.6066715415974961,0.562857142857144,0.625,0.375,0.44444444444444436,0.5959595959595958,Yes,0.20000000000000004,0.8888888888888888,0.3354838709677419,No
490,W0491,2021-05-23,Hobart,0.06276150627615062,0.25925925925925924,0.2394366197183099,0.49339207048458156,0.7357142857142857,SSE,0.15277777777777776,SSE,ENE,0.35185185185185186,0.03508771929824561,0.38271604938271603,0.4907407407407407,0.8338108882521524,0.45142857142857196,0.625,0.5,0.11507936507936506,0.2255892255892255,No,0.1,0.5466666666666666,0.041935483870967745,No
491,W0492,2017-10-22,Sydney,0.29707112970711297,0.3905723905723905,0.4225352112676056,0.6651982378854626,0.9999999999999999,NE,0.18055555555555555,N,NE,0.48148148148148145,0.2631578947368421,0.5555555555555556,0.2962962962962963,0.561604584527224,0.46857142857142975,0.125,0.5,0.26587301587301587,0.42424242424242414,Yes,0.5000000000000001,0.23111111111111116,0.22258064516129034,No
492,W0493,2015-08-30,Brisbane,0.6903765690376571,0.43097643097643096,0.2394366197183099,0.37004405286343617,0.7857142857142856,152,0.3472222222222222,NW,ENE,0.18518518518518517,0.5438596491228069,0.09876543209876543,0.27777777777777773,0.9255014326647597,0.9857142857142875,0.25,0.0,0.6587301587301588,0.45117845117845107,No,0.30000000000000004,0.3422222222222222,0.5290322580645161,No
493,W0494,2021-07-15,Sydney,0.45606694560669464,0.505050505050505,0.5915492957746479,0.9779735682819384,0.5357142857142857,WNW,0.4583333333333333,WNW,SSE,0.5185185185185185,0.40350877192982454,0.5185185185185184,0.49999999999999994,0.8567335243553025,0.7600000000000016,0.125,0.5,0.44444444444444436,0.42424242424242414,No,0.4,0.3777777777777778,0.47066035780893833,No
494,W0495,2022-06-06,Melbourne,0.3807531380753138,0.5589225589225588,0.4014084507042254,0.6607929515418502,0.18571428571428572,NNE,0.40645604395604396,N,ENE,0.5,0.3684210526315789,0.6666666666666665,0.8981481481481481,0.4068767908309461,0.23428571428571487,0.375,0.625,0.5555555555555556,0.5824915824915824,No,0.20000000000000004,0.6399999999999999,0.5483870967741936,Yes
495,W0496,2017-08-14,Hobart,0.23430962343096234,0.12457912457912451,0.04225352112676057,0.9603524229074891,0.3928571428571428,NE,0.3611111111111111,NNW,S,0.2037037037037037,0.3333333333333333,0.419753086419753,0.6203703703703703,0.7965616045845287,0.5285714285714285,0.5,0.5,0.22222222222222227,0.14814814814814808,No,0.1,0.7288888888888888,0.3290322580645161,No
496,W0497,2021-10-03,Cairns,0.43933054393305443,0.6195286195286194,0.3943661971830986,0.8325991189427313,0.18571428571428572,NE,0.5694444444444444,NNW,WSW,0.8518518518518519,0.7192982456140351,0.6666666666666665,0.9351851851851851,0.24355300859598827,0.6157142857142865,0.75,0.875,0.5992063492063493,0.5925925925925926,Yes,0.4,0.6044444444444445,0.5483870967741936,Yes
497,W0498,2018-11-21,Perth,0.4142259414225942,0.707070707070707,0.1971830985915493,0.35682819383259917,0.7428571428571428,NNW,0.611111111111111,WNW,SW,0.4444444444444444,0.43859649122807015,0.34567901234567905,0.4259259259259259,0.6676217765042978,0.9771428571428586,0.125,0.0,0.626984126984127,0.643097643097643,No,0.9,0.037777777777777785,0.29032258064516125,No
498,W0499,2022-10-05,Townsville,0.5815899581589958,0.808080808080808,0.352112676056338,0.9515418502202644,0.2642857142857143,SSE,0.40645604395604396,S,ESE,0.9814814814814814,0.8070175438596491,0.43209876543209874,0.5555555555555555,0.15472779369627432,0.02857142857142847,0.625,0.375,0.7777777777777777,0.8484848484848484,Yes,0.8,0.1955555555555556,0.5806451612903226,Yes
499,W0500,2020-04-20,Wollongong,0.4142259414225942,0.2996632996632996,0.352112676056338,0.43171806167400884,0.4285714285714285,SSW,0.40645604395604396,ENE,ESE,0.8333333333333333,0.5614035087719298,0.5185185185185184,0.7592592592592592,0.3065902578796553,0.47428571428571686,1.0,1.0,0.4047619047619047,0.3063973063973063,Yes,0.20000000000000004,0.24888888888888888,0.3709677419354839,Yes
500,W0501,2020-09-29,Hobart,0.012552301255230158,0.09427609427609424,0.4225352112676056,0.8546255506607929,0.5888157894736842,NW,0.875,ESE,WSW,0.31481481481481477,0.7543859649122806,0.4691358024691357,0.75,0.6066715415974961,0.6157142857142865,1.0,0.625,0.12301587301587302,0.013468013468013407,Yes,0.5000000000000001,0.16444444444444445,0.10967741935483871,Yes
501,W0502,2018-05-16,Sydney,0.3012552301255231,0.6026936026936027,0.6056338028169015,0.8722466960352424,0.5,N,0.2638888888888889,S,WNW,0.09259259259259259,0.19298245614035087,0.48148148148148145,0.6296296296296295,0.6561604584527245,0.9542857142857173,0.25,0.0,0.2976190476190476,0.4713804713804714,Yes,0.4,0.6266666666666667,0.37741935483870964,No
502,W0503,2018-12-24,Hobart,0.09623430962343099,0.35353535353535354,0.2112676056338028,0.5418502202643172,0.41428571428571426,ENE,0.18055555555555555,ENE,NNW,0.2777777777777778,0.2982456140350877,0.35802469135802467,0.2685185185185185,0.9713467048710598,0.7657142857142851,0.25,0.625,0.11507936507936506,0.2996632996632996,No,0.6000000000000001,0.9044444444444446,0.08387096774193548,No
503,W0504,2021-01-27,Cairns,0.43933054393305443,0.7744107744107742,0.3943661971830986,0.4625550660792952,0.47857142857142854,SSW,0.5416666666666666,E,ENE,0.9814814814814814,0.38596491228070173,0.43209876543209874,0.787037037037037,0.24355300859598827,0.394285714285715,0.75,0.875,0.7976190476190477,0.7239057239057238,No,0.30000000000000004,0.9688888888888889,0.7096774193548387,Yes
504,W0505,2017-07-04,Darwin,0.874476987447699,0.6868686868686866,0.38028169014084506,0.9383259911894273,0.7357142857142857,SW,0.15277777777777776,SE,SE,0.2037037037037037,0.3684210526315789,0.34567901234567905,0.4722222222222222,0.7879656160458488,0.654285714285713,0.25,0.125,0.7896825396825398,0.6767676767676767,No,0.8,0.68,0.8419354838709677,No
505,W0506,2015-01-30,Wollongong,0.4435146443514644,0.36026936026936024,0.2816901408450704,0.7444933920704846,0.6214285714285713,NNW,0.611111111111111,N,ENE,0.3333333333333333,0.5438596491228069,0.4691358024691357,0.5833333333333333,0.8853868194842427,0.6157142857142865,0.25,0.625,0.47222222222222227,0.34680134680134683,No,0.7000000000000001,0.5733333333333334,0.46774193548387094,No
506,W0507,2019-01-18,Adelaide,0.3765690376569038,0.6161616161616161,0.18309859154929578,0.9118942731277533,0.9999999999999999,NW,0.2361111111111111,E,S,0.537037037037037,0.45614035087719296,0.12345679012345678,0.25925925925925924,0.8710601719197726,0.8714285714285701,0.25,0.125,0.32142857142857145,0.569023569023569,No,0.9,0.5533333333333332,0.5354838709677419,No
507,W0508,2022-09-24,Sydney,0.3807531380753138,0.34006734006734,0.14084507042253522,0.4537444933920705,0.4214285714285715,S,0.20833333333333331,NW,NNE,0.07407407407407407,0.45614035087719296,0.22222222222222215,0.5925925925925926,0.49283667621776317,0.7799999999999976,0.25,0.0,0.44841269841269843,0.28619528619528617,No,0.4,0.7822222222222223,0.49032258064516127,No
508,W0509,2021-02-09,Darwin,0.6903765690376571,0.8754208754208752,0.09859154929577466,0.5947136563876652,0.5888157894736842,N,0.3472222222222222,NNW,NNE,0.0,0.3684210526315789,0.48148148148148145,0.2407407407407407,0.6160458452722075,0.4628571428571462,0.625,0.125,0.6666666666666667,0.696969696969697,No,0.1,0.4711111111111111,0.6,No
509,W0510,2016-01-05,Melbourne,0.30543933054393313,0.31649831649831645,0.1971830985915493,0.5903083700440529,0.6642857142857143,WNW,0.3333333333333333,ESE,NNE,0.16666666666666666,0.43859649122807015,0.14814814814814814,0.5462962962962963,0.5530085959885405,0.5971428571428561,0.125,0.25,0.3095238095238095,0.23569023569023567,No,0.8,0.9222222222222223,0.38064516129032255,No
510,W0511,2022-07-24,Melbourne,0.2468619246861925,0.32996632996632996,0.4014084507042254,0.762114537444934,0.4714285714285714,NE,0.40645604395604396,NE,NW,0.9259259259259258,0.5263157894736842,0.6049382716049383,0.9351851851851851,0.2578796561604584,0.2314285714285731,0.875,0.75,0.22619047619047622,0.2121212121212121,Yes,0.7000000000000001,0.3955555555555556,0.2548387096774193,Yes
511,W0512,2018-01-07,Melbourne,0.4100418410041842,0.20538720538720528,0.4014084507042254,0.73568281938326,0.35,114,0.5972222222222222,W,W,1.0,0.3508771929824561,0.8888888888888888,0.9629629629629629,0.11174785100286755,0.26000000000000156,0.625,1.0,0.38492063492063494,0.2558922558922558,Yes,0.4,0.9177777777777778,0.48709677419354835,Yes
512,W0513,2015-07-31,Brisbane,0.6150627615062763,0.4915824915824915,0.352112676056338,0.5814977973568283,0.10714285714285714,NE,0.7916666666666666,S,NNE,0.8888888888888888,0.2982456140350877,0.4444444444444445,0.5555555555555555,0.2693409742120352,0.45714285714285907,0.75,1.0,0.5476190476190477,0.46801346801346794,Yes,0.30000000000000004,0.26888888888888896,0.6806451612903226,Yes
513,W0514,2017-04-30,Wollongong,0.5230125523012554,0.40404040404040403,0.352112676056338,0.9339207048458151,0.34285714285714286,SSE,0.40645604395604396,E,S,0.611111111111111,0.8421052631578947,0.8888888888888888,0.9259259259259258,0.10315186246418406,0.13142857142857167,0.5,0.625,0.484126984126984,0.3636363636363636,No,0.6000000000000001,0.21333333333333332,0.5193548387096774,Yes
514,W0515,2015-07-11,Brisbane,0.6192468619246863,0.6464646464646464,0.352112676056338,0.6607929515418502,0.14285714285714285,S,0.40645604395604396,WSW,SSW,0.7222222222222222,0.8421052631578947,0.8395061728395061,0.8981481481481481,0.4469914040114631,0.24285714285714377,1.0,0.875,0.5714285714285714,0.569023569023569,Yes,0.0,0.7044444444444445,0.6967741935483871,Yes
515,W0516,2021-04-18,Melbourne,0.3430962343096235,0.4478114478114478,0.5492957746478873,0.8854625550660793,0.7714285714285715,SSE,0.3611111111111111,ESE,N,0.37037037037037035,0.47368421052631576,0.024691358024691357,0.39814814814814814,0.6066715415974961,1.0,0.0,0.0,0.484126984126984,0.34343434343434337,No,0.5000000000000001,0.7355555555555555,0.43548387096774194,No
516,W0517,2016-09-12,Darwin,0.8619246861924688,0.7845117845117844,0.5633802816901409,0.709251101321586,0.4928571428571429,NNE,0.625,SW,ENE,0.4444444444444444,0.3684210526315789,0.9012345679012346,0.9166666666666666,0.1633237822349578,0.07142857142857295,0.875,0.875,0.9126984126984126,0.7441077441077442,No,0.5000000000000001,0.18888888888888888,0.8161290322580645,Yes
517,W0518,2019-09-23,Darwin,0.7866108786610879,0.8181818181818181,0.6619718309859155,0.3876651982378855,0.6071428571428571,SE,0.20833333333333331,SW,SSE,0.2777777777777778,0.5964912280701754,0.29629629629629634,0.6203703703703703,0.6066715415974961,0.7057142857142864,0.625,0.0,0.7420634920634919,0.7037037037037037,Yes,0.6000000000000001,0.36,0.6741935483870968,No
518,W0519,2020-11-13,Adelaide,0.49372384937238506,0.2895622895622895,0.323943661971831,0.7312775330396477,0.6642857142857143,SSW,0.4444444444444444,NNW,SSW,0.2222222222222222,0.17543859649122806,0.2345679012345679,0.2407407407407407,0.5988538681948441,0.6114285714285721,0.625,0.625,0.47222222222222227,0.30303030303030304,No,0.0,0.6577777777777778,0.45483870967741935,No
519,W0520,2015-05-06,Melbourne,0.23430962343096234,0.44444444444444436,0.4014084507042254,0.947136563876652,0.5888157894736842,SW,0.9583333333333333,ENE,ENE,0.5925925925925926,0.9298245614035088,0.691358024691358,0.6574074074074073,0.561604584527224,0.38285714285714434,1.0,0.625,0.4126984126984126,0.4781144781144781,No,0.7000000000000001,0.24000000000000005,0.45161290322580644,Yes
520,W0521,2019-05-23,Perth,0.48535564853556495,0.5084175084175082,0.2535211267605634,0.8546255506607929,0.4928571428571429,SSE,0.38888888888888884,NW,WNW,0.48148148148148145,0.49122807017543857,0.1111111111111111,0.20370370370370366,0.96848137535817,0.6157142857142865,0.625,0.5,0.5873015873015872,0.40067340067340057,No,0.5000000000000001,0.7511111111111111,0.41290322580645156,No
521,W0522,2022-03-24,Hobart,0.2217573221757323,0.37373737373737365,0.15492957746478875,0.9030837004405288,0.48571428571428565,SW,0.40645604395604396,SSW,WSW,0.7407407407407407,0.38596491228070173,0.8271604938271604,0.9444444444444444,0.6066715415974961,0.4200000000000017,0.75,0.875,0.26587301587301587,0.2996632996632996,Yes,0.30000000000000004,0.37555555555555553,0.3387096774193548,Yes
522,W0523,2017-07-09,Wollongong,0.32635983263598334,0.5791245791245792,0.352112676056338,0.3480176211453745,0.5888157894736842,W,0.8888888888888888,SE,SE,0.9629629629629629,0.3684210526315789,0.5802469135802468,0.7685185185185185,0.4498567335243564,0.274285714285714,0.875,0.375,0.2936507936507936,0.5993265993265993,No,0.7000000000000001,0.9733333333333332,0.5225806451612903,Yes
523,W0524,2022-10-01,Darwin,0.7698744769874477,0.7878787878787878,0.38028169014084506,0.9867841409691631,0.18571428571428572,NNE,0.40645604395604396,W,WSW,0.3333333333333333,0.3684210526315789,0.8765432098765431,0.9629629629629629,0.04297994269341032,0.44285714285714306,0.5,0.875,0.7777777777777777,0.7373737373737372,Yes,0.20000000000000004,0.11333333333333333,0.8096774193548387,Yes
524,W0525,2021-11-29,Canberra,0.23012552301255235,0.5207812531756193,0.2535211267605634,0.9383259911894273,0.7928571428571427,WNW,0.4305555555555555,E,SW,0.05555555555555555,0.017543859649122806,0.08641975308641975,0.25,0.6066715415974961,0.6257142857142846,0.125,0.625,0.4523809523809524,0.43097643097643096,No,0.6000000000000001,0.3422222222222222,0.2032258064516129,No
525,W0526,2021-09-20,Wollongong,0.32635983263598334,0.4343434343434343,0.352112676056338,0.9603524229074891,0.4642857142857143,N,0.40645604395604396,SW,S,0.537037037037037,0.5087719298245614,0.8888888888888888,0.7962962962962963,0.4899713467048734,0.39142857142857324,0.375,0.875,0.35714285714285704,0.36700336700336694,Yes,0.4,0.5933333333333333,0.27419354838709675,Yes
526,W0527,2018-04-11,Sydney,0.3807531380753138,0.5151515151515151,0.6619718309859155,0.6299559471365639,0.5428571428571428,ENE,0.611111111111111,SE,NW,0.05555555555555555,0.19298245614035087,0.06172839506172839,0.2407407407407407,0.9856733524355299,0.668571428571429,0.375,0.375,0.3452380952380953,0.5589225589225588,No,0.1,0.05111111111111109,0.5451612903225806,No
527,W0528,2015-12-28,Darwin,0.7573221757322177,0.8282828282828281,0.16901408450704228,0.9295154185022028,0.657142857142857,S,0.4722222222222222,NW,SW,0.48148148148148145,0.2982456140350877,0.3333333333333333,0.48148148148148145,0.736389684813755,0.7028571428571446,0.625,0.25,0.7222222222222221,0.7744107744107744,No,0.30000000000000004,0.06222222222222222,0.7129032258064516,No
528,W0529,2019-05-23,Darwin,0.7447698744769875,0.7542087542087541,0.38028169014084506,0.41850220264317184,0.2571428571428571,SSE,0.40645604395604396,SSW,E,0.611111111111111,0.5438596491228069,0.7037037037037037,0.6666666666666666,0.6066715415974961,0.38285714285714434,0.5,0.375,0.8095238095238095,0.7609427609427608,Yes,0.7000000000000001,0.5466666666666666,0.7387096774193548,Yes
529,W0530,2021-08-03,Wollongong,0.4225941422594142,0.3569023569023568,0.12676056338028172,0.8898678414096917,0.657142857142857,S,0.40277777777777773,NNE,SW,0.2037037037037037,0.08771929824561403,0.012345679012345678,0.611111111111111,0.7535816618911184,0.5828571428571436,0.5,0.375,0.380952380952381,0.31649831649831645,No,0.7000000000000001,0.5288888888888889,0.5483870967741936,No
530,W0531,2021-01-11,Brisbane,0.5188284518828452,0.6868686868686866,0.3943661971830986,0.40969162995594716,0.5928571428571427,SSE,0.1111111111111111,WSW,W,0.42592592592592593,0.40350877192982454,0.2345679012345679,0.38888888888888884,0.8022922636103154,0.4800000000000004,0.125,0.125,0.46428571428571425,0.6835016835016834,No,0.4,0.039999999999999994,0.6225806451612904,No
531,W0532,2016-02-01,Townsville,0.7112970711297073,0.6228956228956228,0.08450704225352113,0.841409691629956,0.85,WNW,0.125,E,E,0.1111111111111111,0.017543859649122806,0.012345679012345678,0.37037037037037035,0.5014326647564502,0.6157142857142865,0.375,0.375,0.6984126984126984,0.6296296296296295,No,0.9,0.16222222222222227,0.6,No
532,W0533,2022-09-09,Adelaide,0.389121338912134,0.4478114478114478,0.3943661971830986,0.6607929515418502,0.44999999999999996,NW,0.8472222222222222,SE,W,0.8703703703703703,1.0,0.4444444444444445,0.5833333333333333,0.03151862464183708,0.6157142857142865,1.0,0.5,0.3611111111111111,0.4074074074074073,Yes,0.7000000000000001,0.7844444444444444,0.39677419354838706,Yes
533,W0534,2015-12-22,Sydney,0.3723849372384938,0.3265993265993266,0.07042253521126762,0.9867841409691631,0.657142857142857,SSE,0.38888888888888884,SSW,W,0.3333333333333333,0.017543859649122806,0.18518518518518517,0.21296296296296297,0.687679083094558,0.5514285714285698,0.5,0.5,0.34920634920634924,0.27272727272727265,Yes,0.20000000000000004,0.78,0.3903225806451613,No
534,W0535,31/10/2019,Townsville,0.7907949790794979,0.5454545454545454,0.7042253521126761,0.49779735682819387,0.8785714285714286,S,0.3472222222222222,NNW,SSW,0.12962962962962962,0.5263157894736842,0.39506172839506176,0.28703703703703703,0.4871060171919801,0.7542857142857144,0.125,0.25,0.7420634920634919,0.5925925925925926,No,0.8,0.4955555555555556,0.7709677419354839,No
535,W0536,2021-10-29,Newcastle,0.3347280334728034,0.4208754208754209,0.4436619718309859,0.41409691629955947,0.0,ENE,0.40645604395604396,ESE,S,0.6666666666666666,0.5438596491228069,0.8641975308641974,0.7037037037037036,0.5128939828080235,0.5571428571428569,0.75,0.75,0.27777777777777773,0.45454545454545453,Yes,0.8,0.8577777777777778,0.3290322580645161,Yes
536,W0537,2017-01-22,Canberra,0.3221757322175733,0.34680134680134683,0.5211267605633803,0.762114537444934,0.5642857142857143,NE,0.15277777777777776,SE,WNW,0.4444444444444444,0.2807017543859649,0.09876543209876543,0.2407407407407407,0.9971346704871102,0.9742857142857133,0.375,0.5,0.32936507936507936,0.25925925925925924,Yes,0.20000000000000004,0.19333333333333336,0.36129032258064514,No
537,W0538,2019-11-01,Adelaide,0.3556485355648536,0.39730639730639733,0.12676056338028172,0.8590308370044053,0.5888157894736842,WNW,0.125,S,ESE,0.18518518518518517,0.3157894736842105,0.4567901234567901,0.6481481481481481,0.6066715415974961,0.9171428571428564,0.625,0.0,0.2976190476190476,0.29629629629629634,No,0.30000000000000004,0.2866666666666667,0.3903225806451613,No
538,W0539,2015-11-12,Canberra,0.04184100418410042,0.19528619528619534,0.5633802816901409,0.7929515418502203,0.3571428571428571,NW,0.2222222222222222,ENE,NNE,0.35185185185185186,0.19298245614035087,0.27160493827160487,0.4351851851851851,0.736389684813755,0.6514285714285712,0.5,0.375,0.08730158730158732,0.19191919191919188,No,0.8,0.54,0.27419354838709675,No
539,W0540,2021-04-30,Townsville,0.6694560669456069,0.8619528619528618,0.6056338028169015,0.5418502202643172,0.7499999999999999,NE,0.5416666666666666,S,SSE,0.25925925925925924,0.5614035087719298,0.4074074074074074,0.32407407407407407,0.6066715415974961,0.6157142857142865,0.375,0.125,0.6904761904761905,0.797979797979798,No,0.30000000000000004,0.5688888888888889,0.6967741935483871,No
540,W0541,2018-07-13,Brisbane,0.5062761506276152,0.5959595959595958,0.36619718309859156,0.6519823788546255,0.8642857142857142,E,0.3472222222222222,W,ESE,0.2777777777777778,0.5263157894736842,0.43209876543209874,0.5185185185185185,0.5415472779369637,0.6285714285714299,0.125,0.125,0.623015873015873,0.46127946127946123,No,0.6000000000000001,0.3088888888888889,0.6419354838709678,No
541,W0542,2022-08-30,Melbourne,0.12970711297071136,0.45791245791245777,0.2816901408450704,0.6607929515418502,0.8857142857142857,NE,0.4722222222222222,ESE,N,0.5,0.0,0.419753086419753,0.21296296296296297,0.673352435530088,0.45714285714285907,0.375,0.25,0.21428571428571425,0.276094276094276,Yes,0.30000000000000004,0.7244444444444444,0.0935483870967742,No
542,W0543,2015-03-21,Hobart,0.10460251046025104,0.11784511784511781,0.2676056338028169,0.8590308370044053,0.9285714285714285,SSE,0.41666666666666663,SE,ENE,0.37037037037037035,0.40350877192982454,0.4444444444444445,0.611111111111111,0.4412607449856729,0.5285714285714285,0.625,0.125,0.13888888888888884,0.08754208754208753,No,0.5000000000000001,0.34444444444444444,0.12580645161290324,No
543,W0544,2022-02-05,Adelaide,0.48953974895397495,0.6127946127946127,0.2112676056338028,0.5682819383259913,0.5888157894736842,SSE,0.5972222222222222,NNE,E,0.5555555555555556,0.3333333333333333,0.29629629629629634,0.2685185185185185,0.8424068767908324,0.5457142857142863,0.375,0.625,0.484126984126984,0.46801346801346794,No,0.6000000000000001,0.1866666666666667,0.5193548387096774,No
544,W0545,2020-05-05,Wollongong,0.393305439330544,0.4343434343434343,0.09859154929577466,0.7136563876651982,0.5888157894736842,NE,0.25,ESE,NE,0.18518518518518517,0.49122807017543857,0.14814814814814814,0.49999999999999994,0.5186246418338136,0.8542857142857123,0.625,0.125,0.39285714285714285,0.4646464646464647,No,0.5000000000000001,0.37555555555555553,0.37741935483870964,No
545,W0546,2015-05-28,Brisbane,0.589958158995816,0.67003367003367,0.352112676056338,0.5506607929515419,0.8285714285714285,NE,0.5416666666666666,SW,SSE,0.3333333333333333,0.3333333333333333,0.08641975308641975,0.31481481481481477,0.647564469914041,0.7828571428571429,0.625,0.625,0.5634920634920635,0.7003367003367003,No,0.4,0.08,0.4258064516129032,No
546,W0547,2022-02-17,Perth,0.5397489539748954,0.45117845117845107,0.11267605633802816,0.8325991189427313,0.5888157894736842,ESE,0.2777777777777778,NNW,WSW,0.537037037037037,0.5789473684210527,0.4938271604938272,0.4444444444444444,0.7106017191977081,0.8885714285714279,0.25,0.125,0.5674603174603174,0.39730639730639733,Yes,0.0,0.6244444444444445,0.6258064516129033,No
547,W0548,2020-02-29,Newcastle,0.3682008368200838,0.48148148148148145,0.49295774647887325,0.42290748898678415,0.5888157894736842,W,0.3472222222222222,WSW,SE,0.0,0.49122807017543857,0.25925925925925924,0.6203703703703703,0.6532951289398277,0.4885714285714293,0.625,0.125,0.40079365079365076,0.4781144781144781,No,0.8,0.45555555555555555,0.5322580645161291,No
548,W0549,2019-08-19,Perth,0.389121338912134,0.5892255892255891,0.352112676056338,0.8502202643171806,0.5888157894736842,WNW,0.15277777777777776,ESE,S,0.037037037037037035,0.3684210526315789,0.4938271604938272,0.45370370370370366,0.49570200573066003,0.9171428571428564,0.25,0.0,0.5357142857142856,0.5723905723905724,No,0.9,0.6399999999999999,0.4064516129032258,No
549,W0550,2017-11-26,Sydney,0.43096234309623443,0.4781144781144781,0.2816901408450704,0.7665198237885462,0.3571428571428571,NE,0.41666666666666663,SE,NNW,0.16666666666666666,0.45614035087719296,0.5432098765432098,0.4444444444444444,0.5530085959885405,0.8771428571428572,0.5,0.375,0.40873015873015867,0.3905723905723905,No,0.7000000000000001,0.20666666666666672,0.5387096774193548,No
550,W0551,2015-07-12,Townsville,0.7907949790794979,0.6397306397306397,0.7042253521126761,0.9515418502202644,0.6071428571428571,WSW,0.3194444444444444,NNW,NW,0.31481481481481477,0.19298245614035087,0.29629629629629634,0.21296296296296297,0.4498567335243564,0.6085714285714268,0.125,0.5,0.7619047619047619,0.6565656565656566,Yes,0.6000000000000001,0.7177777777777777,0.6548387096774194,No
551,W0552,12/01/2020,Perth,0.3640167364016737,0.48821548821548816,0.4225352112676056,0.5154185022026432,0.09285714285714285,SSE,0.5694444444444444,WNW,S,0.35185185185185186,0.8245614035087718,0.7901234567901234,0.7129629629629629,0.5100286532951301,0.3028571428571425,0.75,0.625,0.4246031746031746,0.35353535353535354,Yes,0.5000000000000001,0.09777777777777778,0.30322580645161284,Yes
552,W0553,2022-08-23,Adelaide,0.7364016736401675,0.06060606060606055,0.38732394366197187,0.5110132158590308,0.15,ESE,0.40645604395604396,N,SE,0.8518518518518519,0.5438596491228069,0.43209876543209874,0.9259259259259258,0.32091690544412543,0.3542857142857123,0.875,0.75,0.3531746031746031,0.4141414141414141,Yes,1.0,0.10444444444444444,0.22258064516129034,Yes
553,W0554,2019-05-22,Townsville,0.6317991631799165,0.5589225589225588,0.2676056338028169,0.7577092511013217,0.5888157894736842,ESE,0.19444444444444442,W,WSW,0.537037037037037,0.5087719298245614,0.30864197530864196,0.41666666666666663,0.9942693409742134,0.6228571428571428,0.375,0.125,0.626984126984127,0.48821548821548816,Yes,0.6000000000000001,0.9088888888888889,0.5612903225806452,No
554,W0555,2015-11-20,Cairns,0.594142259414226,0.7171717171717171,0.04225352112676057,0.40528634361233484,0.4928571428571429,NE,0.19444444444444442,NW,SE,0.05555555555555555,0.3684210526315789,0.07407407407407407,0.5277777777777778,0.47277936962751,0.8771428571428572,0.125,0.625,0.5634920634920635,0.5892255892255891,Yes,0.7000000000000001,0.2,0.5161290322580645,No
555,W0556,2021-11-29,Melbourne,0.3389121338912134,0.2693602693602693,0.676056338028169,0.6079295154185023,0.6285714285714284,NW,0.2777777777777778,NW,SW,0.24074074074074073,0.03508771929824561,0.38271604938271603,0.537037037037037,0.6066715415974961,0.6157142857142865,0.0,0.375,0.3888888888888889,0.27946127946127947,No,0.1,0.0911111111111111,0.4387096774193548,No
556,W0557,2019-10-17,Wollongong,0.3430962343096235,0.32323232323232315,0.056338028169014086,0.5814977973568283,0.9357142857142856,E,0.5833333333333333,NNW,WNW,0.31481481481481477,0.2982456140350877,0.14814814814814814,0.5648148148148148,0.9312320916905428,0.5257142857142867,0.375,0.25,0.2936507936507936,0.26599326599326595,No,1.0,0.6333333333333333,0.27096774193548384,No
557,W0558,2017-01-26,Townsville,0.6066945606694563,0.5488215488215489,0.5633802816901409,0.5154185022026432,0.5,WNW,0.5277777777777778,NNW,W,0.5185185185185185,0.21052631578947367,0.27160493827160487,0.6018518518518519,0.7020057306590282,0.7828571428571429,0.625,0.375,0.6547619047619047,0.5117845117845117,No,0.8,0.7644444444444444,0.735483870967742,No
558,W0559,2015-02-22,Hobart,0.20502092050209209,0.33670033670033667,0.5774647887323944,0.73568281938326,0.8428571428571429,NNE,0.611111111111111,SSW,SSE,0.14814814814814814,0.3684210526315789,0.16049382716049382,0.23148148148148145,0.49856733524355334,0.5371428571428574,0.125,0.25,0.3333333333333333,0.38720538720538716,No,0.20000000000000004,0.6355555555555555,0.2806451612903225,No
559,W0560,2015-08-12,Darwin,0.9121338912133892,0.9191919191919191,0.6056338028169015,0.9030837004405288,0.8571428571428571,SE,0.3055555555555555,S,SSE,0.4074074074074074,0.42105263157894735,0.08641975308641975,0.537037037037037,0.5959885386819472,0.4971428571428582,0.375,0.5,0.8293650793650795,0.8888888888888891,No,0.1,0.37333333333333335,0.7870967741935484,No
560,W0561,2021-05-30,Perth,0.4435146443514644,0.3703703703703704,0.4225352112676056,0.748898678414097,0.3,NNW,0.7083333333333333,SE,N,0.6296296296296295,0.7894736842105263,0.8641975308641974,0.9351851851851851,0.27507163323782535,0.05428571428571516,0.875,0.625,0.4880952380952381,0.40404040404040403,Yes,0.5000000000000001,0.30000000000000004,0.45483870967741935,Yes
561,W0562,2021-11-03,Melbourne,0.17991631799163188,0.49494949494949486,0.2676056338028169,0.7665198237885462,0.5142857142857142,E,0.3472222222222222,S,ENE,0.5185185185185185,0.5087719298245614,0.2839506172839506,0.37037037037037035,0.8051575931232122,0.7171428571428571,0.625,0.625,0.2420634920634921,0.4208754208754209,Yes,0.7000000000000001,0.8177777777777777,0.23548387096774193,No
562,W0563,2018-02-14,Melbourne,0.20920502092050214,0.4915824915824915,0.07042253521126762,0.3436123348017621,0.5785714285714285,NE,0.16666666666666666,ENE,ESE,0.05555555555555555,0.5087719298245614,0.0,0.4351851851851851,0.6045845272206343,0.6942857142857122,0.0,0.5,0.23412698412698407,0.34006734006734,No,0.0,0.39333333333333337,0.47066035780893833,No
563,W0564,2017-04-02,Cairns,0.8451882845188285,0.8619528619528618,0.056338028169014086,0.40528634361233484,0.9142857142857143,ENE,0.625,W,ENE,0.31481481481481477,0.2807017543859649,0.06172839506172839,0.5185185185185185,0.46991404011461313,0.6742857142857162,0.5,0.625,0.8174603174603174,0.8282828282828283,No,0.9,0.1444444444444445,0.7451612903225806,No
564,W0565,2015-03-22,Adelaide,0.3389121338912134,0.41750841750841744,0.5352112676056339,0.5726872246696035,0.5888157894736842,N,0.625,E,NNE,0.38888888888888884,0.45614035087719296,0.1728395061728395,0.28703703703703703,0.7936962750716319,0.8285714285714292,0.5,0.5,0.4126984126984126,0.34006734006734,No,0.20000000000000004,0.4777777777777778,0.39677419354838706,No
565,W0566,2020-03-02,Melbourne,0.4142259414225942,0.26599326599326595,0.4507042253521127,0.775330396475771,0.48571428571428565,ENE,0.3472222222222222,SSE,NNW,0.1111111111111111,0.5438596491228069,0.4691358024691357,0.5092592592592592,0.6017191977077374,0.9085714285714275,0.5,0.25,0.4126984126984126,0.25252525252525254,No,0.5000000000000001,0.5733333333333334,0.5935483870967742,No
566,W0567,2022-06-11,Sydney,0.397489539748954,0.40067340067340057,0.2394366197183099,0.8810572687224671,0.44999999999999996,WNW,0.38888888888888884,ESE,W,0.2222222222222222,0.21052631578947367,0.39506172839506176,0.5555555555555555,0.5157593123209203,0.6600000000000001,0.0,0.375,0.36507936507936506,0.4141414141414141,Yes,0.7000000000000001,0.6177777777777776,0.47066035780893833,No
567,W0568,2019-10-03,Melbourne,0.16736401673640172,0.4343434343434343,0.4014084507042254,0.7973568281938327,0.5888157894736842,ENE,0.5138888888888888,SE,NE,0.35185185185185186,0.631578947368421,0.4444444444444445,0.9629629629629629,0.5587392550143271,0.15142857142857125,0.75,0.875,0.25396825396825395,0.3636363636363636,No,0.0,0.16444444444444445,0.28709677419354834,Yes
568,W0569,2019-06-28,Hobart,0.25104602510460255,0.2693602693602693,0.4507042253521127,0.7312775330396477,0.4357142857142856,W,0.19444444444444442,NW,NNW,0.2962962962962963,0.17543859649122806,0.35802469135802467,0.3055555555555555,0.8710601719197726,0.4457142857142884,0.5,0.5,0.19841269841269837,0.23569023569023567,No,0.5000000000000001,0.039999999999999994,0.29032258064516125,No
569,W0570,2016-01-05,Cairns,0.866108786610879,0.8585858585858583,0.5774647887323944,0.8237885462555067,0.3857142857142857,NE,0.4444444444444444,SW,WSW,0.4074074074074074,0.47368421052631576,0.18518518518518517,0.31481481481481477,0.455587392550143,0.9685714285714333,0.125,0.5,0.98015873015873,0.835016835016835,No,1.0,0.46888888888888897,0.7709677419354839,No
570,W0571,2022-06-04,Sydney,0.29288702928870297,0.3569023569023568,0.4788732394366197,0.5286343612334802,0.3999999999999999,SSW,0.29166666666666663,W,WNW,0.24074074074074073,0.5087719298245614,0.09876543209876543,0.4074074074074074,0.7392550143266483,0.6999999999999993,0.25,0.5,0.34920634920634924,0.24579124579124584,No,1.0,0.5755555555555555,0.22903225806451613,No
571,W0572,2022-09-01,Cairns,0.43933054393305443,0.9023569023569022,0.028169014084507046,0.8810572687224671,0.9857142857142857,WNW,0.5138888888888888,SSE,S,0.5,0.24561403508771928,0.20987654320987653,0.5462962962962963,0.7106017191977081,0.5428571428571445,0.375,0.125,0.9166666666666667,0.9292929292929293,No,0.0,0.6888888888888889,0.7709677419354839,No
572,W0573,2018-05-31,Cairns,0.6610878661087867,0.6632996632996633,0.3943661971830986,0.9515418502202644,0.6,NNE,0.611111111111111,WNW,WNW,0.12962962962962962,0.15789473684210525,0.24691358024691362,0.20370370370370366,0.9255014326647597,0.9228571428571435,0.375,0.25,0.6666666666666667,0.6835016835016834,No,1.0,0.057777777777777775,0.632258064516129,No
573,W0574,2018-06-10,Wollongong,0.48953974895397495,0.6531986531986531,0.5352112676056339,0.696035242290749,0.3642857142857142,WNW,0.1111111111111111,SE,SW,0.09259259259259259,0.15789473684210525,0.16049382716049382,0.2962962962962963,0.4383954154727796,0.562857142857144,0.0,0.0,0.6547619047619047,0.67003367003367,Yes,0.6000000000000001,0.5377777777777777,0.635483870967742,No
574,W0575,2020-05-20,Newcastle,0.3849372384937239,0.6632996632996633,0.2676056338028169,0.9955947136563879,0.4285714285714285,WSW,0.5694444444444444,NNW,NNE,0.2777777777777778,0.49122807017543857,0.4567901234567901,0.611111111111111,0.7621776504298019,0.894285714285715,0.25,0.0,0.4047619047619047,0.5151515151515151,Yes,1.0,0.7555555555555555,0.5806451612903226,No
575,W0576,2019-04-15,Canberra,0.06276150627615062,0.40067340067340057,0.676056338028169,0.9955947136563879,0.9571428571428571,ESE,0.2361111111111111,NE,NE,0.5,0.03508771929824561,0.4938271604938272,0.5462962962962963,0.5042979942693435,0.8028571428571425,0.25,0.5,0.05158730158730157,0.3771043771043771,No,0.30000000000000004,0.9066666666666665,0.03225806451612904,No
576,W0577,2020-01-08,Newcastle,0.48117154811715485,0.6094276094276094,0.3943661971830986,0.722466960352423,0.6785714285714285,N,0.2361111111111111,SE,NE,0.2037037037037037,0.5263157894736842,0.18518518518518517,0.41666666666666663,0.6066715415974961,0.7171428571428571,0.0,0.625,0.6150793650793651,0.6094276094276094,Yes,0.5000000000000001,0.8644444444444443,0.39677419354838706,No
577,W0578,2021-12-12,Cairns,0.7322175732217575,0.8585858585858583,0.2676056338028169,0.7577092511013217,0.9357142857142856,E,0.2361111111111111,N,NW,0.05555555555555555,0.2807017543859649,0.20987654320987653,0.4444444444444444,0.7793696275071618,0.725714285714286,0.25,0.375,0.8015873015873016,0.8383838383838385,No,0.8,0.4088888888888889,0.7096774193548387,No
578,W0579,2017-07-21,Darwin,0.7949790794979081,0.6868686868686866,0.8028169014084506,0.6299559471365639,0.37142857142857144,NE,0.40645604395604396,ENE,E,0.7037037037037037,0.3684210526315789,0.7777777777777777,0.8333333333333333,0.6066715415974961,0.06285714285714405,0.5,0.375,0.8134920634920635,0.7306397306397305,Yes,1.0,0.5599999999999999,0.5806451612903226,Yes
579,W0580,2015-11-26,Brisbane,0.5146443514644352,0.7205387205387204,0.352112676056338,0.6519823788546255,0.2571428571428571,NW,0.40645604395604396,NNE,SSW,0.2962962962962963,0.5789473684210527,0.8395061728395061,0.6574074074074073,0.060171919770777293,0.6157142857142865,0.625,0.625,0.5873015873015872,0.5488215488215489,Yes,0.0,0.5844444444444444,0.41612903225806447,Yes
580,W0581,2015-07-07,Hobart,0.2426778242677825,0.45117845117845107,0.46478873239436624,0.7709251101321587,0.6499999999999999,NNE,0.25,E,SSE,0.5555555555555556,0.38596491228070173,0.30864197530864196,0.5462962962962963,0.6066715415974961,0.8885714285714279,0.0,0.375,0.3531746031746031,0.2895622895622894,No,0.30000000000000004,0.09333333333333331,0.4580645161290322,No
581,W0582,2021-02-22,Hobart,0.07531380753138078,0.35353535353535354,0.4788732394366197,0.86784140969163,0.6428571428571428,S,0.2361111111111111,WNW,ENE,0.537037037037037,0.42105263157894735,0.16049382716049382,0.6296296296296295,0.5386819484240704,0.9800000000000004,0.125,0.125,0.059523809523809534,0.23569023569023567,No,0.20000000000000004,0.15111111111111114,0.47066035780893833,No
582,W0583,2018-10-27,Sydney,0.27615062761506276,0.5117845117845117,0.014084507042253523,0.5594713656387665,0.6642857142857143,287,0.625,NW,WNW,0.09259259259259259,0.07017543859649122,0.38271604938271603,0.6481481481481481,0.5128939828080235,0.9914285714285747,0.375,0.375,0.33730158730158727,0.39393939393939387,No,0.30000000000000004,0.36,0.37419354838709673,No
583,W0584,17/10/2017,Townsville,0.6192468619246863,0.6363636363636362,0.5070422535211268,0.9867841409691631,0.8285714285714285,NE,0.5833333333333333,WSW,ESE,0.18518518518518517,0.08771929824561403,0.037037037037037035,0.36111111111111105,0.6303724928366776,0.5600000000000023,0.375,0.125,0.7380952380952381,0.5387205387205387,No,0.4,0.7066666666666666,0.48064516129032253,No
584,W0585,2021-08-30,Townsville,0.7615062761506277,0.6767676767676767,0.352112676056338,0.3656387665198238,0.4928571428571429,SSW,0.2361111111111111,S,E,0.018518518518518517,0.2807017543859649,0.16049382716049382,0.5185185185185185,0.5702005730659039,0.894285714285715,0.0,0.625,0.7619047619047619,0.6262626262626261,No,0.20000000000000004,0.5666666666666667,0.7161290322580646,No
585,W0586,2018-03-21,Canberra,0.15062761506276157,0.42424242424242414,0.4225352112676056,0.37004405286343617,0.5888157894736842,NE,0.40645604395604396,SSE,W,0.7407407407407407,0.7368421052631579,0.38271604938271603,0.6296296296296295,0.25214899713467176,0.11714285714285921,0.375,0.75,0.11507936507936506,0.45454545454545453,Yes,0.6000000000000001,0.38000000000000006,0.0935483870967742,Yes
586,W0587,2019-02-17,Wollongong,0.32635983263598334,0.44444444444444436,0.2535211267605634,0.5638766519823789,0.8071428571428572,S,0.25,WSW,WNW,0.05555555555555555,0.47368421052631576,0.5185185185185184,0.39814814814814814,0.9111747851002896,0.7314285714285731,0.0,0.625,0.28968253968253965,0.4713804713804714,No,0.4,0.7422222222222222,0.3870967741935484,No
587,W0588,2020-04-24,Townsville,0.7782426778242679,0.643097643097643,0.5492957746478873,0.42290748898678415,0.3642857142857142,W,0.09722222222222221,NNE,WNW,0.018518518518518517,0.5438596491228069,0.024691358024691357,0.3055555555555555,0.5587392550143271,0.9257142857142888,0.375,0.625,0.7817460317460316,0.5824915824915824,No,1.0,0.35555555555555557,0.8612903225806452,No
588,W0589,2018-09-30,Cairns,0.7364016736401675,0.8148148148148147,0.3943661971830986,0.5506607929515419,0.5888157894736842,S,0.40645604395604396,SSE,NE,0.35185185185185186,0.5263157894736842,0.654320987654321,0.7037037037037036,0.25501432664756507,0.1114285714285721,0.75,1.0,0.7579365079365079,0.7676767676767677,Yes,0.4,0.5866666666666666,0.6741935483870968,Yes
589,W0590,2022-12-27,Adelaide,0.401673640167364,0.2996632996632996,0.38732394366197187,0.5418502202643172,0.5888157894736842,SSE,0.4444444444444444,SW,W,0.8888888888888888,0.3684210526315789,0.43209876543209874,0.7314814814814814,0.5558739255014338,0.4971428571428582,0.875,0.875,0.44444444444444436,0.2828282828282827,Yes,0.4,0.8733333333333333,0.4935483870967741,Yes
590,W0591,2021-06-04,Hobart,0.25523012552301255,0.44444444444444436,0.5352112676056339,0.9691629955947136,0.5888157894736842,202,0.18055555555555555,W,E,0.4074074074074074,0.22807017543859648,0.16049382716049382,0.2685185185185185,0.6790830945558746,0.9771428571428586,0.625,0.625,0.32142857142857145,0.46127946127946123,No,0.5000000000000001,0.6133333333333334,0.3419354838709677,No
591,W0592,2016-06-29,Melbourne,0.30543933054393313,0.31649831649831645,0.12676056338028172,0.8766519823788546,0.3642857142857142,NE,0.3194444444444444,SSE,NE,0.48148148148148145,0.42105263157894735,0.2839506172839506,0.39814814814814814,0.6066715415974961,0.6942857142857122,0.375,0.375,0.27777777777777773,0.30303030303030304,Yes,0.0,0.12222222222222222,0.29354838709677417,No
592,W0593,2016-10-16,Melbourne,0.12970711297071136,0.505050505050505,0.4014084507042254,0.6035242290748899,0.2642857142857143,N,0.736111111111111,E,E,0.6851851851851851,0.3684210526315789,0.7901234567901234,0.7962962962962963,0.06590257879656036,0.274285714285714,0.5,0.875,0.30158730158730157,0.3838383838383838,Yes,0.8,0.4888888888888889,0.17096774193548386,Yes
593,W0594,2019-10-09,Townsville,0.6443514644351465,0.8316498316498315,0.40845070422535207,0.6035242290748899,0.7714285714285715,NW,0.4444444444444444,NNE,WSW,0.037037037037037035,0.24561403508771928,0.5432098765432098,0.3333333333333333,0.7306590257879684,0.7342857142857149,0.375,0.25,0.6666666666666667,0.8484848484848484,No,0.1,0.7244444444444444,0.5161290322580645,No
594,W0595,2020-12-09,Townsville,0.5815899581589958,0.5353535353535352,0.352112676056338,0.5330396475770925,0.24285714285714283,NE,0.4305555555555555,WNW,NE,0.6296296296296295,0.5964912280701754,0.8765432098765431,0.9259259259259258,0.40401146131805277,0.5399999999999991,0.875,0.75,0.5158730158730158,0.5117845117845117,No,0.7000000000000001,0.11111111111111112,0.47066035780893833,Yes
595,W0596,2020-05-27,Adelaide,0.401673640167364,0.36026936026936024,0.38732394366197187,0.801762114537445,0.47857142857142854,SSE,0.7222222222222222,SSW,SW,0.3333333333333333,0.8596491228070176,0.8024691358024691,0.6666666666666666,0.3180515759312357,0.15714285714285836,0.75,0.5,0.3611111111111111,0.32323232323232315,Yes,0.30000000000000004,0.62,0.41612903225806447,Yes
596,W0597,2016-03-19,Townsville,0.5481171548117156,0.6902356902356901,0.352112676056338,0.4493392070484582,0.37857142857142856,N,0.986111111111111,ESE,SSW,0.38888888888888884,0.8771929824561403,0.7037037037037037,0.7037037037037036,0.06303724928366705,0.33999999999999986,0.625,1.0,0.5396825396825398,0.5791245791245792,Yes,0.4,0.5977777777777777,0.5193548387096774,Yes
597,W0598,2021-09-26,Newcastle,0.5020920502092052,0.6094276094276094,0.07042253521126762,0.9339207048458151,0.657142857142857,NE,0.611111111111111,SE,W,0.5555555555555556,0.5964912280701754,0.3333333333333333,0.31481481481481477,0.5272206303724936,0.6157142857142865,0.5,0.125,0.6666666666666667,0.5286195286195285,No,0.6000000000000001,0.006666666666666654,0.39677419354838706,No
598,W0599,2015-08-16,Sydney,0.4058577405857741,0.6397306397306397,0.5211267605633803,0.6607929515418502,0.9285714285714285,W,0.3194444444444444,NNE,WNW,0.16666666666666666,0.15789473684210525,0.4938271604938272,0.41666666666666663,0.808022922636102,0.5485714285714316,0.5,0.625,0.40079365079365076,0.49494949494949486,Yes,0.1,0.7177777777777777,0.567741935483871,No
599,W0600,2015-08-03,Perth,0.6108786610878663,0.46127946127946123,0.647887323943662,0.8590308370044053,0.5642857142857143,NNE,0.4583333333333333,NNW,ENE,0.38888888888888884,0.10526315789473684,0.5185185185185184,0.49999999999999994,0.8767908309455628,0.5657142857142858,0.375,0.375,0.6150793650793651,0.4646464646464647,No,0.7000000000000001,0.02444444444444442,0.47066035780893833,No
600,W0601,2017-07-03,Canberra,0.07112970711297073,0.38720538720538716,0.4788732394366197,0.8370044052863437,0.4357142857142856,N,0.5416666666666666,E,NE,0.12962962962962962,0.05263157894736842,0.24691358024691362,0.4907407407407407,0.7650429799426917,0.9714285714285715,0.375,0.625,0.02777777777777779,0.175084175084175,No,0.8,0.5644444444444444,0.1967741935483871,No
601,W0602,2017-03-30,Brisbane,0.5523012552301256,0.7643097643097643,0.36619718309859156,0.775330396475771,0.44999999999999996,E,0.625,SSE,WSW,0.2777777777777778,0.3684210526315789,0.4567901234567901,0.9537037037037036,0.47851002865329306,0.6157142857142865,0.875,0.875,0.49206349206349215,0.5723905723905724,Yes,0.4,0.7866666666666666,0.4387096774193548,Yes
602,W0603,2021-05-07,Brisbane,0.47698744769874485,0.5353535353535352,0.16901408450704228,0.5814977973568283,0.3285714285714285,NW,0.4305555555555555,N,E,0.611111111111111,0.6140350877192982,0.7777777777777777,0.7685185185185185,0.4756446991404033,0.031428571428573804,0.5,1.0,0.6071428571428572,0.4781144781144781,No,0.4,0.6955555555555555,0.4967741935483871,Yes
603,W0604,2018-12-22,Cairns,0.6694560669456069,0.8013468013468013,0.2676056338028169,0.8634361233480177,0.4285714285714285,NNE,0.5,NW,ESE,0.3333333333333333,0.05263157894736842,0.9753086419753085,0.28703703703703703,0.5415472779369637,0.9400000000000013,0.625,0.625,0.7142857142857142,0.7676767676767677,No,0.8,0.24000000000000005,0.7129032258064516,No
604,W0605,2016-08-28,Townsville,0.7949790794979081,0.6767676767676767,0.29577464788732394,0.9339207048458151,0.44285714285714284,WSW,0.3333333333333333,NW,WNW,0.31481481481481477,0.07017543859649122,0.08641975308641975,0.41666666666666663,0.6647564469914045,0.5399999999999991,0.375,0.125,0.8333333333333333,0.6734006734006734,No,0.7000000000000001,0.32666666666666666,0.6419354838709678,No
605,W0606,2021-04-29,Melbourne,0.3723849372384938,0.3703703703703704,0.5211267605633803,1.0,0.3214285714285714,WSW,0.5,NNE,SE,0.611111111111111,0.9122807017543859,0.7160493827160492,0.6018518518518519,0.49856733524355334,0.5571428571428569,0.875,1.0,0.33730158730158727,0.34680134680134683,Yes,0.20000000000000004,0.7377777777777779,0.26774193548387093,Yes
606,W0607,2016-03-07,Townsville,0.6861924686192469,0.6498316498316499,0.352112676056338,0.8502202643171806,0.19285714285714284,NE,0.40645604395604396,E,N,0.8703703703703703,0.8070175438596491,0.6790123456790123,0.8148148148148148,0.24355300859598827,0.06857142857142762,0.75,0.875,0.7579365079365079,0.569023569023569,Yes,0.7000000000000001,0.18,0.5580645161290323,Yes
607,W0608,2019-07-10,Sydney,0.4142259414225942,0.5925925925925926,0.352112676056338,0.5198237885462555,0.5928571428571427,WSW,0.2361111111111111,WSW,SSE,0.42592592592592593,0.017543859649122806,0.419753086419753,0.5555555555555555,0.8968481375358195,0.7942857142857136,0.125,0.0,0.4404761904761905,0.5757575757575757,No,0.4,0.3622222222222223,0.5419354838709678,No
608,W0609,2016-11-28,Canberra,0.05020920502092052,0.44444444444444436,0.5352112676056339,0.4537444933920705,0.4571428571428572,SSE,0.16666666666666666,NW,SE,0.5,0.19298245614035087,0.12345679012345678,0.4074074074074074,0.6066715415974961,0.562857142857144,0.125,0.0,0.1547619047619047,0.46801346801346794,No,0.8,0.66,0.17096774193548386,No
609,W0610,2018-09-15,Brisbane,0.5104602510460252,0.7643097643097643,0.7042253521126761,0.6607929515418502,0.3857142857142857,NW,0.5416666666666666,S,SSE,0.4444444444444444,0.47368421052631576,0.48148148148148145,0.5092592592592592,0.9455587392550129,0.514285714285716,0.5,0.25,0.7420634920634919,0.7272727272727273,No,0.30000000000000004,0.10888888888888891,0.6,No
610,W0611,2019-09-29,Melbourne,0.3221757322175733,0.38720538720538716,0.40845070422535207,0.6607929515418502,0.3857142857142857,SW,0.5,NW,SSE,0.48148148148148145,0.40350877192982454,0.4444444444444445,0.48148148148148145,0.5931232091690539,0.6857142857142868,0.25,0.0,0.43650793650793646,0.4208754208754209,No,1.0,0.7022222222222222,0.39354838709677414,No
611,W0612,2016-07-23,Darwin,0.8535564853556488,0.6296296296296295,0.5352112676056339,0.6607929515418502,0.4214285714285715,NE,0.4583333333333333,NE,NNE,0.3333333333333333,0.3684210526315789,0.6296296296296295,0.9537037037037036,0.3151862464183388,0.5657142857142858,1.0,0.625,0.8253968253968254,0.6195286195286194,Yes,0.9,0.7644444444444444,0.6225806451612904,Yes
612,W0613,2019-08-01,Hobart,0.012552301255230158,0.3905723905723905,0.4225352112676056,0.788546255506608,0.24999999999999997,W,0.40645604395604396,SSW,NNE,0.6851851851851851,0.9473684210526315,0.8765432098765431,0.8055555555555555,0.1489971346704877,0.2942857142857136,0.75,0.875,0.08730158730158732,0.18855218855218853,Yes,1.0,0.15333333333333338,0.23225806451612904,Yes
613,W0614,2016-09-19,Perth,0.5690376569037658,0.5084175084175082,0.40845070422535207,1.0,0.7499999999999999,39,0.2777777777777778,ESE,E,0.09259259259259259,0.45614035087719296,0.38271604938271603,0.3796296296296296,0.8338108882521524,0.6157142857142865,0.375,0.125,0.626984126984127,0.46801346801346794,No,0.1,0.21111111111111114,0.6774193548387097,No
614,W0615,2015-09-16,Sydney,0.3598326359832636,0.5387205387205387,0.18309859154929578,0.39207048458149785,0.8428571428571429,S,0.5,NE,NW,0.38888888888888884,0.42105263157894735,0.3703703703703703,0.49999999999999994,0.7335243553008617,0.8771428571428572,0.625,0.25,0.36507936507936506,0.39393939393939387,No,0.5000000000000001,0.45555555555555555,0.29999999999999993,No
615,W0616,2020-11-06,Newcastle,0.43514644351464443,0.3063973063973063,0.07042253521126762,0.6828193832599119,0.5888157894736842,WNW,0.18055555555555555,N,ENE,0.37037037037037035,0.2631578947368421,0.2345679012345679,0.5462962962962963,0.6066715415974961,0.4314285714285724,0.0,0.375,0.3769841269841269,0.29629629629629634,No,0.20000000000000004,0.6399999999999999,0.4387096774193548,No
616,W0617,2019-03-05,Cairns,0.6694560669456069,0.6734006734006732,0.3943661971830986,0.9955947136563879,0.8785714285714286,W,0.20833333333333331,SSE,N,0.35185185185185186,0.47368421052631576,0.16049382716049382,0.5740740740740741,0.959885386819483,0.6114285714285721,0.25,0.5,0.623015873015873,0.6531986531986531,No,0.20000000000000004,0.05111111111111109,0.7290322580645161,No
617,W0618,2022-07-10,Brisbane,0.4184100418410042,0.47474747474747464,0.18309859154929578,0.6343612334801763,0.7214285714285713,NE,0.3194444444444444,ESE,SSW,0.018518518518518517,0.6140350877192982,0.037037037037037035,0.3333333333333333,0.8395415472779391,0.7542857142857144,0.0,0.125,0.5555555555555556,0.5151515151515151,No,0.4,0.9822222222222223,0.43225806451612897,No
618,W0619,2019-03-21,Melbourne,0.21338912133891214,0.542087542087542,0.14084507042253522,0.40528634361233484,0.907142857142857,S,0.4305555555555555,SE,NW,0.18518518518518517,0.21052631578947367,0.04938271604938271,0.4722222222222222,0.7908309455587421,0.4971428571428582,0.25,0.375,0.30158730158730157,0.5488215488215489,No,0.30000000000000004,0.7422222222222222,0.43548387096774194,No
619,W0620,2015-11-07,Adelaide,0.4267782426778243,0.39730639730639733,0.07042253521126762,0.5859030837004405,0.907142857142857,S,0.3333333333333333,ENE,N,0.37037037037037035,0.45614035087719296,0.3703703703703703,0.537037037037037,0.8739255014326623,0.9685714285714333,0.5,0.375,0.496031746031746,0.4276094276094276,No,0.30000000000000004,0.8577777777777778,0.5806451612903226,No
620,W0621,2016-12-27,Cairns,0.6778242677824269,0.7946127946127945,0.056338028169014086,0.6607929515418502,0.7428571428571428,S,0.15277777777777776,WNW,ESE,0.2962962962962963,0.05263157894736842,0.38271604938271603,0.45370370370370366,0.7020057306590282,0.6157142857142865,0.375,0.125,0.7698412698412698,0.7272727272727273,Yes,0.1,0.5466666666666666,0.5903225806451613,No
621,W0622,2018-05-31,Cairns,0.6610878661087867,0.6632996632996633,0.3943661971830986,0.9515418502202644,0.6,NNE,0.611111111111111,WNW,WNW,0.12962962962962962,0.15789473684210525,0.24691358024691362,0.20370370370370366,0.9255014326647597,0.9228571428571435,0.375,0.25,0.6666666666666667,0.6835016835016834,No,1.0,0.057777777777777775,0.632258064516129,No
622,W0623,2021-03-31,Sydney,0.4100418410041842,0.29629629629629634,0.4225352112676056,0.9647577092511013,0.5888157894736842,NE,0.861111111111111,ESE,ESE,0.7777777777777777,0.47368421052631576,0.7777777777777777,0.6759259259259258,0.5530085959885405,0.2057142857142864,0.75,1.0,0.3888888888888889,0.26599326599326595,Yes,1.0,0.9866666666666666,0.4258064516129032,Yes
623,W0624,2018-01-09,Cairns,0.7615062761506277,0.7575757575757573,0.7042253521126761,0.43171806167400884,0.8142857142857143,NNW,0.29166666666666663,WSW,S,0.25925925925925924,0.5263157894736842,0.22222222222222215,0.41666666666666663,0.9054441260744994,0.8371428571428545,0.0,0.125,0.7738095238095237,0.7811447811447811,No,0.1,0.8088888888888889,0.667741935483871,No
624,W0625,2016-03-29,Adelaide,0.31799163179916323,0.27946127946127947,0.15492957746478875,0.9559471365638768,0.557142857142857,E,0.40645604395604396,ESE,WNW,0.2222222222222222,0.21052631578947367,0.08641975308641975,0.20370370370370366,0.9426934097421231,0.4457142857142884,0.5,0.375,0.3333333333333333,0.32323232323232315,No,0.7000000000000001,0.9844444444444445,0.27419354838709675,No
625,W0626,2018-01-26,Perth,0.4142259414225942,0.4646464646464647,0.09859154929577466,0.3436123348017621,0.7285714285714284,NE,0.5833333333333333,SE,ESE,0.16666666666666666,0.2807017543859649,0.5185185185185184,0.5092592592592592,0.9255014326647597,0.4828571428571422,0.125,0.125,0.4126984126984126,0.40404040404040403,No,0.20000000000000004,0.991111111111111,0.4580645161290322,No
626,W0627,2021-06-04,Melbourne,0.12970711297071136,0.5016835016835015,0.647887323943662,0.748898678414097,0.8714285714285713,WNW,0.5694444444444444,SE,NW,0.537037037037037,0.49122807017543857,0.4938271604938272,0.6388888888888888,0.4813753581661899,0.8628571428571448,0.375,0.0,0.15873015873015867,0.5454545454545454,No,0.4,0.1777777777777778,0.24516129032258063,No
627,W0628,2020-11-24,Sydney,0.3598326359832636,0.29629629629629634,0.4225352112676056,0.5991189427312775,0.34285714285714286,E,0.5694444444444444,W,WNW,0.42592592592592593,0.2807017543859649,0.5555555555555556,0.5555555555555555,0.1604584527220645,0.5457142857142863,0.875,0.5,0.38492063492063494,0.2828282828282827,Yes,1.0,0.6088888888888888,0.28709677419354834,Yes
628,W0629,2019-02-26,Perth,0.4267782426778243,0.5993265993265993,0.4225352112676056,0.7004405286343612,0.23571428571428568,WSW,0.9027777777777777,ENE,S,0.3333333333333333,0.9649122807017543,0.5679012345679011,0.7129629629629629,0.432664756446993,0.14000000000000057,0.625,0.875,0.369047619047619,0.6464646464646464,Yes,0.8,0.4711111111111111,0.30967741935483867,Yes
629,W0630,2016-01-19,Adelaide,0.46025104602510464,0.505050505050505,0.4507042253521127,0.41850220264317184,0.5888157894736842,SW,0.5972222222222222,N,SE,0.4074074074074074,0.40350877192982454,0.3209876543209876,0.4351851851851851,0.959885386819483,0.8657142857142865,0.125,0.0,0.5833333333333333,0.41750841750841744,Yes,0.7000000000000001,0.10444444444444444,0.38064516129032255,No
630,W0631,2020-12-10,Newcastle,0.2887029288702929,0.5858585858585859,0.2535211267605634,0.7048458149779737,0.9142857142857143,SSW,0.25,W,SSW,0.5555555555555556,0.5263157894736842,0.29629629629629634,0.0,0.9914040114613201,0.5428571428571445,0.5,0.125,0.42063492063492064,0.5858585858585859,No,0.30000000000000004,0.26666666666666666,0.40967741935483865,No
631,W0632,2018-02-19,Melbourne,0.43933054393305443,0.48821548821548816,0.6056338028169015,0.5330396475770925,0.8428571428571429,N,0.5138888888888888,NNE,WNW,0.4074074074074074,0.017543859649122806,0.35802469135802467,0.41666666666666663,0.561604584527224,0.5257142857142867,0.25,0.0,0.4880952380952381,0.46801346801346794,No,0.5000000000000001,0.34666666666666673,0.29354838709677417,No
632,W0633,2022-11-03,Darwin,0.43933054393305443,0.9595959595959593,0.38028169014084506,0.6607929515418502,0.3214285714285714,NNW,0.8888888888888888,WNW,WSW,0.31481481481481477,0.6842105263157894,0.6172839506172838,0.7592592592592592,0.025787965616046904,0.5057142857142871,0.375,0.625,0.9523809523809523,0.8518518518518519,Yes,1.0,0.21111111111111114,0.6967741935483871,Yes
633,W0634,2020-01-28,Brisbane,0.49372384937238506,0.7609427609427608,0.22535211267605634,0.4669603524229075,0.9857142857142857,ENE,0.40645604395604396,WSW,W,0.07407407407407407,0.47368421052631576,0.29629629629629634,0.19444444444444442,0.6131805157593142,0.8914285714285732,0.5,0.625,0.5912698412698414,0.5555555555555556,No,0.7000000000000001,0.6133333333333334,0.364516129032258,No
634,W0635,2015-01-20,Darwin,0.7405857740585775,0.9427609427609425,0.22535211267605634,0.6255506607929515,0.8071428571428572,NNE,0.20833333333333331,SE,SE,0.09259259259259259,0.5789473684210527,0.1975308641975309,0.21296296296296297,0.9484240687679097,0.47428571428571686,0.625,0.125,0.6944444444444444,0.8013468013468015,No,0.9,0.8666666666666667,0.6290322580645161,No
635,W0636,2015-08-02,Hobart,0.05020920502092052,0.101010101010101,0.46478873239436624,0.4669603524229075,0.6857142857142856,W,0.4861111111111111,NE,ESE,0.0,0.40350877192982454,0.08641975308641975,0.23148148148148145,0.49283667621776317,0.4628571428571462,0.125,0.125,0.14682539682539686,0.09764309764309759,No,0.9,0.4777777777777778,0.17741935483870966,No
636,W0637,2022-01-21,Darwin,0.7364016736401675,0.808080808080808,0.36619718309859156,0.3876651982378855,0.9428571428571427,NNW,0.2777777777777778,WSW,WNW,0.5185185185185185,0.5789473684210527,0.12345679012345678,0.4259259259259259,0.5042979942693435,0.831428571428571,0.125,0.625,0.6904761904761905,0.7912457912457911,No,0.7000000000000001,0.037777777777777785,0.7935483870967741,No
637,W0638,2016-07-13,Darwin,0.7322175732217575,0.7912457912457911,0.09859154929577466,0.6740088105726872,0.44999999999999996,SW,0.3194444444444444,WSW,NW,0.42592592592592593,0.21052631578947367,0.09876543209876543,0.5185185185185185,0.7564469914040117,0.894285714285715,0.5,0.625,0.7817460317460316,0.7104377104377104,No,1.0,0.4444444444444445,0.632258064516129,No
638,W0639,2021-11-11,Hobart,0.2887029288702929,0.2996632996632996,0.5070422535211268,0.6740088105726872,0.48571428571428565,SSW,0.38888888888888884,NNW,ESE,0.4444444444444444,0.42105263157894735,0.1111111111111111,0.27777777777777773,0.6066715415974961,0.6714285714285708,0.25,0.5,0.26587301587301587,0.33670033670033667,No,0.9,0.4022222222222223,0.28709677419354834,No
639,W0640,2017-06-27,Townsville,0.6903765690376571,0.606060606060606,0.5492957746478873,0.4361233480176212,0.6357142857142857,WSW,0.5972222222222222,NNE,W,0.25925925925925924,0.17543859649122806,0.1728395061728395,0.4722222222222222,0.6590257879656178,0.7600000000000016,0.375,0.375,0.6309523809523809,0.5791245791245792,No,0.30000000000000004,0.58,0.5903225806451613,No
640,W0641,2021-10-04,Melbourne,0.12970711297071136,0.3838383838383838,0.43661971830985913,0.5991189427312775,0.8999999999999999,NE,0.4305555555555555,NNE,SE,0.14814814814814814,0.21052631578947367,0.4691358024691357,0.32407407407407407,0.5300859598853869,0.6428571428571423,0.125,0.0,0.23015873015873017,0.2053872053872054,No,0.0,0.25777777777777783,0.24516129032258063,No
641,W0642,2016-07-05,Perth,0.589958158995816,0.707070707070707,0.647887323943662,0.6607929515418502,0.48571428571428565,ENE,0.4583333333333333,NNW,N,0.018518518518518517,0.3333333333333333,0.09876543209876543,0.4444444444444444,0.8022922636103154,0.6085714285714268,0.25,0.0,0.5476190476190477,0.5993265993265993,Yes,0.30000000000000004,0.5177777777777778,0.46451612903225803,No
642,W0643,2021-05-15,Melbourne,0.27615062761506276,0.29629629629629634,0.4014084507042254,0.9074889867841411,0.48571428571428565,NNW,0.40645604395604396,E,NNE,0.31481481481481477,0.6666666666666666,0.8641975308641974,0.8055555555555555,0.4641833810888265,0.5600000000000023,0.875,0.875,0.32936507936507936,0.25925925925925924,Yes,0.30000000000000004,0.18888888888888888,0.39354838709677414,Yes
643,W0644,2016-07-06,Newcastle,0.5230125523012554,0.5622895622895623,0.18309859154929578,0.4713656387665198,0.8999999999999999,SE,0.5972222222222222,W,SW,0.12962962962962962,0.017543859649122806,0.38271604938271603,0.18518518518518517,0.5186246418338136,0.7200000000000024,0.25,0.375,0.503968253968254,0.5622895622895623,Yes,0.0,0.5088888888888888,0.4032258064516129,No
644,W0645,2022-04-04,Townsville,0.6485355648535567,0.6565656565656566,0.07042253521126762,0.5682819383259913,0.85,WNW,0.3055555555555555,ENE,SW,0.537037037037037,0.24561403508771928,0.16049382716049382,0.3333333333333333,0.8194842406876823,0.7285714285714278,0.0,0.5,0.726190476190476,0.5589225589225588,No,0.0,0.931111111111111,0.6387096774193549,No
645,W0646,2018-08-17,Adelaide,0.45606694560669464,0.6161616161616161,0.6619718309859155,0.5682819383259913,0.7357142857142857,SSW,0.2361111111111111,NNE,ENE,0.5555555555555556,0.43859649122807015,0.34567901234567905,0.4722222222222222,0.4498567335243564,0.6157142857142865,0.0,0.125,0.5198412698412698,0.569023569023569,Yes,0.1,0.4955555555555556,0.567741935483871,No
646,W0647,2016-05-01,Townsville,0.7196652719665273,0.5589225589225588,0.07042253521126762,0.8766519823788546,0.8357142857142856,ESE,0.41666666666666663,SW,NE,0.537037037037037,0.07017543859649122,0.22222222222222215,0.45370370370370366,0.8137535816618922,0.620000000000001,0.375,0.0,0.726190476190476,0.5521885521885521,No,0.20000000000000004,0.7977777777777777,0.6612903225806452,No
647,W0648,2019-12-08,Darwin,0.7112970711297073,0.734006734006734,0.2394366197183099,0.9427312775330396,0.7285714285714284,ENE,0.2361111111111111,NE,SSW,0.05555555555555555,0.10526315789473684,0.35802469135802467,0.4907407407407407,0.4641833810888265,0.4485714285714302,0.25,0.0,0.6666666666666667,0.7272727272727273,No,0.1,0.4822222222222223,0.5806451612903226,No
648,W0649,2022-01-20,Brisbane,0.5648535564853558,0.5656565656565657,0.40845070422535207,0.788546255506608,0.48571428571428565,SSW,0.40277777777777773,WSW,WNW,0.5185185185185185,0.17543859649122806,0.2839506172839506,0.37037037037037035,0.5157593123209203,0.9628571428571462,0.125,0.625,0.5,0.5723905723905724,No,1.0,0.4444444444444445,0.6419354838709678,No
649,W0650,2021-08-31,Hobart,0.016736401673640183,0.3838383838383838,0.2535211267605634,0.9251101321585904,0.47857142857142854,ENE,0.5555555555555556,S,SSE,0.07407407407407407,0.2807017543859649,0.22222222222222215,0.20370370370370366,0.959885386819483,0.8971428571428604,0.25,0.625,0.2182539682539682,0.22895622895622886,No,0.4,0.5444444444444444,0.07419354838709678,Yes
650,W0651,2017-05-05,Brisbane,0.7071129707112971,0.4478114478114478,0.352112676056338,0.4757709251101322,0.2571428571428571,NNE,0.8333333333333333,WNW,SSE,0.3333333333333333,0.2807017543859649,0.765432098765432,0.9537037037037036,0.6066715415974961,0.3542857142857123,0.875,1.0,0.6666666666666667,0.4915824915824915,No,0.7000000000000001,0.8866666666666666,0.7129032258064516,Yes
651,W0652,2019-07-27,Adelaide,0.3556485355648536,0.606060606060606,0.2394366197183099,0.49339207048458156,0.5888157894736842,NNW,0.38888888888888884,SW,E,0.48148148148148145,0.42105263157894735,0.16049382716049382,0.537037037037037,0.5329512893982837,0.9142857142857146,0.625,0.375,0.4325396825396826,0.6363636363636362,Yes,0.8,0.004444444444444445,0.5387096774193548,No
652,W0653,2018-02-17,Melbourne,0.3389121338912134,0.41077441077441074,0.43661971830985913,0.669603524229075,0.7214285714285713,NW,0.40277777777777773,ENE,N,0.05555555555555555,0.05263157894736842,0.0,0.4907407407407407,0.6647564469914045,0.6799999999999997,0.125,0.125,0.3531746031746031,0.3905723905723905,Yes,0.4,0.9555555555555555,0.3483870967741935,No
653,W0654,2019-06-03,Brisbane,0.6443514644351465,0.7205387205387204,0.352112676056338,0.6784140969162996,0.5928571428571427,SSE,0.2777777777777778,NNW,NNW,0.37037037037037035,0.3333333333333333,0.3703703703703703,0.4074074074074074,0.5214899713467034,0.46857142857142975,0.625,0.125,0.6150793650793651,0.6936026936026936,No,0.7000000000000001,0.5333333333333333,0.47066035780893833,No
654,W0655,2019-04-28,Adelaide,0.28033472803347287,0.39730639730639733,0.6056338028169015,0.8766519823788546,0.7285714285714284,ENE,0.125,S,ENE,0.05555555555555555,0.03508771929824561,0.04938271604938271,0.537037037037037,0.561604584527224,0.879999999999999,0.25,0.125,0.2619047619047619,0.43097643097643096,No,0.8,0.44,0.4387096774193548,No
655,W0656,2018-05-01,Adelaide,0.25941422594142266,0.27946127946127947,0.38732394366197187,0.5991189427312775,0.18571428571428572,ESE,0.40645604395604396,ENE,SE,0.3333333333333333,0.5964912280701754,0.7037037037037037,0.787037037037037,0.12034383954154748,0.6157142857142865,1.0,1.0,0.2738095238095238,0.276094276094276,Yes,0.5000000000000001,0.8111111111111111,0.16451612903225807,Yes
656,W0657,2018-01-24,Newcastle,0.46861924686192474,0.45791245791245777,0.5352112676056339,0.9030837004405288,0.8285714285714285,NE,0.15277777777777776,WNW,WNW,0.4444444444444444,0.40350877192982454,0.1728395061728395,0.31481481481481477,0.7421203438395416,0.46000000000000085,0.125,0.25,0.5277777777777777,0.49494949494949486,No,0.1,0.15555555555555556,0.3548387096774193,No
657,W0658,2016-06-06,Darwin,0.8535564853556488,0.6464646464646464,0.38028169014084506,0.6519823788546255,0.8642857142857142,WSW,0.5138888888888888,ESE,E,0.31481481481481477,0.5087719298245614,0.30864197530864196,0.2962962962962963,0.5472779369627538,0.5799999999999983,0.0,0.5,0.7857142857142856,0.6531986531986531,No,0.20000000000000004,0.8244444444444444,0.47066035780893833,No
658,W0659,2016-07-10,Sydney,0.2887029288702929,0.4276094276094276,0.5774647887323944,0.6607929515418502,0.9714285714285713,NW,0.3055555555555555,WSW,SSW,0.38888888888888884,0.42105263157894735,0.34567901234567905,0.5925925925925926,0.9455587392550129,0.9857142857142875,0.0,0.375,0.28174603174603174,0.2996632996632996,No,0.6000000000000001,0.45555555555555555,0.264516129032258,No
659,W0660,2018-06-19,Hobart,0.2259414225941423,0.3636363636363636,0.5915492957746479,0.3480176211453745,0.5857142857142856,SE,0.4305555555555555,W,NW,0.537037037037037,0.5964912280701754,0.12345679012345678,0.3055555555555555,0.5128939828080235,0.9771428571428586,0.25,0.5,0.3333333333333333,0.3131313131313131,No,0.7000000000000001,0.5422222222222222,0.30967741935483867,No
660,W0661,2020-10-31,Sydney,0.43096234309623443,0.3333333333333333,0.4225352112676056,0.814977973568282,0.44999999999999996,S,0.4722222222222222,ENE,W,0.3333333333333333,0.8421052631578947,0.5925925925925926,0.9351851851851851,0.14326647564470107,0.06857142857142762,0.75,0.75,0.3888888888888889,0.29629629629629634,No,1.0,0.9533333333333334,0.48064516129032253,Yes
661,W0662,2021-03-16,Brisbane,0.6569037656903767,0.7138047138047137,0.352112676056338,0.5462555066079295,0.2785714285714286,SE,0.4722222222222222,WSW,E,0.4074074074074074,0.631578947368421,0.654320987654321,0.8425925925925926,0.5100286532951301,0.5571428571428569,0.875,0.625,0.734126984126984,0.696969696969697,Yes,0.0,0.21111111111111114,0.4774193548387096,Yes
662,W0663,2020-05-06,Canberra,0.09205020920502094,0.46801346801346794,0.6901408450704225,0.7136563876651982,0.9428571428571427,SSW,0.18055555555555555,SW,S,0.018518518518518517,0.38596491228070173,0.419753086419753,0.4351851851851851,0.5128939828080235,0.9628571428571462,0.375,0.375,0.059523809523809534,0.49494949494949486,No,0.30000000000000004,0.82,0.06451612903225806,No
663,W0664,2021-08-30,Townsville,0.7615062761506277,0.6767676767676767,0.352112676056338,0.3656387665198238,0.4928571428571429,SSW,0.2361111111111111,S,E,0.018518518518518517,0.2807017543859649,0.16049382716049382,0.5185185185185185,0.5702005730659039,0.894285714285715,0.0,0.625,0.7619047619047619,0.6262626262626261,No,0.20000000000000004,0.5666666666666667,0.7161290322580646,No
664,W0665,2019-08-26,Newcastle,0.46443514644351463,0.3131313131313131,0.647887323943662,0.9295154185022028,0.41428571428571426,E,0.20833333333333331,N,SSW,0.1111111111111111,0.0,0.13580246913580246,0.48148148148148145,0.808022922636102,0.7799999999999976,0.5,0.375,0.47222222222222227,0.34006734006734,Yes,0.30000000000000004,0.8355555555555556,0.5064516129032258,No
665,W0666,2015-04-14,Adelaide,0.20502092050209209,0.34006734006734,0.4225352112676056,0.9030837004405288,0.95,ENE,0.2638888888888889,SSW,NW,0.25925925925925924,0.47368421052631576,0.12345679012345678,0.4722222222222222,0.7163323782234983,0.8685714285714283,0.375,0.5,0.2579365079365079,0.3501683501683501,No,0.4,0.39777777777777773,0.28709677419354834,No
666,W0667,2018-10-21,Cairns,0.6569037656903767,0.835016835016835,0.6197183098591549,0.762114537444934,0.08571428571428572,SSW,0.40645604395604396,NE,NNE,0.5740740740740741,0.3684210526315789,0.5555555555555556,0.8981481481481481,0.4383954154727796,0.134285714285717,1.0,0.5,0.8055555555555556,0.7542087542087541,Yes,0.0,0.8911111111111112,0.7903225806451614,Yes
667,W0668,2017-09-02,Darwin,0.8995815899581592,0.7575757575757573,0.5352112676056339,0.6607929515418502,0.3071428571428571,SW,0.5694444444444444,ESE,WNW,0.7222222222222222,0.40350877192982454,0.4938271604938272,0.7962962962962963,0.1375358166189109,0.36285714285714477,0.375,0.375,0.9444444444444444,0.8013468013468015,Yes,0.30000000000000004,0.6088888888888888,0.7322580645161291,Yes
668,W0669,2016-04-20,Melbourne,0.3221757322175733,0.4208754208754209,0.18309859154929578,0.6299559471365639,0.5888157894736842,WSW,0.40645604395604396,ENE,SE,0.6851851851851851,0.3684210526315789,0.4567901234567901,0.6018518518518519,0.5702005730659039,0.35999999999999943,0.875,0.625,0.37301587301587297,0.35353535353535354,Yes,0.8,0.4644444444444445,0.39354838709677414,Yes
669,W0670,2018-05-30,Darwin,0.7238493723849373,0.7205387205387204,0.5633802816901409,0.9911894273127755,0.5357142857142857,NNE,0.3333333333333333,NE,WNW,0.037037037037037035,0.14035087719298245,0.2345679012345679,0.3055555555555555,0.6066715415974961,0.5885714285714307,0.625,0.375,0.734126984126984,0.7037037037037037,No,0.5000000000000001,0.7977777777777777,0.47066035780893833,No
670,W0671,2016-06-03,Brisbane,0.6150627615062763,0.5454545454545454,0.676056338028169,0.5903083700440529,0.7999999999999998,NE,0.1388888888888889,WSW,W,0.537037037037037,0.21052631578947367,0.09876543209876543,0.2685185185185185,0.9570200573065932,0.5771428571428601,0.375,0.375,0.5833333333333333,0.4781144781144781,No,0.20000000000000004,0.4822222222222223,0.4612903225806451,No
671,W0672,2019-02-01,Brisbane,0.44769874476987453,0.441077441077441,0.056338028169014086,0.4581497797356828,0.5888157894736842,NE,0.5833333333333333,NE,S,0.2222222222222222,0.22807017543859648,0.30864197530864196,0.5092592592592592,0.9656160458452732,0.5600000000000023,0.375,0.25,0.380952380952381,0.3569023569023568,No,0.9,0.06222222222222222,0.3354838709677419,No
672,W0673,2018-04-05,Townsville,0.6820083682008369,0.6599326599326598,0.46478873239436624,0.6607929515418502,0.8357142857142856,WSW,0.375,NNW,W,0.09259259259259259,0.5789473684210527,0.1975308641975309,0.4259259259259259,0.6704871060171946,0.5057142857142871,0.0,0.5,0.7896825396825398,0.6228956228956228,Yes,0.6000000000000001,0.44,0.7064516129032258,No
673,W0674,2020-10-08,Townsville,0.6150627615062763,0.771043771043771,0.2535211267605634,0.4845814977973568,0.5785714285714285,NE,0.3472222222222222,SSE,SSE,0.07407407407407407,0.19298245614035087,0.13580246913580246,0.6018518518518519,0.8395415472779391,0.571428571428573,0.25,0.5,0.6746031746031744,0.643097643097643,Yes,0.4,0.6622222222222222,0.7419354838709677,No
674,W0675,2022-05-18,Brisbane,0.46443514644351463,0.45791245791245777,0.6619718309859155,0.4845814977973568,0.6428571428571428,WNW,0.41666666666666663,E,N,0.24074074074074073,0.2807017543859649,0.29629629629629634,0.18518518518518517,0.4412607449856729,0.4628571428571462,0.625,0.0,0.4047619047619047,0.4915824915824915,No,1.0,0.7399999999999999,0.5129032258064516,No
675,W0676,2017-07-27,Melbourne,0.6987447698744771,0.101010101010101,0.4225352112676056,0.4273127753303965,0.6071428571428571,N,0.15277777777777776,NE,NW,0.037037037037037035,0.42105263157894735,0.22222222222222215,0.2685185185185185,0.7220630372492849,0.9314285714285688,0.0,0.0,0.44841269841269843,0.38720538720538716,Yes,0.1,0.35111111111111115,0.3129032258064516,No
676,W0677,2019-12-25,Brisbane,0.5564853556485356,0.45117845117845107,0.6338028169014085,0.5286343612334802,0.5888157894736842,E,0.5555555555555556,ESE,WNW,0.4444444444444444,0.07017543859649122,0.38271604938271603,0.5833333333333333,0.4670487106017198,0.9457142857142848,0.375,0.5,0.5912698412698414,0.48148148148148145,No,0.9,0.13555555555555554,0.6935483870967742,No
677,W0678,2017-02-01,Melbourne,0.3723849372384938,0.42424242424242414,0.6197183098591549,0.6607929515418502,0.5499999999999999,SSW,0.2638888888888889,W,WNW,0.5555555555555556,0.03508771929824561,0.24691358024691362,0.38888888888888884,0.8338108882521524,0.7342857142857149,0.25,0.375,0.4523809523809524,0.47474747474747464,No,0.6000000000000001,0.017777777777777767,0.47096774193548385,No
678,W0679,2020-01-13,Hobart,0.0460251046025105,0.40404040404040403,0.4225352112676056,0.5594713656387665,0.22857142857142856,SE,0.9166666666666666,WSW,WSW,0.8333333333333333,0.6666666666666666,0.8765432098765431,0.7592592592592592,0.5272206303724936,0.04571428571428626,0.625,0.875,0.08730158730158732,0.38720538720538716,Yes,0.9,0.6377777777777778,0.24193548387096772,Yes
679,W0680,2018-08-17,Newcastle,0.3389121338912134,0.4983164983164983,0.16901408450704228,0.6343612334801763,0.5888157894736842,S,0.3055555555555555,ESE,NNW,0.18518518518518517,0.0,0.4691358024691357,0.20370370370370366,0.7478510028653318,0.78857142857143,0.375,0.125,0.3531746031746031,0.5185185185185184,No,0.5000000000000001,0.6022222222222222,0.23225806451612904,No
680,W0681,2019-08-11,Brisbane,0.6778242677824269,0.643097643097643,0.0,0.5726872246696035,0.6071428571428571,NE,0.40277777777777773,ESE,SE,0.05555555555555555,0.14035087719298245,0.012345679012345678,0.31481481481481477,0.49283667621776317,0.4942857142857129,0.625,0.5,0.746031746031746,0.569023569023569,No,0.30000000000000004,0.9422222222222221,0.47066035780893833,No
681,W0682,2016-07-02,Cairns,0.6820083682008369,0.5207812531756193,0.6619718309859155,0.6343612334801763,0.5714285714285714,SE,0.5833333333333333,W,NNW,0.037037037037037035,0.21052631578947367,0.4567901234567901,0.23148148148148145,0.4469914040114631,0.6114285714285721,0.375,0.25,0.8373015873015874,0.6767676767676767,No,0.8,0.22666666666666668,0.6967741935483871,No
682,W0683,2022-11-02,Cairns,0.6276150627615065,0.5959595959595958,0.4225352112676056,0.709251101321586,0.4285714285714285,NE,0.4861111111111111,SW,ENE,0.07407407407407407,0.03508771929824561,0.06172839506172839,0.4629629629629629,0.4670487106017198,0.808571428571426,0.375,0.125,0.6507936507936509,0.6195286195286194,No,0.30000000000000004,0.6311111111111111,0.5258064516129033,No
683,W0684,2022-01-31,Newcastle,0.5397489539748954,0.5117845117845117,0.4436619718309859,0.894273127753304,0.48571428571428565,W,0.40645604395604396,NNE,ENE,0.3333333333333333,0.6842105263157894,0.48148148148148145,0.6296296296296295,0.20916905444126144,0.35142857142857054,0.5,0.75,0.5753968253968254,0.4276094276094276,Yes,0.30000000000000004,0.5711111111111111,0.43225806451612897,Yes
684,W0685,2018-07-14,Cairns,0.6861924686192469,0.8686868686868687,0.676056338028169,0.788546255506608,0.5857142857142856,NNW,0.3611111111111111,WNW,S,0.25925925925925924,0.2807017543859649,0.38271604938271603,0.5740740740740741,0.6066715415974961,0.7457142857142856,0.625,0.25,0.7896825396825398,0.8653198653198653,No,1.0,0.46,0.6419354838709678,Yes
685,W0686,2021-10-13,Adelaide,0.43933054393305443,0.5185185185185184,0.6619718309859155,0.6035242290748899,0.85,SSW,0.3194444444444444,SSW,SSE,0.2037037037037037,0.14035087719298245,0.18518518518518517,0.5648148148148148,0.9914040114613201,0.562857142857144,0.25,0.625,0.5634920634920635,0.4848484848484848,No,0.9,0.9533333333333334,0.4193548387096774,No
686,W0687,2017-12-31,Melbourne,0.389121338912134,0.3905723905723905,0.08450704225352113,0.841409691629956,0.8999999999999999,SE,0.2638888888888889,WNW,W,0.24074074074074073,0.5087719298245614,0.38271604938271603,0.37037037037037035,0.5673352435530106,0.6571428571428584,0.5,0.25,0.4523809523809524,0.3636363636363636,No,0.1,0.26888888888888896,0.5580645161290323,No
687,W0688,2021-12-09,Hobart,0.21338912133891214,0.276094276094276,0.36619718309859156,0.5154185022026432,0.7999999999999998,ESE,0.5,NE,NNE,0.037037037037037035,0.3508771929824561,0.20987654320987653,0.31481481481481477,0.9226361031518628,0.47714285714285865,0.625,0.25,0.21428571428571425,0.3198653198653198,No,0.8,0.6066666666666666,0.44838709677419347,No
688,W0689,2015-08-22,Canberra,0.11297071129707115,0.36700336700336694,0.7183098591549296,0.8810572687224671,0.5,S,0.611111111111111,NNE,S,0.3333333333333333,0.40350877192982454,0.1728395061728395,0.4907407407407407,0.8510028653295123,0.5399999999999991,0.5,0.375,0.2619047619047619,0.38047138047138046,No,0.6000000000000001,0.22888888888888892,0.47066035780893833,No
689,W0690,2016-11-23,Darwin,0.43933054393305443,0.45454545454545453,0.38028169014084506,0.8193832599118944,0.2857142857142857,WSW,0.9444444444444444,N,SE,0.8888888888888888,0.5614035087719298,0.7901234567901234,0.9537037037037036,0.49856733524355334,0.3885714285714279,0.5,0.625,0.896825396825397,0.8215488215488216,Yes,0.7000000000000001,0.16666666666666669,0.6419354838709678,Yes
690,W0691,2016-12-09,Townsville,0.6652719665271967,0.7306397306397305,0.352112676056338,0.39647577092511016,0.4214285714285715,ESE,0.986111111111111,SE,SW,0.5,0.43859649122807015,0.7037037037037037,0.8518518518518517,0.4212034383954162,0.25428571428571445,0.625,0.625,0.6309523809523809,0.6734006734006734,Yes,0.30000000000000004,0.11333333333333333,0.735483870967742,Yes
691,W0692,2022-05-18,Hobart,0.08368200836820083,0.2895622895622895,0.4788732394366197,0.4361233480176212,0.9928571428571428,SW,0.5694444444444444,W,NNW,0.1111111111111111,0.017543859649122806,0.18518518518518517,0.48148148148148145,0.5759312320916941,0.6157142857142865,0.375,0.375,0.059523809523809534,0.2323232323232322,No,0.0,0.09777777777777778,0.08064516129032258,No
692,W0693,2021-06-20,Cairns,0.7071129707112971,0.7912457912457911,0.5633802816901409,0.7268722466960353,0.6499999999999999,ENE,0.1388888888888889,NW,NE,0.07407407407407407,0.22807017543859648,0.27160493827160487,0.34259259259259256,0.9455587392550129,0.6371428571428552,0.5,0.0,0.6904761904761905,0.632996632996633,No,0.1,0.22888888888888892,0.7516129032258065,No
693,W0694,2020-03-25,Melbourne,0.3765690376569038,0.30303030303030304,0.5915492957746479,0.3744493392070485,0.4285714285714285,WSW,0.2638888888888889,SW,N,0.18518518518518517,0.5438596491228069,0.5432098765432098,0.6388888888888888,0.7793696275071618,0.5342857142857156,0.25,0.375,0.36507936507936506,0.2693602693602693,No,0.4,0.7955555555555555,0.3838709677419354,No
694,W0695,2021-05-16,Townsville,0.7364016736401675,0.6868686868686866,0.352112676056338,0.5814977973568283,0.12142857142857141,S,0.8333333333333333,NE,E,0.35185185185185186,0.9649122807017543,0.728395061728395,0.611111111111111,0.24355300859598827,0.345714285714287,0.75,0.875,0.8015873015873016,0.6599326599326598,No,0.6000000000000001,0.6,0.6935483870967742,Yes
695,W0696,2018-09-29,Townsville,0.7364016736401675,0.8686868686868687,0.6338028169014085,0.4493392070484582,0.7357142857142857,W,0.625,W,S,0.12962962962962962,0.0,0.419753086419753,0.48148148148148145,0.7908309455587421,0.9742857142857133,0.125,0.375,0.7182539682539681,0.7946127946127945,No,0.7000000000000001,0.951111111111111,0.6387096774193549,No
696,W0697,2021-10-29,Melbourne,0.2259414225941423,0.31649831649831645,0.7183098591549296,0.7268722466960353,0.48571428571428565,SW,0.40645604395604396,SW,N,1.0,0.9298245614035088,0.38271604938271603,0.7314814814814814,0.33810888252148885,0.022857142857141355,0.625,0.875,0.34126984126984133,0.32323232323232315,Yes,0.30000000000000004,0.12444444444444443,0.40967741935483865,Yes
697,W0698,28/01/2019,Newcastle,0.49790794979079506,0.5207812531756193,0.4436619718309859,0.5066079295154186,0.41428571428571426,NNW,0.9166666666666666,SE,W,0.8888888888888888,0.5614035087719298,0.8148148148148147,0.8703703703703703,0.6066715415974961,0.3857142857142861,0.875,0.625,0.4325396825396826,0.5555555555555556,Yes,1.0,0.46888888888888897,0.4064516129032258,Yes
698,W0699,2020-12-19,Wollongong,0.4058577405857741,0.5925925925925926,0.352112676056338,0.7136563876651982,0.4214285714285715,ENE,0.40645604395604396,E,NE,0.8703703703703703,0.6140350877192982,0.8271604938271604,0.5648148148148148,0.18338108882521453,0.134285714285717,0.875,0.5,0.5238095238095237,0.5218855218855218,No,0.6000000000000001,0.4644444444444445,0.4032258064516129,Yes
699,W0700,2017-12-19,Darwin,0.7112970711297073,0.9764309764309762,0.3098591549295775,0.6607929515418502,0.8999999999999999,W,0.4861111111111111,NNW,NNW,0.2037037037037037,0.43859649122807015,0.22222222222222215,0.5092592592592592,0.8108882521489988,0.6600000000000001,0.375,0.625,0.8531746031746033,0.8754208754208752,No,0.6000000000000001,0.022222222222222213,0.5903225806451613,No
700,W0701,2020-05-26,Wollongong,0.5104602510460252,0.5387205387205387,0.5774647887323944,0.42290748898678415,0.5499999999999999,WNW,0.40645604395604396,W,NNE,0.05555555555555555,0.38596491228070173,0.2839506172839506,0.38888888888888884,0.6704871060171946,0.9200000000000017,0.25,0.125,0.5992063492063493,0.5084175084175082,Yes,0.20000000000000004,0.8977777777777778,0.6161290322580645,No
701,W0702,08/05/2016,Adelaide,0.3389121338912134,0.34006734006734,0.6197183098591549,0.6651982378854626,0.5642857142857143,SSE,0.15277777777777776,SSW,N,0.037037037037037035,0.017543859649122806,0.35802469135802467,0.5740740740740741,0.4641833810888265,0.7171428571428571,0.5,0.25,0.3095238095238095,0.3636363636363636,No,0.7000000000000001,0.5266666666666666,0.25161290322580643,No
702,W0703,2018-01-16,Adelaide,0.29288702928870297,0.30303030303030304,0.18309859154929578,0.9030837004405288,0.0,SSE,0.2361111111111111,NNW,SSW,0.48148148148148145,0.5087719298245614,0.4938271604938272,0.4629629629629629,0.6934097421203447,0.6457142857142877,0.375,0.125,0.31349206349206343,0.27272727272727265,No,0.1,0.651111111111111,0.26129032258064516,No
703,W0704,2018-02-07,Perth,0.5230125523012554,0.6666666666666665,0.43661971830985913,0.669603524229075,0.5428571428571428,SW,0.5277777777777778,NE,NNE,0.537037037037037,0.5087719298245614,0.18518518518518517,0.32407407407407407,0.5787965616045838,0.9314285714285688,0.5,0.0,0.5634920634920635,0.5117845117845117,No,1.0,0.24222222222222223,0.39999999999999997,No
704,W0705,2020-11-23,Adelaide,0.4058577405857741,0.2929292929292929,0.43661971830985913,0.6607929515418502,0.5888157894736842,NE,0.16666666666666666,N,ESE,0.31481481481481477,0.3684210526315789,0.5185185185185184,0.6481481481481481,0.7908309455587421,0.6000000000000014,0.125,0.25,0.38492063492063494,0.2996632996632996,No,0.6000000000000001,0.98,0.4387096774193548,No
705,W0706,2018-11-01,Hobart,0.20920502092050214,0.44444444444444436,0.5070422535211268,0.7180616740088106,0.3999999999999999,ESE,0.38888888888888884,SSW,S,0.537037037037037,0.3508771929824561,0.12345679012345678,0.20370370370370366,0.7879656160458488,0.8000000000000007,0.25,0.5,0.2976190476190476,0.38720538720538716,Yes,0.8,0.3422222222222222,0.24838709677419354,No
706,W0707,2015-10-01,Sydney,0.2635983263598327,0.4343434343434343,0.09859154929577466,0.6607929515418502,0.6714285714285714,NW,0.4444444444444444,ESE,SSW,0.09259259259259259,0.6140350877192982,0.16049382716049382,0.25,0.7707736389684818,0.6157142857142865,0.5,0.0,0.2857142857142857,0.3131313131313131,No,0.8,0.36,0.24838709677419354,No
707,W0708,2017-07-12,Adelaide,0.25104602510460255,0.5488215488215489,0.5774647887323944,0.41850220264317184,0.5,ENE,0.40645604395604396,W,ENE,0.8888888888888888,0.8421052631578947,0.9012345679012346,0.787037037037037,0.051575931232090255,0.5085714285714289,0.5,0.5,0.5198412698412698,0.5723905723905724,Yes,0.6000000000000001,0.98,0.19999999999999998,Yes
708,W0709,2015-07-27,Darwin,0.6736401673640169,0.9494949494949494,0.38028169014084506,0.7400881057268722,0.2785714285714286,SSW,0.625,WNW,WSW,0.3333333333333333,0.2807017543859649,0.6666666666666665,0.7037037037037036,0.561604584527224,0.12571428571428456,0.625,1.0,0.8095238095238095,0.797979797979798,Yes,0.9,0.07555555555555556,0.6387096774193549,Yes
709,W0710,2017-03-21,Townsville,0.6150627615062763,0.6734006734006732,0.43661971830985913,0.6828193832599119,0.4928571428571429,SW,0.1388888888888889,NNW,SW,0.38888888888888884,0.2982456140350877,0.39506172839506176,0.5925925925925926,0.7535816618911184,0.6742857142857162,0.375,0.5,0.6785714285714286,0.606060606060606,Yes,0.0,0.6933333333333334,0.4935483870967741,No
710,W0711,2016-06-28,Cairns,0.7322175732217575,0.6632996632996633,0.5633802816901409,0.894273127753304,0.6857142857142856,NE,0.2222222222222222,SSE,SSE,0.42592592592592593,0.2631578947368421,0.4691358024691357,0.41666666666666663,0.8653295128939824,0.9228571428571435,0.0,0.0,0.7619047619047619,0.5925925925925926,No,0.0,0.06666666666666667,0.5580645161290323,No
711,W0712,2021-07-16,Sydney,0.2635983263598327,0.32323232323232315,0.2394366197183099,0.9162995594713657,0.5888157894736842,E,0.1111111111111111,ESE,N,0.5185185185185185,0.21052631578947367,0.5308641975308641,0.2407407407407407,0.5787965616045838,0.7399999999999984,0.625,0.625,0.3055555555555555,0.24915824915824908,Yes,0.4,0.98,0.2096774193548387,No
712,W0713,2020-01-16,Melbourne,0.18410041841004188,0.31649831649831645,0.5352112676056339,0.3612334801762115,0.9285714285714285,S,0.5416666666666666,WNW,W,0.18518518518518517,0.5438596491228069,0.5432098765432098,0.5092592592592592,0.7564469914040117,0.46857142857142975,0.5,0.625,0.33730158730158727,0.2323232323232322,No,0.20000000000000004,0.9244444444444444,0.13548387096774192,No
713,W0714,2018-07-26,Townsville,0.602510460251046,0.8518518518518519,0.352112676056338,0.3436123348017621,0.16428571428571428,SE,0.5138888888888888,NNE,W,0.9814814814814814,0.5964912280701754,0.7037037037037037,0.7685185185185185,0.35243553008595896,0.274285714285714,0.875,0.75,0.7380952380952381,0.6767676767676767,No,0.9,0.9088888888888889,0.6774193548387097,Yes
714,W0715,2018-08-24,Melbourne,0.3221757322175733,0.5218855218855218,0.056338028169014086,0.8810572687224671,0.5714285714285714,SW,0.41666666666666663,ENE,NE,0.05555555555555555,0.3508771929824561,0.5555555555555556,0.2685185185185185,0.7106017191977081,0.5771428571428601,0.375,0.5,0.4880952380952381,0.505050505050505,No,0.5000000000000001,0.6311111111111111,0.39354838709677414,No
715,W0716,2020-08-27,Wollongong,0.47698744769874485,0.6531986531986531,0.2535211267605634,0.5859030837004405,0.907142857142857,WSW,0.2222222222222222,SW,E,0.09259259259259259,0.5087719298245614,0.20987654320987653,0.4722222222222222,0.6066715415974961,0.7828571428571429,0.375,0.625,0.5,0.5723905723905724,No,0.6000000000000001,0.831111111111111,0.47066035780893833,No
716,W0717,2016-01-19,Perth,0.5648535564853558,0.7003367003367003,0.15492957746478875,0.920704845814978,0.9928571428571428,SSW,0.41666666666666663,WSW,SW,0.25925925925925924,0.5087719298245614,0.0,0.31481481481481477,0.936962750716333,0.4400000000000013,0.125,0.25,0.6865079365079365,0.7407407407407407,No,0.5000000000000001,0.47555555555555556,0.4935483870967741,No
717,W0718,2019-04-09,Perth,0.6150627615062763,0.7037037037037035,0.352112676056338,0.7180616740088106,0.5888157894736842,WSW,0.5138888888888888,SSE,S,0.5,0.2631578947368421,0.06172839506172839,0.48148148148148145,0.47851002865329306,0.7142857142857153,0.375,0.375,0.5793650793650793,0.5757575757575757,No,0.6000000000000001,0.6266666666666667,0.6838709677419355,No
718,W0719,2022-01-11,Sydney,0.48535564853556495,0.43771043771043766,0.5070422535211268,0.40969162995594716,0.3857142857142857,W,0.5972222222222222,SW,SW,0.42592592592592593,0.22807017543859648,0.35802469135802467,0.19444444444444442,0.9885386819484232,0.6514285714285712,0.25,0.25,0.5515873015873016,0.46127946127946123,No,0.5000000000000001,0.6822222222222223,0.5193548387096774,No
719,W0720,2020-08-09,Brisbane,0.598326359832636,0.7777777777777777,0.352112676056338,0.8458149779735684,0.20714285714285713,N,0.9722222222222222,SSW,NE,0.3333333333333333,0.3684210526315789,0.8148148148148147,0.9166666666666666,0.2349570200573048,0.4057142857142857,0.625,0.875,0.5912698412698414,0.6363636363636362,No,0.6000000000000001,0.2088888888888889,0.6,Yes
720,W0721,2020-10-19,Newcastle,0.49372384937238506,0.6262626262626261,0.6338028169014085,0.3612334801762115,0.5071428571428571,NNW,0.29166666666666663,ESE,SSW,0.5555555555555556,0.22807017543859648,0.4938271604938272,0.6203703703703703,0.9054441260744994,0.5942857142857143,0.25,0.375,0.4801587301587302,0.6498316498316499,No,0.20000000000000004,0.9733333333333332,0.4193548387096774,No
721,W0722,2018-08-26,Hobart,0.27196652719665276,0.18518518518518517,0.09859154929577466,0.48017621145374456,0.5888157894736842,WSW,0.2777777777777778,N,N,0.14814814814814814,0.5438596491228069,0.39506172839506176,0.6203703703703703,0.6332378223495709,0.9057142857142857,0.0,0.5,0.23015873015873017,0.2053872053872054,No,0.5000000000000001,0.8022222222222223,0.4193548387096774,No
722,W0723,2021-02-12,Perth,0.397489539748954,0.4074074074074073,0.08450704225352113,0.37885462555066085,0.5428571428571428,WNW,0.125,WSW,NW,0.1111111111111111,0.49122807017543857,0.38271604938271603,0.25,0.7106017191977081,0.46857142857142975,0.0,0.125,0.4166666666666666,0.4074074074074073,No,0.7000000000000001,0.6644444444444444,0.40967741935483865,No
723,W0724,2016-11-24,Melbourne,0.3096234309623431,0.276094276094276,0.07042253521126762,0.41409691629955947,0.6142857142857142,NW,0.3055555555555555,ENE,NE,0.2777777777777778,0.24561403508771928,0.4444444444444445,0.5555555555555555,0.6103151862464173,0.7399999999999984,0.5,0.0,0.3055555555555555,0.2693602693602693,No,0.6000000000000001,0.4911111111111112,0.2548387096774193,Yes
724,W0725,2022-07-11,Sydney,0.4225941422594142,0.4848484848484848,0.14084507042253522,0.9074889867841411,0.41428571428571426,S,0.38888888888888884,WNW,ESE,0.5,0.5438596491228069,0.04938271604938271,0.6018518518518519,0.5501432664756436,0.8771428571428572,0.125,0.125,0.4603174603174603,0.5185185185185184,No,0.4,0.5022222222222222,0.29999999999999993,No
725,W0726,2015-08-12,Brisbane,0.5523012552301256,0.7205387205387204,0.40845070422535207,0.3524229074889868,0.5888157894736842,SW,0.2638888888888889,N,NW,0.018518518518518517,0.0,0.22222222222222215,0.36111111111111105,0.7707736389684818,0.7971428571428554,0.25,0.375,0.6071428571428572,0.6632996632996633,No,1.0,0.004444444444444445,0.7000000000000001,No
726,W0727,2017-11-19,Adelaide,0.21757322175732224,0.43097643097643096,0.1971830985915493,0.4581497797356828,0.7285714285714284,NNW,0.29166666666666663,SSE,SW,0.31481481481481477,0.21052631578947367,0.037037037037037035,0.32407407407407407,0.7736389684813787,0.4342857142857177,0.625,0.5,0.4246031746031746,0.2895622895622894,No,0.0,0.06888888888888887,0.47066035780893833,No
727,W0728,2018-08-10,Hobart,0.08786610878661094,0.4276094276094276,0.4225352112676056,0.6607929515418502,0.2928571428571428,W,0.40645604395604396,SE,ESE,0.3333333333333333,0.2982456140350877,0.8395061728395061,0.7962962962962963,0.028653295128940215,0.1999999999999993,0.875,0.75,0.09126984126984128,0.25925925925925924,Yes,0.0,0.7844444444444444,0.3483870967741935,Yes
728,W0729,2015-02-21,Newcastle,0.2845188284518829,0.4276094276094276,0.5352112676056339,0.5110132158590308,0.4642857142857143,SW,0.38888888888888884,NNW,S,0.37037037037037035,0.3333333333333333,0.39506172839506176,0.25925925925925924,0.9856733524355299,0.4285714285714306,0.5,0.0,0.3333333333333333,0.43771043771043766,No,0.6000000000000001,0.6377777777777778,0.47066035780893833,No
729,W0730,2022-11-14,Perth,0.45606694560669464,0.45791245791245777,0.4225352112676056,0.6740088105726872,0.37142857142857144,W,0.8333333333333333,E,SSW,0.48148148148148145,0.7192982456140351,0.38271604938271603,0.8333333333333333,0.06876790830945723,0.4828571428571422,0.625,0.5,0.5079365079365079,0.41750841750841744,Yes,0.7000000000000001,0.4844444444444445,0.4580645161290322,Yes
730,W0731,2019-11-25,Newcastle,0.48117154811715485,0.4208754208754209,0.4788732394366197,0.39647577092511016,0.48571428571428565,NE,0.3472222222222222,WNW,SSW,0.25925925925925924,0.47368421052631576,0.2345679012345679,0.3796296296296296,0.6066715415974961,0.5457142857142863,0.0,0.5,0.5436507936507935,0.36026936026936024,No,0.4,0.5022222222222222,0.4419354838709677,No
731,W0732,2016-12-05,Melbourne,0.15899581589958162,0.5353535353535352,0.4014084507042254,0.35682819383259917,0.5888157894736842,NNW,0.40645604395604396,W,W,0.537037037037037,0.9122807017543859,0.6049382716049383,0.6851851851851851,0.6066715415974961,0.6157142857142865,0.875,0.375,0.3888888888888889,0.49494949494949486,Yes,0.30000000000000004,0.3888888888888889,0.1806451612903226,Yes
732,W0733,2020-04-27,Darwin,0.9330543933054394,0.8653198653198653,0.49295774647887325,0.7004405286343612,0.4214285714285715,NNW,0.1388888888888889,WSW,NW,0.537037037037037,0.3508771929824561,0.024691358024691357,0.0,0.808022922636102,0.634285714285717,0.375,0.5,0.9722222222222221,0.8821548821548821,No,0.0,0.5022222222222222,0.767741935483871,No
733,W0734,2020-05-25,Cairns,0.6234309623430963,0.7272727272727271,0.9859154929577466,0.73568281938326,0.3285714285714285,SSE,0.40645604395604396,WNW,SSW,0.611111111111111,0.2631578947368421,0.5432098765432098,0.787037037037037,0.005730659025786622,0.514285714285716,0.375,1.0,0.726190476190476,0.6026936026936025,Yes,0.9,0.8866666666666666,0.6838709677419355,Yes
734,W0735,2016-07-03,Canberra,0.15481171548117156,0.29629629629629634,0.4225352112676056,0.7533039647577093,0.37142857142857144,W,0.9305555555555555,E,NW,0.9629629629629629,0.5614035087719298,0.7160493827160492,0.9537037037037036,0.33810888252148885,0.6157142857142865,1.0,1.0,0.16269841269841273,0.3265993265993265,No,0.30000000000000004,0.6044444444444445,0.22903225806451613,Yes
735,W0736,2020-11-03,Brisbane,0.6945606694560671,0.5757575757575757,0.3098591549295775,0.9074889867841411,0.5285714285714286,E,0.20833333333333331,ESE,NE,0.0,0.19298245614035087,0.22222222222222215,0.537037037037037,0.8051575931232122,0.49142857142857466,0.0,0.625,0.626984126984127,0.5589225589225588,No,1.0,0.15555555555555556,0.7612903225806451,No
736,W0737,2020-05-15,Townsville,0.5564853556485356,0.6026936026936027,0.6197183098591549,0.696035242290749,0.8928571428571428,NE,0.25,NNW,NW,0.2962962962962963,0.43859649122807015,0.20987654320987653,0.3333333333333333,0.607449856733524,0.46000000000000085,0.5,0.25,0.6984126984126984,0.5622895622895623,No,0.6000000000000001,0.07555555555555556,0.4387096774193548,No
737,W0738,2022-10-20,Melbourne,0.3347280334728034,0.25925925925925924,0.5352112676056339,0.6607929515418502,0.37142857142857144,NW,0.2222222222222222,ENE,S,0.5555555555555556,0.38596491228070173,0.38271604938271603,0.19444444444444442,0.5042979942693435,0.6171428571428592,0.5,0.125,0.32142857142857145,0.2558922558922558,No,1.0,0.24222222222222223,0.4612903225806451,No
738,W0739,2016-10-13,Newcastle,0.3472803347280336,0.5723905723905724,0.43661971830985913,0.6607929515418502,0.5888157894736842,W,0.3611111111111111,W,NE,0.25925925925925924,0.5263157894736842,0.0,0.4259259259259259,0.7421203438395416,0.7828571428571429,0.625,0.5,0.4166666666666666,0.5791245791245792,No,1.0,0.9688888888888889,0.3838709677419354,No
739,W0740,2015-06-04,Wollongong,0.401673640167364,0.6026936026936027,0.6338028169014085,0.9251101321585904,0.85,NNE,0.5,WNW,N,0.537037037037037,0.47368421052631576,0.037037037037037035,0.5092592592592592,0.7707736389684818,0.5285714285714285,0.375,0.25,0.5714285714285714,0.49494949494949486,No,0.8,0.6866666666666666,0.5548387096774193,No
740,W0741,2019-04-19,Brisbane,0.5481171548117156,0.771043771043771,0.352112676056338,0.9074889867841411,0.4928571428571429,63,0.5416666666666666,NW,NNW,0.6481481481481481,0.2807017543859649,0.8148148148148147,0.8333333333333333,0.08309455587392733,0.4314285714285724,0.75,0.75,0.7420634920634919,0.8114478114478114,Yes,0.9,0.18222222222222223,0.4580645161290322,Yes
741,W0742,2015-02-12,Melbourne,0.3347280334728034,0.20875420875420875,0.40845070422535207,0.6607929515418502,0.4571428571428572,NNE,0.15277777777777776,WSW,S,0.07407407407407407,0.12280701754385964,0.5185185185185184,0.4629629629629629,0.7851002865329519,0.46857142857142975,0.375,0.375,0.27777777777777773,0.2188552188552188,No,0.6000000000000001,0.12666666666666665,0.47066035780893833,No
742,W0743,2016-12-22,Melbourne,0.20502092050209209,0.25925925925925924,0.5492957746478873,0.3480176211453745,0.9857142857142857,WSW,0.15277777777777776,ENE,NW,0.05555555555555555,0.3333333333333333,0.4074074074074074,0.5925925925925926,0.8280802292263623,0.5514285714285698,0.625,0.625,0.25396825396825395,0.2626262626262626,Yes,0.9,0.1177777777777778,0.39354838709677414,No
743,W0744,2020-02-14,Adelaide,0.21338912133891214,0.32323232323232315,0.5915492957746479,0.9955947136563879,0.9571428571428571,SW,0.5,WNW,SSW,0.2777777777777778,0.49122807017543857,0.0,0.3518518518518518,0.6066715415974961,0.8742857142857154,0.5,0.0,0.22619047619047622,0.2053872053872054,No,1.0,0.21111111111111114,0.37741935483870964,No
744,W0745,2015-01-26,Brisbane,0.47698744769874485,0.5555555555555556,0.7042253521126761,0.920704845814978,0.5714285714285714,NW,0.15277777777777776,WNW,NE,0.4629629629629629,0.5789473684210527,0.38271604938271603,0.4351851851851851,0.6618911174785111,0.8399999999999999,0.375,0.375,0.5992063492063493,0.542087542087542,No,0.0,0.24444444444444446,0.34516129032258064,No
745,W0746,2015-07-01,Hobart,0.016736401673640183,0.13468013468013468,0.3943661971830986,0.5418502202643172,0.6428571428571428,E,0.4722222222222222,SE,SW,0.25925925925925924,0.24561403508771928,0.1111111111111111,0.611111111111111,0.8739255014326623,0.562857142857144,0.25,0.0,0.043650793650793634,0.1515151515151515,No,0.8,0.8644444444444443,0.22258064516129034,No
746,W0747,2021-11-03,Melbourne,0.5271966527196654,0.020202020202020166,0.5492957746478873,0.8986784140969164,0.9714285714285713,NNW,0.2777777777777778,N,NNW,0.07407407407407407,0.3333333333333333,0.07407407407407407,0.611111111111111,0.4899713467048734,0.7942857142857136,0.375,0.25,0.23412698412698407,0.22222222222222215,Yes,0.9,0.5777777777777777,0.47066035780893833,No
747,W0748,2016-07-15,Brisbane,0.6610878661087867,0.5185185185185184,0.6338028169014085,0.9118942731277533,0.7857142857142856,NNW,0.5694444444444444,WNW,S,0.24074074074074073,0.5438596491228069,0.1975308641975309,0.21296296296296297,0.5558739255014338,0.5114285714285707,0.375,0.375,0.6904761904761905,0.5589225589225588,No,0.4,0.8333333333333334,0.5161290322580645,No
748,W0749,2016-01-09,Wollongong,0.5020920502092052,0.3771043771043771,0.11267605633802816,0.6607929515418502,0.6642857142857143,E,0.2777777777777778,NNE,ENE,0.35185185185185186,0.3157894736842105,0.04938271604938271,0.5555555555555555,0.8452722063037221,0.4942857142857129,0.625,0.625,0.5158730158730158,0.34343434343434337,Yes,1.0,0.9222222222222223,0.5096774193548388,No
749,W0750,2015-09-07,Melbourne,0.15899581589958162,0.20202020202020204,0.6901408450704225,0.5814977973568283,0.9214285714285714,SSW,0.3194444444444444,W,ESE,0.09259259259259259,0.5263157894736842,0.4938271604938272,0.2685185185185185,0.8825214899713494,0.45428571428571374,0.125,0.125,0.24603174603174605,0.13468013468013468,No,0.7000000000000001,0.4955555555555556,0.2193548387096774,No
750,W0751,2020-11-04,Adelaide,0.3807531380753138,0.5151515151515151,0.08450704225352113,0.4008810572687225,0.7142857142857142,SSW,0.5277777777777778,WSW,WNW,0.3333333333333333,0.3333333333333333,0.1975308641975309,0.5462962962962963,0.48424068767908324,0.6400000000000006,0.0,0.125,0.39285714285714285,0.5555555555555556,No,0.30000000000000004,0.5333333333333333,0.46774193548387094,No
751,W0752,2017-01-14,Darwin,0.8451882845188285,0.8989898989898988,0.6197183098591549,0.3524229074889868,0.4357142857142856,NNE,0.5,SE,WSW,0.2777777777777778,0.5087719298245614,0.8148148148148147,0.6481481481481481,0.4068767908309461,0.33999999999999986,0.625,0.5,0.8293650793650795,0.7575757575757576,Yes,0.30000000000000004,0.7888888888888889,0.8935483870967742,Yes
752,W0753,2016-06-27,Adelaide,0.23849372384937245,0.2929292929292929,0.29577464788732394,0.40528634361233484,0.6928571428571427,SW,0.2777777777777778,NNW,SE,0.5555555555555556,0.5964912280701754,0.38271604938271603,0.6296296296296295,0.9570200573065932,0.8200000000000003,0.125,0.5,0.28968253968253965,0.3333333333333332,No,0.20000000000000004,0.9422222222222221,0.47066035780893833,No
753,W0754,2019-02-07,Hobart,0.008368200836820106,0.09090909090909088,0.4225352112676056,0.6211453744493393,0.4571428571428572,NE,0.4305555555555555,N,NNE,0.5185185185185185,0.12280701754385964,0.3703703703703703,0.5555555555555555,0.584527220630374,0.9228571428571435,0.625,0.5,0.07142857142857145,0.0,No,0.6000000000000001,0.7044444444444445,0.054838709677419356,No
754,W0755,2021-09-05,Sydney,0.25941422594142266,0.47474747474747464,0.2394366197183099,0.814977973568282,0.37857142857142856,ENE,0.1388888888888889,NW,W,0.35185185185185186,0.2982456140350877,0.5432098765432098,0.5555555555555555,0.8108882521489988,0.6999999999999993,0.125,0.25,0.4047619047619047,0.48148148148148145,No,0.30000000000000004,0.08,0.41290322580645156,No
755,W0756,2022-12-11,Darwin,0.6778242677824269,0.8754208754208752,0.12676056338028172,0.9867841409691631,0.9571428571428571,W,0.20833333333333331,SSE,ESE,0.037037037037037035,0.3684210526315789,0.13580246913580246,0.4722222222222222,0.7822349570200586,0.6157142857142865,0.25,0.25,0.8055555555555556,0.7239057239057238,No,0.7000000000000001,0.3355555555555556,0.7387096774193548,No
756,W0757,2021-01-08,Canberra,0.43933054393305443,0.4478114478114478,0.4225352112676056,0.44493392070484583,0.07857142857142857,ENE,0.5416666666666666,SSW,SSW,0.5,0.3684210526315789,0.7407407407407407,0.8981481481481481,0.4813753581661899,0.274285714285714,1.0,0.625,0.32936507936507936,0.37373737373737365,Yes,0.4,0.3777777777777778,0.07096774193548387,Yes
757,W0758,2016-01-08,Brisbane,0.5732217573221758,0.6599326599326598,0.352112676056338,0.6607929515418502,0.24285714285714283,SW,0.986111111111111,NNW,ESE,0.6296296296296295,0.3684210526315789,0.5555555555555556,0.6481481481481481,0.5157593123209203,0.4314285714285724,0.5,0.75,0.5079365079365079,0.6464646464646464,No,0.7000000000000001,0.24000000000000005,0.5290322580645161,Yes
758,W0759,2022-11-09,Melbourne,0.2845188284518829,0.4141414141414142,0.2112676056338028,0.5991189427312775,0.9714285714285713,NNE,0.15277777777777776,ESE,SE,0.037037037037037035,0.3333333333333333,0.5432098765432098,0.3518518518518518,0.799426934097422,0.620000000000001,0.125,0.375,0.3174603174603174,0.2996632996632996,Yes,0.0,0.98,0.39677419354838706,No
759,W0760,2017-01-08,Adelaide,0.25941422594142266,0.6026936026936027,0.5070422535211268,0.7929515418502203,0.5888157894736842,WSW,0.41666666666666663,WNW,ENE,0.16666666666666666,0.5438596491228069,0.48148148148148145,0.3518518518518518,0.6189111747851044,0.6457142857142877,0.25,0.5,0.21428571428571425,0.643097643097643,No,0.4,0.6644444444444444,0.36129032258064514,No
760,W0761,15/07/2018,Darwin,0.7949790794979081,0.7272727272727271,0.38028169014084506,0.4493392070484582,0.44285714285714284,NW,0.9444444444444444,SSE,S,0.7222222222222222,0.7017543859649122,0.6296296296296295,0.8055555555555555,0.6066715415974961,0.2971428571428554,0.5,0.75,0.7222222222222221,0.771043771043771,No,0.6000000000000001,0.8288888888888888,0.7161290322580646,Yes
761,W0762,2022-03-01,Newcastle,0.43096234309623443,0.30976430976430974,0.4225352112676056,0.9339207048458151,0.8285714285714285,SE,0.1111111111111111,SSE,NNW,0.14814814814814814,0.14035087719298245,0.35802469135802467,0.21296296296296297,0.4527220630372497,0.8428571428571416,0.25,0.625,0.45634920634920634,0.3333333333333332,No,0.8,0.5688888888888889,0.4193548387096774,No
762,W0763,2022-08-16,Brisbane,0.6652719665271967,0.43771043771043766,0.352112676056338,0.5726872246696035,0.12142857142857141,E,0.40645604395604396,SW,ENE,0.5185185185185185,0.9298245614035088,0.5925925925925926,0.7037037037037036,0.12034383954154748,0.04285714285714448,1.0,0.75,0.6468253968253967,0.45454545454545453,Yes,0.7000000000000001,0.08888888888888889,0.7161290322580646,Yes
763,W0764,2017-10-26,Brisbane,0.6276150627615065,0.6094276094276094,0.352112676056338,0.4845814977973568,0.10714285714285714,S,0.40645604395604396,NNW,SE,0.3333333333333333,0.8421052631578947,0.8271604938271604,0.6666666666666666,0.24068767908309496,0.014285714285716011,0.625,0.875,0.6507936507936509,0.5892255892255891,Yes,0.8,0.5733333333333334,0.767741935483871,Yes
764,W0765,2021-12-20,Brisbane,0.6485355648535567,0.5353535353535352,0.1971830985915493,0.5814977973568283,0.5888157894736842,SSE,0.25,NNW,NNE,0.24074074074074073,0.07017543859649122,0.06172839506172839,0.3796296296296296,0.6532951289398277,0.8114285714285714,0.625,0.25,0.6388888888888888,0.569023569023569,No,0.4,0.17555555555555558,0.7032258064516129,No
765,W0766,2020-09-08,Newcastle,0.49372384937238506,0.542087542087542,0.4436619718309859,0.39207048458149785,0.2785714285714286,SW,0.41666666666666663,SE,W,0.9259259259259258,0.3684210526315789,0.728395061728395,0.8518518518518517,0.4670487106017198,0.345714285714287,0.625,0.625,0.5476190476190477,0.531986531986532,No,0.8,0.23555555555555557,0.41290322580645156,Yes
766,W0767,2020-12-26,Darwin,0.7949790794979081,0.9696969696969697,0.38028169014084506,0.4008810572687225,0.3999999999999999,NE,0.4444444444444444,W,ENE,0.4629629629629629,0.3508771929824561,0.43209876543209874,0.6851851851851851,0.12034383954154748,0.36571428571428655,0.875,0.625,0.7222222222222221,0.9764309764309764,No,0.4,0.9066666666666665,0.6967741935483871,Yes
767,W0768,2022-02-25,Newcastle,0.45606694560669464,0.46127946127946123,0.056338028169014086,0.5110132158590308,0.757142857142857,SE,0.25,WNW,NW,0.48148148148148145,0.24561403508771928,0.34567901234567905,0.21296296296296297,0.5014326647564502,0.6157142857142865,0.375,0.125,0.5634920634920635,0.4208754208754209,No,0.8,0.5733333333333334,0.5838709677419355,No
768,W0769,2020-03-08,Brisbane,0.6234309623430963,0.7811447811447811,0.4225352112676056,0.40528634361233484,0.6071428571428571,NE,0.16666666666666666,WNW,E,0.48148148148148145,0.6140350877192982,0.4444444444444445,0.5092592592592592,0.4441260744985698,0.5457142857142863,0.25,0.25,0.6309523809523809,0.7744107744107744,No,0.0,0.7533333333333333,0.5354838709677419,No
769,W0770,2020-01-01,Hobart,0.27196652719665276,0.2996632996632996,0.18309859154929578,0.9559471365638768,0.5888157894736842,SSW,0.375,N,NNW,0.037037037037037035,0.15789473684210525,0.25925925925925924,0.21296296296296297,0.6066715415974961,0.7914285714285718,0.25,0.25,0.3452380952380953,0.3265993265993265,No,0.0,0.23333333333333334,0.4612903225806451,No
770,W0771,2019-10-20,Perth,0.5271966527196654,0.6969696969696968,0.2535211267605634,0.8325991189427313,0.5888157894736842,N,0.40277777777777773,NW,SE,0.5,0.40350877192982454,0.16049382716049382,0.2685185185185185,0.696275071633238,0.78857142857143,0.375,0.375,0.5119047619047619,0.5622895622895623,Yes,0.0,0.35111111111111115,0.44838709677419347,No
771,W0772,2017-01-04,Perth,0.4267782426778243,0.542087542087542,0.4225352112676056,0.6607929515418502,0.4928571428571429,ESE,0.5138888888888888,N,E,0.5740740740740741,0.5438596491228069,0.7407407407407407,0.9629629629629629,0.3323782234957058,0.17714285714285793,0.75,0.75,0.5476190476190477,0.5824915824915824,No,0.4,0.44222222222222224,0.4387096774193548,Yes
772,W0773,2017-07-11,Newcastle,0.5313807531380754,0.36700336700336694,0.5633802816901409,0.8722466960352424,0.4714285714285714,NE,0.4583333333333333,E,ESE,0.42592592592592593,0.43859649122807015,0.04938271604938271,0.27777777777777773,0.9255014326647597,0.9457142857142848,0.25,0.0,0.5277777777777777,0.40404040404040403,No,0.7000000000000001,0.2644444444444444,0.4225806451612903,No
773,W0774,2018-01-21,Brisbane,0.43514644351464443,0.4781144781144781,0.09859154929577466,0.6916299559471366,0.3857142857142857,S,0.15277777777777776,SW,ESE,0.07407407407407407,0.6140350877192982,0.07407407407407407,0.18518518518518517,0.5300859598853869,0.6514285714285712,0.125,0.625,0.5317460317460319,0.48148148148148145,Yes,0.20000000000000004,0.7044444444444445,0.5225806451612903,No
774,W0775,2021-03-12,Adelaide,0.3096234309623431,0.34680134680134683,0.38732394366197187,0.9339207048458151,0.48571428571428565,SE,0.9305555555555555,WNW,WNW,0.3333333333333333,0.6842105263157894,0.4938271604938272,0.5740740740740741,0.25214899713467176,0.5057142857142871,1.0,0.375,0.33730158730158727,0.3265993265993265,No,1.0,0.4088888888888889,0.4451612903225806,Yes
775,W0776,2022-07-07,Canberra,0.2259414225941423,0.175084175084175,0.5774647887323944,0.6740088105726872,0.4642857142857143,W,0.4722222222222222,SE,SW,0.12962962962962962,0.10526315789473684,0.30864197530864196,0.31481481481481477,0.7106017191977081,0.6285714285714299,0.625,0.5,0.18253968253968256,0.202020202020202,No,0.4,0.8333333333333334,0.18387096774193548,No
776,W0777,2020-07-30,Melbourne,0.3389121338912134,0.2188552188552188,0.29577464788732394,0.894273127753304,0.3857142857142857,S,0.2638888888888889,W,NNW,0.09259259259259259,0.42105263157894735,0.4444444444444445,0.6203703703703703,0.7134670487106014,0.9714285714285715,0.625,0.625,0.31349206349206343,0.2323232323232322,No,0.5000000000000001,0.04222222222222223,0.27419354838709675,No
777,W0778,2017-08-23,Hobart,0.054393305439330575,0.19528619528619534,0.352112676056338,0.6651982378854626,0.8999999999999999,SE,0.5972222222222222,W,ESE,0.38888888888888884,0.2807017543859649,0.3333333333333333,0.5740740740740741,0.5988538681948441,0.5885714285714307,0.375,0.125,0.1547619047619047,0.175084175084175,No,0.8,0.851111111111111,0.10645161290322581,No
778,W0779,2018-12-30,Brisbane,0.6610878661087867,0.6868686868686866,0.647887323943662,0.894273127753304,0.6928571428571427,SE,0.2638888888888889,ENE,ESE,0.4629629629629629,0.2982456140350877,0.07407407407407407,0.6481481481481481,0.6066715415974961,0.9885714285714258,0.375,0.5,0.7698412698412698,0.5858585858585859,No,0.6000000000000001,0.4711111111111111,0.6870967741935484,No
779,W0780,2017-12-26,Melbourne,0.15062761506276157,0.2895622895622895,0.4225352112676056,0.6607929515418502,0.5071428571428571,SW,0.4305555555555555,SW,SSE,0.38888888888888884,0.10526315789473684,0.5061728395061729,0.2407407407407407,0.5959885386819472,0.9400000000000013,0.125,0.5,0.26587301587301587,0.2996632996632996,No,0.0,0.6022222222222222,0.19999999999999998,No
780,W0781,2020-11-29,Perth,0.49372384937238506,0.6666666666666665,0.5774647887323944,0.5550660792951543,0.95,SW,0.4583333333333333,W,NNW,0.5185185185185185,0.5263157894736842,0.4938271604938272,0.6388888888888888,0.9111747851002896,0.45428571428571374,0.0,0.25,0.6904761904761905,0.5589225589225588,No,0.30000000000000004,0.47555555555555556,0.503225806451613,No
781,W0782,2020-03-01,Hobart,0.16317991631799167,0.2121212121212121,0.49295774647887325,0.37885462555066085,0.8785714285714286,SSE,0.5694444444444444,ESE,WSW,0.14814814814814814,0.14035087719298245,0.1111111111111111,0.23148148148148145,0.6066715415974961,0.6600000000000001,0.5,0.125,0.26587301587301587,0.15488215488215484,No,0.5000000000000001,0.0,0.0903225806451613,No
782,W0783,2017-03-24,Townsville,0.602510460251046,0.8047138047138047,0.352112676056338,0.73568281938326,0.6142857142857142,WNW,0.4722222222222222,S,NNE,0.12962962962962962,0.19298245614035087,0.4938271604938272,0.20370370370370366,0.8338108882521524,0.8171428571428585,0.0,0.0,0.5912698412698414,0.835016835016835,No,0.7000000000000001,0.04222222222222223,0.48064516129032253,No
783,W0784,2019-12-23,Sydney,0.48953974895397495,0.6195286195286194,0.5774647887323944,0.5726872246696035,0.5785714285714285,WSW,0.4722222222222222,WNW,SW,0.35185185185185186,0.08771929824561403,0.07407407407407407,0.5092592592592592,0.7535816618911184,0.7028571428571446,0.25,0.25,0.496031746031746,0.5084175084175082,No,0.0,0.36888888888888893,0.4967741935483871,No
784,W0785,2020-12-30,Perth,0.44769874476987453,0.5252525252525251,0.4225352112676056,0.801762114537445,0.17857142857142855,NNW,0.8472222222222222,ESE,E,0.35185185185185186,0.9649122807017543,0.6172839506172838,0.8425925925925926,0.4756446991404033,0.07142857142857295,0.375,0.75,0.5317460317460319,0.40067340067340057,Yes,0.20000000000000004,0.05111111111111109,0.6096774193548387,Yes
785,W0786,2018-04-20,Newcastle,0.2887029288702929,0.4915824915824915,0.6197183098591549,0.7533039647577093,0.9714285714285713,N,0.125,NNW,E,0.537037037037037,0.5789473684210527,0.38271604938271603,0.41666666666666663,0.673352435530088,0.7714285714285722,0.125,0.5,0.496031746031746,0.31649831649831645,Yes,0.6000000000000001,0.62,0.47066035780893833,No
786,W0787,2016-08-23,Cairns,0.6108786610878663,0.8518518518518519,0.4788732394366197,0.8193832599118944,0.4571428571428572,WSW,0.5277777777777778,NE,S,0.2037037037037037,0.05263157894736842,0.12345679012345678,0.38888888888888884,0.6418338108882544,0.5428571428571445,0.0,0.375,0.6626984126984126,0.8417508417508417,No,0.8,0.5311111111111111,0.48387096774193544,No
787,W0788,2022-06-09,Darwin,0.7573221757322177,0.7441077441077439,0.40845070422535207,0.49779735682819387,0.9428571428571427,ENE,0.40277777777777773,SSW,NNW,0.018518518518518517,0.6140350877192982,0.24691358024691362,0.4722222222222222,0.6066715415974961,0.46857142857142975,0.25,0.375,0.8214285714285714,0.643097643097643,Yes,0.0,0.22666666666666668,0.7258064516129032,No
788,W0789,2017-02-10,Adelaide,0.43933054393305443,0.5488215488215489,0.38732394366197187,0.7577092511013217,0.48571428571428565,NE,0.4861111111111111,SW,N,0.9074074074074073,0.3684210526315789,0.7901234567901234,0.6666666666666666,0.263610315186245,0.4400000000000013,0.375,0.625,0.39285714285714285,0.3905723905723905,No,0.8,0.6244444444444445,0.4612903225806451,Yes
789,W0790,2017-06-08,Darwin,0.8451882845188285,0.8215488215488216,0.08450704225352113,0.7797356828193833,0.5357142857142857,E,0.25,NNE,SW,0.2777777777777778,0.19298245614035087,0.25925925925925924,0.20370370370370366,0.8853868194842427,0.8914285714285732,0.625,0.625,0.8293650793650795,0.7272727272727273,No,0.4,0.9199999999999999,0.6935483870967742,No
790,W0791,2017-03-24,Brisbone,0.1171548117154812,0.28619528619528617,0.056338028169014086,0.8546255506607929,0.7642857142857141,NW,0.15277777777777776,S,ENE,0.2777777777777778,0.12280701754385964,0.04938271604938271,0.32407407407407407,0.7736389684813787,0.9314285714285688,0.375,0.125,0.30158730158730157,0.32996632996632996,No,0.7000000000000001,0.9955555555555555,0.3677419354838709,No
791,W0792,2021-10-02,Perth,0.46025104602510464,0.6262626262626261,0.7605633802816901,0.6607929515418502,0.17857142857142855,ESE,0.611111111111111,E,N,0.9444444444444444,0.5789473684210527,0.8148148148148147,0.5555555555555555,0.6066715415974961,0.27142857142857224,0.875,0.875,0.3968253968253968,0.643097643097643,No,0.4,0.68,0.41290322580645156,Yes
792,W0793,2015-12-12,Newcastle,0.46443514644351463,0.45117845117845107,0.7042253521126761,0.8237885462555067,0.9928571428571428,S,0.16666666666666666,W,ENE,0.0,0.38596491228070173,0.48148148148148145,0.3333333333333333,0.8538681948424092,0.8685714285714283,0.375,0.125,0.5555555555555556,0.36026936026936024,Yes,0.5000000000000001,0.9444444444444444,0.39999999999999997,No
793,W0794,2017-02-22,Perth,0.3430962343096235,0.5622895622895623,0.014084507042253523,0.5594713656387665,0.9642857142857142,N,0.2361111111111111,WNW,NNW,0.35185185185185186,0.40350877192982454,0.5061728395061729,0.38888888888888884,0.7335243553008617,0.7857142857142847,0.0,0.0,0.31349206349206343,0.5084175084175082,No,0.8,0.7977777777777777,0.503225806451613,No
794,W0795,2020-12-02,Perth,0.48953974895397495,0.5016835016835015,0.49295774647887325,0.35682819383259917,0.85,WSW,0.3333333333333333,NW,E,0.12962962962962962,0.0,0.4444444444444445,0.611111111111111,0.7621776504298019,0.7200000000000024,0.25,0.125,0.5833333333333333,0.40067340067340057,No,0.30000000000000004,0.44,0.5903225806451613,No
795,W0796,2022-01-20,Cairns,0.866108786610879,0.7575757575757573,0.6197183098591549,0.40969162995594716,0.6214285714285713,NE,0.611111111111111,SE,ESE,0.2037037037037037,0.47368421052631576,0.29629629629629634,0.32407407407407407,0.6066715415974961,0.6114285714285721,0.25,0.375,0.8888888888888891,0.7912457912457911,No,0.20000000000000004,0.4844444444444445,0.7225806451612903,No
796,W0797,2016-05-18,Brisbane,0.5104602510460252,0.7239057239057238,0.1971830985915493,0.9295154185022028,0.6642857142857143,ENE,0.611111111111111,NNW,WSW,0.5185185185185185,0.42105263157894735,0.29629629629629634,0.6481481481481481,0.9971346704871102,0.6157142857142865,0.0,0.5,0.4523809523809524,0.67003367003367,Yes,0.6000000000000001,0.35333333333333333,0.5129032258064516,No
797,W0798,2017-01-14,Adelaide,0.25523012552301255,0.47474747474747464,0.352112676056338,0.7444933920704846,0.8642857142857142,S,0.19444444444444442,N,SSE,0.5185185185185185,0.5438596491228069,0.48148148148148145,0.2407407407407407,0.7564469914040117,0.6942857142857122,0.625,0.5,0.27777777777777773,0.46801346801346794,No,0.7000000000000001,0.731111111111111,0.27096774193548384,No
798,W0799,2015-03-27,Newcastle,0.29288702928870297,0.48148148148148145,0.8591549295774648,0.43171806167400884,0.4714285714285714,NNE,0.40645604395604396,NNE,S,0.5555555555555556,0.7368421052631579,0.654320987654321,0.9351851851851851,0.38681948424068935,0.4457142857142884,0.875,0.75,0.24603174603174605,0.48821548821548816,Yes,0.30000000000000004,0.2511111111111112,0.332258064516129,Yes
799,W0800,2015-12-01,Wollongong,0.4435146443514644,0.4646464646464647,0.5352112676056339,0.6607929515418502,0.557142857142857,NNW,0.3472222222222222,SSE,SSW,0.3333333333333333,0.05263157894736842,0.1728395061728395,0.5740740740740741,0.7220630372492849,0.6028571428571432,0.625,0.375,0.4166666666666666,0.43771043771043766,No,1.0,0.9977777777777777,0.3838709677419354,No
800,W0801,2021-06-30,Darwin,0.9456066945606696,0.7373737373737375,0.38028169014084506,0.5418502202643172,0.9285714285714285,WNW,0.5416666666666666,NNE,N,0.2222222222222222,0.42105263157894735,0.25925925925925924,0.537037037037037,0.9885386819484232,0.8857142857142861,0.5,0.375,0.873015873015873,0.7407407407407407,No,0.7000000000000001,0.32666666666666666,0.9806451612903225,No
801,W0802,2017-06-09,Melbourne,0.25104602510460255,0.36700336700336694,0.3098591549295775,0.5462555066079295,0.9642857142857142,E,0.3055555555555555,SSE,SW,0.5555555555555556,0.22807017543859648,0.024691358024691357,0.5092592592592592,0.5014326647564502,0.9457142857142848,0.125,0.25,0.20634920634920634,0.24915824915824908,No,0.9,0.82,0.39999999999999997,No
802,W0803,2017-09-23,Brisbane,0.5732217573221758,0.5207812531756193,0.5211267605633803,0.86784140969163,0.4642857142857143,WSW,0.4722222222222222,S,NE,0.0,0.017543859649122806,0.4074074074074074,0.5462962962962963,0.6819484240687679,0.7028571428571446,0.25,0.5,0.5833333333333333,0.6026936026936025,No,0.0,0.1177777777777778,0.7032258064516129,No
803,W0804,2015-03-19,Wollongong,0.2887029288702929,0.6632996632996633,0.352112676056338,0.44493392070484583,0.24285714285714283,WNW,0.40645604395604396,NNW,NW,0.37037037037037035,0.5087719298245614,0.6419753086419753,0.5925925925925926,0.28939828080229546,0.06857142857142762,0.625,0.75,0.36507936507936506,0.5858585858585859,No,0.5000000000000001,0.6066666666666666,0.47066035780893833,Yes
804,W0805,2020-05-21,Darwin,0.9372384937238496,0.7744107744107742,0.5915492957746479,0.49779735682819387,0.8785714285714286,SE,0.09722222222222221,SSE,WSW,0.48148148148148145,0.47368421052631576,0.29629629629629634,0.3055555555555555,0.8567335243553025,0.7942857142857136,0.375,0.375,0.9761904761904763,0.7104377104377104,No,0.7000000000000001,0.4066666666666667,0.9483870967741935,No
805,W0806,2020-01-20,Melbourne,0.21757322175732224,0.2121212121212121,0.4014084507042254,0.7444933920704846,0.44285714285714284,NE,0.40645604395604396,NNW,NNE,0.9814814814814814,0.6140350877192982,0.6296296296296295,0.8796296296296295,0.5530085959885405,0.048571428571431596,0.75,1.0,0.2698412698412698,0.23569023569023567,Yes,0.9,0.013333333333333322,0.17741935483870966,Yes
806,W0807,2019-07-19,Melbourne,0.18410041841004188,0.2626262626262626,0.028169014084507046,0.8237885462555067,0.6285714285714284,WSW,0.5138888888888888,SSE,E,0.2777777777777778,0.17543859649122806,0.2839506172839506,0.41666666666666663,0.4899713467048734,0.8114285714285714,0.625,0.0,0.1428571428571429,0.24915824915824908,No,0.5000000000000001,0.0022222222222222088,0.3129032258064516,No
807,W0808,2016-07-08,Cairns,0.7280334728033473,0.632996632996633,0.15492957746478875,0.841409691629956,0.6857142857142856,WSW,0.4305555555555555,W,WSW,0.09259259259259259,0.3684210526315789,0.35802469135802467,0.38888888888888884,0.7048710601719215,0.49142857142857466,0.375,0.625,0.7817460317460316,0.6094276094276094,No,0.5000000000000001,0.4977777777777778,0.8193548387096774,No
808,W0809,2022-07-29,Melbourne,0.30543933054393313,0.3333333333333333,0.4014084507042254,0.6607929515418502,0.4357142857142856,SW,0.6527777777777778,WNW,NNE,0.31481481481481477,0.38596491228070173,0.8148148148148147,0.6944444444444444,0.151862464183381,0.5514285714285698,0.5,0.5,0.32936507936507936,0.25925925925925924,No,0.7000000000000001,0.9666666666666666,0.29032258064516125,Yes
809,W0810,2017-03-19,Sydney,0.3096234309623431,0.5218855218855218,0.4225352112676056,0.38325991189427316,0.24999999999999997,SSE,0.40645604395604396,NNE,S,0.9444444444444444,0.2982456140350877,0.48148148148148145,0.9629629629629629,0.10315186246418406,0.5485714285714316,0.375,0.75,0.26587301587301587,0.5252525252525251,Yes,0.8,0.6333333333333333,0.42903225806451606,Yes
810,W0811,2022-12-03,Sydney,0.43933054393305443,0.42424242424242414,0.2535211267605634,0.7577092511013217,0.41428571428571426,NNE,0.5972222222222222,SE,NE,0.537037037037037,0.47368421052631576,0.24691358024691362,0.6296296296296295,0.6532951289398277,0.4342857142857177,0.625,0.375,0.42857142857142855,0.39730639730639733,No,0.7000000000000001,0.5533333333333332,0.47066035780893833,No
811,W0812,2020-11-07,Adelaide,0.43933054393305443,0.5084175084175082,0.38732394366197187,0.6519823788546255,0.17142857142857143,ENE,0.40645604395604396,SE,NE,0.3333333333333333,0.45614035087719296,0.6049382716049383,0.7777777777777777,0.1891117478510047,0.07142857142857295,0.75,0.875,0.40873015873015867,0.531986531986532,Yes,0.6000000000000001,0.4977777777777778,0.332258064516129,Yes
812,W0813,2015-02-10,Townsville,0.7824267782426779,0.7643097643097643,0.16901408450704228,0.9603524229074891,0.08571428571428572,ESE,0.40645604395604396,WSW,NNE,0.3333333333333333,0.6140350877192982,0.8765432098765431,0.8981481481481481,0.41260744985673625,0.14857142857142946,0.5,1.0,0.8174603174603174,0.7239057239057238,Yes,0.1,0.6755555555555555,0.5806451612903226,Yes
813,W0814,2020-05-02,Adelaide,0.21757322175732224,0.43771043771043766,0.38732394366197187,0.42290748898678415,0.9642857142857142,E,0.3194444444444444,WNW,SE,0.42592592592592593,0.5087719298245614,0.04938271604938271,0.25,0.6066715415974961,0.9714285714285715,0.25,0.0,0.37301587301587297,0.441077441077441,No,0.30000000000000004,0.7577777777777778,0.3709677419354839,No
814,W0815,2020-03-29,Townsville,0.7447698744769875,0.7037037037037035,0.7183098591549296,0.37885462555066085,0.44999999999999996,WSW,0.18055555555555555,WNW,ENE,0.16666666666666666,0.3333333333333333,0.3209876543209876,0.5648148148148148,0.49570200573066003,0.44285714285714306,0.125,0.625,0.8253968253968254,0.632996632996633,No,0.30000000000000004,0.7333333333333333,0.6193548387096774,No
815,W0816,2017-02-26,Melbourne,0.28033472803347287,0.3501683501683501,0.3380281690140845,0.8325991189427313,0.7214285714285713,S,0.5,SW,ESE,0.5555555555555556,0.5789473684210527,0.5061728395061729,0.6481481481481481,0.6361031518624642,0.7657142857142851,0.125,0.375,0.36507936507936506,0.2895622895622894,No,0.5000000000000001,0.7288888888888888,0.3129032258064516,No
816,W0817,2021-05-15,Darwin,0.9288702928870296,0.7542087542087541,0.38028169014084506,0.643171806167401,0.09285714285714285,NNW,0.40645604395604396,S,NE,0.7777777777777777,0.3684210526315789,0.6172839506172838,0.8703703703703703,0.4469914040114631,0.3114285714285714,0.375,0.875,0.9523809523809523,0.7407407407407407,Yes,0.5000000000000001,0.46888888888888897,0.9741935483870968,Yes
817,W0818,2021-12-20,Darwin,0.8075313807531381,0.835016835016835,0.4225352112676056,0.5550660792951543,0.37142857142857144,WNW,0.4444444444444444,NNE,S,0.537037037037037,0.15789473684210525,0.4691358024691357,0.5925925925925926,0.4871060171919801,0.9400000000000013,0.25,0.5,0.7738095238095237,0.8451178451178452,No,0.1,0.5066666666666667,0.8483870967741935,No
818,W0819,2017-09-28,Darwin,0.882845188284519,0.7609427609427608,0.49295774647887325,0.5374449339207049,0.8714285714285713,NE,0.5833333333333333,NNW,WNW,0.0,0.2807017543859649,0.13580246913580246,0.4907407407407407,0.9942693409742134,0.5114285714285707,0.375,0.625,0.873015873015873,0.7070707070707072,No,0.1,0.4711111111111111,0.7774193548387096,No
819,W0820,2020-12-07,Sydney,0.2845188284518829,0.6296296296296295,0.4225352112676056,0.4889867841409692,0.15,S,0.9583333333333333,W,SE,0.9074074074074073,0.3333333333333333,0.8765432098765431,0.5925925925925926,0.6066715415974961,0.34285714285714164,0.875,0.5,0.4603174603174603,0.40067340067340057,No,0.5000000000000001,0.23333333333333334,0.21290322580645163,Yes
820,W0821,2015-05-10,Townsville,0.8284518828451883,0.531986531986532,0.9859154929577466,0.6475770925110133,0.4285714285714285,ESE,0.4722222222222222,E,SSW,0.537037037037037,0.5789473684210527,0.8518518518518516,0.6388888888888888,0.06876790830945723,0.5485714285714316,0.875,0.875,0.7698412698412698,0.5488215488215489,Yes,0.8,0.5355555555555556,0.6580645161290323,Yes
821,W0822,2021-06-19,Townsville,0.5439330543933056,0.6666666666666665,0.352112676056338,0.8281938325991189,0.5071428571428571,NW,0.3194444444444444,NW,WSW,0.2037037037037037,0.14035087719298245,0.037037037037037035,0.2407407407407407,0.8653295128939824,0.4885714285714293,0.5,0.375,0.6547619047619047,0.606060606060606,No,1.0,0.7466666666666667,0.39999999999999997,No
822,W0823,2020-10-09,Sydney,0.2677824267782427,0.49494949494949486,0.1971830985915493,0.8590308370044053,0.4214285714285715,N,0.3194444444444444,NE,ENE,0.2037037037037037,0.5438596491228069,0.18518518518518517,0.5462962962962963,0.561604584527224,0.9171428571428564,0.125,0.5,0.4761904761904761,0.32323232323232315,No,0.9,0.2466666666666667,0.3548387096774193,No
823,W0824,2020-04-20,Canberra,0.14644351464435146,0.5207812531756193,0.4225352112676056,0.762114537444934,0.22142857142857142,SE,0.40645604395604396,E,W,0.5555555555555556,0.2982456140350877,0.765432098765432,0.9351851851851851,0.10601719197707737,0.27142857142857224,1.0,0.375,0.19047619047619047,0.14478114478114473,No,0.9,0.5555555555555556,0.09999999999999999,Yes
824,W0825,2017-11-13,Brisbane,0.6527196652719667,0.6801346801346799,0.22535211267605634,0.894273127753304,0.8928571428571428,N,0.5694444444444444,N,NW,0.35185185185185186,0.15789473684210525,0.09876543209876543,0.34259259259259256,0.49856733524355334,0.8742857142857154,0.25,0.625,0.726190476190476,0.5622895622895623,No,0.1,0.35555555555555557,0.5161290322580645,No
825,W0826,2021-03-27,Cairns,0.7322175732217575,0.6026936026936027,0.2535211267605634,0.3744493392070485,0.6357142857142857,ESE,0.38888888888888884,SSE,ENE,0.35185185185185186,0.017543859649122806,0.35802469135802467,0.39814814814814814,0.6848137535816647,0.7399999999999984,0.625,0.625,0.6984126984126984,0.5824915824915824,No,0.5000000000000001,0.6866666666666666,0.567741935483871,No
826,W0827,2018-03-18,Hobart,0.14644351464435146,0.28619528619528617,0.7042253521126761,0.3524229074889868,0.5499999999999999,SSE,0.29166666666666663,NNW,NE,0.5555555555555556,0.14035087719298245,0.35802469135802467,0.45370370370370366,0.8280802292263623,0.8714285714285701,0.0,0.625,0.10714285714285715,0.17845117845117842,No,1.0,0.9466666666666668,0.2161290322580645,No
827,W0828,2015-08-09,Wollongong,0.8870292887029292,0.0,0.49295774647887325,0.6607929515418502,0.6071428571428571,SE,0.40277777777777773,NE,S,0.31481481481481477,0.10526315789473684,0.4074074074074074,0.2222222222222222,0.8681948424068793,0.8885714285714279,0.5,0.125,0.484126984126984,0.35353535353535354,No,0.30000000000000004,0.004444444444444445,0.28387096774193543,No
828,W0829,2015-09-29,Perth,0.5690376569037658,0.5488215488215489,0.4225352112676056,0.4669603524229075,0.4357142857142856,WNW,0.8888888888888888,W,ESE,0.31481481481481477,0.7017543859649122,0.6172839506172838,0.9537037037037036,0.4899713467048734,0.45714285714285907,0.625,0.625,0.5198412698412698,0.5185185185185184,Yes,0.4,0.32888888888888895,0.6774193548387097,Yes
829,W0830,2018-01-05,Townsville,0.6610878661087867,0.872053872053872,0.352112676056338,0.9559471365638768,0.34285714285714286,SSW,0.7916666666666666,E,NNW,0.8148148148148148,0.2631578947368421,0.5925925925925926,0.8981481481481481,0.47851002865329306,0.2142857142857153,0.75,0.5,0.6785714285714286,0.9191919191919193,No,0.8,0.8733333333333333,0.7548387096774194,Yes
830,W0831,12/05/2017,Wollongong,0.5062761506276152,0.3265993265993266,0.38028169014084506,0.6343612334801763,0.7428571428571428,WSW,0.5555555555555556,NE,NE,0.09259259259259259,0.19298245614035087,0.24691358024691362,0.34259259259259256,0.4441260744985698,0.6257142857142846,0.0,0.375,0.496031746031746,0.3569023569023568,Yes,0.7000000000000001,0.09999999999999999,0.6483870967741935,No
831,W0832,2022-05-28,Brisbane,0.5564853556485356,0.7946127946127945,0.352112676056338,0.643171806167401,0.20714285714285713,N,0.9583333333333333,E,WSW,1.0,0.8771929824561403,0.8888888888888888,0.0,0.4756446991404033,0.4885714285714293,0.75,0.375,0.6944444444444444,0.5791245791245792,Yes,0.5000000000000001,0.32666666666666666,0.7129032258064516,Yes
832,W0833,2017-05-30,Adelaide,0.23430962343096234,0.5016835016835015,0.5070422535211268,0.9559471365638768,0.9142857142857143,ESE,0.5555555555555556,S,NE,0.2037037037037037,0.5789473684210527,0.1728395061728395,0.32407407407407407,0.6066715415974961,0.562857142857144,0.0,0.0,0.3611111111111111,0.32323232323232315,No,0.9,0.7422222222222222,0.3870967741935484,No
833,W0834,2016-01-18,Brisbane,0.6820083682008369,0.5117845117845117,0.3943661971830986,0.748898678414097,0.9857142857142857,WNW,0.38888888888888884,W,NE,0.12962962962962962,0.5438596491228069,0.29629629629629634,0.5185185185185185,0.7306590257879684,0.5742857142857147,0.5,0.25,0.6468253968253967,0.5252525252525251,Yes,0.0,0.29777777777777775,0.6774193548387097,No
834,W0835,2015-07-11,Wollongong,0.3389121338912134,0.3131313131313131,0.352112676056338,0.4405286343612335,0.33571428571428574,W,0.4583333333333333,WSW,WSW,0.5185185185185185,0.3684210526315789,0.6172839506172838,0.8703703703703703,0.2951289398280821,0.19428571428571217,0.875,0.625,0.27777777777777773,0.2828282828282827,Yes,0.5000000000000001,0.8044444444444445,0.4580645161290322,Yes
835,W0836,2017-09-04,Sydney,0.32635983263598334,0.6565656565656566,0.36619718309859156,0.86784140969163,0.8214285714285714,S,0.19444444444444442,ENE,NNW,0.2222222222222222,0.42105263157894735,0.1728395061728395,0.2222222222222222,0.5186246418338136,0.7714285714285722,0.625,0.375,0.6111111111111112,0.5521885521885521,No,0.9,0.9088888888888889,0.35806451612903223,No
836,W0837,2022-08-24,Cairns,0.7866108786610879,0.7306397306397305,0.11267605633802816,0.39647577092511016,0.4357142857142856,NNW,0.5138888888888888,SE,ESE,0.14814814814814814,0.3508771929824561,0.4567901234567901,0.5462962962962963,0.6066715415974961,0.7485714285714309,0.125,0.625,0.8293650793650795,0.7441077441077442,No,0.8,0.7,0.567741935483871,No
837,W0838,2019-11-07,Hobart,0.17573221757322183,0.276094276094276,0.647887323943662,0.4273127753303965,0.9214285714285714,SSE,0.29166666666666663,ENE,E,0.12962962962962962,0.03508771929824561,0.1728395061728395,0.3518518518518518,0.5530085959885405,0.5399999999999991,0.25,0.375,0.18253968253968256,0.3198653198653198,No,0.20000000000000004,0.8844444444444444,0.47066035780893833,No
838,W0839,2019-02-07,Perth,0.3849372384937239,0.6969696969696968,0.16901408450704228,0.5242290748898679,0.6285714285714284,SW,0.4444444444444444,NNW,W,0.37037037037037035,0.5789473684210527,0.30864197530864196,0.49999999999999994,0.4441260744985698,0.8399999999999999,0.25,0.125,0.47222222222222227,0.5016835016835015,No,0.5000000000000001,0.0022222222222222088,0.39677419354838706,No
839,W0840,2018-03-11,Newcastle,0.25941422594142266,0.33670033670033667,0.8309859154929577,0.814977973568282,0.24285714285714283,SSW,0.75,SSE,NNW,0.7037037037037037,0.7017543859649122,0.7037037037037037,0.8981481481481481,0.4383954154727796,0.24857142857143089,0.625,0.875,0.20238095238095238,0.3198653198653198,Yes,0.9,0.1711111111111111,0.17096774193548386,Yes
840,W0841,2018-02-27,Adelaide,0.45188284518828464,0.4915824915824915,0.352112676056338,0.7312775330396477,0.8428571428571429,ENE,0.5416666666666666,SE,SW,0.14814814814814814,0.5087719298245614,0.07407407407407407,0.4907407407407407,0.6066715415974961,0.6400000000000006,0.125,0.125,0.4761904761904761,0.40404040404040403,No,1.0,0.22444444444444445,0.48709677419354835,No
841,W0842,2015-07-23,Canberra,0.25523012552301255,0.38720538720538716,0.6197183098591549,0.7577092511013217,0.4285714285714285,E,0.5138888888888888,ESE,SSE,0.24074074074074073,0.017543859649122806,0.09876543209876543,0.39814814814814814,0.9914040114613201,0.4885714285714293,0.25,0.5,0.22222222222222227,0.27272727272727265,No,0.9,0.8244444444444444,0.47066035780893833,No
842,W0843,2021-12-18,Hobart,0.19246861924686193,0.18855218855218853,0.5352112676056339,0.4008810572687225,0.9357142857142856,NE,0.5972222222222222,WSW,E,0.537037037037037,0.0,0.419753086419753,0.41666666666666663,0.4813753581661899,0.5028571428571453,0.625,0.125,0.26587301587301587,0.23569023569023567,No,0.4,0.40444444444444444,0.47066035780893833,No
843,W0844,2017-09-26,Townsville,0.8158995815899583,0.5387205387205387,0.08450704225352113,0.4757709251101322,0.5642857142857143,WSW,0.4444444444444444,SSW,E,0.35185185185185186,0.5964912280701754,0.2839506172839506,0.25,0.8452722063037221,0.4485714285714302,0.25,0.375,0.7777777777777777,0.5488215488215489,Yes,1.0,0.3155555555555556,0.7193548387096774,No
844,W0845,2019-12-15,Cairns,0.6778242677824269,0.6464646464646464,0.3943661971830986,0.5814977973568283,0.5888157894736842,NE,0.40645604395604396,N,SE,0.2777777777777778,0.5263157894736842,0.4444444444444445,0.6018518518518519,0.5272206303724936,0.22000000000000242,0.875,0.625,0.6746031746031744,0.6666666666666667,Yes,0.9,0.2733333333333334,0.7032258064516129,Yes
845,W0846,2021-10-28,Melbourne,0.3807531380753138,0.35353535353535354,0.40845070422535207,0.3612334801762115,0.8142857142857143,NNW,0.16666666666666666,NNE,NE,0.1111111111111111,0.5087719298245614,0.12345679012345678,0.48148148148148145,0.9713467048710598,0.845714285714287,0.0,0.25,0.3531746031746031,0.34343434343434337,No,0.9,0.96,0.29032258064516125,No
846,W0847,2022-01-26,Wollongong,0.5146443514644352,0.4478114478114478,0.323943661971831,0.4008810572687225,0.44999999999999996,NE,0.3333333333333333,N,ESE,0.5555555555555556,0.017543859649122806,0.5308641975308641,0.5648148148148148,0.5873925501432673,0.951428571428572,0.375,0.375,0.5158730158730158,0.4141414141414141,No,1.0,0.4444444444444445,0.6,No
847,W0848,2019-07-01,Canberra,0.25523012552301255,0.14814814814814808,0.5070422535211268,0.8370044052863437,0.37857142857142856,NE,0.25,W,WNW,0.31481481481481477,0.07017543859649122,0.38271604938271603,0.4722222222222222,0.7020057306590282,0.9457142857142848,0.5,0.5,0.20634920634920634,0.14478114478114473,Yes,0.4,0.7533333333333333,0.29032258064516125,No
848,W0849,2020-03-17,Hobart,0.23012552301255235,0.46127946127946123,0.647887323943662,0.6607929515418502,0.757142857142857,SSW,0.15277777777777776,ENE,SE,0.37037037037037035,0.19298245614035087,0.29629629629629634,0.5833333333333333,0.6676217765042978,0.49142857142857466,0.0,0.5,0.2738095238095238,0.505050505050505,No,0.7000000000000001,0.8533333333333333,0.4258064516129032,No
849,W0850,2016-07-20,Perth,0.47698744769874485,0.6969696969696968,0.14084507042253522,0.3392070484581498,0.8214285714285714,SW,0.20833333333333331,NNW,WSW,0.5555555555555556,0.5087719298245614,0.0,0.4722222222222222,0.4670487106017198,0.6157142857142865,0.0,0.0,0.5119047619047619,0.734006734006734,No,1.0,0.16222222222222227,0.3548387096774193,No
850,W0851,2015-11-05,Hobart,0.25104602510460255,0.3771043771043771,0.3098591549295775,0.8810572687224671,0.40714285714285714,W,0.5972222222222222,S,WSW,0.12962962962962962,0.43859649122807015,0.1728395061728395,0.4259259259259259,0.6303724928366776,0.879999999999999,0.0,0.25,0.2619047619047619,0.3063973063973063,No,0.6000000000000001,0.5377777777777777,0.19999999999999998,No
851,W0852,2018-12-09,Wollongong,0.25104602510460255,0.4781144781144781,0.11267605633802816,0.35682819383259917,0.5714285714285714,WNW,0.4444444444444444,ENE,N,0.0,0.3157894736842105,0.2345679012345679,0.6481481481481481,0.6991404011461313,0.9342857142857177,0.5,0.125,0.3055555555555555,0.3131313131313131,No,0.4,0.07333333333333335,0.16774193548387098,No
852,W0853,2020-04-26,Wollongong,0.48117154811715485,0.35353535353535354,0.04225352112676057,0.5330396475770925,0.9928571428571428,ESE,0.25,WNW,W,0.18518518518518517,0.10526315789473684,0.20987654320987653,0.2407407407407407,0.8051575931232122,0.620000000000001,0.375,0.25,0.47222222222222227,0.32996632996632996,No,0.1,0.9044444444444446,0.3677419354838709,No
853,W0854,09/09/2018,Townsville,0.594142259414226,0.7407407407407405,0.5352112676056339,0.6607929515418502,0.9714285714285713,SW,0.3194444444444444,WNW,S,0.4444444444444444,0.47368421052631576,0.20987654320987653,0.6481481481481481,0.9885386819484232,0.6157142857142865,0.375,0.375,0.7142857142857142,0.7811447811447811,No,0.6000000000000001,0.8600000000000001,0.7225806451612903,No
854,W0855,2021-01-10,Darwin,0.7824267782426779,0.8215488215488216,0.056338028169014086,0.5506607929515419,0.8642857142857142,NW,0.09722222222222221,NNE,NW,0.4074074074074074,0.03508771929824561,0.3209876543209876,0.3055555555555555,0.5787965616045838,0.6571428571428584,0.25,0.25,0.7301587301587302,0.7272727272727273,Yes,0.30000000000000004,0.39333333333333337,0.6580645161290323,No
855,W0856,2017-01-05,Cairns,0.7573221757322177,0.6127946127946127,0.5915492957746479,0.7709251101321587,0.8285714285714285,S,0.2361111111111111,W,SE,0.018518518518518517,0.3333333333333333,0.48148148148148145,0.5833333333333333,0.5702005730659039,0.48571428571428754,0.375,0.25,0.7936507936507935,0.6161616161616161,No,0.7000000000000001,0.6577777777777778,0.8032258064516129,No
856,W0857,2020-01-04,Perth,0.5104602510460252,0.5757575757575757,0.5492957746478873,0.5110132158590308,0.9857142857142857,NW,0.5416666666666666,WSW,NW,0.5,0.22807017543859648,0.419753086419753,0.4907407407407407,0.9828080229226401,0.71142857142857,0.5,0.0,0.5595238095238095,0.5185185185185184,No,0.8,0.9888888888888889,0.45161290322580644,No
857,W0858,2018-03-14,Newcastle,0.46443514644351463,0.3131313131313131,0.2112676056338028,0.6607929515418502,0.7499999999999999,ESE,0.4444444444444444,N,NNW,0.2777777777777778,0.17543859649122806,0.1111111111111111,0.5648148148148148,0.6066715415974961,0.9942857142857129,0.625,0.625,0.4523809523809524,0.34680134680134683,No,0.30000000000000004,0.09777777777777778,0.6129032258064516,No
858,W0859,2018-05-16,Cairns,0.6903765690376571,0.5207812531756193,0.5070422535211268,0.5991189427312775,0.5142857142857142,NE,0.1111111111111111,ENE,SSW,0.537037037037037,0.3157894736842105,0.4074074074074074,0.6296296296296295,0.5186246418338136,0.7314285714285731,0.625,0.25,0.7579365079365079,0.734006734006734,No,0.7000000000000001,0.9822222222222223,0.6967741935483871,No
859,W0860,2022-04-13,Sydney,0.393305439330544,0.5252525252525251,0.4225352112676056,0.9911894273127755,0.22142857142857142,NNE,0.6944444444444444,NW,NW,0.537037037037037,0.5964912280701754,0.9012345679012346,0.5833333333333333,0.561604584527224,0.4400000000000013,0.875,0.75,0.36507936507936506,0.48148148148148145,Yes,0.1,0.7488888888888889,0.47096774193548385,Yes
860,W0861,2016-07-31,Sydney,0.5188284518828452,0.33670033670033667,0.4225352112676056,0.3612334801762115,0.3071428571428571,NW,0.5,NNW,N,0.3333333333333333,0.5614035087719298,0.4444444444444445,0.6574074074074073,0.4412607449856729,0.22857142857142776,0.5,0.375,0.4682539682539682,0.34343434343434337,Yes,0.6000000000000001,0.3133333333333334,0.47066035780893833,Yes
861,W0862,2021-08-29,Canberra,0.23012552301255235,0.1548821548821549,0.43661971830985913,0.7048458149779737,0.6857142857142856,ESE,0.4444444444444444,SSE,WSW,0.07407407407407407,0.2807017543859649,0.4691358024691357,0.23148148148148145,0.6131805157593142,0.808571428571426,0.375,0.625,0.20634920634920634,0.2053872053872054,No,0.9,0.08666666666666668,0.4451612903225806,No
862,W0863,2017-07-22,Townsville,0.6820083682008369,0.7474747474747474,0.352112676056338,0.3656387665198238,0.3285714285714285,SSE,0.7222222222222222,SE,NW,0.537037037037037,0.2982456140350877,0.765432098765432,0.824074074074074,0.10601719197707737,0.6157142857142865,1.0,0.875,0.6428571428571428,0.7912457912457911,Yes,0.30000000000000004,0.6933333333333334,0.6838709677419355,Yes
863,W0864,2015-06-10,Brisbane,0.6443514644351465,0.5252525252525251,0.028169014084507046,0.762114537444934,0.47857142857142854,W,0.1388888888888889,NNE,WNW,0.09259259259259259,0.10526315789473684,0.24691358024691362,0.6296296296296295,0.5902578796561642,0.6885714285714286,0.375,0.125,0.6111111111111112,0.47474747474747464,No,0.30000000000000004,0.68,0.49999999999999994,No
864,W0865,2021-07-10,Brisbane,0.6359832635983265,0.6228956228956228,0.6901408450704225,0.6607929515418502,0.5888157894736842,S,0.2777777777777778,WNW,NNW,0.07407407407407407,0.3684210526315789,0.34567901234567905,0.6296296296296295,0.9426934097421231,0.9971428571428618,0.625,0.375,0.7420634920634919,0.5454545454545454,No,0.4,0.026666666666666658,0.6290322580645161,No
865,W0866,2016-07-15,Newcastle,0.3305439330543934,0.4983164983164983,0.1971830985915493,0.7929515418502203,0.7499999999999999,NE,0.40277777777777773,ENE,SSW,0.4444444444444444,0.2982456140350877,0.43209876543209874,0.27777777777777773,0.8767908309455628,0.8657142857142865,0.625,0.25,0.503968253968254,0.38047138047138046,No,0.1,0.028888888888888895,0.4064516129032258,No
866,W0867,2019-06-04,Newcastle,0.43096234309623443,0.3063973063973063,0.16901408450704228,0.3436123348017621,0.8142857142857143,W,0.38888888888888884,E,N,0.1111111111111111,0.49122807017543857,0.38271604938271603,0.37037037037037035,0.6590257879656178,0.7171428571428571,0.625,0.0,0.36507936507936506,0.3063973063973063,No,0.1,0.6311111111111111,0.5806451612903226,No
867,W0868,2015-06-17,Darwin,0.9539748953974896,0.6599326599326598,0.323943661971831,0.6607929515418502,0.3285714285714285,NNW,0.9583333333333333,W,WNW,0.3333333333333333,0.6140350877192982,0.6296296296296295,0.8703703703703703,0.3954154727793693,0.38285714285714434,0.75,0.5,0.9087301587301588,0.6902356902356903,No,0.4,0.08,0.8774193548387097,Yes
868,W0869,2021-09-06,Hobart,0.2677824267782427,0.09764309764309759,0.4507042253521127,0.5110132158590308,0.907142857142857,S,0.09722222222222221,NW,N,0.0,0.22807017543859648,0.5061728395061729,0.21296296296296297,0.8166189111747855,0.5885714285714307,0.375,0.625,0.22222222222222227,0.13804713804713803,No,0.5000000000000001,0.7488888888888889,0.47066035780893833,No
869,W0870,2017-11-29,Newcastle,0.401673640167364,0.3771043771043771,0.4436619718309859,0.9074889867841411,0.7285714285714284,WNW,0.4444444444444444,NNE,NE,0.25925925925925924,0.0,0.5308641975308641,0.18518518518518517,0.4813753581661899,0.5942857142857143,0.5,0.375,0.3769841269841269,0.3501683501683501,No,0.4,0.12444444444444443,0.5387096774193548,No
870,W0871,2021-05-15,Darwin,0.8619246861924688,0.6464646464646464,0.38028169014084506,0.6607929515418502,0.24999999999999997,S,0.4444444444444444,NE,NW,0.5185185185185185,0.3684210526315789,0.7160493827160492,0.6388888888888888,0.36676217765042907,0.6157142857142865,0.875,0.875,0.7896825396825398,0.6666666666666667,Yes,0.9,0.08444444444444445,0.8741935483870967,Yes
871,W0872,2015-03-13,Adelaide,0.25104602510460255,0.6161616161616161,0.028169014084507046,0.8898678414096917,0.5785714285714285,S,0.40277777777777773,SW,SW,0.14814814814814814,0.3684210526315789,0.1111111111111111,0.5740740740740741,0.7020057306590282,0.4885714285714293,0.375,0.125,0.23809523809523803,0.36700336700336694,No,0.1,0.9333333333333333,0.4387096774193548,No
872,W0873,2017-04-25,Adelaide,0.27196652719665276,0.34006734006734,0.2394366197183099,0.6475770925110133,0.7142857142857142,N,0.40277777777777773,NW,NNE,0.037037037037037035,0.08771929824561403,0.4444444444444445,0.36111111111111105,0.8194842406876823,0.725714285714286,0.125,0.5,0.23412698412698407,0.3771043771043771,No,0.7000000000000001,0.5377777777777777,0.35806451612903223,No
873,W0874,2015-02-18,Darwin,0.7154811715481173,0.7878787878787878,0.22535211267605634,0.44493392070484583,0.6357142857142857,ENE,0.5972222222222222,NE,E,0.037037037037037035,0.3157894736842105,0.012345679012345678,0.6296296296296295,0.6848137535816647,0.6942857142857122,0.0,0.125,0.6666666666666667,0.7373737373737372,No,0.6000000000000001,0.08666666666666668,0.6580645161290323,No
874,W0875,2019-01-26,Cairns,0.6485355648535567,0.7508417508417509,0.6338028169014085,0.841409691629956,0.5888157894736842,NE,0.4722222222222222,ENE,NW,0.537037037037037,0.5263157894736842,0.8518518518518516,0.9074074074074073,0.051575931232090255,0.034285714285715585,0.875,0.875,0.6468253968253967,0.7205387205387206,Yes,0.0,0.731111111111111,0.5419354838709678,Yes
875,W0876,15/03/2022,Newcastle,0.4100418410041842,0.5959595959595958,0.7887323943661972,0.7048458149779737,0.2928571428571428,SE,0.40645604395604396,WSW,W,0.3333333333333333,0.5789473684210527,0.5925925925925926,0.8981481481481481,0.02005730659025673,0.4171428571428599,0.875,0.875,0.6150793650793651,0.4141414141414141,Yes,0.30000000000000004,0.9466666666666668,0.44838709677419347,Yes
876,W0877,2020-03-13,Canberra,0.2008368200836821,0.41077441077441074,0.6197183098591549,0.38325991189427316,0.5499999999999999,WSW,0.16666666666666666,WSW,NNE,0.07407407407407407,0.21052631578947367,0.13580246913580246,0.4259259259259259,0.4756446991404033,0.9742857142857133,0.25,0.5,0.3174603174603174,0.4208754208754209,No,0.1,0.48000000000000004,0.42903225806451606,No
877,W0878,2022-04-09,Townsville,0.7405857740585775,0.7575757575757573,0.07042253521126762,0.8898678414096917,0.3857142857142857,WNW,0.5694444444444444,ENE,W,0.0,0.07017543859649122,0.5185185185185184,0.3055555555555555,0.47277936962751,0.47714285714285865,0.625,0.375,0.6904761904761905,0.6498316498316499,No,0.8,0.7755555555555556,0.632258064516129,No
878,W0879,2015-11-23,Darwin,0.8995815899581592,0.9595959595959593,0.6338028169014085,0.6607929515418502,0.6285714285714284,SE,0.4722222222222222,SSE,E,0.0,0.22807017543859648,0.5061728395061729,0.0,0.49856733524355334,0.8342857142857163,0.125,0.0,0.9285714285714286,0.8114478114478114,No,0.20000000000000004,0.13777777777777778,0.832258064516129,No
879,W0880,2017-12-02,Melbourne,0.4058577405857741,0.5207812531756193,0.6901408450704225,0.5418502202643172,0.8285714285714285,N,0.375,SSE,S,0.14814814814814814,0.5438596491228069,0.14814814814814814,0.5740740740740741,0.5501432664756436,0.6514285714285712,0.125,0.625,0.496031746031746,0.3636363636363636,No,0.8,0.23555555555555557,0.3709677419354839,No
880,W0881,2018-01-19,Canberra,0.3096234309623431,0.18855218855218853,0.4225352112676056,0.6387665198237886,0.48571428571428565,NW,0.40645604395604396,SW,SSW,0.3333333333333333,1.0,0.48148148148148145,0.6388888888888888,0.16905444126074443,0.23999999999999844,0.75,1.0,0.33730158730158727,0.2053872053872054,Yes,0.4,0.19111111111111112,0.24516129032258063,Yes
881,W0882,2016-07-22,Canberra,0.12970711297071136,0.175084175084175,0.09859154929577466,0.42290748898678415,0.5888157894736842,S,0.16666666666666666,SW,WNW,0.48148148148148145,0.45614035087719296,0.14814814814814814,0.5740740740740741,0.4871060171919801,0.4628571428571462,0.0,0.5,0.2182539682539682,0.17845117845117842,No,0.1,0.7911111111111111,0.30967741935483867,No
882,W0883,2022-10-06,Brisbane,0.5774058577405858,0.7946127946127945,0.2676056338028169,0.8105726872246697,0.9357142857142856,ESE,0.375,SSW,NW,0.37037037037037035,0.2807017543859649,0.30864197530864196,0.3055555555555555,0.9025787965616026,0.7771428571428594,0.125,0.25,0.734126984126984,0.797979797979798,Yes,0.5000000000000001,0.037777777777777785,0.4387096774193548,No
883,W0884,2018-02-11,Canberra,0.11297071129707115,0.19865319865319858,0.647887323943662,0.43171806167400884,0.6142857142857142,SE,0.0,N,S,0.48148148148148145,0.14035087719298245,0.12345679012345678,0.28703703703703703,0.46991404011461313,0.8628571428571448,0.375,0.5,0.24603174603174605,0.101010101010101,Yes,1.0,0.8711111111111112,0.24838709677419354,No
884,W0885,2019-03-05,Sydney,0.2677824267782427,0.49494949494949486,0.4225352112676056,0.7444933920704846,0.657142857142857,ESE,0.38888888888888884,ENE,SW,0.2037037037037037,0.0,0.38271604938271603,0.4444444444444444,0.8595988538681922,0.8342857142857163,0.0,0.0,0.35714285714285704,0.34006734006734,No,0.8,0.951111111111111,0.42903225806451606,No
885,W0886,2020-06-22,Adelaide,0.3012552301255231,0.29629629629629634,0.7183098591549296,0.5286343612334802,0.3857142857142857,SSW,0.15277777777777776,NW,ESE,0.37037037037037035,0.5438596491228069,0.09876543209876543,0.6388888888888888,0.5472779369627538,0.5114285714285707,0.375,0.625,0.25,0.2188552188552188,No,0.4,0.9288888888888889,0.24516129032258063,No
886,W0887,2021-07-16,Townsville,0.7364016736401675,0.5589225589225588,0.352112676056338,0.6607929515418502,0.5888157894736842,E,0.5416666666666666,SW,SSW,0.16666666666666666,0.47368421052631576,0.24691358024691362,0.537037037037037,0.5673352435530106,0.6157142857142865,0.25,0.375,0.6706349206349207,0.531986531986532,No,0.30000000000000004,0.731111111111111,0.8129032258064516,No
887,W0888,2021-06-14,Perth,0.46443514644351463,0.40404040404040403,0.40845070422535207,0.6828193832599119,0.8071428571428572,WNW,0.3611111111111111,ESE,NNW,0.35185185185185186,0.5438596491228069,0.38271604938271603,0.4722222222222222,0.5644699140401137,0.5685714285714276,0.0,0.625,0.47222222222222227,0.36700336700336694,No,0.4,0.5244444444444445,0.4774193548387096,No
888,W0889,2018-03-14,Melbourne,0.16317991631799167,0.5151515151515151,0.3380281690140845,0.709251101321586,0.6357142857142857,WNW,0.09722222222222221,N,NNW,0.31481481481481477,0.45614035087719296,0.1975308641975309,0.19444444444444442,0.7936962750716319,0.5428571428571445,0.375,0.125,0.34126984126984133,0.4478114478114478,No,0.8,0.09333333333333331,0.2161290322580645,No
889,W0890,2018-06-01,Melbourne,0.3305439330543934,0.43097643097643096,0.08450704225352113,0.894273127753304,0.6642857142857143,NE,0.4583333333333333,NNW,SE,0.25925925925925924,0.15789473684210525,0.4074074074074074,0.41666666666666663,0.6389684813753576,0.7628571428571433,0.0,0.25,0.27777777777777773,0.36700336700336694,No,0.4,0.7133333333333334,0.29354838709677417,No
890,W0891,2015-05-08,Cairns,0.6317991631799165,0.6969696969696968,0.5211267605633803,0.5110132158590308,0.5285714285714286,S,0.2638888888888889,NW,E,0.12962962962962962,0.2982456140350877,0.24691358024691362,0.2222222222222222,0.9426934097421231,0.5571428571428569,0.5,0.375,0.6904761904761905,0.6026936026936025,Yes,0.0,0.8088888888888889,0.5419354838709678,No
891,W0892,2022-11-25,Darwin,0.9414225941422596,0.8316498316498315,0.2112676056338028,0.39647577092511016,0.4928571428571429,NNE,0.4583333333333333,NE,NW,0.14814814814814814,0.17543859649122806,0.20987654320987653,0.39814814814814814,0.5128939828080235,0.9542857142857173,0.125,0.0,0.9206349206349205,0.771043771043771,Yes,0.0,0.5244444444444445,0.7129032258064516,No
892,W0893,2018-12-15,Darwin,0.7489539748953975,0.6599326599326598,0.5070422535211268,0.6607929515418502,0.9714285714285713,SSE,0.16666666666666666,WSW,SSE,0.16666666666666666,0.12280701754385964,0.34567901234567905,0.39814814814814814,0.6066715415974961,0.6885714285714286,0.25,0.375,0.7936507936507935,0.6464646464646464,Yes,0.6000000000000001,0.16666666666666669,0.47066035780893833,No
893,W0894,2015-05-28,Brisbane,0.6903765690376571,0.6026936026936027,0.3380281690140845,0.841409691629956,0.6714285714285714,NE,0.3055555555555555,NE,NW,0.1111111111111111,0.5087719298245614,0.5432098765432098,0.4907407407407407,0.6066715415974961,0.8371428571428545,0.125,0.125,0.726190476190476,0.5656565656565657,No,0.6000000000000001,0.7266666666666667,0.5193548387096774,No
894,W0895,2021-07-10,Canberra,0.2259414225941423,0.3771043771043771,0.647887323943662,0.6475770925110133,0.5928571428571427,N,0.5833333333333333,E,ENE,0.14814814814814814,0.21052631578947367,0.4938271604938272,0.39814814814814814,0.6066715415974961,0.7200000000000024,0.5,0.375,0.23809523809523803,0.30303030303030304,Yes,0.6000000000000001,0.048888888888888885,0.38064516129032255,No
895,W0896,2018-11-15,Sydney,0.3640167364016737,0.39730639730639733,0.4225352112676056,0.6563876651982379,0.37857142857142856,ESE,0.7916666666666666,WNW,NNE,0.7222222222222222,0.3684210526315789,0.7160493827160492,0.7777777777777777,0.2578796561604584,0.17999999999999972,0.5,0.875,0.42063492063492064,0.37373737373737365,No,0.9,0.6444444444444444,0.47066035780893833,Yes
896,W0897,2021-06-17,Adelaide,0.4142259414225942,0.32323232323232315,0.43661971830985913,0.44493392070484583,0.8714285714285713,NE,0.1111111111111111,NE,NNW,0.31481481481481477,0.5263157894736842,0.22222222222222215,0.23148148148148145,0.8911174785100329,0.6971428571428575,0.5,0.125,0.4126984126984126,0.36026936026936024,No,0.7000000000000001,0.7911111111111111,0.47066035780893833,No
897,W0898,2015-03-10,Townsville,0.7154811715481173,0.606060606060606,0.352112676056338,0.73568281938326,0.3,S,0.6805555555555555,SSW,WNW,0.4074074074074074,0.2631578947368421,0.5555555555555556,0.5648148148148148,0.5042979942693435,0.3857142857142861,0.875,0.625,0.6666666666666667,0.5488215488215489,Yes,0.7000000000000001,0.7333333333333333,0.6741935483870968,Yes
898,W0899,2020-01-24,Adelaide,0.43933054393305443,0.5286195286195285,0.04225352112676057,0.6740088105726872,0.9357142857142856,NNE,0.40277777777777773,E,NW,0.42592592592592593,0.10526315789473684,0.1728395061728395,0.3518518518518518,0.6045845272206343,0.9142857142857146,0.625,0.375,0.5793650793650793,0.5622895622895623,No,0.7000000000000001,0.2511111111111112,0.5774193548387097,No
899,W0900,2017-10-06,Brisbane,0.6234309623430963,0.6094276094276094,0.04225352112676057,0.947136563876652,0.9357142857142856,NE,0.375,WSW,W,0.537037037037037,0.5263157894736842,0.9753086419753085,0.37037037037037035,0.5587392550143271,0.71142857142857,0.375,0.625,0.7063492063492063,0.606060606060606,No,0.30000000000000004,0.3155555555555556,0.6580645161290323,No
900,W0901,2015-03-17,Townsville,0.6401673640167365,0.7373737373737375,0.352112676056338,0.6651982378854626,0.17142857142857143,SSW,0.9166666666666666,W,SSW,0.5925925925925926,0.3684210526315789,0.5432098765432098,0.861111111111111,0.1776504297994279,0.4057142857142857,0.75,0.875,0.6904761904761905,0.5858585858585859,Yes,0.1,0.5533333333333332,0.6967741935483871,Yes
901,W0902,2015-10-18,Sydney,0.4225941422594142,0.45454545454545453,0.22535211267605634,0.5770925110132159,0.6857142857142856,SW,0.5416666666666666,N,ESE,0.2037037037037037,0.45614035087719296,0.4938271604938272,0.21296296296296297,0.4670487106017198,0.6157142857142865,0.125,0.125,0.484126984126984,0.4343434343434343,No,1.0,0.30000000000000004,0.3870967741935484,No
902,W0903,2021-09-25,Darwin,0.7907949790794979,0.632996632996633,0.3380281690140845,0.35682819383259917,0.4714285714285714,WNW,0.4305555555555555,ENE,S,0.16666666666666666,0.19298245614035087,0.07407407407407407,0.5648148148148148,0.6332378223495709,0.6000000000000014,0.5,0.375,0.8055555555555556,0.6195286195286194,No,0.4,0.8755555555555555,0.7612903225806451,No
903,W0904,2018-01-30,Melbourne,0.17991631799163188,0.441077441077441,0.09859154929577466,0.49779735682819387,0.557142857142857,WNW,0.375,SSW,ENE,0.24074074074074073,0.14035087719298245,0.024691358024691357,0.4907407407407407,0.8108882521489988,0.6157142857142865,0.0,0.125,0.20238095238095238,0.39393939393939387,No,0.20000000000000004,0.44,0.22903225806451613,No
904,W0905,2020-03-10,Wollongong,0.3012552301255231,0.5555555555555556,0.5633802816901409,0.48017621145374456,0.4714285714285714,SE,0.09722222222222221,NNE,ESE,0.037037037037037035,0.5438596491228069,0.07407407407407407,0.3055555555555555,0.7077363896848148,0.8057142857142878,0.625,0.125,0.5277777777777777,0.35353535353535354,Yes,0.4,0.5622222222222222,0.3548387096774193,No
905,W0906,2016-12-02,Perth,0.44769874476987453,0.5757575757575757,0.4225352112676056,0.40969162995594716,0.44285714285714284,SSE,0.40645604395604396,S,NNE,0.42592592592592593,0.42105263157894735,0.8395061728395061,0.7962962962962963,0.1346704871060176,0.38285714285714434,1.0,0.5,0.623015873015873,0.441077441077441,No,0.6000000000000001,0.6311111111111111,0.6193548387096774,Yes
906,W0907,2016-06-30,Canberra,0.3096234309623431,0.33670033670033667,0.323943661971831,0.7797356828193833,0.9285714285714285,WNW,0.4722222222222222,NW,SE,0.2222222222222222,0.5789473684210527,0.1111111111111111,0.3333333333333333,0.6045845272206343,0.4342857142857177,0.125,0.5,0.27777777777777773,0.3198653198653198,No,1.0,0.8133333333333334,0.27741935483870966,No
907,W0908,2022-09-28,Newcastle,0.3556485355648536,0.32996632996632996,0.3098591549295775,0.6563876651982379,0.8642857142857142,SSW,0.38888888888888884,SSE,NE,0.16666666666666666,0.22807017543859648,0.3209876543209876,0.5277777777777778,0.5243553008596002,0.6457142857142877,0.0,0.125,0.3968253968253968,0.32996632996632996,Yes,0.30000000000000004,0.7622222222222221,0.5548387096774193,No
908,W0909,2021-05-22,Cairns,0.7698744769874477,0.7845117845117844,0.29577464788732394,0.49339207048458156,0.5857142857142856,N,0.5694444444444444,ENE,SSE,0.37037037037037035,0.2982456140350877,0.5061728395061729,0.5555555555555555,0.8624641833810927,0.8257142857142838,0.125,0.25,0.7420634920634919,0.7609427609427608,No,0.4,0.4511111111111112,0.8483870967741935,No
909,W0910,2020-05-17,Canberra,0.2887029288702929,0.48148148148148145,0.08450704225352113,0.5770925110132159,0.5499999999999999,WNW,0.611111111111111,ESE,E,0.25925925925925924,0.24561403508771928,0.4938271604938272,0.21296296296296297,0.4871060171919801,0.6157142857142865,0.125,0.25,0.4047619047619047,0.505050505050505,No,0.20000000000000004,0.5311111111111111,0.39677419354838706,No
910,W0911,2022-03-19,Newcastle,0.2887029288702929,0.632996632996633,0.5211267605633803,0.6607929515418502,0.6214285714285713,WNW,0.4305555555555555,SSW,NW,0.24074074074074073,0.15789473684210525,0.419753086419753,0.6018518518518519,0.5673352435530106,0.9485714285714302,0.625,0.375,0.4404761904761905,0.4848484848484848,No,0.30000000000000004,0.4088888888888889,0.43548387096774194,No
911,W0912,2020-03-25,Brisbane,0.43096234309623443,0.5252525252525251,0.16901408450704228,0.6607929515418502,0.3642857142857142,W,0.38888888888888884,NNE,SSE,0.09259259259259259,0.10526315789473684,0.5555555555555556,0.4074074074074074,0.7048710601719215,0.6157142857142865,0.0,0.625,0.5277777777777777,0.48821548821548816,No,0.7000000000000001,0.34,0.364516129032258,No
912,W0913,2017-09-03,Wollongong,0.46025104602510464,0.5207812531756193,0.3380281690140845,0.7665198237885462,0.4214285714285715,NNE,0.20833333333333331,NW,NNE,0.0,0.3157894736842105,0.5308641975308641,0.4444444444444444,0.5386819484240704,0.9142857142857146,0.0,0.0,0.45634920634920634,0.3501683501683501,No,0.5000000000000001,0.7177777777777777,0.48064516129032253,No
913,W0914,2018-04-16,Perth,0.3640167364016737,0.5207812531756193,0.3098591549295775,0.6035242290748899,0.6714285714285714,WSW,0.2638888888888889,E,S,0.4444444444444444,0.21052631578947367,0.38271604938271603,0.25925925925925924,0.8853868194842427,0.4800000000000004,0.125,0.125,0.503968253968254,0.3771043771043771,Yes,0.1,0.5577777777777778,0.5129032258064516,No
914,W0915,2017-07-19,Brisbane,0.6192468619246863,0.6936026936026936,0.5915492957746479,0.42290748898678415,0.8714285714285713,WNW,0.5833333333333333,ESE,WNW,0.2962962962962963,0.38596491228070173,0.4691358024691357,0.3518518518518518,0.5214899713467034,0.7485714285714309,0.125,0.375,0.5595238095238095,0.696969696969697,No,0.8,0.11555555555555554,0.5064516129032258,No
915,W0916,2016-06-06,Newcastle,0.48953974895397495,0.6531986531986531,0.5633802816901409,0.696035242290749,0.7214285714285713,NW,0.5694444444444444,NNE,ENE,0.31481481481481477,0.45614035087719296,0.5308641975308641,0.37037037037037035,0.4355300859598863,0.7514285714285691,0.5,0.375,0.5238095238095237,0.5555555555555556,No,0.8,0.5,0.5580645161290323,No
916,W0917,2016-08-18,Adelaide,0.46025104602510464,0.5151515151515151,0.38732394366197187,0.9867841409691631,0.4714285714285714,ENE,0.3333333333333333,ENE,SSE,0.42592592592592593,0.42105263157894735,0.38271604938271603,0.39814814814814814,0.8681948424068793,0.6157142857142865,0.375,0.5,0.4880952380952381,0.44444444444444436,No,0.4,0.38222222222222224,0.6161290322580645,No
917,W0918,2020-03-26,Wollongong,0.25523012552301255,0.4478114478114478,0.5211267605633803,0.6607929515418502,0.7999999999999998,WNW,0.40645604395604396,WSW,N,0.1111111111111111,0.10526315789473684,0.5308641975308641,0.21296296296296297,0.7335243553008617,0.6942857142857122,0.375,0.625,0.4603174603174603,0.4915824915824915,Yes,0.8,0.58,0.47096774193548385,No
918,W0919,2017-05-26,Newcastle,0.3682008368200838,0.36700336700336694,0.22535211267605634,0.48017621145374456,0.9285714285714285,SSW,0.4444444444444444,NNW,SSW,0.42592592592592593,0.5438596491228069,0.04938271604938271,0.3333333333333333,0.5673352435530106,0.8714285714285701,0.125,0.625,0.4682539682539682,0.30303030303030304,No,1.0,0.4911111111111112,0.47066035780893833,No
919,W0920,2022-04-25,Canberra,0.09623430962343099,0.3636363636363636,0.38028169014084506,0.4273127753303965,0.5888157894736842,NE,0.40645604395604396,NE,SW,0.6666666666666666,0.5614035087719298,0.48148148148148145,0.824074074074074,0.5358166189111735,0.4028571428571439,0.5,0.375,0.11904761904761901,0.2558922558922558,No,1.0,0.6333333333333333,0.054838709677419356,Yes
920,W0921,2020-02-02,Canberra,0.10878661087866115,0.18855218855218853,0.4225352112676056,0.3656387665198238,0.5888157894736842,S,0.40645604395604396,SW,SSE,0.537037037037037,0.2631578947368421,0.6419753086419753,0.9351851851851851,0.561604584527224,0.36285714285714477,0.5,0.375,0.23015873015873017,0.11784511784511781,Yes,0.1,0.29111111111111115,0.18709677419354837,Yes
921,W0922,2017-07-06,Townsville,0.7154811715481173,0.7441077441077439,0.6056338028169015,0.48017621145374456,0.6,NNW,0.5694444444444444,WNW,W,0.018518518518518517,0.15789473684210525,0.3703703703703703,0.18518518518518517,0.6066715415974961,0.6228571428571428,0.375,0.0,0.7777777777777777,0.734006734006734,No,1.0,0.15555555555555556,0.7451612903225806,No
922,W0923,2018-04-15,Newcastle,0.45606694560669464,0.41077441077441074,0.676056338028169,0.7973568281938327,0.5714285714285714,N,0.5694444444444444,NNE,ESE,0.31481481481481477,0.45614035087719296,0.4567901234567901,0.4629629629629629,0.9656160458452732,0.8285714285714292,0.625,0.25,0.42857142857142855,0.40067340067340057,No,0.9,0.6022222222222222,0.49999999999999994,No
923,W0924,2022-12-08,Darwin,0.8242677824267783,0.9663299663299663,0.16901408450704228,0.9823788546255507,0.7285714285714284,ENE,0.5972222222222222,ENE,ENE,0.0,0.22807017543859648,0.27160493827160487,0.6203703703703703,0.7650429799426917,0.7399999999999984,0.125,0.375,0.98015873015873,0.8754208754208752,No,0.8,0.18888888888888888,0.6064516129032259,No
924,W0925,2017-08-10,Darwin,0.7196652719665273,0.6498316498316499,0.22535211267605634,0.6607929515418502,0.8428571428571429,NE,0.40277777777777773,SSW,SSW,0.5185185185185185,0.5614035087719298,0.2345679012345679,0.23148148148148145,0.5501432664756436,0.4800000000000004,0.0,0.0,0.6507936507936509,0.6127946127946127,Yes,1.0,0.26222222222222225,0.47066035780893833,No
925,W0926,2021-03-22,Townsville,0.6569037656903767,0.6666666666666665,0.29577464788732394,0.9030837004405288,0.4357142857142856,E,0.20833333333333331,NE,ESE,0.4444444444444444,0.10526315789473684,0.1975308641975309,0.6296296296296295,0.7908309455587421,0.691428571428574,0.25,0.25,0.7222222222222221,0.6801346801346801,Yes,0.5000000000000001,0.05333333333333333,0.735483870967742,No
926,W0927,2018-12-17,Perth,0.46443514644351463,0.4848484848484848,0.676056338028169,0.49339207048458156,0.6714285714285714,NE,0.1388888888888889,SSW,ENE,0.48148148148148145,0.3508771929824561,0.5432098765432098,0.5185185185185185,0.6131805157593142,0.47142857142857153,0.125,0.25,0.42857142857142855,0.3838383838383838,Yes,0.20000000000000004,0.5155555555555555,0.6064516129032259,No
927,W0928,2015-03-20,Newcastle,0.30543933054393313,0.6531986531986531,0.6338028169014085,0.37885462555066085,0.41428571428571426,WNW,0.16666666666666666,SSW,NE,0.16666666666666666,0.10526315789473684,0.38271604938271603,0.32407407407407407,0.5415472779369637,0.6157142857142865,0.125,0.375,0.5873015873015872,0.4141414141414141,No,0.20000000000000004,0.22888888888888892,0.24193548387096772,No
928,W0929,2022-08-28,Melbourne,0.12970711297071136,0.2121212121212121,0.6056338028169015,0.4537444933920705,0.6714285714285714,NNW,0.5694444444444444,E,SE,0.25925925925925924,0.3508771929824561,0.3333333333333333,0.31481481481481477,0.5587392550143271,1.0,0.25,0.5,0.19047619047619047,0.25925925925925924,No,0.7000000000000001,0.15999999999999998,0.3290322580645161,No
929,W0930,2015-08-25,Wollongong,0.5313807531380754,0.5622895622895623,0.352112676056338,0.6519823788546255,0.07857142857142857,SE,0.40645604395604396,S,S,0.3333333333333333,0.3684210526315789,0.7407407407407407,0.8796296296296295,0.1346704871060176,0.07428571428571473,0.875,1.0,0.5595238095238095,0.606060606060606,No,0.0,0.8111111111111111,0.4451612903225806,Yes
930,W0931,2017-06-08,Darwin,0.7949790794979081,0.7845117845117844,0.12676056338028172,0.6167400881057269,0.6499999999999999,NNE,0.09722222222222221,SE,NW,0.4444444444444444,0.24561403508771928,0.30864197530864196,0.2962962962962963,0.4355300859598863,0.620000000000001,0.125,0.25,0.8571428571428572,0.8148148148148149,No,0.8,0.4955555555555556,0.47066035780893833,No
931,W0932,2016-05-24,Cairns,0.594142259414226,0.6936026936026936,0.3098591549295775,0.9559471365638768,0.9857142857142857,NE,0.625,SW,WSW,0.0,0.5614035087719298,0.5308641975308641,0.39814814814814814,0.6275071633237843,0.7085714285714282,0.25,0.625,0.5992063492063493,0.6666666666666667,No,0.20000000000000004,0.8977777777777778,0.47066035780893833,No
932,W0933,2015-08-03,Cairns,0.7196652719665273,0.9124579124579122,0.3943661971830986,0.7312775330396477,0.5,NNW,0.41666666666666663,WNW,NNE,0.9074074074074073,0.9122807017543859,0.6172839506172838,0.5740740740740741,0.4097421203438394,0.17999999999999972,0.875,0.75,0.8809523809523809,0.7441077441077442,No,0.1,0.2866666666666667,0.6709677419354839,Yes
933,W0934,2015-11-26,Wollongong,0.44769874476987453,0.5286195286195285,0.352112676056338,0.5198237885462555,0.3285714285714285,SSW,0.8472222222222222,WSW,WNW,0.5740740740740741,0.7719298245614035,0.6172839506172838,0.7407407407407407,0.36676217765042907,0.2942857142857136,1.0,0.625,0.5,0.43097643097643096,No,0.4,0.5533333333333332,0.3258064516129032,Yes
934,W0935,2022-09-21,Adelaide,0.6778242677824269,0.1144781144781144,0.2112676056338028,0.38325991189427316,0.8785714285714286,SSW,0.5555555555555556,S,N,0.05555555555555555,0.49122807017543857,0.09876543209876543,0.5925925925925926,0.7134670487106014,0.5457142857142863,0.125,0.5,0.3888888888888889,0.34680134680134683,No,0.4,0.4577777777777778,0.35806451612903223,No
935,W0936,2022-08-21,Darwin,0.6820083682008369,0.9562289562289563,0.647887323943662,0.6255506607929515,0.7785714285714286,WSW,0.3611111111111111,NNE,N,0.42592592592592593,0.0,0.4691358024691357,0.23148148148148145,0.9570200573065932,0.5857142857142854,0.125,0.125,0.9285714285714286,0.9595959595959596,No,0.4,0.039999999999999994,0.7806451612903226,No
936,W0937,2018-03-24,Perth,0.3765690376569038,0.505050505050505,0.49295774647887325,0.8810572687224671,0.5888157894736842,ESE,0.25,NNE,WSW,0.2962962962962963,0.15789473684210525,0.0,0.5462962962962963,0.584527220630374,0.5885714285714307,0.375,0.625,0.3888888888888889,0.3771043771043771,No,0.9,0.1711111111111111,0.5064516129032258,No
937,W0938,2021-09-20,Sydney,0.3723849372384938,0.3501683501683501,0.4225352112676056,0.6563876651982379,0.17857142857142855,NE,0.5972222222222222,ENE,SE,0.8703703703703703,0.5614035087719298,0.6419753086419753,0.6944444444444444,0.2148997134670516,0.12571428571428456,0.625,0.875,0.4325396825396826,0.3838383838383838,Yes,0.30000000000000004,0.09777777777777778,0.45483870967741935,Yes
938,W0939,2018-03-25,Canberra,0.2887029288702929,0.13468013468013468,0.6056338028169015,0.3436123348017621,0.33571428571428574,E,0.5277777777777778,ESE,NE,0.4444444444444444,0.2982456140350877,0.728395061728395,0.6481481481481481,0.1604584527220645,0.5257142857142867,0.375,0.5,0.23809523809523803,0.13468013468013468,No,0.5000000000000001,0.5044444444444444,0.39354838709677414,Yes
939,W0940,2017-10-14,Perth,0.3472803347280336,0.5521885521885521,0.5211267605633803,0.6563876651982379,0.9428571428571427,W,0.3055555555555555,NNW,S,0.2777777777777778,0.38596491228070173,0.4074074074074074,0.4351851851851851,0.48424068767908324,0.5342857142857156,0.625,0.0,0.4682539682539682,0.37373737373737365,No,0.5000000000000001,0.8488888888888889,0.3483870967741935,No
940,W0941,2022-11-17,Sydney,0.5188284518828452,0.49494949494949486,0.46478873239436624,0.6607929515418502,0.4357142857142856,ESE,0.16666666666666666,ESE,NE,0.5555555555555556,0.5614035087719298,0.08641975308641975,0.31481481481481477,0.9025787965616026,0.9457142857142848,0.0,0.5,0.6071428571428572,0.505050505050505,Yes,0.20000000000000004,0.6177777777777776,0.6225806451612904,No
941,W0942,2017-06-03,Sydney,0.46025104602510464,0.35353535353535354,0.15492957746478875,0.709251101321586,0.6499999999999999,NE,0.2361111111111111,ENE,NE,0.07407407407407407,0.15789473684210525,0.27160493827160487,0.3333333333333333,0.9627507163323799,0.894285714285715,0.25,0.5,0.503968253968254,0.33670033670033667,No,0.8,0.5488888888888889,0.45161290322580644,No
942,W0943,2015-05-02,Townsville,0.7615062761506277,0.8282828282828281,0.5915492957746479,0.6607929515418502,0.4285714285714285,ENE,0.3194444444444444,NW,NE,0.09259259259259259,0.38596491228070173,0.4691358024691357,0.37037037037037035,0.6618911174785111,0.4485714285714302,0.0,0.375,0.8055555555555556,0.835016835016835,No,0.5000000000000001,0.33333333333333337,0.6161290322580645,No
943,W0944,2015-10-16,Hobart,0.2677824267782427,0.3838383838383838,0.36619718309859156,0.41409691629955947,0.6285714285714284,S,0.3055555555555555,SSE,NNW,0.537037037037037,0.017543859649122806,0.30864197530864196,0.28703703703703703,0.8653295128939824,0.6157142857142865,0.125,0.0,0.3253968253968254,0.2558922558922558,No,0.7000000000000001,0.4155555555555555,0.24516129032258063,No
944,W0945,2021-05-06,Townsville,0.6443514644351465,0.569023569023569,0.14084507042253522,0.762114537444934,0.40714285714285714,ENE,0.4722222222222222,SSW,NNW,0.48148148148148145,0.3157894736842105,0.024691358024691357,0.6203703703703703,0.9856733524355299,0.7457142857142856,0.375,0.25,0.7182539682539681,0.5151515151515151,No,0.1,0.9755555555555555,0.5709677419354838,No
945,W0946,2016-10-08,Sydney,0.2468619246861925,0.4343434343434343,0.5915492957746479,0.4757709251101322,0.9357142857142856,N,0.125,N,E,0.037037037037037035,0.2807017543859649,0.07407407407407407,0.2407407407407407,0.5988538681948441,0.8657142857142865,0.625,0.5,0.4404761904761905,0.276094276094276,No,0.8,0.6177777777777776,0.47066035780893833,No
946,W0947,2022-05-27,Melbourne,0.25523012552301255,0.5353535353535352,0.2112676056338028,0.9823788546255507,0.8785714285714286,SE,0.15277777777777776,E,SSW,0.48148148148148145,0.22807017543859648,0.5185185185185184,0.18518518518518517,0.4527220630372497,0.8885714285714279,0.625,0.125,0.2857142857142857,0.44444444444444436,No,0.8,0.9711111111111113,0.47419354838709676,No
947,W0948,2019-10-13,Newcastle,0.3682008368200838,0.39730639730639733,0.4225352112676056,0.4581497797356828,0.557142857142857,E,0.29166666666666663,NNE,SSW,0.12962962962962962,0.3157894736842105,0.1975308641975309,0.5648148148148148,0.8022922636103154,0.5600000000000023,0.25,0.375,0.39285714285714285,0.37373737373737365,No,0.8,0.9488888888888889,0.24516129032258063,No
948,W0949,2017-09-28,Townsville,0.585774058577406,0.5589225589225588,0.352112676056338,0.39207048458149785,0.4642857142857143,N,0.9722222222222222,NNE,W,0.5555555555555556,0.6666666666666666,0.7777777777777777,0.8333333333333333,0.4212034383954162,0.31428571428571317,0.75,0.75,0.6666666666666667,0.5286195286195285,Yes,0.6000000000000001,0.26,0.6419354838709678,Yes
949,W0950,2015-04-06,Melbourne,0.23849372384937245,0.46127946127946123,0.7183098591549296,0.9603524229074891,0.5142857142857142,NE,0.4444444444444444,SW,NW,0.2037037037037037,0.43859649122807015,0.4567901234567901,0.39814814814814814,0.9828080229226401,0.5971428571428561,0.25,0.625,0.31349206349206343,0.45454545454545453,No,0.6000000000000001,0.04222222222222223,0.23548387096774193,No
950,W0951,2018-06-26,Darwin,0.7949790794979081,0.6801346801346799,0.6056338028169015,0.86784140969163,0.4214285714285715,NE,0.2638888888888889,NNW,WNW,0.35185185185185186,0.5964912280701754,0.24691358024691362,0.4907407407407407,0.5042979942693435,0.8371428571428545,0.125,0.25,0.7222222222222221,0.7037037037037037,No,0.6000000000000001,0.37333333333333335,0.8258064516129032,No
951,W0952,2019-12-30,Melbourne,0.28033472803347287,0.3771043771043771,0.3943661971830986,0.9955947136563879,0.6285714285714284,W,0.5555555555555556,N,SSW,0.07407407407407407,0.42105263157894735,0.5308641975308641,0.34259259259259256,0.6704871060171946,0.9971428571428618,0.0,0.0,0.22619047619047622,0.36700336700336694,Yes,0.7000000000000001,0.6333333333333333,0.49032258064516127,No
952,W0953,2016-05-13,Melbourne,0.3096234309623431,0.25925925925925924,0.323943661971831,0.9603524229074891,0.5642857142857143,S,0.5972222222222222,WNW,ESE,0.3333333333333333,0.10526315789473684,0.012345679012345678,0.34259259259259256,0.9255014326647597,0.5057142857142871,0.125,0.0,0.34126984126984133,0.2053872053872054,No,0.30000000000000004,0.94,0.364516129032258,No
953,W0954,2021-02-08,Newcastle,0.46861924686192474,0.4848484848484848,0.4436619718309859,0.43171806167400884,0.6214285714285713,ENE,0.3611111111111111,SW,WSW,0.4444444444444444,0.10526315789473684,0.4567901234567901,0.5925925925925926,0.7650429799426917,0.5971428571428561,0.25,0.0,0.5714285714285714,0.46801346801346794,No,0.6000000000000001,0.27555555555555555,0.35806451612903223,No
954,W0955,2018-04-02,Hobart,0.27615062761506276,0.5207812531756193,0.36619718309859156,0.920704845814978,0.9928571428571428,E,0.4444444444444444,NNW,NNE,0.24074074074074073,0.2631578947368421,0.34567901234567905,0.21296296296296297,0.7478510028653318,0.44285714285714306,0.375,0.125,0.31349206349206343,0.22895622895622886,No,0.20000000000000004,0.9533333333333334,0.364516129032258,No
955,W0956,2015-12-18,Brisbane,0.49790794979079506,0.7912457912457911,0.5070422535211268,0.5859030837004405,0.44285714285714284,WNW,0.625,NE,SSW,0.537037037037037,0.3157894736842105,0.12345679012345678,0.5092592592592592,0.4355300859598863,0.6157142857142865,0.25,0.5,0.5912698412698414,0.5925925925925926,No,0.4,0.9866666666666666,0.6387096774193549,No
956,W0957,2019-07-05,Hobart,0.2468619246861925,0.30976430976430974,0.4225352112676056,0.8986784140969164,0.5888157894736842,ENE,0.40645604395604396,WSW,W,0.9074074074074073,0.2631578947368421,0.8024691358024691,0.611111111111111,0.01719197707736697,0.4400000000000013,0.625,1.0,0.2738095238095238,0.22895622895622886,Yes,1.0,0.3622222222222223,0.39354838709677414,Yes
957,W0958,2020-05-29,Townsville,0.6317991631799165,0.7676767676767675,0.4788732394366197,0.6035242290748899,0.41428571428571426,NE,0.2777777777777778,SSW,SSW,0.48148148148148145,0.5087719298245614,0.5432098765432098,0.5833333333333333,0.4871060171919801,0.6157142857142865,0.125,0.25,0.5674603174603174,0.6195286195286194,No,0.7000000000000001,0.5822222222222222,0.6161290322580645,No
958,W0959,2019-03-07,Cairns,0.8075313807531381,0.6599326599326598,0.14084507042253522,0.6916299559471366,0.7285714285714284,N,0.4305555555555555,WNW,NNW,0.37037037037037035,0.017543859649122806,0.35802469135802467,0.5648148148148148,0.6189111747851044,0.4828571428571422,0.5,0.625,0.8492063492063493,0.7003367003367003,No,0.4,0.7977777777777777,0.8741935483870967,No
959,W0960,2021-01-07,Wollongong,0.48535564853556495,0.3063973063973063,0.12676056338028172,0.6740088105726872,0.6,SW,0.5,NNW,NNW,0.4629629629629629,0.12280701754385964,0.012345679012345678,0.5555555555555555,0.808022922636102,0.5,0.25,0.375,0.4682539682539682,0.35353535353535354,No,0.5000000000000001,0.9555555555555555,0.37419354838709673,No
960,W0961,2015-07-15,Adelaide,0.2426778242677825,0.44444444444444436,0.38732394366197187,0.37004405286343617,0.9142857142857143,NW,0.375,NNE,ESE,0.18518518518518517,0.3157894736842105,0.1111111111111111,0.5555555555555555,0.7392550143266483,0.6157142857142865,0.5,0.125,0.3174603174603174,0.36700336700336694,No,0.9,0.3311111111111111,0.29999999999999993,No
961,W0962,2020-11-08,Newcastle,0.401673640167364,0.5488215488215489,0.49295774647887325,0.7841409691629957,0.85,WNW,0.18055555555555555,S,ENE,0.31481481481481477,0.6140350877192982,0.0,0.27777777777777773,0.6066715415974961,0.9342857142857177,0.625,0.375,0.5357142857142856,0.5387205387205387,Yes,0.4,0.3133333333333334,0.5516129032258065,No
962,W0963,2018-06-21,Adelaide,0.43933054393305443,0.505050505050505,0.2676056338028169,0.9603524229074891,0.5928571428571427,NE,0.09722222222222221,NW,SE,0.48148148148148145,0.5263157894736842,0.20987654320987653,0.4629629629629629,0.5329512893982837,0.5885714285714307,0.625,0.5,0.4166666666666666,0.39730639730639733,No,0.8,0.16444444444444445,0.30322580645161284,No
963,W0964,2021-03-04,Melbourne,0.27615062761506276,0.2558922558922558,0.4014084507042254,0.8722466960352424,0.3,ESE,0.40645604395604396,WNW,SW,0.48148148148148145,0.8070175438596491,0.8765432098765431,0.861111111111111,0.1776504297994279,0.5057142857142871,0.875,0.5,0.3531746031746031,0.22222222222222215,No,0.6000000000000001,0.58,0.47066035780893833,Yes
964,W0965,2016-02-24,Perth,0.3389121338912134,0.6902356902356901,0.4225352112676056,0.5726872246696035,0.9571428571428571,ENE,0.5972222222222222,NNW,SE,0.05555555555555555,0.47368421052631576,0.24691358024691362,0.3518518518518518,0.42979942693409967,0.7514285714285691,0.375,0.375,0.603174603174603,0.67003367003367,No,0.7000000000000001,0.6266666666666667,0.3548387096774193,No
965,W0966,2016-04-20,Perth,0.397489539748954,0.7171717171717171,0.29577464788732394,0.39207048458149785,0.4357142857142856,ENE,0.15277777777777776,NE,NE,0.1111111111111111,0.21052631578947367,0.18518518518518517,0.45370370370370366,0.7306590257879684,0.47714285714285865,0.625,0.125,0.46428571428571425,0.7138047138047139,No,1.0,0.6733333333333332,0.3903225806451613,No
966,W0967,2017-08-10,Darwin,0.7196652719665273,0.6498316498316499,0.22535211267605634,0.6607929515418502,0.8428571428571429,NE,0.40277777777777773,SSW,SSW,0.5185185185185185,0.5614035087719298,0.2345679012345679,0.23148148148148145,0.5501432664756436,0.4800000000000004,0.0,0.0,0.6507936507936509,0.6127946127946127,Yes,1.0,0.26222222222222225,0.47066035780893833,No
967,W0968,2021-07-20,Hobart,0.15062761506276157,0.18855218855218853,0.4225352112676056,0.9251101321585904,0.3071428571428571,NNW,0.40645604395604396,SSE,NW,0.6666666666666666,0.3684210526315789,0.7160493827160492,0.5740740740740741,0.6066715415974961,0.6157142857142865,1.0,0.5,0.24603174603174605,0.175084175084175,Yes,0.6000000000000001,0.8044444444444445,0.47066035780893833,Yes
968,W0969,2021-05-28,Newcastle,0.5020920502092052,0.3265993265993266,0.323943661971831,0.3656387665198238,0.5214285714285714,W,0.4583333333333333,SSW,E,0.09259259259259259,0.15789473684210525,0.024691358024691357,0.5555555555555555,0.4469914040114631,0.8200000000000003,0.5,0.0,0.44841269841269843,0.36700336700336694,No,0.1,0.09555555555555557,0.47419354838709676,No
969,W0970,2015-10-21,Darwin,0.6987447698744771,0.6632996632996633,0.5915492957746479,0.7004405286343612,0.7428571428571428,NE,0.1111111111111111,NW,SSE,0.18518518518518517,0.42105263157894735,0.012345679012345678,0.5092592592592592,0.9312320916905428,0.634285714285717,0.625,0.25,0.6468253968253967,0.67003367003367,No,0.0,0.7066666666666666,0.6258064516129033,No
970,W0971,2017-09-06,Melbourne,0.23012552301255235,0.2626262626262626,0.5633802816901409,0.48017621145374456,0.7428571428571428,NE,0.19444444444444442,N,ENE,0.0,0.47368421052631576,0.09876543209876543,0.5462962962962963,0.6017191977077374,0.7457142857142856,0.375,0.25,0.19047619047619047,0.17171717171717166,Yes,0.9,0.8977777777777778,0.15161290322580645,No
971,W0972,2020-11-11,Newcastle,0.5271966527196654,0.45117845117845107,0.49295774647887325,0.7268722466960353,0.7999999999999998,SW,0.38888888888888884,NNE,WNW,0.42592592592592593,0.05263157894736842,0.419753086419753,0.48148148148148145,0.8796561604584525,0.8000000000000007,0.625,0.375,0.5833333333333333,0.4208754208754209,No,0.1,0.7511111111111111,0.5451612903225806,No
972,W0973,2021-03-22,Perth,0.397489539748954,0.6632996632996633,0.2112676056338028,0.801762114537445,0.0,WNW,0.5277777777777778,N,NNW,0.35185185185185186,0.14035087719298245,0.34567901234567905,0.6388888888888888,0.6045845272206343,0.6157142857142865,0.25,0.25,0.3452380952380953,0.5218855218855218,No,0.8,0.931111111111111,0.28709677419354834,No
973,W0974,2016-06-11,Adelaide,0.3807531380753138,0.5622895622895623,0.014084507042253523,0.9823788546255507,0.8642857142857142,N,0.125,S,NNE,0.1111111111111111,0.19298245614035087,0.35802469135802467,0.4907407407407407,0.6819484240687679,0.9457142857142848,0.625,0.5,0.36507936507936506,0.5084175084175082,No,0.5000000000000001,0.5888888888888889,0.39999999999999997,No
974,W0975,2015-10-13,Wollongong,0.4058577405857741,0.3771043771043771,0.12676056338028172,0.6607929515418502,0.7214285714285713,N,0.5694444444444444,SSE,ENE,0.35185185185185186,0.08771929824561403,0.04938271604938271,0.37037037037037035,0.4383954154727796,0.6600000000000001,0.5,0.25,0.42857142857142855,0.3771043771043771,Yes,0.20000000000000004,0.40444444444444444,0.29032258064516125,No
975,W0976,2022-10-17,Cairns,0.7238493723849373,0.8148148148148147,0.2394366197183099,0.775330396475771,0.5888157894736842,ESE,0.611111111111111,W,SSW,0.35185185185185186,0.10526315789473684,0.3333333333333333,0.5092592592592592,0.5587392550143271,0.7600000000000016,0.5,0.0,0.6428571428571428,0.7171717171717171,No,0.7000000000000001,0.26,0.6774193548387097,No
976,W0977,2018-08-11,Adelaide,0.3849372384937239,0.28619528619528617,0.6338028169014085,0.3480176211453745,0.9928571428571428,WSW,0.3611111111111111,NNE,SE,0.037037037037037035,0.19298245614035087,0.20987654320987653,0.31481481481481477,0.9140401146131829,0.6157142857142865,0.5,0.625,0.3769841269841269,0.3198653198653198,Yes,1.0,0.82,0.3419354838709677,No
977,W0978,2021-10-27,Canberra,0.05020920502092052,0.41077441077441074,0.36619718309859156,0.6607929515418502,0.7857142857142856,SE,0.5833333333333333,E,S,0.3333333333333333,0.5789473684210527,0.27160493827160487,0.5925925925925926,0.5243553008596002,0.691428571428574,0.125,0.125,0.12301587301587302,0.43771043771043766,No,0.7000000000000001,0.09555555555555557,0.0,No
978,W0979,2022-01-17,Melbourne,0.32635983263598334,0.5117845117845117,0.46478873239436624,0.8193832599118944,0.40714285714285714,SSW,0.3611111111111111,NE,N,0.4629629629629629,0.017543859649122806,0.037037037037037035,0.3055555555555555,0.4813753581661899,0.8371428571428545,0.125,0.375,0.4047619047619047,0.48148148148148145,Yes,0.9,0.6555555555555556,0.22258064516129034,No
979,W0980,2021-10-14,Wollongong,0.4058577405857741,0.32996632996632996,0.5352112676056339,0.8898678414096917,0.9142857142857143,E,0.4444444444444444,E,SSW,0.4074074074074074,0.38596491228070173,0.38271604938271603,0.4722222222222222,0.830945558739252,0.6371428571428552,0.0,0.625,0.4246031746031746,0.28619528619528617,No,1.0,0.16888888888888892,0.3709677419354839,No
980,W0981,2022-07-27,Newcastle,0.4267782426778243,0.5488215488215489,0.2816901408450704,0.4537444933920705,0.5499999999999999,SSE,0.29166666666666663,SSE,SSE,0.07407407407407407,0.14035087719298245,0.3703703703703703,0.4907407407407407,0.6848137535816647,0.894285714285715,0.375,0.375,0.5119047619047619,0.531986531986532,No,0.6000000000000001,0.4955555555555556,0.5774193548387097,No
981,W0982,2017-12-24,Hobart,0.23849372384937245,0.3063973063973063,0.22535211267605634,0.8766519823788546,0.7928571428571427,NW,0.3472222222222222,SSW,SE,0.07407407407407407,0.17543859649122806,0.48148148148148145,0.34259259259259256,0.9828080229226401,0.8971428571428604,0.25,0.5,0.3611111111111111,0.33670033670033667,Yes,0.7000000000000001,0.4822222222222223,0.42903225806451606,Yes
982,W0983,2015-09-10,Hobart,0.0,0.5207812531756193,0.056338028169014086,0.9955947136563879,0.8714285714285713,WSW,0.09722222222222221,ENE,S,0.38888888888888884,0.5614035087719298,0.5185185185185184,0.49999999999999994,0.928366762177653,0.8571428571428577,0.5,0.375,0.30158730158730157,0.22895622895622886,No,0.20000000000000004,0.011111111111111113,0.1967741935483871,No
983,W0984,2022-02-08,Newcastle,0.45606694560669464,0.5185185185185184,0.2816901408450704,0.7533039647577093,0.8928571428571428,SSE,0.5,NW,SW,0.5,0.5789473684210527,0.4691358024691357,0.18518518518518517,0.5873925501432673,0.691428571428574,0.625,0.375,0.47222222222222227,0.5151515151515151,No,1.0,0.022222222222222213,0.48064516129032253,No
984,W0985,2021-08-23,Brisbane,0.49790794979079506,0.6632996632996633,0.352112676056338,0.6211453744493393,0.6,NW,0.3333333333333333,SSE,SSE,0.4444444444444444,0.5438596491228069,0.5185185185185184,0.32407407407407407,0.8796561604584525,0.6157142857142865,0.375,0.25,0.5992063492063493,0.6228956228956228,Yes,0.7000000000000001,0.11555555555555554,0.3548387096774193,No
985,W0986,2018-12-31,Darwin,0.874476987447699,0.9057239057239057,0.971830985915493,0.3392070484581498,0.2785714285714286,WSW,0.5138888888888888,NW,S,0.7037037037037037,0.3684210526315789,0.691358024691358,0.8055555555555555,0.20916905444126144,0.4314285714285724,0.375,0.875,0.9047619047619049,0.7912457912457911,Yes,0.1,0.13555555555555554,0.6451612903225806,Yes
986,W0987,2019-12-25,Darwin,0.8158995815899583,0.973063973063973,0.6619718309859155,0.37004405286343617,0.8071428571428572,WSW,0.3472222222222222,NW,NNW,0.2037037037037037,0.5964912280701754,0.5432098765432098,0.49999999999999994,0.49570200573066003,0.8142857142857132,0.625,0.0,1.0,0.8821548821548821,No,0.6000000000000001,0.3088888888888889,0.9,No
987,W0988,2020-02-04,Cairns,0.602510460251046,0.6228956228956228,0.5633802816901409,0.3348017621145375,0.47857142857142854,NE,0.3333333333333333,N,ESE,0.4629629629629629,0.0,0.34567901234567905,0.5185185185185185,0.7421203438395416,0.6885714285714286,0.625,0.125,0.6666666666666667,0.5892255892255891,No,0.30000000000000004,0.3422222222222222,0.4967741935483871,No
988,W0989,2018-05-30,Canberra,0.11297071129707115,0.27272727272727265,0.6338028169014085,0.9162995594713657,0.85,WSW,0.4305555555555555,W,W,0.5555555555555556,0.08771929824561403,0.037037037037037035,0.3055555555555555,0.7535816618911184,0.668571428571429,0.25,0.0,0.25,0.17171717171717166,No,0.5000000000000001,0.16666666666666669,0.24838709677419354,No
989,W0990,05/06/2018,Wollongong,0.4267782426778243,0.30303030303030304,0.352112676056338,0.41850220264317184,0.40714285714285714,NE,1.0,NE,WSW,0.611111111111111,0.7543859649122806,0.5061728395061729,0.5925925925925926,0.22063037249283468,0.08571428571428541,0.375,0.875,0.44841269841269843,0.32323232323232315,Yes,0.0,0.8577777777777778,0.47066035780893833,Yes
990,W0991,2016-08-28,Wollongong,0.2635983263598327,0.46127946127946123,0.18309859154929578,0.5726872246696035,0.3642857142857142,NNE,0.5972222222222222,NW,NW,0.05555555555555555,0.45614035087719296,0.08641975308641975,0.6388888888888888,0.561604584527224,0.5685714285714276,0.625,0.25,0.4404761904761905,0.45117845117845107,Yes,0.30000000000000004,0.9088888888888889,0.40967741935483865,No
991,W0992,2018-08-31,Townsville,0.5523012552301256,0.7104377104377102,0.352112676056338,0.8898678414096917,0.09285714285714285,SW,0.8472222222222222,WNW,SE,0.9074074074074073,0.2982456140350877,0.8148148148148147,0.9259259259259258,0.06303724928366705,0.2942857142857136,0.75,0.5,0.5079365079365079,0.569023569023569,No,0.5000000000000001,0.24222222222222223,0.5129032258064516,Yes
992,W0993,2022-07-13,Cairns,0.7364016736401675,0.7138047138047137,0.2394366197183099,0.920704845814978,0.9857142857142857,WSW,0.2222222222222222,NW,NW,0.5185185185185185,0.49122807017543857,0.20987654320987653,0.6388888888888888,0.9025787965616026,0.5028571428571453,0.25,0.25,0.6904761904761905,0.7542087542087541,No,0.7000000000000001,0.11555555555555554,0.8483870967741935,No
993,W0994,2019-01-28,Wollongong,0.4100418410041842,0.4646464646464647,0.09859154929577466,0.6607929515418502,0.5428571428571428,SE,0.5555555555555556,ENE,NE,0.5,0.3157894736842105,0.34567901234567905,0.537037037037037,0.5558739255014338,0.8771428571428572,0.25,0.375,0.45634920634920634,0.45117845117845107,No,0.8,0.3422222222222222,0.46451612903225803,No
994,W0995,2022-10-09,Wollongong,0.27196652719665276,0.5488215488215489,0.5070422535211268,0.3612334801762115,0.6857142857142856,SW,0.625,WNW,E,0.18518518518518517,0.45614035087719296,0.419753086419753,0.25925925925925924,0.6066715415974961,0.774285714285714,0.375,0.25,0.22619047619047622,0.4276094276094276,Yes,0.6000000000000001,0.72,0.23548387096774193,No
995,W0996,2017-02-19,Melbourne,0.16317991631799167,0.5488215488215489,0.4507042253521127,0.6079295154185023,0.4714285714285714,WSW,0.3472222222222222,NNW,NNW,0.05555555555555555,0.21052631578947367,0.037037037037037035,0.23148148148148145,1.0,0.9000000000000021,0.375,0.375,0.42063492063492064,0.4141414141414141,No,0.6000000000000001,0.6688888888888889,0.3548387096774193,No
996,W0997,2022-05-31,Cairns,0.594142259414226,0.7272727272727271,0.3943661971830986,0.8458149779735684,0.10714285714285714,SW,0.7777777777777777,NNE,SSE,0.7407407407407407,0.3333333333333333,0.6296296296296295,0.6574074074074073,0.30372492836676557,0.17428571428571615,0.875,0.625,0.7380952380952381,0.7306397306397305,Yes,0.4,0.22666666666666668,0.5612903225806452,Yes
997,W0998,2019-12-13,Melbourne,0.29288702928870297,0.38047138047138046,0.3943661971830986,0.7136563876651982,0.9214285714285714,E,0.2361111111111111,SSW,S,0.35185185185185186,0.10526315789473684,0.08641975308641975,0.41666666666666663,0.4756446991404033,0.9714285714285715,0.625,0.25,0.2698412698412698,0.40404040404040403,No,0.0,0.2511111111111112,0.503225806451613,No
998,W0999,2022-07-17,Hobart,0.20502092050209209,0.25925925925925924,0.43661971830985913,0.4669603524229075,0.657142857142857,NNW,0.16666666666666666,SSW,E,0.4074074074074074,0.2807017543859649,0.12345679012345678,0.2407407407407407,0.6066715415974961,0.5600000000000023,0.625,0.125,0.23809523809523803,0.25925925925925924,No,0.7000000000000001,0.42888888888888893,0.47066035780893833,No
999,W1000,2015-02-20,Wollongong,0.4267782426778243,0.4983164983164983,0.352112676056338,0.3480176211453745,0.5888157894736842,NNW,0.5138888888888888,SW,WSW,0.42592592592592593,0.7719298245614035,0.654320987654321,0.6574074074074073,0.12034383954154748,0.134285714285717,0.625,0.375,0.5357142857142856,0.49494949494949486,Yes,1.0,0.5777777777777777,0.4258064516129032,Yes
1000,W1001,2019-03-12,Darwin,0.7907949790794979,0.8754208754208752,0.2535211267605634,0.7048458149779737,0.5888157894736842,W,0.40645604395604396,S,W,0.6666666666666666,0.5438596491228069,0.7407407407407407,0.6944444444444444,0.4269340974212028,0.020000000000003126,0.75,1.0,0.7301587301587302,0.8148148148148149,Yes,0.1,0.6022222222222222,0.7548387096774194,Yes
1001,W1002,2018-11-21,Adelaide,0.49372384937238506,0.3333333333333333,0.46478873239436624,0.6607929515418502,0.40714285714285714,E,0.3611111111111111,W,NW,0.37037037037037035,0.5438596491228069,0.04938271604938271,0.49999999999999994,0.5071633237822333,0.6157142857142865,0.125,0.625,0.4603174603174603,0.36700336700336694,No,0.6000000000000001,0.851111111111111,0.6096774193548387,No
1002,W1003,2022-09-12,Darwin,0.882845188284519,0.7609427609427608,0.38028169014084506,0.6607929515418502,0.5888157894736842,NW,0.40645604395604396,SE,WNW,0.2777777777777778,0.6666666666666666,0.728395061728395,0.6388888888888888,0.12893982808023097,0.394285714285715,0.75,0.5,0.8888888888888891,0.8047138047138047,Yes,0.9,0.006666666666666654,0.8225806451612904,Yes
1003,W1004,2015-09-28,Canberra,0.17991631799163188,0.46801346801346794,0.6056338028169015,0.8502202643171806,0.5714285714285714,ENE,0.38888888888888884,NE,NW,0.05555555555555555,0.08771929824561403,0.1111111111111111,0.3333333333333333,0.5501432664756436,0.7085714285714282,0.0,0.125,0.40079365079365076,0.41077441077441074,No,0.20000000000000004,0.7355555555555555,0.16451612903225807,No
1004,W1005,2017-01-25,Hobart,0.19665271966527204,0.18855218855218853,0.4225352112676056,0.9603524229074891,0.5888157894736842,SE,0.8333333333333333,ENE,NE,0.6851851851851851,0.8421052631578947,0.8148148148148147,0.9166666666666666,0.36676217765042907,0.5571428571428569,0.5,0.875,0.1865079365079365,0.22222222222222215,Yes,0.8,0.44222222222222224,0.14193548387096774,Yes
1005,W1006,2020-06-17,Townsville,0.5606694560669456,0.7239057239057238,0.5352112676056339,0.49339207048458156,0.4714285714285714,SE,0.2222222222222222,ESE,WSW,0.5,0.12280701754385964,0.12345679012345678,0.38888888888888884,0.8681948424068793,0.6428571428571423,0.125,0.125,0.6071428571428572,0.6397306397306397,No,0.9,0.004444444444444445,0.6161290322580645,No
1006,W1007,2019-11-03,Hobart,0.09623430962343099,0.45117845117845107,0.4225352112676056,0.5770925110132159,0.5888157894736842,NW,0.40645604395604396,WNW,NNW,0.6296296296296295,0.5438596491228069,0.6049382716049383,0.9074074074074073,0.5042979942693435,0.10000000000000142,0.5,0.875,0.369047619047619,0.28619528619528617,Yes,0.9,0.32666666666666666,0.048387096774193554,Yes
1007,W1008,2018-02-17,Melbourne,0.16736401673640172,0.39393939393939387,0.4014084507042254,0.669603524229075,0.3285714285714285,ENE,0.40645604395604396,S,E,0.6851851851851851,0.8771929824561403,0.5308641975308641,0.6018518518518519,0.38395415472779604,0.15142857142857125,0.5,0.5,0.3174603174603174,0.34006734006734,Yes,0.5000000000000001,0.82,0.3225806451612903,Yes
1008,W1009,2020-01-03,Melbourne,0.15899581589958162,0.40067340067340057,0.49295774647887325,0.5242290748898679,0.5357142857142857,SE,0.3333333333333333,N,WSW,0.35185185185185186,0.21052631578947367,0.27160493827160487,0.31481481481481477,0.6066715415974961,0.5171428571428578,0.25,0.375,0.3531746031746031,0.2323232323232322,No,0.0,0.7622222222222221,0.2032258064516129,No
1009,W1010,2016-01-19,Newcastle,0.32635983263598334,0.32996632996632996,0.6619718309859155,0.8325991189427313,0.6857142857142856,WNW,0.3472222222222222,SSW,W,0.31481481481481477,0.38596491228070173,0.09876543209876543,0.25925925925925924,0.4613180515759332,0.4457142857142884,0.25,0.125,0.40873015873015867,0.3198653198653198,No,0.6000000000000001,0.37555555555555553,0.3483870967741935,No
1010,W1011,2020-09-02,Townsville,0.6610878661087867,0.569023569023569,0.5492957746478873,0.6607929515418502,0.8428571428571429,W,0.15277777777777776,SSW,NE,0.35185185185185186,0.017543859649122806,0.09876543209876543,0.537037037037037,0.6446991404011477,0.6157142857142865,0.625,0.25,0.6706349206349207,0.606060606060606,No,0.0,0.7444444444444445,0.5193548387096774,No
1011,W1012,2019-09-29,Wollongong,0.43514644351464443,0.34006734006734,0.352112676056338,0.722466960352423,0.24999999999999997,NW,0.75,WSW,SSE,0.48148148148148145,0.5964912280701754,0.9012345679012346,0.8703703703703703,0.1604584527220645,0.22857142857142776,0.875,0.875,0.44841269841269843,0.34006734006734,No,0.1,0.32,0.5096774193548388,Yes
1012,W1013,2020-12-01,Cairns,0.6610878661087867,0.7542087542087541,0.2535211267605634,0.6607929515418502,0.9785714285714284,SE,0.41666666666666663,S,ESE,0.35185185185185186,0.2807017543859649,0.24691358024691362,0.5462962962962963,0.7621776504298019,0.9857142857142875,0.125,0.5,0.6746031746031744,0.7878787878787881,No,0.20000000000000004,0.46666666666666673,0.6741935483870968,No
1013,W1014,2022-03-05,Cairns,0.6485355648535567,0.7306397306397305,0.732394366197183,0.7400881057268722,0.3142857142857143,NE,0.40645604395604396,E,NNE,0.9444444444444444,0.5789473684210527,0.4444444444444445,0.7222222222222222,0.5014326647564502,0.26285714285714334,0.375,0.375,0.75,0.6767676767676767,Yes,0.8,0.08666666666666668,0.7387096774193548,Yes
1014,W1015,2020-07-20,Sydney,0.3514644351464436,0.29629629629629634,0.18309859154929578,0.7400881057268722,0.4214285714285715,WSW,0.2222222222222222,W,E,0.24074074074074073,0.2982456140350877,0.18518518518518517,0.4722222222222222,0.7851002865329519,0.5228571428571414,0.0,0.625,0.42063492063492064,0.2929292929292929,No,0.7000000000000001,0.07555555555555556,0.46451612903225803,No
