ObservationID,Date,Location,MinTemp,MaxTemp,Rainfall,Evaporation,Sunshine,WindGustDir,WindGustSpeed,WindDir9am,WindDir3pm,WindSpeed9am,WindSpeed3pm,Humidity9am,Humidity3pm,Pressure9am,Pressure3pm,Cloud9am,Cloud3pm,Temp9am,Temp3pm,RainToday,UVIndex,Visibility_km,DewPoint,RainTomorrow
W0001,2021-05-21,Adelaide,14.6,20.8,28.2,7.1,4.1,S,44,WSW,NW,42,48,94,67,999.6,993.5,5,5,17.3,19.4,Yes,6,18.1,18.5,Yes
W0002,2022-04-26,Adelaide,15.1,18.4,2.4,12.8,8.7,SW,10,SSW,N,10,24,34,58,1020.9,1018.1,2,3,15.2,17.2,No,10,40.6,,No
W0003,2019-11-19,Perth,18.9,29.0,3.4,8.4,7.5,WNW,26,ESE,NW,12,9,46,500,1028.4,1025.9,3,,19.9,26.2,No,11,38.8,21.3,No
W0004,2015-07-22,Melbourne,9.0,25.6,0.6,10.1,9.2,NNE,21,NE,E,21,11,26,23,,1013.1,2,,14.1,18.7,Yes,2,6.8,7.2,No
W0005,2017-08-28,Newcastle,13.3,23.3,4.5,6.3,9.2,NNE,28,ENE,ESE,13,15,41,34,-100,,3,4,15.5,19.0,Yes,5,33.3,8.6,No
W0006,2022-04-06,Darwin,24.1,39.2,2.5,2.3,5.0,SSE,22,ESE,W,0,21,26,49,1021.2,1022.6,0,0,29.3,35.4,No,4,8.4,24.3,No
W0007,2020-06-20,Canberra,7.8,14.8,2.3,5.1,10.7,NE,33,SW,SSW,3,0,69,35,1013.5,1023.0,1,5,8.6,13.4,No,9,37.4,3.3,No
W0008,2018-07-04,Hobart,7.4,23.5,37.1,,3.4,SE,67,ESE,NNW,32,25,75,55,1001.2,1004.7,,6,11.1,15.6,Yes,11,44.0,,Yes
W0009,2019-07-25,Townsville,20.8,26.2,1.1,14.1,6.7,NE,24,ESE,E,23,2,28,25,,1026.2,0,5,23.1,25.6,No,8,21.6,22.5,No
W0010,2018-09-26,Adelaide,13.4,18.1,22.4,1.4,5.9,WSW,65,S,WSW,47,37,71,93,0,1006.4,5,8,13.7,17.9,No,10,7.6,11.8,Yes
W0011,2016-03-26,Sydney,13.1,23.5,31.9,1.1,0.8,,68,NNE,ESE,15,16,74,55,998.8,997.1,7,7,15.8,20.4,No,6,35.7,13.8,Yes
W0012,2018-03-27,Perth,12.7,30.0,2.4,4.5,4.2,NNE,9,NW,SE,20,31,33,57,1016.8,,,5,17.4,24.3,No,11,7.0,9.4,No
W0013,2022-07-29,Perth,15.2,24.4,-3.7,12.4,8.4,W,7,N,WSW,7,14,66,58,1024.4,1012.7,3,3,18.0,20.3,No,1,21.6,13.2,No
W0014,2022-09-12,Newcastle,10.5,21.9,3.3,13.3,5.4,NNW,11,S,NNE,-0.0,15,40,50,1010.4,1019.4,5,3,12.5,19.2,No,1,25.0,8.3,No
W0015,2021-02-24,Darwin,21.2,39.8,2.0,8.6,3.5,WNW,44,W,WNW,55,16,87,69,1010.9,1002.8,5,6,27.8,34.0,Yes,8,26.7,,yes
W0016,2020-10-28,Cairns,19.8,34.4,1.2,7.9,5.4,,25,NW,W,21,27,43,27,2000,1012.6,0,,27.0,30.6,No,11,46.8,17.4,No
W0017,2017-03-25,Darwin,22.8,35.3,1.2,3.6,8.0,WSW,25,SSE,WNW,10,32,43,32,1012.2,1016.0,4,2,23.9,33.1,No,8,30.8,20.7,No
W0018,2019-07-30,Darwin,21.3,31.9,8.8,7.7,1.9,SSW,73,N,NW,27,19,85,64,1012.5,993.9,7,7,25.5,28.7,Yes,3,23.6,17.9,Yes
W0019,2021-05-20,Sydney,15.8,99.9,23.4,2.3,4.8,NE,53,NE,ESE,18,17,73,65,999.3,1007.3,4,8,18.0,21.8,Yes,2,17.3,17.3,Yes
W0020,2016-02-13,Cairns,22.4,30.1,0.7,1.0,11.6,W,31,SW,NNW,19,15,31,47,1028.0,,4,2,25.8,26.7,Yes,1,32.7,26.6,No
W0021,2017-06-02,Cairns,23.0,27.0,3.8,9.1,12.2,NE,34,WNW,NNW,19,13,48,65,1022.9,1022.9,5,0,24.4,25.3,No,9,45.4,19.6,No
W0022,2022-06-17,Perth,18.3,26.6,2.9,8.4,,WNW,14,SSE,WSW,-29.0,20,70,45,1020.5,1016.3,3,1,18.3,25.9,Yes,11,33.6,17.7,No
W0023,2019-05-12,Townsville,23.6,27.2,19.2,2.0,2.8,NW,60,SSW,SE,58,40,76,88,995.2,999.7,8,4,24.1,25.5,Yes,5,14.4,27.2,Yes
W0024,2022-04-01,Canberra,8.1,20.3,0.5,11.6,7.0,NE,24,W,S,11,16,68,26,1022.6,1015.9,,5,11.1,18.0,No,7,13.9,4.9,No
W0025,2015-11-04,Cairns,23.2,33.6,2.4,10.1,7.8,,15,SW,WSW,24,12,48,39,1022.9,1025.8,4,5,23.8,28.7,No,8,39.9,28.1,No
W0026,2022-07-29,Sydney,10.9,25.1,1.1,7.2,-10.4,NE,17,WSW,NW,11,35,39,53,1021.7,,1,3,14.7,21.3,Yes,10,7.3,,No
W0027,2015-03-20,Darwin,20.6,35.4,2.2,0.9,6.5,E,11,NNE,ENE,11,7,60,20,1016.5,1017.5,5,3,27.9,29.2,No,3,18.5,16.5,No
W0028,2020-11-01,Cairns,22.5,29.8,1.2,9.5,8.1,E,31,SSW,NE,20,25,32,35,1022.1,1012.9,2,0,25.1,28.6,No,4,36.7,18.9,No
W0029,2020-04-22,Wollongong,11.5,20.4,1.1,2.3,0.6,NW,71,SSE,ENE,48,-56.0,62,73,1001.3,1008.4,4,5,12.8,20.1,Yes,11,5.6,15.2,Yes
W0030,2015-01-07,Perth,17.6,30.5,4.8,0.9,8.0,ENE,9,NE,WNW,3,21,57,60,1013.4,1024.2,0,2,19.1,27.1,Yes,5,46.0,15.5,True
W0031,2019-08-25,Darwin,21.3,30.3,6.6,12.7,2.1,E,81,SSW,S,30,23,95,80,996.7,995.3,5,6,25.3,25.8,Yes,4,42.7,18.2,Yes
W0032,2018-11-11,Cairns,20.1,34.7,3.1,3.9,8.7,WNW,12,SE,NW,21,32,33,46,1011.8,1021.7,3,1,24.7,27.7,Yes,5,29.0,16.4,No
W0033,2018-05-25,Sydney,14.8,25.9,3.5,8.3,4.9,SE,26,W,SE,1,23,63,59,1014.6,1013.8,2,1,15.8,21.5,Yes,5,20.7,11.4,No
W0034,2017-12-07,Adelaide,12.9,20.0,1.6,7.9,6.3,NE,9,S,S,28,10,34,20,1026.5,1015.8,,2,14.1,16.8,No,2,23.9,17.3,No
W0035,2019-07-12,Sydney,15.2,28.0,1.6,9.3,11.8,NE,11,S,E,18,29,69,65,,1010.9,3,1,15.6,27.9,No,7,19.9,19.3,No
W0036,2016-11-17,Townsville,18.5,35.2,3.8,8.2,12.1,WSW,13,NW,SE,7,15,45,28,1016.4,1016.6,1,3,20.2,34.3,No,9,46.2,,No
W0037,2018-08-19,Wollongong,10.3,28.5,1.4,11.5,,,39,WNW,NNE,17,26,26,50,,1027.9,1,5,12.0,22.8,No,8,18.4,11.1,No
W0038,2019-04-07,MELBOURNE,7.8,17.8,18.3,0.7,2.3,NNW,-20,NNE,W,57,23,91,91,1006.8,995.5,5,4,10.7,13.1,No,9,29.2,3.0,Yes
W0039,2018-01-04,Canberra,5.6,19.9,2.2,5.4,7.3,SSW,24,SSE,SSE,19,8,53,17,,1020.1,0,5,12.6,13.4,No,8,47.0,,No
W0040,2022-08-16,Brisbane,18.6,26.9,1.6,3.1,8.8,NE,39,WSW,SSE,11,25,51,20,0,1013.9,1,5,19.0,25.3,No,7,24.1,19.2,No
W0041,2022-08-24,Cairns,22.9,32.0,0.7,1.3,5.1,NNW,37,SE,ESE,8,20,62,54,0,1019.2,1,5,26.1,30.9,No,9,36.5,17.9,No
W0042,2017-02-11,Perth,13.5,31.8,1.8,,7.0,WSW,10,SE,NNE,25,35,52,58,1012.6,1008.3,1,3,19.4,23.3,No,9,11.6,8.7,No
W0043,2021-02-10,Newcastle,17.0,19.5,33.2,12.7,4.1,S,45,WSW,NNW,51,57,999,75,1010.8,1008.6,4,5,17.5,19.3,Yes,7,43.6,20.9,Yes
W0044,2017-06-27,Darwin,22.2,40.0,0.2,14.0,9.9,NE,21,SW,NW,7,34,27,18,1025.7,1027.2,,5,27.3,31.5,No,11,43.2,26.3,No
W0045,2021-11-26,Canberra,6.6,20.4,2.3,,,NNE,9,NE,E,25,10,55,51,1029.6,1012.3,0,2,7.3,16.8,No,7,36.4,5.8,No
W0046,2022-06-15,Melbourne,11.9,22.7,2.3,13.9,5.7,E,41,S,N,20,6,50,50,1018.8,1010.6,5,5,13.5,19.1,No,5,45.5,15.4,No
W0047,2015-01-20,Townsville,21.3,28.2,20.4,14.1,3.8,NNE,49,E,SSE,54,32,94,98,997.6,1003.6,8,6,24.4,27.3,No,5,27.2,24.6,Yes
W0048,2015-03-07,Newcastle,16.9,28.0,13.1,9.9,1.5,SSW,92,S,WNW,44,28,86,58,1004.8,1012.7,6,4,22.0,27.3,Yes,4,29.8,17.3,Yes
W0049,2017-12-16,Townsville,23.6,31.1,1.1,10.8,11.1,SW,35,ESE,S,10,10,25,61,1014.1,1011.8,4,0,27.3,30.9,No,10,38.1,,No
W0050,2021-08-02,Wollongong,11.9,23.6,0.1,3.2,7.2,S,35,WSW,NNW,10,10,48,36,1011.8,1010.3,5,4,11.9,18.7,No,10,29.4,8.6,No
W0051,2017-01-07,Sydney,15.5,24.4,4.5,3.4,12.9,ESE,27,W,S,9,25,68,22,1013.4,1012.5,,0,18.6,22.6,No,7,8.1,13.7,No
W0052,2019-09-03,Townsville,21.4,34.3,31.8,7.8,4.0,S,45,SE,WNW,45,23,72,96,1003.9,1007.3,5,8,24.7,30.0,No,6,17.4,16.7,Yes
W0053,2015-01-19,Newcastle,10.0,21.2,24.9,11.0,5.6,W,42,W,NE,42,45,70,56,1010.8,1012.9,8,5,12.7,15.7,No,7,13.5,13.1,Yes
W0054,2017-01-29,Canberra,10.4,18.2,2.3,,7.0,SW,21,NNE,SSE,3,25,33,24,1023.4,1014.3,4,5,12.2,14.6,No,3,22.3,12.7,No
W0055,2018-12-10,Wollongong,13.1,19.5,11.2,1.5,4.6,SW,91,N,S,32,33,65,79,1014.2,1003.0,4,6,14.9,16.7,Yes,7,42.3,14.0,Yes
W0056,2017-03-15,Melbourne,12.6,18.2,3.8,14.8,4.9,WNW,13,SSE,S,30,19,28,65,,1008.9,3,5,14.3,17.5,No,9,49.9,7.6,No
W0057,2018-06-06,Adelaide,15.0,22.8,0.2,1.9,11.5,SE,34,NW,W,20,33,47,36,1027.9,1025.6,4,4,17.3,20.4,No,8,10.5,,No
W0058,2022-02-24,Cairns,21.4,35.0,0.8,1.0,7.1,SW,17,NNE,SSE,4,21,45,23,1014.7,1022.1,,3,27.3,30.4,Yes,6,37.9,22.0,No
W0059,2016-04-15,MELBOURNE,14.0,21.5,3.1,8.4,10.7,E,19,WNW,WSW,14,23,63,25,1024.6,1015.0,2,3,17.1,18.3,No,2,9.6,17.8,No
W0060,2022-07-08,Perth,14.4,22.1,0.9,5.2,4.6,ENE,38,S,NW,21,3,41,16,1017.3,,5,5,17.3,20.0,Yes,9,12.9,11.5,No
W0061,2019-05-07,Brisbane,18.8,26.7,2.3,10.6,4.6,,31,S,N,1,9,35,65,1011.3,1018.7,0,5,19.0,26.0,No,9,21.3,19.7,No
W0062,2018-03-29,Darwin,22.7,35.5,5.0,7.0,0.6,W,91,WNW,NW,46,42,90,66,1012.9,997.4,4,7,24.4,30.4,No,3,21.3,26.4,Yes
W0063,2017-04-15,Sydney,10.7,21.4,2.5,0.3,9.1,NW,32,N,WSW,13,6,68,35,1023.3,1016.9,5,2,13.9,21.1,No,3,37.7,5.9,No
W0064,2018-08-22,Hobart,10.8,20.7,4.3,,11.5,ENE,11,WSW,N,1,9,65,50,1029.3,1010.7,2,0,15.0,19.5,Yes,2,10.0,15.7,No
W0065,2016-05-10,Canberra,5.0,15.1,1.6,9.6,4.1,E,13,WSW,E,21,29,34,59,1020.4,1011.8,5,4,7.4,10.5,No,3,40.7,8.6,No
W0066,2016-12-15,Newcastle,13.8,26.3,1.7,11.0,11.3,SSW,24,E,E,16,14,67,32,1012.7,1019.2,5,4,16.9,25.9,No,6,5.7,16.4,No
W0067,2017-04-30,Brisbane,17.0,25.4,0.9,11.9,8.9,NW,16,N,SE,16,28,25,46,1012.7,1014.0,3,4,20.8,21.7,Yes,6,12.6,17.2,No
W0068,2017-10-20,Hobart,6.0,16.2,6.5,0.6,3.9,SE,80,SSW,WNW,25,22,65,70,1013.9,1006.2,8,8,8.9,12.6,No,10,30.7,10.1,Yes
W0069,2022-11-23,Townsville,22.7,36.7,1.5,6.5,6.1,WSW,32,ENE,S,30,22,39,15,1024.7,1010.7,0,0,28.1,35.3,No,9,23.9,26.5,No
W0070,2021-04-10,Canberra,5.3,19.1,3.8,4.1,4.7,,0,SW,WNW,20,17,37,47,1022.4,1026.7,1,,12.0,17.0,Yes,2,8.0,4.6,No
W0071,2022-01-08,Wollongong,11.7,21.5,4.3,10.0,11.3,WNW,30,SSW,S,2,12,57,61,1016.3,1012.3,0,1,13.2,20.7,No,3,18.2,8.5,No
W0072,2015-08-22,Townsville,23.8,28.1,0.9,8.6,12.8,SW,41,ESE,NW,13,4,59,38,,1015.0,4,,24.0,26.4,No,10,18.2,,No
W0073,2018-01-06,Melbourne,7.8,20.4,1.6,5.3,,WNW,29,SSW,S,19,19,51,59,1016.3,1019.8,4,2,7.9,14.8,Yes,7,26.7,6.9,No
W0074,2017-05-19,Melbourne,10.0,17.5,1.2,10.0,12.8,NE,8,WNW,SE,23,29,53,32,1020.5,1020.3,4,3,13.3,17.0,No,2,9.3,14.3,No
W0075,2015-05-30,Brisbane,16.6,29.4,15.0,2.9,4.9,WNW,66,W,NNE,40,26,67,64,1012.2,1008.0,6,8,22.7,28.1,Yes,11,21.8,11.6,Yes
W0076,2018-06-29,Canberra,5.9,16.4,0.1,4.5,12.3,,37,NE,N,8,32,28,25,1018.1,1018.6,0,3,9.2,13.2,No,1,18.5,7.7,No
W0077,2020-09-03,Sydney,11.4,26.8,2.9,9.9,10.1,S,28,NE,WSW,16,17,30,37,1014.6,1026.8,1,3,15.3,26.6,Yes,7,8.5,13.1,No
W0078,2018-05-15,Sydney,16.6,19.7,2.5,14.2,11.3,E,39,NE,NE,13,26,56,21,1013.5,,4,5,17.0,18.5,No,11,22.2,18.3,No
W0079,2016-03-11,Darwin,26.0,31.5,25.1,14.0,1.8,SW,90,NNW,W,41,47,61,62,2000,1007.7,5,8,27.6,29.2,Yes,2,7.9,30.9,Yes
W0080,2020-08-01,Sydney,10.6,27.7,1.6,12.0,12.6,W,0,NE,ESE,17,11,53,57,1026.5,1014.3,1,1,10.7,27.7,No,6,22.2,10.8,No
W0081,2016-03-22,Hobart,10.7,14.1,3.7,1.4,-8.3,SW,23,NW,NNE,21,14,56,35,1022.0,1013.9,,3,11.4,13.4,No,1,30.4,15.4,No
W0082,2017-02-20,Adelaide,11.1,19.8,2.8,8.8,,N,42,W,SE,13,9,64,500,1016.5,1017.0,2,1,13.8,16.3,No,2,19.3,14.7,No
W0083,2019-10-15,Brisbane,20.7,31.8,1.8,4.2,11.4,WSW,23,ENE,S,4,33,28,37,1011.4,1010.0,5,0,23.6,31.2,No,3,46.8,23.1,No
W0084,2015-02-25,Newcastle,16.9,26.5,3.0,7.7,9.2,E,25,ESE,WNW,3,22,30,33,1011.9,1011.7,4,0,20.0,25.7,No,10,28.5,19.0,No
W0085,2016-09-28,Brisbane,18.9,23.8,0.2,14.3,6.4,S,17,SSW,NW,3,15,70,38,1025.4,1026.2,1,4,19.5,22.2,Yes,6,26.4,,No
W0086,2017-06-02,Canberra,9.4,23.6,8.0,10.8,-99,SE,36,N,SE,23,19,72,68,1004.1,1008.6,6,8,12.4,18.9,Yes,5,20.4,8.2,Yes
W0087,2020-12-08,Sydney,12.5,22.1,3.5,8.1,9.9,ESE,42,WNW,WNW,18,27,64,26,1027.1,1014.1,0,1,15.7,20.0,No,10,47.6,,No
W0088,2019-04-20,Cairns,22.5,35.4,3.3,9.3,4.8,ENE,36,E,NNW,24,19,58,42,1024.1,1010.2,1,,26.9,30.0,No,11,6.6,19.4,No
W0089,2018-04-02,Adelaide,11.0,28.3,4.1,0.9,5.0,N,28,WSW,E,21,18,28,63,1011.0,1024.6,0,,11.3,24.3,No,5,31.4,12.4,No
W0090,2020-08-30,Hobart,5.5,23.6,1.3,5.9,5.7,SW,12,N,W,29,0,29,17,1030.0,1019.3,,5,11.9,16.4,No,8,25.3,9.6,No
W0091,2020-05-24,Canberra,8.9,20.0,3.0,9.2,12.7,N,36,E,ENE,21,25,32,35,1021.9,1009.3,5,2,9.2,18.3,No,7,6.4,11.6,No
W0092,2016-12-14,Wollongong,11.5,22.6,4.6,2.0,9.0,NW,33,SSE,ESE,18,22,42,50,1028.6,1019.9,4,1,12.3,19.6,Yes,3,44.3,16.3,no
W0093,2016-01-19,Brisbane,17.7,31.4,0.2,1.2,,ENE,25,NNE,SSW,20,4,43,20,,1022.4,1,5,23.1,29.3,No,2,11.0,17.8,No
W0094,2018-11-05,Canberra,9.0,17.3,4.7,1.3,5.5,,17,SSE,NE,26,20,61,33,1029.7,1020.0,0,4,11.1,16.8,No,5,41.3,12.6,No
W0095,2019-10-05,Canberra,10.4,19.1,39.1,1.5,0.1,N,72,NE,NE,48,57,200,78,996.6,993.7,7,5,12.2,15.1,No,2,39.8,5.7,Yes
W0096,2020-10-16,Perth,15.7,21.9,4.8,1.4,,NW,13,S,S,29,18,47,35,1010.8,1019.2,5,2,16.6,20.1,No,10,38.7,20.3,No
W0097,2021-07-01,Melbourne,7.5,25.0,4.7,13.3,8.6,SSE,16,NE,WNW,30,8,43,62,1012.6,1019.6,2,2,15.1,19.2,No,10,41.8,5.7,No
W0098,2021-04-14,Brisbane,15.6,23.1,3.3,8.0,10.4,ENE,8,E,E,18,14,45,55,1023.4,,1,0,19.3,20.6,No,8,48.2,13.1,No
W0099,2017-06-24,Darwin,23.7,33.2,1.7,14.5,4.0,W,38,W,NW,0,15,63,60,1013.3,,5,2,24.5,29.2,No,9,8.4,25.9,No
W0100,2020-08-27,Darwin,25.5,35.0,6.9,13.9,5.2,,0,SE,ESE,45,31,87,92,1011.0,1007.7,8,8,28.6,34.2,Yes,6,18.0,,Yes
W0101,2022-07-21,Darwin,24.2,36.8,2.8,6.4,11.2,SSW,38,W,S,28,10,38,36,1018.1,,2,5,25.9,32.3,No,6,10.7,22.1,No
W0102,2018-03-11,Darwin,22.1,33.8,3.3,14.6,12.5,S,31,N,W,8,17,67,17,1023.6,1012.5,3,4,24.4,32.8,No,5,29.1,23.2,No
W0103,2016-10-15,Canberra,9.4,200,0.5,2.7,10.1,SSE,35,SE,ESE,17,20,40,25,1010.9,1013.2,4,2,10.5,15.3,Yes,4,33.0,5.6,No
W0104,2015-02-27,Newcastle,-200,26.8,1.5,9.0,5.0,WNW,35,S,WNW,1,15,58,18,1015.6,1022.8,1,3,16.7,25.4,No,8,46.3,15.4,No
W0105,2015-05-20,Sydney,16.2,24.1,3.9,,9.4,NNE,18,NNW,WNW,18,29,29,18,1026.9,1026.9,1,3,16.5,23.4,No,11,33.4,18.7,No
W0106,2021-04-28,Newcastle,11.5,24.3,25.5,8.9,0.1,SSW,77,S,NNE,54,35,99,95,1009.5,1007.4,5,7,13.7,20.3,Yes,5,25.2,16.5,Yes
W0107,2022-06-07,Adelaide,13.5,-50°C,1.1,5.1,7.9,SSW,13,W,ESE,8,21,63,-5,1012.6,1022.5,5,0,14.4,22.0,No,11,13.8,18.2,No
W0108,2019-01-23,Wollongong,11.2,24.3,3.0,4.0,6.3,E,-20,WSW,E,26,20,70,45,1015.1,1010.3,3,3,14.4,22.6,No,10,18.2,7.0,No
W0109,2017-06-20,Sydney,16.3,26.7,0.4,2.6,-99,SW,12,E,N,17,10,59,21,1010.1,1011.8,2,3,17.7,23.2,No,3,31.5,21.2,No
W0110,2020-04-06,Cairns,24.6,27.5,35.9,2.3,5.1,47,96,E,SE,19,35,92,65,,994.5,8,4,24.9,26.1,No,2,22.2,28.0,Yes
W0111,2015-10-23,Cairns,18.9,28.9,4.3,8.5,8.0,WSW,7,ESE,SSE,18,11,106,44,1016.1,1015.9,2,1,20.6,24.3,Yes,10,9.0,22.8,No
W0112,2018-08-12,Canberra,10.3,20.2,4.2,5.4,5.5,W,11,ESE,SSE,21,17,60,35,1017.2,1015.4,0,4,14.2,15.5,Yes,9,20.1,,No
W0113,2020-08-12,Townsville,20.6,35.1,33.6,11.5,3.4,SW,40,NE,E,34,26,74,63,1009.8,1000.7,5,5,27.4,33.8,No,2,47.0,22.9,Yes
W0114,2015-10-21,Sydney,16.9,20.1,3.4,1.6,4.8,W,35,E,SE,45,45,66,91,1010.3,1008.5,,,17.6,19.7,No,7,12.9,18.2,Yes
W0115,2021-08-10,Perth,18.2,21.3,2.4,4.7,4.2,WSW,20,WSW,ESE,6,13,64,51,2000,1010.0,4,5,18.7,20.0,No,7,28.7,20.8,No
W0116,2022-08-28,Darwin,24.8,33.2,0.6,2.9,5.3,E,12,NW,ENE,11,31,42,49,1012.4,,2,4,26.7,31.4,Yes,10,32.2,24.5,No
W0117,2016-05-24,Wollongong,16.5,21.9,25.5,10.6,1.1,SW,70,ENE,ESE,37,56,71,85,995.2,997.7,5,7,17.3,20.4,Yes,9,13.8,12.0,Yes
W0118,2021-06-14,Canberra,7.8,150,-5,11.5,4.8,SW,18,NNE,NE,19,33,999,59,1011.3,1017.7,3,1,10.7,15.9,No,7,20.1,10.8,No
W0119,2019-05-12,Cairns,18.6,34.8,3.6,3.7,4.2,,21,SE,SSW,5,17,67,47,1019.1,1015.8,4,1,25.1,33.8,No,5,30.2,14.8,No
W0120,2022-09-01,Canberra,11.1,21.4,0.1,13.9,,SE,28,ENE,ESE,30,35,30,52,1012.2,,3,0,12.5,21.3,No,5,30.7,11.5,No
W0121,2016-10-24,Newcastle,16.2,21.2,3.1,2.3,10.8,N,16,E,S,7,23,30,64,1025.0,1018.4,5,,17.4,19.7,No,7,35.6,19.5,No
W0122,2019-04-25,Perth,-200,28.7,3.6,7.1,11.0,,44,NNE,W,15,26,59,58,1017.2,1018.3,4,2,20.8,25.2,Yes,4,26.4,14.9,No
W0123,2019-10-18,Darwin,21.3,37.7,1.9,6.9,10.7,ESE,29,SSW,E,22,33,57,58,1023.6,1008.6,5,2,23.4,31.2,No,6,33.1,25.2,No
W0124,2021-06-26,Townsville,23.7,27.6,2.3,6.5,-1,W,34,W,NW,4,23,27,36,1022.3,1024.9,5,4,24.3,25.8,No,11,20.8,,No
W0125,2016-01-07,Townsville,19.9,31.3°C,1.2,13.0,4.4,SW,13,WSW,NW,15,14,25,60,1012.7,1009.7,4,5,22.0,28.6,No,7,8.5,24.0,No
W0126,2022-11-04,Darwin,22.9,31.6,3.1,10.6,4.2,WNW,37,N,W,8,34,61,62,1027.3,1011.2,3,2,26.9,31.3,No,2,47.7,19.0,No
W0127,2017-09-20,Newcastle,16.3,22.2,4.8,4.2,6.3,,18,SE,WSW,20,32,43,44,,,5,5,17.8,19.5,Yes,5,22.8,12.1,No
W0128,2022-11-12,Cairns,21.0,30.3,2.2,3.3,12.5,W,31,ESE,NNW,28,23,52,51,1016.7,,3,0,21.7,27.6,No,5,11.6,22.5,No
W0129,2018-02-27,Adelaide,14.9,24.9,2.4,8.9,10.8,ENE,39,SE,SW,8,29,31,150,,1015.4,1,1,17.2,20.8,No,11,15.1,15.4,No
W0130,2017-12-26,Cairns,24.6,27.9,4.9mm,2.0,6.7,SE,22,NW,ENE,28,11,46,59,1017.3,1017.5,3,3,25.6,27.8,No,1,39.8,23.8,No
W0131,2019-08-02,Adelaide,11.3,28.9,2.0,9.3,7.4,,32,SSW,ENE,8,25,30,31,1028.5,1014.9,0,5,20.1,28.3,No,1,45.7,,No
W0132,2019-12-23,Brisbane,15.8,33.1,1.9,6.0,9.9,SSE,19,NNE,E,6,26,50,41,1015.1,1014.6,3,,21.7,27.1,No,11,31.8,15.7,No
W0133,2022-08-25,Hobart,5.7,15.7,3.4,11.7,11.3,N,39,SSE,WNW,18,10,57,48,1019.5,1008.3,0,0,10.0,14.9,Yes,4,6.1,,No
W0134,2016-08-12,Darwin,24.8,33.1,21.5,13.7,3.3,,37,NW,S,59,56,71,64,997.5,996.0,8,5,27.5,32.5,Yes,7,38.6,20.6,Yes
W0135,2018-02-24,Newcastle,15.1,24.1,16.3,0.8,1.8,,61,SE,NE,36,58,78,89,1013.0,1012.4,5,7,17.9,22.3,Yes,8,40.3,10.9,Yes
W0136,2021-04-03,Canberra,8.6,17.7,2.8,12.4,9.7,S,7,WSW,NNW,0,7,37,64,1021.1,1022.3,5,3,9.8,13.3,No,3,40.1,6.0,No
W0137,2019-11-28,Wollongong,11.1,27.6,2.5,11.6,10.4,,34,SE,W,21,33,56,43,1018.2,1026.4,2,3,11.5,25.9,No,11,35.9,8.9,No
W0138,2021-01-19,Newcastle,15.3,19.6,1.6,13.5,5.0,N,16,WNW,SSE,19,28,67,19,1029.8,1025.2,2,1,17.1,19.2,Yes,3,14.1,13.7,No
W0139,2019-01-22,Townsville,18.7,33.8,0.0,2.1,12.5,NE,16,ENE,SSW,18,6,39,30,,1014.6,0,0,21.3,30.3,Yes,11,40.8,22.5,No
W0140,2020-08-07,Cairns,23.0,29.5,3.2,0.7,8.5,N,15,SW,NW,0,20,52,61,1019.4,1024.7,2,5,23.6,29.1,No,3,38.7,20.7,No
W0141,2020-04-26,Canberra,9.2,20.0,31.2,9.7,5.7,NW,62,WSW,ENE,29,25,91,88,1014.8,995.9,5,4,11.1,17.5,Yes,8,37.7,12.4,Yes
W0142,2016-07-28,Melbourne,9.4,19.8,1.3mm,9.3,9.5,,17,ENE,NNE,4,5,67,23,1011.0,1013.2,2,2,10.7,15.4,No,8,15.7,,No
W0143,11/11/2017,Wollongong,14.8,99.9,4.2,10.5,12.0,SE,28,ESE,W,7,13,49,61,1016.4,1022.4,5,1,15.8,26.6,No,7,29.5,17.6,No
W0144,2020-05-26,Sydney,16.7,19.1,3.1,0.6,10.3,SSW,37,SSE,WSW,16,23,52,56,1018.2,1016.5,5,4,17.6,18.1,No,9,20.1,14.9,No
W0145,2016-08-20,Townsville,20.1,33.6,2.2,5.2,9.5,SSE,8,WNW,W,22,23,57,51,1022.6,1008.1,3,2,20.3,32.0,Yes,9,49.0,17.3,No
W0146,2019-08-14,Perth,15.4,25.6,3.1,0.9,100,SE,17,E,WNW,1,14,60,64,1020.9,1025.5,3,0,20.2,21.7,Yes,9,7.1,12.8,No
W0147,2021-02-07,Wollongong,12.0,29.2,11.4,7.2,-3.4,SSW,96,ENE,WSW,33,28,86,83,1007.5,1006.2,8,5,12.3,28.9,Yes,6,48.3,11.5,Yes
W0148,2019-03-21,Perth,13.0,25.0,2.4,2.2,7.7,ESE,34,NE,NE,9,26,27,49,1016.1,1016.7,3,1,17.9,22.4,No,8,22.5,11.9,No
W0149,2022-02-28,Wollongong,14.0,24.6,35.0,5.1,3.3,WSW,100,E,NNW,20,26,84,58,1012.8,1002.6,7,7,17.0,24.0,No,4,47.3,,N
W0150,2018-04-25,Townsville,23.5,36.5,5.0,13.5,11.4,SW,45,ESE,SSE,0,15,25,26,1028.3,1023.3,2,,28.1,36.1,No,2,30.9,20.5,No
W0151,2018-12-23,Hobart,6.8,13.5,5.9,8.9,5.3,SSW,100,SW,SE,-47.0,37,96,76,,1008.9,7,5,7.8,12.7,Yes,5,41.3,4.7,Yes
W0152,2015-04-21,Cairns,18.8,36.4,4.8,8.8,8.0,SE,45,NNW,SSE,4,11,46,44,1021.2,1008.2,4,3,26.2,34.6,No,10,14.9,21.3,No
W0153,2020-02-26,Hobart,9.5,14.9,2.2,4.4,7.4,NW,44,SW,ENE,9,18,57,43,1024.8,1015.3,5,0,9.8,12.5,No,8,29.7,13.6,No
W0154,2020-11-15,Newcastle,10.8,22.5,0.5,0.3,10.7,NE,20,NNE,W,30,4,34,51,1014.0,1027.8,2,5,12.4,18.2,No,11,15.2,7.2,No
W0155,2017-11-11,Perth,15.2,21.1,0.8,1.4,7.4,E,7,SE,SE,18,6,51,22,1012.5,1013.3,4,5,16.1,20.7,No,7,32.1,13.6,No
W0156,2022-04-21,Brisbane,16.6,25.6,1.9,7.1,8.1,ENE,9,ENE,NW,13,12,128,21,1027.0,,2,2,17.9,22.5,N,5,43.3,18.3,No
W0157,2019-12-23,Canberra,6.5,15.8,26.8,8.2,1.4,,80,ESE,ENE,24,56,79,55,998.1,996.9,7,7,10.7,15.8,Yes,8,38.2,8.0,Yes
W0158,2022-06-25,Hobart,8.1,20.9,2.5,6.0,,ENE,36,NNE,ENE,5,7,54,23,1028.6,1024.8,3,0,11.5,20.3,No,11,14.4,7.9,No
W0159,2020-12-06,Perth,18.6,29.1,4.4,12.5,11.8,N,22,W,ENE,6,-23.0,57,47,1015.9,1020.9,4,3,19.8,24.8,No,6,14.5,15.1,No
W0160,2020-10-16,Brisbane,15.0,32.1,27.6,7.6,0.3,NE,53,NNW,E,26,41,77,84,1014.8,994.0,5,8,22.3,30.2,Yes,2,24.0,10.1,Yes
W0161,2021-01-29,Darwin,23.7,39.1,1.3,3.0,10.8,NW,27,S,ENE,4,17,40,20,1027.1,1027.9,0,2,29.5,38.5,No,4,9.2,22.1,No
W0162,2021-03-18,Sydney,16.4,20.2,0.2,4.3,8.6,SSW,31,ENE,SE,17,12,65,29,1025.1,1024.9,3,4,17.5,20.1,No,7,16.1,11.4,No
W0163,2016-12-25,Brisbane,16.6,32.5,2.4,5.8,8.1,NW,10,NW,NNW,10,34,43,38,1010.3,1017.6,5,0,21.3,31.6,No,4,48.3,13.7,No
W0164,2019-12-13,MELBOURNE,15.1,29.9,3.9,,-0.1,SW,98,SW,N,36,44,87,69,0,1002.4,7,6,15.8,24.0,No,5,42.5,16.0,Yes
W0165,2016-09-27,Melbourne,11.0,26.5,1.7,1.7,8.5,S,13,SSW,NNW,29,34,47,32,1024.2,1012.0,0,4,14.2,25.0,No,9,35.1,15.0,No
W0166,2019-04-05,Canberra,6.5,22.9,2.0,11.0,12.1,WNW,8,SE,ESE,15,5,67,34,1023.0,1020.3,1,3,14.1,15.4,No,2,26.6,8.3,No
W0167,2019-03-26,Sydney,13.5,24.1,32.5,1.0,0.4,N,85,NNW,NNE,53,24,65,92,1004.6,993.0,8,8,17.4,23.2,No,2,34.2,,Yes
W0168,2020-01-10,Adelaide,11.9,27.3,3.0,14.1,9.1,NNW,9,S,NNW,30,7,26,23,,1009.6,3,3,17.1,19.7,No,8,9.8,10.7,No
W0169,2020-07-16,Wollongong,10.6,24.4,1.3,5.1,7.1,SW,40,NNE,ESE,13,0,55,23,1012.1,1026.1,0,1,15.2,17.9,No,2,32.9,7.3,No
W0170,2016-02-18,Newcastle,12.2,200,24.8,3.3,5.6,SE,54,NW,ESE,35,58,78,58,1014.3,1001.1,8,7,12.8,17.8,No,10,23.7,7.2,Yes
W0171,2016-04-21,Adelaide,9.5,24.5,9999,6.2,10.0,S,41,S,ENE,21,33,34,40,1023.0,1023.4,1,0,13.8,19.0,No,4,8.4,9.2,No
W0172,2020-02-03,Darwin,-99,35.4,2.2,,10.0,NNW,11,ENE,SE,1,24,30,34,1012.7,1015.2,2,2,26.3,35.1,No,6,8.8,16.7,No
W0173,2018-05-24,Brisbane,17.5,25.9,0.5,3.5,11.8,NE,9,NNW,SSE,5,15,28,65,1028.1,1009.4,0,,19.6,23.5,No,11,45.6,,No
W0174,2016-03-05,Melbourne,8.9,19.0,1.7,10.0,9.7,SE,12,SW,SE,6,19,61,47,1024.9,1015.6,4,,13.3,17.9,No,5,7.6,5.8,No
W0175,2022-02-25,Adelaide,14.9,24.7,0.7,1.5,5.5,SW,13,SW,N,20,10,36,51,1013.4,1022.2,,5,18.4,24.4,No,5,20.5,13.9,No
W0176,2022-05-14,Canberra,10.7,17.8,4.4mm,,5.8,NE,41,NNE,E,29,20,70,46,1023.3,1010.9,0,2,13.0,16.8,Yes,8,44.0,15.2,No
W0177,2020-04-24,Adelaide,10.4,25.9,4.5,11.6,8.2,NW,11,NE,NE,30,16,62,51,1012.5,1013.9,4,5,15.0,19.5,No,1,46.2,11.0,No
W0178,2015-02-13,Townsville,19.7,31.2,25.0,3.1,6.0,,46,ESE,NE,21,64,90,93,1007.9,1005.0,7,4,21.5,27.8,Yes,4,25.4,22.9,Yes
W0179,2021-01-08,Sydney,13.6,24.2,3.4,10.2,2.2,,47,NE,SSW,59,17,75,94,997.8,1000.3,8,7,18.8,19.9,no,6,46.2,14.3,Yes
W0180,2018-08-17,Melbourne,11.2,21.6,4.3,12.9,8.0,NNW,45,SW,N,22,19,68,63,1026.5,1020.0,4,0,13.1,17.4,No,4,19.7,14.3,No
W0181,2018-03-14,Wollongong,11.1,21.1,3.1,14.0,12.0,WNW,11,SE,SW,27,29,44,23,1025.9,1014.1,2,4,13.9,18.1,No,4,7.0,12.0,No
W0182,2015-08-26,Perth,17.5,21.6,1.9,10.3,,,24,E,NNW,4,30,46,500,1026.0,1015.5,4,4,18.4,19.6,No,11,26.3,15.3,No
W0183,2021-04-17,Perth,12.1,26.8,10.0,-13.6,2.0,ENE,52,WSW,SE,53,39,66,89,,1010.8,4,8,15.1,22.5,No,6,40.2,15.5,Yes
W0184,2016-10-09,Melbourne,13.0,17.2,25.1,0.5,1.2,NW,41,SSW,SSW,15,43,69,65,997.6,1001.2,7,6,13.6,15.6,Yes,7,22.6,10.1,Yes
W0185,2017-07-05,Adelaide,15.9,28.5,3.9,4.7,10.5,SSW,999,SSE,WSW,7,21,68,42,1021.2,,5,3,21.4,23.7,No,3,37.2,18.8,No
W0186,2015-11-01,Melbourne,7.7,19.8,2.7,,10.0,,19,SW,ENE,10,17,27,51,1010.5,1023.0,5,4,13.5,15.8,No,9,5.8,8.1,No
W0187,2019-10-13,Melbourne,7.2,25.2,2.2,6.7,11.5,NE,34,ESE,WNW,8,8,43,52,1010.4,,2,1,8.8,16.2,No,5,45.2,7.1,No
W0188,2015-11-02,Canberra,10.3,15.9,0.8,10.8,4.2,N,10,E,NNW,9,7,45,28,1022.0,1018.3,5,0,12.7,14.1,No,8,26.5,7.7,No
W0189,2019-10-17,Adelaide,14.2,20.3,2.3,6.8,5.3,SW,30,SSW,ESE,58,19,98,63,1011.6,,4,4,16.8,18.4,Yes,11,42.5,16.5,Yes
W0190,2022-12-14,Adelaide,11.8,19.4,2.1,12.1,6.2,SW,35,SE,ESE,27,25,63,59,1011.9,1013.7,3,0,14.4,17.1,No,2,47.4,8.3,No
W0191,2018-01-09,Sydney,11.4,-50,34.7,4.5,3.9,SE,53,WSW,SE,27,44,82,85,999.4,1001.3,7,8,11.9,16.9,Yes,1,30.8,9.2,Yes
W0192,2022-03-16,Adelaide,9.8,28.9,3.4,4.3,8.9,NW,22,SSW,SSW,13,21,26,41,1021.0,1011.4,1,0,16.9,24.5,No,11,47.5,8.3,No
W0193,2016-10-22,Wollongong,15.8,28.4,3.8,9.4,9.4,NNW,12,NNW,ESE,1,1,25,45,1026.8,1022.2,3,1,19.9,23.5,Yes,9,28.8,15.2,No
W0194,2015-10-15,Sydney,14.3,25.6,3.9,12.1,12.8,SW,25,SSW,ENE,3,1,999,34,1018.2,1016.3,3,3,17.0,20.1,No,6,11.1,15.5,No
W0195,2018-05-16,Perth,14.7,21.3,3.1,1.0,11.3,SW,26,SE,SSE,3,30,68,29,1014.6,1011.2,0,4,16.8,21.0,No,8,47.8,15.8,No
W0196,2021-05-05,Perth,13.9,23.6,4.8,5.2,10.6,W,28,SE,E,0,4,30,55,1011.7,1023.0,2,3,17.3,22.6,No,8,28.3,14.0,No
W0197,2018-07-28,Adelaide,12.6,26.0,4.0,2.9,4.9,,39,ENE,E,15,16,32,42,1027.3,1017.6,1,3,16.7,22.8,No,10,33.6,13.2,No
W0198,2015-10-02,Newcastle,12.0,-50,37.8,3.7,5.5,NE,47,NE,NNW,52,16,78,78,2000,993.7,5,8,12.5,24.4,No,10,29.2,16.1,Yes
W0199,2020-04-09,Brisbane,16.1,32.8,1.3,7.8,7.2,SE,20,NW,E,9,34,40,55,1020.5,1020.3,5,3,19.5,30.4,No,9,14.6,15.2,No
W0200,2017-06-01,Brisbane,19.0,25.0,4.9,11.2,6.2,NW,20,SE,N,1,3,69,52,1016.8,1021.4,5,4,21.5,22.1,No,10,15.4,19.3,No
W0201,2022-03-19,Newcastle,10.2,20.6,2.5,13.0,10.6,SW,40,SW,NNW,15,3,27,48,1022.1,1014.7,3,0,11.1,15.5,No,9,26.7,6.1,No
W0202,2017-04-26,Hobart,11.0,16.7,6.9,7.4,1.5,W,86,NNE,ESE,43,42,95,86,1009.0,996.9,4,7,13.6,16.1,Yes,4,5.0,7.5,Yes
W0203,2016-06-26,Sydney,13.5,24.4,4.6,11.6,6.3,ENE,20,E,ENE,13,-21.0,69,28,1023.1,1011.8,1,2,14.1,22.8,No,11,18.1,13.5,No
W0204,2018-08-21,Townsville,18.0,35.6,1.3,5.4,12.0,NW,32,SW,WSW,16,21,65,130,1010.4,1025.9,1,2,20.0,33.2,Yes,10,30.0,21.2,No
W0205,2019-02-07,Adel@ide,18.7,29.7,1.6,12.4,1.5,SE,97,ENE,S,50,49,90,56,995.1,,6,7,23.6,27.5,No,7,17.9,16.2,Yes
W0206,2017-04-06,Cairns,22.5,29.7,4.2,13.0,-1,S,22,NNE,WNW,0,30,62,45,1012.5,1015.4,2,1,25.6,26.6,No,11,29.3,19.8,No
W0207,2019-06-18,Adelaide,11.4,27.5,-2.9,,,E,16,NW,SW,5,22,26,22,1024.2,,3,0,18.4,20.1,No,4,41.0,7.8,No
W0208,2017-08-23,Cairns,22.0,28.7,12.5,11.1,0.2,SSW,69,WNW,SSW,55,21,88,-5,1002.8,993.0,4,8,23.8,26.3,Yes,9,45.2,24.2,Yes
W0209,2021-06-13,Brisbane,17.1,26.4,4.1,0.4,10.3,SSE,20,W,SE,2,0,53,101,1010.7,1008.6,0,2,18.4,25.2,No,2,28.4,22.1,No
W0210,2018-01-07,Melbourne,23.4°C,8.6,1.9,2.0,5.0,E,24,ENE,E,25,24,35,38,1011.0,1020.9,5,3,12.4,23.0,No,6,35.6,10.7,No
W0211,2017-12-20,Cairns,23.0,35.2,2.0,11.2,6.4,NNW,28,W,W,14,16,44,57,1027.0,1028.0,3,0,23.4,32.4,No,8,20.6,25.6,No
W0212,2022-06-27,Hobart,10.2,13.5,2.8,-7.7,-99,NE,24,SSE,NW,7,6,49,28,1028.5,1010.2,4,4,10.7,12.7,No,5,10.6,13.2,No
W0213,2021-05-12,Canberra,10.9,14.1,5000,2.2,,SE,23,SE,SE,13,23,50,64,1019.1,1022.7,2,0,10.9,13.4,No,7,41.9,6.5,No
W0214,2019-11-23,Adelaide,-99,28.8,3.1,6.6,10.1,SSE,45,S,SE,7,34,34,60,1010.2,1013.6,3,3,10.0,24.1,No,11,14.3,10.2,No
W0215,2017-03-21,Adelaide,10.6,24.2,3.4,4.4,,NNE,10,NE,ENE,24,3,25,54,1015.5,1016.7,0,5,14.6,20.0,No,7,19.4,11.9,No
W0216,2016-10-31,Hobart,8.6,16.8,3.1,5.1,5.4,SSW,61,S,SE,31,20,87,66,1013.9,993.2,6,6,9.0,13.4,Yes,7,18.5,8.1,Yes
W0217,2020-04-07,Townsville,17.5,36.1,31.9,5.9,3.4,ENE,98,ESE,NNW,53,25,97,63,1014.7,1006.2,,6,23.4,30.3,Yes,7,22.5,18.7,Yes
W0218,2015-04-22,Darwin,23.3,39.2,10.5,6.9,6.0,NNW,91,N,SE,44,56,69,65,1002.5,998.9,7,4,26.2,34.5,Yes,5,5.8,20.3,yes
W0219,2020-11-21,Townsville,22.8,30.7,2.2,14.7,9.1,SE,34,S,WSW,18,1,36,20,1015.7,1026.2,1,1,23.9,27.9,No,11,10.5,26.2,No
W0220,2020-07-20,Townsville,21.4,28.1,2.4,5.0,4.4,SSW,11,SSW,ESE,-5.0,25,30,53,1010.0,1026.5,4,3,24.2,27.5,Yes,11,37.9,,No
W0221,2020-12-26,Newcastle,16.3,22.5,3.7,9.3,11.7,WSW,8,ESE,W,7,14,45,44,1015.2,,5,2,16.3,21.5,No,3,37.4,18.1,No
W0222,2015-07-24,Canberra,7.4,20.6,1.7,1.1,7.2,SSE,17,SSE,W,17,20,58,61,1029.1,1009.2,,5,9.5,15.5,No,2,22.6,12.0,No
W0223,2020-01-31,Wollongong,14.9,19.4,3.6,,11.9,NW,20,SE,SSW,2,23,67,61,1016.1,1023.9,3,5,15.9,18.3,No,9,9.9,19.3,No
W0224,2018-09-01,Brisbane,20.1,25.0,4.5,10.7,9.5,NNE,34,SW,ENE,29,29,41,42,1017.2,1013.1,5,1,20.6,23.7,Yes,9,15.9,24.6,No
W0225,2021-05-15,Cairns,19.6,36.6,2.5,,6.5,ENE,27,S,N,9,2,68,49,1013.4,1015.5,4,1,26.5,36.0,No,10,44.0,18.1,No
W0226,2020-09-21,Hobart,9.3,23.4,-5,14.6,100,NNE,10,NW,S,2,11,46,44,1025.9,1009.9,4,2,10.7,20.4,No,11,27.1,10.4,No
W0227,2016-12-24,Perth,17.8,22.3,4.9,5.2,2.0,,53,WSW,W,18,23,93,58,1014.8,,5,6,19.7,20.3,No,11,19.8,16.1,Yes
W0228,2016-06-26,Brisbane,14.6,33.4,0.7,12.8,6.0,SSW,44,NE,SSW,29,22,55,21,,1025.2,1,2,17.0,25.1,No,6,21.2,11.6,No
W0229,2015-06-13,Hobart,8.4,23.2,2.2,12.5,9.8,,8,WSW,NW,27,20,48,63,,1015.1,4,3,13.9,19.2,No,6,26.3,5.0,No
W0230,2019-01-15,Darwin,20.2,31.2,4.8,6.2,10.6,SE,43,N,E,1,18,64,23,1029.0,1023.5,1,1,22.4,26.0,No,10,26.7,21.3,No
W0231,2021-11-14,Canberra,5.7,18.0,12.5,9.6,,ENE,32,NW,NE,36,28,66,74,1006.6,994.6,6,7,5.8,17.8,No,9,26.1,8.1,Yes
W0232,2018-01-21,Melbourne,8.6,17.7,0.8,,6.4,NNE,23,SW,ENE,21,17,59,44,1029.9,1019.1,4,5,11.0,17.5,Yes,6,31.9,11.4,No
W0233,2021-03-06,Brisbane,28.0,18.0,18.3,11.7,0.6,SE,90,SW,WNW,49,45,65,81,-100,997.8,8,,22.6,26.0,No,10,12.9,21.1,Yes
W0234,21/02/2022,Brisbane,15.8,26.1,4.4,6.8,4.4,SW,28,SSE,ESE,25,8,56,60,1017.7,1014.7,1,1,18.0,22.7,No,5,45.5,13.8,No
W0235,2015-02-08,Sydney,15.6,25.6,3.5,6.0,12.3,ESE,43,WNW,SSW,24,31,56,61,1018.5,1013.2,2,3,18.5,21.7,Yes,3,44.2,14.1,No
W0236,2019-10-18,Newcastle,14.2,27.8,23.3,,4.9,SE,77,SSE,W,47,59,62,70,1012.1,1003.6,8,4,20.5,23.5,Yes,4,33.8,17.1,Yes
W0237,2018-05-27,Wollongong,12.7,25.5,2.2,6.9,12.0,N,37,NW,NW,28,22,54,18,0,1022.0,0,,15.2,19.6,No,2,20.5,13.9,No
W0238,16/04/2021,Darwin,26.6,35.0,4.7,4.6,7.0,SE,17,WNW,NE,15,12,40,64,1029.8,1013.7,3,,27.5,31.8,No,6,44.9,31.3,No
W0239,2020-10-18,Perth,14.6,30.1,6.7,7.0,4.6,NNW,58,E,ESE,41,21,66,93,999.8,,5,,18.5,24.4,No,5,15.7,,Yes
W0240,2018-06-23,Newcastle,16.3,19.3,2.4,9.1,11.3,NW,40,N,N,10,24,70,63,1013.3,1027.5,4,0,16.3,18.4,No,9,48.5,16.9,No
W0241,2021-09-17,Melbourne,12.6,24.0,3.4,11.6,7.6,NNW,5000,N,N,9,0,66,24,1029.1,1008.1,3,4,17.3,21.5,Yes,2,37.9,8.0,No
W0242,2017-06-01,Brisbane,19.0,25.0,4.9,11.2,6.2,NW,20,SE,N,1,3,69,52,1016.8,1021.4,5,4,21.5,22.1,No,10,15.4,19.3,No
W0243,2015-04-28,Townsville,19.1,26.0,4.3,12.5,4.1,W,31,NW,WNW,16,17,41,35,1021.7,1022.6,4,0,20.5,26.0,No,8,49.5,14.8,No
W0244,2021-08-30,Cairns,22.2,27.3,3.5,6.9,5.6,NNW,20,SW,S,18,13,25,22,1012.1,1025.1,2,0,22.5,25.2,No,8,33.5,25.5,No
W0245,2019-10-13,Canberra,10.4,16.2,2.9,12.7,11.0,SW,17,NE,WNW,25,10,51,58,1028.7,1008.9,3,3,11.9,16.1,No,2,21.3,7.2,No
W0246,2016-01-29,Townsville,19.8,33.1,4.5,9.2,12.0,NNE,44,SSW,SW,19,0,70,38,1023.2,1018.6,0,4,25.8,27.6,No,7,33.7,23.6,No
W0247,2020-08-23,Perth,15.1,28.2,1.0,8.8,8.9,SE,33,WSW,N,14,7,999,44,1020.7,1026.2,0,4,16.4,23.9,No,2,15.0,14.6,No
W0248,20/11/2018,Hobart,6.5,22.4,4.8,6.1,12.2,N,28,SSW,N,10,29,33,64,1012.6,1012.4,1,3,10.2,16.8,No,3,21.3,9.1,No
W0249,2016-08-16,Darwin,21.7,35.6,19.9,5.2,3.4,WNW,48,WNW,ESE,23,58,68,96,1002.4,997.4,6,8,25.0,28.7,No,11,48.9,24.1,Yes
W0250,2015-08-17,Melbourne,10.4,21.5°C,0.7,13.1,8.6,S,31,W,N,1,21,35,54,1028.3,1023.0,4,2,13.6,21.3,No,7,32.5,7.8,No
W0251,2015-06-09,Cairns,21.1,28.6,1.2,14.3,,,31,NNE,SW,20,13,34,31,1023.3,1025.3,5,,21.3,27.6,Yes,2,14.1,17.9,No
W0252,2015-09-26,Canberra,10.6,17.6,1.7,13.0,11.4,NNE,32,WSW,S,18,34,70,25,1011.2,1012.7,4,3,11.4,14.7,No,6,33.7,5.7,No
W0253,2021-07-26,Hobart,7.3,16.6,1.8,6.5,,,39,NNE,ESE,22,24,68,36,1025.6,1010.8,5,4,8.0,13.7,Yes,7,29.9,4.7,No
W0254,2018-06-08,Newcastle,-200,24.0,30.9,13.3,,N,35,SE,E,50,50,200,71,998.4,993.8,4,7,14.3,20.5,Yes,5,12.0,8.0,Yes
W0255,2022-02-22,Sydney,16.1,23.2,1.4,12.0,8.2,WNW,32,W,WNW,16,9,64,43,1013.7,1008.1,2,,17.0,22.3,No,2,15.1,16.0,No
W0256,2017-10-01,Canberra,8.9,21.5,0.2,10.2,5.6,E,38,E,W,26,14,33,26,1022.2,1020.9,3,1,9.5,18.4,No,7,34.0,6.8,No
W0257,2022-05-24,Melbourne,25.9,12.7,2.3,2.7,10.4,S,41,SE,WSW,14,20,65,28,1024.1,1021.9,0,,13.0,21.1,No,9,37.2,8.4,No
W0258,2017-07-25,Hobart,9.0,13.0,1.6,7.8,9.1,NNW,12,NW,S,17,5,32,15,1011.0,1025.8,4,1,10.7,11.8,No,6,16.8,8.9,No
W0259,2018-01-25,Perth,16.8,28.9,2.1,11.7,12.5,NW,34,WSW,NNW,6,3,36,25,1025.1,1016.4,5,1,17.4,24.9,No,11,39.9,14.8,No
W0260,2018-03-17,Townsville,23.6,35.1,4.4,12.7,10.1,E,10,WNW,WNW,23,2,56,19,1028.4,1011.3,2,2,27.8,30.4,Yes,9,8.8,25.1,No
W0261,2019-11-28,Brisbane,16.9,29.2,3.5,7.5,9.1,SSE,17,W,ESE,17,-21.0,38,25,9999,1017.6,1,2,22.2,23.2,No,7,17.5,12.9,No
W0262,2017-03-27,Cairns,20.8,31.1,4.1,12.8,8.2,ENE,16,SE,E,3,8,54,49,1015.9,1023.3,1,1,23.9,27.7,No,6,24.2,22.0,No
W0263,2015-03-29,Canberra,5.9,20.7,3.9,4.0,5.0,NW,31,NE,SW,9,3,32,57,1027.3,1009.4,5,,10.5,15.2,No,3,36.8,8.0,No
W0264,2018-09-03,Newcastle,14.1,23.2,39.8,10.9,4.2,ESE,30,S,S,38,31,63,61,1011.4,995.9,4,6,18.3,21.3,No,7,40.0,13.7,Yes
W0265,2021-01-07,Brisbane,17.8,24.4,4.6,4.5,12.9,S,24,ENE,W,11,5,52,49,1014.1,1014.9,0,2,20.2,23.9,No,4,47.3,14.4,No
W0266,2022-10-04,Adelaide,12.1,26.2,1.0,2.0,4.3,W,12,SE,S,10,-10.0,44,17,1024.2,1017.7,4,5,16.9,19.9,No,6,35.4,9.1,No
W0267,2022-07-29,Newcastle,13.3,25.0,1.0,7.0,6.8,S,999,SSW,SSE,24,5,51,48,1023.8,1024.1,1,5,14.8,24.0,No,11,28.3,15.7,No
W0268,2017-06-26,Melbourne,13.3,19.2,0.4,,11.6,SW,12,WNW,NW,30,22,49,22,1013.3,1008.7,4,2,15.0,17.7,No,4,45.3,9.2,No
W0269,2020-11-08,Perth,14.8,24.9,0.3,8.4,6.2,SSW,0,S,NW,16,6,31,23,1019.2,1015.7,1,1,17.2,24.3,No,5,32.4,10.2,No
W0270,2015-10-06,Hobart,8.6,17.1,3.7mm,6.3,6.0,NE,34,WNW,SSE,54,61,93,67,,,6,8,10.4,13.4,Yes,5,25.8,5.3,Yes
W0271,2015-02-16,Brisbane,16.2,26.0,3.8,14.1,6.3,E,42,ENE,ENE,25,21,59,38,1016.2,1025.0,1,1,18.6,22.6,No,3,8.0,14.9,No
W0272,2015-09-28,Townsville,20.8,32.5,2.7,3.4,,SSE,41,ENE,NW,11,33,46,38,1018.8,1015.6,4,0,22.5,32.3,No,5,16.9,23.5,No
W0273,2017-10-27,Darwin,23.9,37.0,1.2,9.7,4.2,256,45,S,SE,14,35,64,40,1014.4,1024.4,4,2,25.0,31.6,No,11,33.1,20.0,No
W0274,2021-11-21,Wollongong,11.4,20.3,34.2,,,NNE,49,SSW,N,53,58,69,75,1012.3,993.4,8,6,14.2,16.5,No,6,21.9,15.3,Yes
W0275,2021-06-02,Perth,12.9,28.7,3.2,5.0,11.2,WNW,23,WNW,ENE,29,24,43,28,1010.3,1022.6,,,18.6,21.3,No,10,21.4,13.4,No
W0276,2017-10-24,Townsville,18.1,26.0,3.2,8.9,5.6,SSE,31,SSW,WNW,6,26,37,42,1026.1,1020.2,0,4,22.0,23.0,No,1,14.9,16.8,No
W0277,2022-12-20,Darwin,21.1,29.2,5000,5.6,4.7,ESE,35,ENE,WSW,31,37,74,70,,1009.7,8,6,21.2,25.4,Yes,5,40.3,24.2,Yes
W0278,2020-07-12,Adelaide,12.6,29.0,2.8,14.9,6.9,ENE,27,WSW,NNW,25,16,27,43,1017.9,1009.6,5,3,17.8,23.8,No,4,5.8,14.0,No
W0279,2015-02-24,Canberra,7.9,16.7,1.6,5.9,10.4,NW,14,SSE,NNE,16,26,68,53,1025.5,1012.0,4,3,9.4,15.0,No,8,42.8,9.3,No
W0280,29/10/2018,Darwin,22.7,34.2,3.2,3.4,,ESE,24,SW,NW,7,17,60,42,1011.2,1014.7,0,3,23.2,33.5,No,7,9.5,18.3,No
W0281,06/09/2017,Townsville,18.7,27.3,0.1,3.5,4.0,WNW,0,ENE,WSW,0,25,64,150,1022.7,1008.5,3,3,21.5,25.1,No,5,29.0,,No
W0282,2021-04-17,Newcastle,12.6,24.6,4.1,14.9,11.1,WNW,23,N,WSW,8,35,60,21,1011.2,1027.8,5,2,16.1,23.2,No,2,5.4,15.1,No
W0283,2019-07-06,Brisbane,17.5,25.7,4.4,,6.7,WNW,23,SSE,E,30,18,65,25,1022.7,1027.6,,5,20.7,21.6,No,7,25.3,19.1,No
W0284,2019-06-04,Hobart,8.5,23.6,2.6,-12.1,11.1,W,9,ESE,SE,22,35,38,41,,1008.1,0,3,12.2,21.4,No,10,27.1,11.8,No
W0285,2018-03-04,Darwin,20.4,33.2,0.4,14.8,11.0,SSE,42,W,S,0,33,36,30,1019.6,1019.1,3,2,24.8,33.1,No,7,19.3,23.7,No
W0286,2020-06-14,Canberra,8.6,22.3,19.1,4.6,2.7,NW,80,ESE,WNW,29,26,999,95,,,8,8,14.6,17.3,Yes,7,45.6,12.2,Yes
W0287,2019-06-14,Newcastle,13.5,22.4,2.8,5.0,,NE,10,WSW,SSE,11,31,59,35,1011.9,1019.5,3,2,14.4,20.3,No,5,32.7,14.9,No
W0288,2021-04-01,Wollongong,10.5,19.5,3.4,0.8,6.0,SE,42,E,N,13,11,50,55,1024.3,,0,4,11.5,17.9,No,5,26.3,7.0,No
W0289,2022-11-11,Brisbane,15.0,32.2,3.5,12.6,10.4,ENE,12,ENE,SW,16,22,39,30,1023.1,1011.8,1,3,22.3,24.7,Yes,6,15.4,19.9,No
W0290,2022-03-13,Hobart,5.0,13.6,0.5,9.8,8.9,NE,35,S,NW,18,28,52,64,1017.3,1013.9,0,4,8.3,13.3,No,9,34.5,6.0,No
W0291,2017-02-18,Perth,16.2,31.0,0.5,2.3,11.1,S,10,NE,W,22,28,62,59,1026.4,1009.1,2,1,20.1,29.9,No,4,36.2,20.5,No
W0292,2019-03-16,Cairns,24.6,29.5,3.0,7.4,7.3,N,16,SSE,NNW,2,11,31,37,1016.2,1020.9,,0,25.1,28.3,No,5,29.7,29.0,No
W0293,2018-10-23,Perth,12.5,31.2,4.7,12.3,10.6,ESE,10,NNE,NNW,17,22,26,28,1011.2,1017.6,5,3,21.3,28.3,No,1,43.2,17.5,No
W0294,2022-06-21,Darwin,22.8,29.9,1.0,5.1,8.1,E,37,SE,WSW,24,21,46,150,1026.6,,3,3,25.7,28.4,No,11,22.6,,No
W0295,2020-05-15,Darwin,26.4,32.8,-13.5,8.0,5.0,W,79,NE,W,21,26,97,85,,1012.7,5,5,27.2,31.3,Yes,8,26.7,22.9,Yes
W0296,2017-11-29,Wollongong,14.2,21.9,26.8,10.9,4.8,SSW,45,S,SSW,23,15,98,77,997.2,1008.0,4,7,14.8,18.2,Yes,5,5.2,10.3,Yes
W0297,2019-10-09,Wollongong,12.2,20.1,1.7,5.7,7.5,,28,E,S,5,4,43,23,1016.5,1014.5,5,,13.8,19.9,No,11,32.1,9.5,No
W0298,2019-09-19,Canberra,8.9,16.5,0.4,8.4,10.8,ESE,24,NE,NNW,10,29,70,44,1017.8,1009.9,,2,9.2,16.0,Yes,8,8.4,13.4,No
W0299,2018-05-30,Adelaide,15.5,28.2,2.7,3.1,12.6,W,27,E,S,21,33,52,48,1027.6,1014.8,5,2,16.2,24.3,No,4,12.0,15.2,No
W0300,2020-11-23,Adelaide,13.8,19.0,3.0,,-5.2,NE,12,N,ESE,17,21,67,65,1022.7,1014.0,1,2,14.9,17.7,No,7,49.1,13.9,No
W0301,2018-01-02,Adelaide,9.7,23.6,0.1,2.2,11.9,ENE,16,N,ESE,4,32,47,37,1011.6,1011.6,2,1,12.5,23.0,No,3,10.9,14.4,No
W0302,2015-10-29,Brisbane,18.9,23.0,1.8,11.5,6.9,WNW,20,WNW,NNE,22,27,66,64,,1023.1,1,4,20.8,22.0,No,4,10.2,14.4,No
W0303,2022-02-21,Canberra,5.2,19.7,0.1,8.7,5.9,ENE,14,SE,E,26,9,31,61,1021.6,1010.3,,5,9.8,12.5,No,10,34.6,0.9,No
W0304,2016-06-06,Perth,16.4,26.2,1.0,14.5,8.5,WSW,21,NNW,SW,19,6,30,56,1029.3,1027.3,4,0,18.7,25.1,No,2,19.8,18.0,No
W0305,2020-03-23,Wollongong,15.6,19.6,23.6,9.9,0.6,E,70,ESE,NNE,26,33,85,71,998.9,1011.3,4,8,16.2,17.7,No,9,10.9,10.8,Yes
W0306,2018-06-30,Canberra,10.3,21.1,6.7,13.8,3.2,WNW,32,ENE,WSW,51,18,90,91,995.7,997.3,8,4,15.0,19.3,No,7,38.6,7.0,Yes
W0307,28/02/2015,Hobart,5.4,21.3,4.4,,12.8,SE,10,ENE,WSW,12,20,69,22,1017.7,1011.0,,3,5.5,18.3,Yes,9,25.9,1.1,No
W0308,2020-07-11,Wollongong,15.0,21.6,-5,4.9,3.5,SW,43,E,WNW,34,31,81,95,999.2,,8,4,16.3,20.0,Yes,3,15.6,,Yes
W0309,2017-01-14,Wollongong,11.4,20.6,3.0,11.2,6.1,NNE,14,SSW,E,18,10,57,19,1011.6,1012.4,3,5,14.1,19.8,No,2,36.7,11.3,No
W0310,07/04/2022,Townsville,20.5,28.6,13.4,7.8,2.4,S,98,NE,S,52,28,68,121,1013.4,1009.8,5,,21.6,28.5,No,10,28.3,20.8,Yes
W0311,2022-06-25,Melbourne,11.3,21.0,0.9,12.7,6.6,W,43,W,ESE,15,13,61,38,1011.8,1012.4,,3,15.2,19.8,No,11,12.6,7.3,No
W0312,2022-12-06,Sydney,12.9,25.4,3.3,-0.4,8.4,NNE,-20,NE,WSW,27,33,56,32,1012.3,1013.1,1,2,15.9,24.0,No,10,7.8,9.5,No
W0313,2019-05-08,Newcastle,12.7,27.0,4.5,13.5,5.5,N,23,SW,ENE,14,21,50,41,1024.6,1009.4,0,1,16.0,24.4,Yes,10,29.9,16.3,No
W0314,2020-11-23,Wollongong,10.2,21.2,4.6,7.6,6.7,SW,16,SW,N,25,34,64,61,1014.3,1016.9,3,3,14.5,18.3,No,9,45.4,6.4,False
W0315,2021-05-07,Townsville,21.0,31.7,0.1,2.6,11.7,,22,SSE,E,28,34,51,26,1017.5,1022.0,0,0,25.0,26.7,No,1,21.9,24.3,No
W0316,2018-09-13,Adel@ide,11.0,28.8,2.6,2.1,,S,37,NE,ENE,28,5,58,23,1017.7,1017.7,2,0,18.2,23.6,No,10,7.5,14.0,No
W0317,2015-01-19,Townsville,20.9,31.4,2.5,14.0,11.4,SSE,38,NNW,E,30,21,54,40,-100,1015.8,1,4,25.6,30.4,Yes,4,47.7,24.7,No
W0318,2019-02-09,Cairns,20.5,35.3,0.6,1.1,9.4,W,22,NNE,NNE,11,28,53,20,1018.5,1021.5,0,5,25.5,34.1,No,9,34.2,23.0,No
W0319,2017-09-27,Sydney,11.1,25.7,1.9,3.5,11.2,WSW,40,NNW,N,7,16,63,57,1020.8,1023.2,3,2,18.3,22.2,Yes,2,16.8,9.1,No
W0320,2021-12-29,Brisbane,17.0,24.8,28.0,6.2,1.8,NE,64,S,NNE,29,49,84,55,997.4,1009.9,7,,17.1,22.3,Yes,7,31.1,20.0,Yes
W0321,2019-01-06,Cairns,22.2,30.2,0.1,-12.5,4.4,NE,14,ESE,ESE,23,1,29,21,1011.1,1026.7,1,1,24.0,27.3,No,6,27.7,26.6,No
W0322,2022-03-31,Adelaide,14.0,18.2,1.3,,9.4,NNW,36,NW,WNW,-17.0,30,58,37,1028.0,1024.6,,,14.5,18.2,Yes,2,5.9,12.6,No
W0323,2022-06-18,Brisbane,14.7,33.1°C,1.7,,11.8,E,9,WSW,SSW,6,14,39,43,1014.7,1019.5,5,3,18.8,32.8,Yes,5,8.8,19.3,No
W0324,2016-05-02,Newcastle,14.7,26.3,3.7,14.6,1.9,,54,SE,SE,42,40,85,76,1012.9,1002.2,,6,18.1,24.9,Yes,11,8.9,,Yes
W0325,2021-12-14,Newcastle,12.8,20.6,4.9,7.3,9.8,S,37,E,SE,7,33,44,36,1027.9,,0,5,14.3,17.4,No,4,31.9,10.6,YES
W0326,2017-02-18,Cairns,24.7,32.6,2.8,10.7,8.0,SSW,33,NNE,S,12,27,68,23,1028.2,1020.8,3,,24.9,32.6,Yes,11,16.5,22.8,No
W0327,2016-02-09,Hobart,6.2,22.2,33.9,9.8,,NNW,67,NNW,SW,51,25,76,89,,998.1,6,5,7.8,21.2,Yes,11,7.2,3.1,Yes
W0328,2022-01-08,Cairns,20.6,35.5,1.0,11.1,6.2,SW,40,SSE,NNE,4,2,61,53,1029.3,1027.6,4,3,21.0,33.2,No,4,29.1,15.8,No
W0329,2018-04-04,Melbourne,10.8,23.4,1.8,,,SSW,36,ENE,ESE,7,3,37,44,1012.5,1023.2,1,,14.7,17.8,No,9,48.8,15.0,No
W0330,2020-05-18,Cairns,23.1,33.2,0.5,3.9,5.3,NW,15,WSW,ESE,19,11,48,53,1010.8,1018.1,0,1,23.5,31.5,Yes,11,46.6,23.1,No
W0331,2020-07-27,Adelaide,13.3,19.5,2.7,2.1,6.9,ENE,24,NNE,E,1,17,34,24,1015.9,1024.9,5,1,16.1,16.8,No,8,37.3,11.3,No
W0332,2016-03-26,Hobart,6.4,14.9,2.7,13.2,,NNW,41,SW,E,21,19,63,28,1011.3,1024.0,1,0,10.3,13.1,No,2,27.1,7.3,YES
W0333,2018-07-29,Canberra,10.0,23.7,1.3,14.9,4.8,E,34,ESE,W,14,21,59,55,1014.9,1010.6,4,1,13.4,18.3,No,10,23.7,5.1,No
W0334,2017-05-22,Sydney,11.6,21.1,4.6,0.6,9.7,SE,29,W,E,3,17,52,59,1018.5,1018.7,1,2,14.4,16.8,No,8,16.5,12.7,No
W0335,2019-08-04,Newcastle,-200,27.5,4.9,14.8,13.0,ENE,44,NNW,E,14,0,31,150,1019.3,1023.0,3,0,14.9,22.0,No,6,11.1,12.5,No
W0336,2018-05-08,Townsville,22.6,29.2,39.4,3.2,2.9,,66,NW,ESE,22,61,81,56,1010.3,995.4,7,,24.3,28.3,No,10,16.8,20.9,Yes
W0337,2018-06-10,Townsville,23.2,28.8,0.6,12.3,,NW,13,WNW,W,5,2,66,45,1026.6,1013.1,0,,25.1,28.3,No,10,8.7,,No
W0338,2016-01-25,Darwin,21.4,37.2,4.1,7.2,7.8,NNE,13,SW,E,5,8,49,42,1026.6,1008.1,2,4,27.1,31.1,No,7,22.9,23.4,No
W0339,2018-04-18,Sydney,80,23.5,2.6,5.1,6.8,NNE,12,SSW,SW,20,34,41,37,1025.1,1015.6,0,3,15.5,20.2,No,2,45.6,,No
W0340,2015-07-17,Sydney,12.6,26.8,0.7,0.9,7.8,WSW,23,SSW,SW,3,28,54,57,1016.7,1009.7,3,0,18.8,21.7,YES,5,22.9,9.7,No
W0341,2019-01-25,Newcastle,13.1,24.2,3.3,8.3,5.8,WNW,31,N,E,23,27,25,17,,1017.6,5,5,16.1,20.6,No,7,45.9,16.5,No
W0342,2022-07-24,Canberra,8.1,20.2,1.9,6.5,4.4,SE,38,W,SE,16,14,44,45,1020.2,1010.8,1,1,9.4,14.2,Yes,3,35.3,5.3,No
W0343,2017-12-23,Darwin,22.1,33.4,32.5mm,1.3,3.2,SSE,49,W,SE,20,44,96,56,1003.1,1006.1,4,8,23.5,28.3,No,5,26.1,22.9,Yes
W0344,2020-10-13,Perth,15.4,30.1,3.7,8.3,6.6,E,35,ESE,NW,12,6,34,58,1024.0,1014.4,5,5,21.4,25.6,Yes,5,10.9,20.2,No
W0345,2022-05-11,Cairns,24.3,36.4,2.9,6.7,7.5,NNW,44,SW,SSE,19,30,43,25,1011.6,,4,1,29.6,33.5,No,8,19.9,,No
W0346,2017-04-12,Perth,16.7,22.1,27.2,4.2,,WNW,74,NNW,ENE,17,36,95,63,999.6,1004.8,6,6,18.1,21.6,No,7,30.2,17.8,Yes
W0347,2017-12-26,Sydney,11.0,28.6,4.7,,10.2,NE,13,WSW,E,19,16,37,26,1018.1,1027.0,2,0,16.8,22.5,Yes,8,11.1,12.2,No
W0348,2019-08-03,Melbourne,13.4,22.9,4.5,7.1,6.8,WSW,25,E,ESE,10,17,67,20,,1018.1,4,4,13.7,18.9,No,10,17.5,12.8,No
W0349,2017-02-19,Brisbane,15.6,32.2,1.9,0.7,4.3,NE,37,N,S,23,8,40,26,1022.5,1027.0,,0,21.6,26.9,No,1,6.3,17.9,No
W0350,2016-02-16,Brisbane,14.4,26.6,0.4,4.5,12.2,W,32,WSW,SSW,17,4,30,25,1012.2,1023.3,1,1,15.0,22.0,No,5,36.4,11.7,No
W0351,2018-01-27,Perth,14.5,22.7,2.0,0.5,100,SSE,12,ESE,E,26,25,66,25,1011.0,1024.6,,0,16.4,20.4,No,9,24.7,13.4,No
W0352,2016-10-02,Adelaide,11.0,26.5,2.6,14.6,12.9,,14,ESE,SW,21,31,58,23,1011.4,1015.8,4,2,17.2,22.2,No,1,35.4,10.7,No
W0353,2018-12-18,Cairns,21.5,37.2,0.7,3.0,12.7,NE,36,NE,NE,14,18,31,23,1020.4,1008.9,4,3,26.7,35.2,No,4,41.7,17.8,No
W0354,2022-02-12,Hobart,10.2,16.2,4.4,3.9,9.4,E,18,SSW,E,19,16,68,103,,1025.6,0,1,10.2,14.2,No,7,33.5,12.9,No
W0355,2015-08-29,Sydney,-200,28.2,0.4,8.9,11.6,SE,39,NNW,ENE,8,35,32,50,1010.2,1019.2,4,0,17.0,23.8,No,4,48.6,16.8,No
W0356,2019-09-27,Cairns,23.7,30.4,3.1,3.2,12.5,151,19,SSE,S,12,22,34,15,1029.1,1022.1,5,,25.1,27.6,No,1,39.9,23.7,No
W0357,2022-07-06,Perth,16.4,27.0,2.2,2.8,8.2,SW,14,SSE,W,17,30,32,126,1028.5,1013.1,1,0,16.7,23.3,No,2,44.9,20.1,No
W0358,2016-12-16,Canberra,5.9,19.8,7.0,8.4,1.8,ESE,80,S,NW,16,31,98,92,1006.2,1010.2,7,5,10.7,19.4,Yes,9,38.4,4.5,Yes
W0359,2018-05-22,Hobart,9.3,14.6,4.3,4.0,8.2,SSE,40,SSW,ESE,5,18,67,54,1019.0,1017.8,3,3,9.6,14.0,No,6,17.2,8.4,No
W0360,2018-03-23,Hobart,6.5,15.3,2.9,7.8,10.2,SSE,25,WSW,W,9,11,61,-5,,1019.4,1,2,7.2,12.0,Yes,3,7.9,6.0,No
W0361,2021-08-23,Brisbane,16.0,30.0,2.4,6.4,7.4,NW,24,SSE,SSE,24,31,67,30,1025.8,,,2,20.3,27.3,Yes,8,10.2,11.3,No
W0362,2022-02-08,Perth,16.6,28.9,3.6,8.1,4.4,SSW,23,ESE,N,22,1,48,59,1016.9,1026.3,1,5,21.4,27.5,No,6,31.2,,No
W0363,2022-08-01,Newcastle,14.5,21.9,-2.5,0.8,7.3,SW,26,NNE,NNW,27,27,58,31,1028.1,1014.7,2,1,17.9,21.8,Yes,7,19.2,,No
W0364,2021-05-02,Hobart,9.4,23.1,0.4,4.0,6.0,NE,23,NNE,SE,30,3,29,39,1017.2,1009.3,0,2,13.3,16.5,Yes,4,19.3,12.5,No
W0365,2021-03-27,Cairns,21.6,28.2,1.7,0.8,7.9,ESE,28,SSE,ENE,19,1,54,38,1019.0,1018.9,5,5,22.8,26.1,No,6,35.9,17.9,No
W0366,29/10/2018,Darwin,22.7,34.2,3.2,3.4,,ESE,24,SW,NW,7,17,60,42,1011.2,1014.7,0,3,23.2,33.5,No,7,9.5,18.3,No
W0367,2021-05-21,Perth,13.9,23.3,3.4,9.1,5.4,ESE,13,E,S,14,26,58,29,1015.1,1027.3,1,,17.7,22.2,No,4,46.6,11.5,No
W0368,2017-11-02,Sydney,12.6,26.3,3.3,4.6,5.1,SW,30,ESE,SSE,21,33,68,37,,,2,2,17.7,25.1,No,8,29.6,8.2,No
W0369,2022-04-29,Townsville,17.1,27.7,20.0,10.0,5.7,SSW,54,SE,SE,41,18,62,71,,1004.8,8,6,21.6,24.5,Yes,8,50.0,17.4,Yes
W0370,2017-06-30,Perth,16.0,29.5,30.8,-12.0,3.1,ESE,100,NNW,SSW,26,26,60,66,997.6,1005.2,5,4,18.0,27.6,Yes,4,47.6,19.4,Yes
W0371,2015-09-20,Adelaide,9.5,24.5,27.8,14.3,4.0,NNE,83,E,SE,17,55,67,81,1012.1,997.7,6,8,9.6,17.6,No,8,8.1,8.4,Yes
W0372,2020-04-07,Canberra,5.7,19.1,-35.8,12.6,1.3,SSW,62,NW,E,58,44,61,65,1015.0,1009.3,,4,11.5,14.5,No,6,33.9,2.7,Yes
W0373,2020-03-25,Canberra,11.9,14.0,33.2,12.6,3.6,SSW,68,WSW,N,46,41,78,80,1014.8,1009.9,6,4,12.7,13.0,Yes,7,16.8,,Yes
W0374,26/02/2019,Wollongong,13.2,28.5,0.6,12.6,11.5,ESE,34,NW,SE,26,9,27,38,1025.2,1021.7,,4,13.6,24.1,Yes,5,48.8,11.2,No
W0375,2016-03-23,Perth,-200,22.7,3.5,13.8,4.4,WNW,7,NW,SE,2,4,37,61,1020.5,1018.3,,2,15.2,18.2,No,9,34.0,14.9,No
W0376,2016-09-24,Sydney,12.1,27.0,4.2,14.5,,WNW,7,E,NNW,5,5,999,53,1021.6,1014.6,3,0,18.9,25.8,No,7,16.4,8.2,No
W0377,2016-11-23,Newcastle,10.1,29.7,4.2,7.5,12.7,NNE,12,SW,WSW,17,27,62,28,1010.4,1017.4,4,3,16.7,27.3,No,3,34.8,10.8,No
W0378,2021-08-23,Canberra,7.5,16.4,2.9,14.8,4.9,NNW,21,E,SSW,27,27,126,27,,,1,1,8.4,13.6,Yes,10,6.1,7.2,No
W0379,2019-12-03,Cairns,23.1,28.9,1.6,0.7,12.0,NE,37,NW,W,10,31,31,62,1018.6,1025.7,1,3,25.0,27.9,No,8,22.0,,No
W0380,2017-01-14,Darwin,24.3,37.0,4.3,0.3,5.1,NNE,36,SE,WSW,15,29,91,65,1009.3,1004.9,5,4,26.1,31.3,Yes,4,40.5,28.0,Yes
W0381,2017-08-19,Darwin,25.5,38.0,32.6,12.8,1.7,S,50,NW,N,33,36,95,78,1012.1,1006.7,,6,26.1,32.4,Yes,3,42.2,28.3,Yes
W0382,2020-07-04,Perth,16.8,30.1,3.6,1.7,12.7,NE,10,NNW,SSE,2,25,48,21,1022.9,1024.7,4,3,17.6,29.7,Yes,4,27.9,21.1,no
W0383,2015-05-28,Brisbane,18.2,30.2,5000,4.8,10.6,,39,SW,SSE,-2.0,19,32,29,1017.7,1020.4,5,5,19.4,29.6,No,5,8.6,13.5,No
W0384,2019-11-29,Sydney,16.7,26.6,4.1,4.2,10.8,NNE,45,SSE,SSE,10,20,61,48,,1013.6,5,1,18.4,25.6,No,3,48.6,15.1,No
W0385,2018-03-11,Townsville,19.9,36.5,1.8,3.6,4.8,SW,22,NW,WSW,9,5,63,34,1011.5,,2,3,25.1,30.4,No,5,18.6,23.8,No
W0386,2015-06-02,Darwin,25.2,31.5,2.0,14.3,7.0,E,39,ESE,SSE,6,27,200,39,1013.5,1011.2,0,2,25.6,28.7,No,3,30.5,,No
W0387,2021-06-06,Brisbane,17.1,28.9,3.4,14.6,6.2,,7,SSW,ENE,18,15,38,17,1017.3,,4,3,17.8,25.1,No,2,29.8,21.7,No
W0388,2016-03-04,Adelaide,12.5,22.0,3.0,12.3,4.7,SSW,45,SE,SSE,16,23,31,41,1025.9,1009.1,3,5,13.6,17.9,No,6,48.3,8.0,No
W0389,2018-08-31,Adelaide,13.9,26.2,3.4,3.7,,W,17,N,WNW,26,2,40,35,1024.0,1011.3,3,4,16.5,24.6,No,5,9.7,12.3,No
W0390,2018-01-28,Wollongong,13.7,28.1,1.0,2.5,9.5,NW,18,NNE,S,29,4,48,55,1015.9,1019.6,4,5,18.7,24.5,No,11,31.4,9.4,No
W0391,2022-10-07,Adelaide,14.4,24.8,3.9,6.1,8.1,NE,23,NNW,ESE,26,16,36,114,1024.3,1008.7,2,5,14.4,19.7,No,2,14.7,16.4,No
W0392,2022-10-12,Newcastle,14.2,22.9,0.8,11.2,8.4,,14,N,SSW,30,6,34,15,1011.4,1026.6,1,4,18.1,21.9,No,8,12.1,17.0,No
W0393,2016-09-18,Adelaide,13.6,27.4,1.2,0.6,7.3,SW,41,SSE,W,6,14,200,42,1016.2,,4,,19.6,24.4,No,8,13.2,16.7,No
W0394,2016-10-24,Adelaide,14.6,29.0,39.9,7.9,2.1,ENE,85,ESE,SW,42,45,86,95,995.5,1000.4,7,7,19.9,28.7,Yes,6,28.7,13.2,Yes
W0395,2015-07-25,Brisbane,15.9,33.0,4.8,9.0,6.2,WSW,12,SW,ENE,5,21,66,55,1018.4,1028.0,5,0,21.9,26.1,No,10,43.8,12.2,No
W0396,2018-04-02,Perth,16.5,28.0,4.9,8.8,7.8,NNE,7,N,NW,12,12,50,40,1024.4,1022.0,1,5,20.8,24.8,No,1,42.3,17.5,No
W0397,2017-09-04,Brisbane,32.2,18.3,0.3mm,1.6,6.3,SSW,15,NW,SSE,30,31,54,37,1011.3,1010.2,3,4,20.0,25.9,No,4,24.3,23.3,No
W0398,2021-10-21,Perth,80,22.5,3.1,3.1,7.0,,17,ENE,ESE,21,8,41,39,,1022.3,4,2,16.5,21.0,No,1,45.5,14.6,No
W0399,2021-10-21,Cairns,23.9,30.6,-5,0.4,0.6,ENE,32,W,SW,56,42,68,55,1011.0,997.5,5,5,25.0,28.7,Yes,9,45.9,,Yes
W0400,2018-03-18,Cairns,18.4,34.5,2.1,2.8,4.5,ENE,38,SSW,WSW,2,15,61,29,1011.2,1027.7,1,4,20.7,33.8,No,3,9.3,16.6,No
W0401,2017-09-12,Newcastle,13.8,22.0,1.4,3.5,12.0,NNW,30,W,E,1,10,60,47,1021.5,1012.7,5,5,17.8,18.2,Yes,10,35.5,10.0,No
W0402,2019-12-07,Hobart,5.3,21.8,4.0,1.6,6.0,S,44,SSE,E,28,27,42,20,1020.8,1023.8,3,2,7.3,16.8,No,2,40.1,1.2,No
W0403,2018-07-30,Darwin,26.7,30.7,3.1,7.3,5.4,W,24,S,SSE,23,25,34,41,1029.3,1014.6,2,0,27.0,30.7,No,4,9.7,24.7,No
W0404,07/04/2022,Townsville,18.2,26.8,11.6,1.4,,,70,E,WSW,58,51,72,83,1009.5,1005.4,4,6,20.1,24.1,Yes,1,20.9,13.5,Yes
W0405,2016-05-27,Newcastle,11.0,24.1,3.0,2.3,8.6,NE,20,SW,SSW,23,-12.0,44,51,1013.9,1008.6,1,1,14.8,22.0,Yes,1,34.6,13.6,No
W0406,2021-06-13,Melbourne,11.0,17.5,3.8,3.9,4.6,WNW,40,SE,SE,13,23,54,44,1014.3,1012.8,1,0,12.0,16.0,No,5,11.6,15.8,No
W0407,2019-08-10,Townsville,23.8,34.7,0.9,3.7,11.7,N,7,NNE,NNW,18,6,60,49,1018.9,1024.4,3,5,26.7,29.9,No,2,45.5,28.4,No
W0408,2020-08-15,Canberra,6.6,99.9,0.5,3.8,6.1,WSW,22,ENE,NNW,29,21,70,63,1013.6,1027.0,1,1,8.0,17.4,No,9,14.4,,True
W0409,2016-10-27,Melbourne,12.4,23.6,0.7,9.2,8.9,S,11,SE,NE,11,4,44,26,1019.2,1023.8,2,5,15.8,22.3,No,4,27.8,8.5,No
W0410,2016-10-12,Adelaide,10.1,24.7,4.5,2.3,10.3,NW,39,ESE,NW,5,29,56,44,1021.0,,3,2,15.0,22.4,No,7,29.0,9.6,No
W0411,2015-08-11,Perth,16.3,26.6,4.5,9.1,8.4,,26,NNE,ENE,24,18,29,21,1011.0,1019.9,0,0,17.2,25.9,No,4,30.7,20.0,No
W0412,2020-09-09,Perth,13.4,27.0,3.2,9.5,8.7,NNE,32,SW,NNW,5,22,62,27,1021.6,1010.1,2,3,14.7,26.7,No,5,39.4,17.7,No
W0413,2015-01-09,Perth,16.0,24.6,2.1,2.1,6.0,233,38,WNW,W,0,27,44,20,1029.6,1013.4,5,5,18.1,20.8,No,5,43.5,16.0,No
W0414,2017-05-23,Hobart,7.5,22.6,22.9,8.4,1.2,S,68,NE,WNW,25,60,91,83,1001.2,1010.9,5,4,13.2,19.3,No,10,38.4,11.7,Yes
W0415,2016-08-16,Perth,12.9,21.2,1.5,2.1,6.9,SW,15,N,NNW,13,27,68,49,1022.2,1019.4,5,2,16.6,18.5,No,1,22.9,17.1,No
W0416,2021-02-14,Canberra,5.7,23.9,1.7,7.6,8.3,NE,40,NE,NNW,12,6,67,50,1014.7,1013.7,5,0,9.2,21.1,Yes,9,5.3,6.7,No
W0417,2016-11-10,Townsville,20.7,29.7,1.9mm,,7.2,,999,WNW,WSW,21,18,70,38,1011.5,1027.6,1,3,21.7,26.8,No,1,9.0,24.7,No
W0418,2022-06-19,Townsville,18.1,32.0,1.5,11.8,8.7,SSW,23,W,W,13,0,59,37,1027.0,1026.4,1,4,19.6,29.1,Yes,2,8.5,,No
W0419,2019-12-21,Cairns,21.0,28.4,1.0,,8.4,N,13,SSE,S,20,31,62,41,1023.2,1022.8,2,3,21.4,26.6,No,6,20.2,25.2,No
W0420,2022-09-02,Melbourne,13.4,19.7,3.1,9.2,11.8,NE,41,NE,ENE,26,20,30,63,,1020.9,3,0,13.6,17.0,Yes,4,33.0,13.6,No
W0421,2017-02-22,Sydney,14.3,22.6,34.7,9.7,,N,77,WSW,ENE,22,26,72,94,1002.1,994.0,,8,14.8,21.6,Yes,11,39.5,14.7,Yes
W0422,2015-03-18,Perth,13.2,28.0,3.0,1.9,30,,13,WSW,E,24,26,33,36,1017.7,1018.4,0,2,15.7,23.8,No,8,28.3,18.2,No
W0423,2018-07-20,Townsville,20.7,34.3,0.3,4.8,4.0,SSE,18,SW,E,7,-29.0,36,36,1029.8,1026.3,,2,22.3,32.5,No,9,16.3,22.3,No
W0424,2019-07-05,Melbourne,13.2,17.9,3.9,11.4,5.5,NNE,43,SSE,N,20,0,53,50,1022.6,1023.2,,3,15.1,16.0,Yes,5,16.9,10.7,No
W0425,2016-10-26,Sydney,16.9,23.5,29.7,8.5,4.7,NE,75,S,ENE,38,47,97,73,1013.2,998.4,4,8,19.7,22.2,Yes,7,31.6,16.9,Yes
W0426,2015-05-06,Hobart,4.8,14.3,23.3,4.3,-0.9,WSW,98,NNE,NNE,46,42,96,58,1003.3,996.3,4,4,5.2,12.2,No,2,18.7,5.4,Yes
W0427,2015-01-13,Melbourne,10.2,24.3,3.6,2.6,9.9,WNW,42,S,W,15,14,38,47,1029.7,1009.9,0,3,16.3,17.6,No,11,48.1,5.6,No
W0428,2018-04-01,Sydney,10.5,27.6,3.3,4.1,5.9,N,36,NE,SSW,9,17,51,44,1012.4,1015.9,2,4,18.0,27.3,No,10,13.5,6.2,No
W0429,2019-02-17,Brisbane,17.9,34.0,4.4,3.4,12.5,S,17,SSW,ENE,21,7,65,34,1029.0,1013.5,3,2,21.8,30.4,Yes,6,22.3,22.6,No
W0430,2022-07-17,Cairns,22.5,30.3,3.2,-4.4,,NW,8,SSW,ENE,14,22,47,22,1012.9,1011.9,2,,26.2,29.6,No,9,32.6,25.2,No
W0431,2021-10-30,Hobart,8.5,20.3,0.1,,7.0,N,40,W,WNW,20,23,38,32,1018.7,1015.7,4,5,12.3,16.2,No,8,34.4,11.7,No
W0432,2019-12-19,Perth,18.3,23.3,3.5,12.8,8.3,SSE,26,W,NNW,26,29,58,31,1025.0,1008.4,3,3,19.2,22.4,No,4,45.5,16.0,No
W0433,2017-08-06,Wollongong,11.9,23.0,10.0,5.1,0.8,E,76,E,E,19,63,80,62,,999.3,8,4,13.7,22.9,Yes,5,20.8,10.3,Yes
W0434,2018-10-02,Darwin,20.6,33.7,2.0,10.9,12.1,ENE,21,WNW,NNW,1,15,59,58,1023.6,1017.5,5,5,22.1,28.2,No,6,6.3,22.0,No
W0435,2021-07-03,Sydney,16.9,23.2,3.1,,6.0,ENE,32,ENE,NNE,8,0,47,39,1022.5,1022.5,3,5,18.0,22.2,No,6,29.3,21.7,No
W0436,2015-09-14,Canberra,5.3,24.6,4.3,8.9,10.1,NE,20,SE,W,11,33,33,62,1022.5,1025.9,1,5,10.3,22.2,No,4,25.1,6.8,No
W0437,2018-07-22,Darwin,25.5,39.0,0.9,4.6,8.8,N,11,ESE,WSW,27,22,57,48,1014.7,1021.9,3,0,30.2,33.2,Yes,1,45.1,24.0,No
W0438,2017-08-05,Canberra,5.8,19.7,0.9,4.4,8.0,SE,38,N,E,23,-31.0,26,500,1027.5,1026.8,1,,10.6,17.5,No,5,46.5,6.3,No
W0439,2022-12-25,Wollongong,80,25.3,39.2,,3.9,WNW,82,WNW,SSE,50,19,72,120,1009.4,1008.9,7,5,15.0,20.0,No,9,35.8,,Yes
W0440,2015-11-27,Wollongong,10.4,27.8,4.4,9.7,10.5,SW,35,ESE,NW,16,34,52,43,1026.7,1025.4,4,4,19.0,25.1,yes,2,29.0,6.1,No
W0441,2019-05-04,Newcastle,16.1,28.5,5.0,6.4,8.6,WSW,20,E,S,13,31,58,30,1014.7,1019.9,,3,19.5,23.3,No,9,14.2,13.5,No
W0442,2022-08-07,Cairns,18.6,35.7°C,4.2,6.7,7.0,ESE,45,NW,E,14,26,46,47,1020.3,,5,1,26.3,34.7,Yes,6,48.8,20.5,No
W0443,2019-04-28,Adelaide,10.8,22.1,4.2,12.2,9.2,ENE,9,S,ENE,3,2,29,53,1014.7,1023.8,2,1,11.8,21.6,No,9,24.8,13.9,No
W0444,2018-04-25,Darwin,21.7,35.3,3.5,5.0,6.8,N,45,ESE,SE,6,15,63,38,1029.0,1016.5,5,5,27.2,31.1,No,11,26.6,,No
W0445,2015-08-28,Townsville,18.5,33.7,1.4,7.7,7.7,,17,S,SW,16,25,68,22,1023.4,1014.6,3,3,20.6,26.3,No,9,48.4,21.6,No
W0446,2019-05-14,Darwin,21.8,39.0,1.8,12.1,4.4,SE,29,N,S,0,26,25,41,1023.8,1019.2,1,4,24.7,31.2,Yes,4,46.1,19.4,No
W0447,2018-09-30,Sydney,10.5,28.8,3.8,13.0,7.7,ENE,23,SW,ENE,28,13,54,33,1021.7,1015.8,3,0,14.7,26.7,No,2,7.7,7.9,No
W0448,2016-09-26,Wollongong,16.1,22.8,8.6,0.4,3.8,ESE,39,NNE,ESE,23,52,66,89,999.7,994.1,,6,17.0,22.8,Yes,5,33.9,11.2,Yes
W0449,2019-04-19,Hobart,9.0,19.5,1.3,,8.6,SW,41,WSW,WSW,20,0,59,63,1017.8,1027.3,5,3,11.4,18.6,No,8,16.2,,No
W0450,2020-11-16,Adel@ide,12.5,26.6,11.8,12.1,,ESE,47,NNW,SSW,51,40,71,70,995.5,1002.8,7,6,16.0,22.3,No,2,35.8,,Yes
W0451,2019-08-17,Sydney,10.4,24.9,2.8,1.9,,NNE,29,SSW,WSW,1,4,69,59,1018.4,1019.5,5,3,12.5,24.7,No,4,8.4,13.0,No
W0452,2017-09-28,Brisbane,16.0,24.6,3.0,,10.4,NNE,32,WNW,ENE,24,26,70,19,,1019.2,,0,19.0,21.3,No,3,43.7,19.3,No
W0453,2020-07-02,Sydney,14.1,28.2,13.3,2.6,,SSE,90,SW,N,18,57,64,80,1005.1,1009.6,7,4,17.5,21.9,Yes,10,29.6,17.6,Yes
W0454,2015-10-10,Cairns,20.0,31.0,4.3,0.6,12.0,WSW,8,S,ENE,26,19,50,32,1025.6,1019.7,2,2,21.1,26.9,No,2,19.8,17.3,No
W0455,2019-12-29,Canberra,9.1,21.3,10.6,14.2,4.9,W,80,NNW,NNW,26,61,85,74,1001.3,1010.4,5,7,13.1,17.6,No,3,13.8,5.4,Yes
W0456,2016-11-24,Hobart,9.1,17.5,2.5,,8.4,W,27,NW,NW,19,31,35,64,1026.1,1012.9,1,0,12.9,14.9,1,5,17.5,10.7,No
W0457,2021-04-20,Perth,13.2,30.7,5.0,,6.7,SW,29,NNW,SSW,29,13,64,26,1016.2,1012.9,0,0,13.4,22.4,No,8,29.7,9.1,No
W0458,2019-01-08,Perth,18.5,27.1,1.7,2.4,6.3,WNW,26,WNW,WSW,7,2,200,63,1017.8,1025.0,3,1,21.8,26.3,No,11,9.8,15.4,No
W0459,2020-09-17,Newcastle,12.5,25.4,34.4,11.5,4.4,WSW,41,NW,SW,17,55,71,95,1001.3,1003.1,8,7,12.8,23.8,Yes,2,38.6,10.7,Yes
W0460,2021-02-07,Wollongong,12.0,29.2,11.4,7.2,-3.4,SSW,96,ENE,WSW,33,28,86,83,1007.5,1006.2,8,5,12.3,28.9,Yes,6,48.3,11.5,Yes
W0461,2018-09-15,Melbourne,7.7,23.9,0.9,7.8,4.4,E,32,SSE,N,14,14,40,15,,1014.1,2,0,13.7,19.8,Yes,11,7.7,3.8,No
W0462,2019-10-15,Melbourne,10.9,20.8,2.0,6.5,10.2,NW,16,WNW,SW,2,35,27,46,,1012.0,,4,13.4,16.9,No,5,30.1,11.1,No
W0463,2021-09-05,Adelaide,15.1,25.6,4.9,2.2,12.8,NNW,11,WSW,WSW,12,32,67,37,1018.7,1012.6,2,1,20.0,20.6,No,4,20.4,15.2,No
W0464,2019-03-28,Newcastle,11.7,21.8,0.2,13.4,7.5,W,42,SSW,SSW,13,26,57,60,1025.6,1020.1,2,3,13.9,17.7,No,11,20.0,11.7,No
W0465,2019-05-29,Darwin,25.6,32.9,1.6,6.5,5.0,W,10,SSE,S,2,22,58,38,1026.5,1019.1,3,0,28.5,31.8,No,11,46.4,25.2,No
W0466,2018-11-13,Adelaide,15.5,22.7,3.5,10.5,11.4,WSW,37,ENE,W,16,17,65,21,,1021.0,5,0,18.6,20.7,No,11,34.8,17.1,No
W0467,2019-07-16,Perth,12.4,24.3,4.0,14.1,,S,41,E,NE,15,23,67,49,1018.5,1011.0,2,3,14.8,18.6,Yes,9,22.3,16.7,No
W0468,2019-09-08,Canberra,9.3,23.5,3.4,9.9,5.7,,15,W,W,13,9,41,22,1028.4,1009.5,5,1,14.3,17.5,Yes,10,35.7,6.5,No
W0469,2018-09-29,Darwin,25.3,37.5,3.7,12.6,8.1,SW,24,NW,SE,20,22,31,43,1014.5,1008.4,2,2,27.6,37.0,No,10,48.7,25.9,No
W0470,2015-07-31,Wollongong,15.5,22.5,14.0,12.4,0.9,ESE,93,WNW,SW,-28.0,21,96,85,1001.6,1001.2,4,7,16.9,20.5,Yes,5,22.7,18.6,Yes
W0471,2017-04-25,Sydney,12.2,27.3,3.4,1.1,12.0,NNE,9,SSE,NNE,2,7,37,32,1028.2,1025.9,5,,15.7,26.5,No,4,24.0,,No
W0472,2019-07-05,Melbourne,13.2,17.9,3.9,11.4,5.5,NNE,43,SSE,N,20,0,53,50,1022.6,1023.2,,3,15.1,16.0,Yes,5,16.9,10.7,No
W0473,2016-02-10,Brisbane,19.7,27.2,2.3,,13.0,WSW,35,E,ESE,10,26,36,30,1020.6,1025.6,4,1,20.1,23.7,No,11,49.8,,No
W0474,2015-08-28,Hobart,7.3,21.0,1.7,11.4,6.8,S,21,SW,WNW,6,2,37,35,1014.3,,3,3,8.3,16.4,No,10,10.0,10.8,No
W0475,2020-08-24,Wollongong,12.7,29.5,32.4,,-1,N,84,SSW,N,42,49,93,84,1007.2,1005.1,7,8,19.9,26.2,No,11,32.4,14.5,Yes
W0476,2015-06-13,Wollongong,15.3,28.9,2.4,13.2,5.9,WNW,41,NNW,SSE,29,8,42,60,1028.9,1021.0,,2,15.4,24.0,No,8,27.3,11.7,No
W0477,2016-04-25,Canberra,6.9,14.3,3.0,4.8,12.2,ESE,39,SW,S,25,18,58,30,,1021.4,4,4,9.4,12.4,Yes,10,26.3,9.7,No
W0478,2020-01-09,Sydney,12.3,23.4,2.9,1.1,8.3,E,43,E,WNW,24,3,57,31,1019.3,1022.0,1,2,17.0,22.6,No,2,39.6,15.3,No
W0479,2016-10-11,Canberra,7.8,23.3,3.4,,8.4,N,30,W,W,9,30,41,50,1019.0,1014.5,5,1,8.2,19.0,No,9,42.5,10.1,No
W0480,2017-11-03,Canberra,10.1,23.9,1.3,12.7,9.8,SSW,31,WNW,SE,19,17,25,36,1025.2,1027.3,4,4,10.6,18.7,No,8,28.2,11.5,No
W0481,2021-05-22,Darwin,24.2,29.7,2.9,3.0,,E,38,E,W,24,24,63,34,1021.0,1015.8,0,2,26.3,27.1,Yes,7,46.4,26.4,No
W0482,2016-11-21,Newcastle,16.9,19.5,28.5,4.8,,N,31,NW,WNW,22,38,62,63,0,1004.8,,6,17.4,18.7,Yes,9,13.7,17.3,Yes
W0483,2018-04-16,Brisbane,18.2,24.3,4.9,6.5,9.9,,38,NW,N,20,7,66,22,1011.4,1012.3,3,1,19.5,23.1,No,3,36.8,21.6,No
W0484,2020-06-06,Adelaide,14.8,23.7,0.7,0.9,4.6,NNE,24,SSE,SW,0,6,70,52,1025.9,1018.4,3,5,19.2,22.7,Yes,11,19.4,14.1,No
W0485,2015-11-27,Adelaide,12.2,21.1,20.9,13.8,,NW,99,N,WNW,27,20,83,93,,1008.6,4,8,14.8,20.1,Yes,6,12.4,11.5,Yes
W0486,2018-10-02,Melbourne,9.0,19.5,4.3,3.6,11.2,ENE,12,SE,S,5,11,26,28,1020.4,1012.5,2,0,10.8,15.1,No,1,27.0,6.9,No
W0487,2016-02-05,Hobart,7.2,23.7,4.9,14.8,9.0,NE,17,SW,SSE,18,27,69,48,1026.8,1024.0,4,5,12.0,17.2,No,2,17.4,4.7,0
W0488,2016-06-11,Adelaide,15.6,18.3,2.3,14.1,4.8,NNW,10,NE,NW,11,2,60,125,1015.9,1023.0,3,0,16.3,18.3,No,2,12.4,20.2,No
W0489,2019-07-29,Wollongong,11.9,25.1,3.1,3.4,6.9,ENE,11,ENE,NE,2,12,44,58,1018.2,1008.1,4,1,14.2,21.9,No,9,26.5,12.5,No
W0490,2017-12-03,Sydney,14.4,27.4,0.4,7.2,4.8,ESE,38,W,WNW,12,15,40,25,,1012.7,5,,16.4,26.5,Yes,3,45.0,10.7,No
W0491,2021-05-23,Hobart,5.6,18.0,1.6,3.5,9.3,SSE,11,SSE,ENE,19,2,56,115,1024.2,1008.8,5,4,8.1,15.5,No,2,29.6,1.6,No
W0492,2017-10-22,Sydney,11.2,21.9,2.9,7.4,13.0,,13,N,NE,26,15,70,27,1014.7,1009.4,1,4,11.9,21.4,Yes,6,15.4,7.2,No
W0493,2015-08-30,Brisbane,20.6,23.1,1.6,0.7,10.0,152,25,NW,ENE,10,31,33,25,1027.4,1027.5,2,0,21.8,22.2,No,4,20.4,16.7,No
W0494,2021-07-15,Sydney,15.0,25.3,4.1,14.5,6.5,WNW,33,WNW,SSE,28,23,67,49,1025.0,1019.6,1,4,16.4,21.4,No,5,22.0,,No
W0495,2022-06-06,Melbourne,13.2,26.9,10.7,,1.6,NNE,93,N,ENE,27,21,79,92,1009.3,1001.2,,5,19.2,26.1,No,3,33.8,17.3,Yes
W0496,2017-08-14,Hobart,9.7,14.0,0.2,14.1,4.5,NE,26,NNW,S,11,19,59,62,1022.9,1011.5,4,4,10.8,13.2,No,2,37.8,10.5,No
W0497,2021-10-03,Cairns,-99,28.7,29.0,11.2,1.6,NE,41,NNW,WSW,46,41,79,96,1003.6,,6,7,20.3,26.4,Yes,5,32.2,17.3,Yes
W0498,2018-11-21,Perth,14.0,31.3,1.3,0.4,9.4,NNW,44,WNW,SW,24,25,53,41,1018.4,1027.2,1,0,21.0,27.9,No,10,6.7,9.3,No
W0499,2022-10-05,Townsville,18.0,34.3,13.2,13.9,2.7,SSE,89,S,ESE,53,46,60,55,1000.5,994.0,5,,24.8,34.0,Yes,9,13.8,18.3,Yes
W0500,2020-04-20,Wollongong,14.0,19.2,16.0,2.1,5.0,SSW,84,ENE,ESE,45,32,67,77,1005.8,1009.6,8,8,15.4,17.9,Yes,3,16.2,11.8,Yes
W0501,2020-09-29,Hobart,4.4,13.1,33.3,11.7,,NW,63,ESE,WSW,17,43,63,76,-100,,8,5,8.3,9.2,Yes,6,12.4,3.7,Yes
W0502,2018-05-16,Sydney,11.3,28.2,4.2,12.1,6.0,N,19,S,WNW,5,11,64,63,1018.0,1026.4,2,0,12.7,22.8,Yes,5,33.2,12.0,No
W0503,2018-12-24,Hobart,6.4,20.8,1.4,4.6,4.8,ENE,13,ENE,NNW,15,17,54,24,1029.0,1019.8,2,5,8.1,17.7,No,7,45.7,2.9,No
W0504,2021-01-27,Cairns,80,33.3,33.4,2.8,5.7,SSW,39,E,ENE,53,22,60,80,1003.6,1006.8,6,7,25.3,30.3,No,4,48.6,22.3,Yes
W0505,2017-07-04,Darwin,25.0,30.7,2.6,13.6,9.3,SW,11,SE,SE,11,21,53,46,1022.6,1015.9,2,1,25.1,28.9,No,9,35.6,26.4,No
W0506,2015-01-30,Wollongong,14.7,21.0,1.9,9.2,7.7,NNW,44,N,ENE,-19.0,31,63,58,1026.0,,2,5,17.1,19.1,No,8,30.8,14.8,No
W0507,2019-01-18,Adelaide,13.1,28.6,1.2,13.0,13.0,NW,17,E,S,29,26,35,23,1025.5,1023.5,2,1,13.3,25.7,No,10,29.9,16.9,No
W0508,2022-09-24,Sydney,13.2,20.4,0.9,2.6,4.9,S,15,NW,NNE,4,26,43,59,1012.3,1020.3,2,0,16.5,17.3,No,5,40.2,15.5,No
W0509,2021-02-09,Darwin,20.6,36.3,0.6,5.8,,N,25,NNW,NNE,0,21,64,21,1016.6,1009.2,5,1,22.0,29.5,No,2,26.2,18.9,No
W0510,2016-01-05,Melbourne,11.4,19.7,1.3,5.7,8.3,WNW,24,ESE,NNE,9,25,37,54,1014.4,1013.9,1,2,13.0,15.8,No,9,46.5,12.1,No
W0511,2022-07-24,Melbourne,10.0,20.1,34.9,9.6,5.6,NE,82,NE,NW,50,30,74,96,1004.1,1001.1,7,6,10.9,15.1,Yes,8,22.8,8.2,Yes
W0512,2018-01-07,Melbourne,13.9,16.4,12.5,9.0,3.9,114,43,W,W,54,20,97,99,999.0,1002.1,5,8,14.9,16.4,Yes,5,46.3,15.4,Yes
W0513,2015-07-31,Brisbane,18.8,24.9,-5,5.5,0.5,,57,S,NNE,48,17,61,55,1004.5,1009.0,6,8,19.0,22.7,Yes,4,17.1,21.4,Yes
W0514,2017-04-30,Wollongong,16.6,22.3,30.5,13.5,3.8,SSE,79,E,S,33,48,97,95,998.7,997.6,4,5,17.4,19.6,No,7,14.6,16.4,Yes
W0515,2015-07-11,Brisbane,18.9,29.5°C,12.3,,1.0,S,79,WSW,SSW,39,48,93,92,1010.7,1001.5,8,7,19.6,25.7,Yes,1,36.7,21.9,Yes
W0516,2021-04-18,Melbourne,12.3,23.6,3.8,12.4,9.8,SSE,26,ESE,N,20,27,27,38,,1028.0,0,0,17.4,19.0,No,6,38.1,13.8,No
W0517,2016-09-12,Darwin,24.7,33.6,3.9,8.4,5.9,NNE,45,SW,ENE,24,64,98,94,1000.8,995.5,7,7,28.2,30.9,No,6,13.5,25.6,Yes
W0518,2019-09-23,Darwin,22.9,34.6,4.6,1.1,7.5,SE,15,SW,SSE,15,34,49,62,,1017.7,5,0,23.9,29.7,Yes,7,21.2,21.2,No
W0519,2020-11-13,Adelaide,15.9,18.9,2.2,8.9,8.3,SSW,32,NNW,SSW,12,10,44,21,1016.0,1014.4,5,5,17.1,17.8,No,1,34.6,14.4,No
W0520,2015-05-06,Melbourne,9.7,23.5,22.9,13.8,,SW,69,ENE,ENE,32,53,81,66,1014.7,1006.4,8,5,15.6,23.0,No,8,15.8,14.3,Yes
W0521,2019-05-23,Perth,15.7,25.4,1.7,11.7,5.9,SSE,28,NW,WNW,26,28,34,17,1028.9,,5,4,20.0,20.7,No,6,38.8,13.1,No
W0522,2022-03-24,Hobart,9.4,21.4,1.0,12.8,5.8,SW,82,SSW,WSW,40,22,92,97,,1007.7,6,7,11.9,17.7,Yes,4,21.9,10.8,Yes
W0523,2017-07-09,Wollongong,11.9,27.5,9.4,0.2,,W,64,SE,SE,52,59,72,78,1010.8,1002.6,7,,12.6,26.6,No,8,48.8,16.5,Yes
W0524,2022-10-01,Darwin,22.5,33.7,22.7,14.7,1.6,NNE,999,W,WSW,18,58,96,99,996.6,1008.5,4,7,24.8,30.7,Yes,3,10.1,25.4,Yes
W0525,2021-11-29,Canberra,9.6,99.9,1.7,13.6,10.1,WNW,31,E,SW,3,1,32,22,9999,1014.9,1,5,16.6,21.6,No,7,20.4,6.6,No
W0526,2021-09-20,Wollongong,11.9,23.2,16.7,14.1,5.5,N,999,SW,S,29,29,97,81,1012.2,1006.7,,7,14.2,19.7,Yes,5,31.7,8.8,Yes
W0527,2018-04-11,Sydney,13.2,25.6,4.6,6.6,6.6,ENE,44,SE,NW,3,11,30,21,1029.5,1016.4,3,,13.9,25.4,No,2,7.3,17.2,No
W0528,2015-12-28,Darwin,22.2,34.9,1.1mm,13.4,8.2,S,34,NW,SW,26,17,52,47,1020.8,1017.6,5,2,23.4,31.8,No,4,7.8,22.4,No
W0529,2019-05-23,Darwin,21.9,32.7,34.4,1.8,2.6,SSE,95,SSW,E,33,31,82,67,,1006.4,4,,25.6,31.4,Yes,8,29.6,23.2,Yes
W0530,2021-08-03,Wollongong,14.2,20.9,0.8,12.5,8.2,S,29,NNE,SW,11,5,26,61,1021.4,1013.4,4,3,14.8,18.2,No,8,28.8,17.3,No
W0531,2021-01-11,Brisbane,16.5,30.7,2.7,1.6,7.3,SSE,8,WSW,W,23,23,44,37,1023.1,1009.8,1,1,16.9,29.1,No,5,6.8,19.6,No
W0532,2016-02-01,Townsville,21.1,28.8,0.5,11.4,10.9,WNW,9,E,E,6,1,26,35,1012.6,,3,3,22.8,27.5,No,10,12.3,18.9,No
W0533,2022-09-09,Adelaide,13.4,23.6,2.7,,5.3,NW,61,SE,W,47,57,61,58,996.2,,8,4,14.3,20.9,Yes,8,40.3,12.6,Yes
W0534,2015-12-22,Sydney,13.0,20.0,0.4,14.7,8.2,SSE,28,SSW,W,-3.0,1,40,18,1019.1,1012.3,4,4,14.0,16.9,Yes,3,40.1,12.4,No
W0535,31/10/2019,Townsville,23.0,26.5,4.9,3.6,11.3,S,25,NNW,SSW,7,30,57,26,1012.1,1019.4,1,2,23.9,26.4,No,9,27.3,24.2,No
W0536,2021-10-29,Newcastle,12.1,22.8,20.6,1.7,-1,ENE,84,ESE,S,36,31,95,71,1013.0,1012.5,6,6,12.2,22.3,Yes,9,43.6,10.5,Yes
W0537,2017-01-22,Canberra,11.8,20.6,3.6,9.6,6.9,,11,SE,WNW,24,16,33,21,1029.9,1027.1,3,4,13.5,16.5,Yes,3,13.7,11.5,No
W0538,2019-11-01,Adelaide,12.6,22.1,0.8,11.8,,WNW,9,S,ESE,10,18,62,65,,1025.1,5,0,12.7,17.6,No,4,17.9,12.4,No
W0539,2015-11-12,Canberra,5.1,16.1,3.9,10.3,4.0,NW,16,ENE,NNE,19,11,47,42,1020.8,1015.8,4,3,7.4,14.5,No,9,29.3,8.8,No
W0540,2021-04-30,Townsville,20.1,35.9,4.2,4.6,9.5,,39,S,SSE,14,32,58,30,,,,1,22.6,32.5,No,4,30.6,21.9,No
W0541,2018-07-13,Brisbane,16.2,28.0,2.5,7.1,11.1,E,25,W,ESE,15,30,60,51,1014.0,1015.0,1,1,20.9,22.5,No,7,18.9,20.2,No
W0542,2022-08-30,Melbourne,7.2,23.9,1.9,,11.4,,34,ESE,N,27,0,59,18,1018.6,1009.0,,2,10.6,17.0,Yes,4,37.6,3.2,No
W0543,2015-03-21,Hobart,6.6,13.8,1.8,11.8,12.0,SSE,30,SE,ENE,20,23,61,61,1010.5,1011.5,5,1,8.7,11.4,No,6,20.5,4.2,No
W0544,2022-02-05,Adelaide,15.8,28.5,1.4,5.2,,SSE,43,NNE,E,30,19,49,24,1024.5,1012.1,,5,17.4,22.7,No,7,13.4,16.4,No
W0545,2020-05-05,Wollongong,13.5,23.2,0.6,8.5,,,18,ESE,NE,10,28,37,49,1013.2,1022.9,5,1,15.1,22.6,No,6,21.9,12.0,No
W0546,2015-05-28,Brisbane,18.2,30.2,5000,4.8,10.6,,39,SW,SSE,-2.0,19,32,29,1017.7,1020.4,5,5,19.4,29.6,No,5,8.6,13.5,No
W0547,2022-02-17,Perth,17.0,23.7,0.7,11.2,,ESE,20,NNW,WSW,29,33,65,43,1019.9,1024.1,2,1,19.5,20.6,Yes,1,33.1,19.7,No
W0548,2020-02-29,Newcastle,12.9,24.6,3.4,1.9,,W,25,WSW,SE,0,28,46,62,1017.9,1010.1,5,1,15.3,23.0,No,9,25.5,16.8,No
W0549,2019-08-19,Perth,13.4,27.8,2.4,11.6,,WNW,11,ESE,S,2,21,65,44,1012.4,1025.1,2,0,18.7,25.8,No,10,33.8,12.9,No
W0550,2017-11-26,Sydney,14.4,24.5,1.9,9.7,4.0,NE,30,SE,NNW,9,26,69,43,1014.4,1023.7,4,3,15.5,20.4,No,8,14.3,17.0,No
W0551,2015-07-12,Townsville,23.0,29.3,4.9,13.9,7.5,WSW,23,NNW,NW,17,11,49,18,1010.8,1014.3,1,4,24.4,28.3,YES,7,37.3,20.6,no
W0552,12/01/2020,Perth,12.8,24.8,30.3,4.0,0.3,SSE,41,WNW,S,19,47,89,72,1012.9,1003.6,6,5,15.9,19.3,Yes,6,9.4,9.7,Yes
W0553,2022-08-23,Adelaide,21.7,12.1,8.1,3.9,1.1,ESE,95,N,SE,46,31,60,95,1006.3,1005.4,7,6,14.1,21.1,Yes,11,9.7,7.2,Yes
W0554,2019-05-22,Townsville,19.2,26.9,1.8,9.5,,ESE,14,W,WSW,29,29,50,40,1029.8,1014.8,3,1,21.0,23.3,Yes,7,45.9,17.7,No
W0555,2015-11-20,Cairns,18.3,31.6,0.2,1.5,5.9,,14,NW,SE,3,21,31,52,1011.6,1023.7,1,5,19.4,26.3,Yes,8,14.0,16.3,No
W0556,2021-11-29,Melbourne,12.2,18.3,4.7,6.1,7.8,NW,20,NW,SW,13,2,56,53,,,0,3,15.0,17.1,No,2,9.1,13.9,No
W0557,2019-10-17,Wollongong,12.3,19.9,0.3,5.5,12.1,E,42,NNW,WNW,17,17,37,56,1027.6,1011.4,,2,12.6,16.7,No,11,33.5,8.7,No
W0558,2017-01-26,Townsville,18.6,26.6,3.9,4.0,6.0,WNW,38,NNW,W,28,12,47,60,1019.6,1020.4,5,,21.7,24.0,No,9,39.4,23.1,No
W0559,2015-02-22,Hobart,9.0,20.3,4.0,9.0,10.8,NNE,44,SSW,SSE,8,21,38,20,1012.5,1011.8,1,2,13.6,20.3,No,3,33.6,9.0,No
W0560,2015-08-12,Darwin,25.9,37.6,4.2,12.8,11.0,SE,22,S,SSE,22,24,32,53,1015.9,1010.4,3,4,26.1,35.2,No,2,21.8,24.7,No
W0561,2021-05-30,Perth,14.7,21.3,10.5,9.3,3.2,NNW,51,SE,N,34,45,95,96,1004.7,994.9,7,5,17.5,20.8,Yes,6,18.5,14.4,Yes
W0562,2021-11-03,Melbourne,8.4,25.0,1.8,9.7,6.2,E,25,S,ENE,28,29,48,35,1023.2,1018.1,5,5,11.3,21.3,Yes,8,41.8,7.6,No
W0563,2018-02-14,Melbourne,9.1,24.9,0.4,0.1,7.1,NE,12,ENE,ESE,3,29,25,42,1016.2,1017.3,0,4,11.1,18.9,No,1,22.7,,No
W0564,2017-04-02,Cairns,24.3,35.9,0.3,1.5,11.8,ENE,45,W,ENE,17,16,30,51,1011.5,1016.6,4,5,25.8,33.4,No,10,11.5,23.4,No
W0565,2015-03-22,Adelaide,12.2,22.7,3.7,5.3,100,N,45,E,NNE,21,26,39,26,1022.8,1022.0,4,4,15.6,18.9,No,3,26.5,12.6,No
W0566,2020-03-02,Melbourne,14.0,18.2,3.1,9.9,5.8,ENE,25,SSE,NNW,6,31,63,50,1016.1,1024.8,4,2,15.6,16.3,No,6,30.8,18.7,No
W0567,2022-06-11,Sydney,13.6,22.2,1.6,12.3,5.3,WNW,28,ESE,W,12,12,57,55,1013.1,1016.1,0,3,14.4,21.1,Yes,8,32.8,,No
W0568,2019-10-03,Melbourne,8.1,23.2,26.5,10.4,,ENE,37,SE,NE,19,36,61,99,1014.6,998.3,6,7,11.6,19.6,No,1,12.4,9.2,Yes
W0569,2019-06-28,Hobart,10.1,18.3,3.1,8.9,5.1,W,14,NW,NNW,16,10,54,28,1025.5,1008.6,4,4,10.2,15.8,No,6,6.8,9.3,No
W0570,2016-01-05,Cairns,24.8,35.8,4.0,11.0,4.4,NE,32,SW,WSW,22,27,40,29,1011.0,1026.9,1,4,29.9,33.6,No,11,26.1,24.2,No
W0571,2022-06-04,Sydney,11.1,20.9,3.3,4.3,4.6,SSW,21,W,WNW,13,29,33,39,1020.9,1017.5,2,4,14.0,16.1,No,11,30.9,7.4,No
W0572,2022-09-01,Cairns,-200,37.1,0.1,12.3,12.8,WNW,37,SSE,S,27,14,42,54,1019.9,1012.0,,1,28.3,36.4,No,1,36.0,24.2,No
W0573,2018-05-31,Cairns,19.9,30.0,2.7,13.9,7.4,NNE,44,WNW,WNW,7,9,45,17,1027.4,1025.3,3,2,22.0,29.1,No,11,7.6,19.9,No
W0574,2018-06-10,Wollongong,15.8,29.7,3.7,8.1,4.1,WNW,8,SE,SW,5,9,38,27,1010.4,1012.7,0,0,21.7,28.7,Yes,7,29.2,20.0,No
W0575,2020-05-20,Newcastle,13.3,30.0,1.8,14.9,5.0,WSW,41,NNW,NNE,15,28,62,61,1021.7,1024.3,2,0,15.4,24.1,Yes,11,39.0,18.3,No
W0576,2019-04-15,Canberra,5.6,22.2,4.7,14.9,12.4,ESE,17,NE,NE,27,2,65,54,1012.7,1021.1,2,4,6.5,20.0,No,4,45.8,1.3,No
W0577,2020-01-08,Newcastle,15.6,28.4,2.7,8.7,8.5,N,17,SE,NE,11,30,40,40,,1018.1,0,5,20.7,26.9,Yes,6,43.9,12.6,No
W0578,2021-12-12,Cairns,21.6,35.8,1.8,9.5,12.1,E,17,N,NW,3,16,42,43,1022.3,1018.4,2,,25.4,33.7,No,9,23.4,22.3,No
W0579,2017-07-21,Darwin,23.1,30.7,5.6,6.6,4.2,NE,79,ENE,E,38,62,88,85,,995.2,4,,25.7,30.5,Yes,11,30.2,18.3,Yes
W0580,2015-11-26,Brisbane,16.4,31.7,19.0,7.1,2.6,NW,100,NNE,SSW,16,33,93,66,997.2,,5,5,20.0,25.1,Yes,1,31.3,13.2,Yes
W0581,2015-07-07,Hobart,9.9,23.7,3.2,9.8,8.1,NNE,18,E,SSE,30,22,50,54,,1024.1,0,,14.1,17.4,No,4,9.2,14.5,No
W0582,2021-02-22,Hobart,5.9,20.8,3.3,12.0,8.0,S,17,WNW,ENE,29,24,38,63,1013.9,1027.3,1,1,6.7,15.8,No,3,11.8,,No
W0583,2018-10-27,Sydney,10.7,25.5,0.0,5.0,8.3,287,45,NW,WNW,5,4,200,65,1013.0,1027.7,3,,13.7,20.5,No,4,21.2,11.9,No
W0584,17/10/2017,Townsville,18.9,29.2,3.5,14.7,10.6,NE,42,WSW,ESE,10,5,28,34,1017.1,1012.6,,1,23.8,24.8,No,5,36.8,15.2,No
W0585,2021-08-30,Townsville,22.3,30.4,2.4,0.6,5.9,SSW,17,S,E,1,16,38,51,1015.0,1024.3,0,5,24.4,27.4,No,3,30.5,22.5,No
W0586,2018-03-21,Canberra,7.7,22.9,25.1,0.7,,,85,SSE,W,40,42,-10,63,1003.9,997.1,,6,8.1,22.3,Yes,7,22.1,3.2,Yes
W0587,2019-02-17,Wollongong,11.9,23.5,1.7,5.1,10.3,S,18,WSW,WNW,3,27,67,38,1026.9,1018.6,0,5,12.5,22.8,No,5,38.4,12.3,No
W0588,2020-04-24,Townsville,22.7,29.4,3.8,1.9,4.1,W,7,NNE,WNW,1,31,27,28,1014.6,1025.4,3,5,24.9,26.1,No,11,21.0,27.0,No
W0589,2018-09-30,Cairns,21.7,34.5,38.4,4.8,,S,81,SSE,NE,19,30,78,71,1004.0,996.9,6,8,24.3,31.6,Yes,5,31.4,21.2,Yes
W0590,2022-12-27,Adelaide,13.7,19.2,7.8,4.6,,SSE,32,SW,W,48,21,60,74,1014.5,1010.4,7,7,16.4,17.2,Yes,5,44.3,15.6,Yes
W0591,2021-06-04,Hobart,10.2,23.5,3.7,14.3,,202,13,W,E,22,13,38,24,1018.8,1027.2,5,5,13.3,22.5,No,6,32.6,10.9,No
W0592,2016-06-29,Melbourne,11.4,19.7,0.8,12.2,4.1,,23,SSE,NE,26,24,48,38,,1017.3,3,3,12.2,17.8,Yes,1,10.5,9.4,No
W0593,2016-10-16,Melbourne,7.2,25.3,14.2,6.0,2.7,N,53,E,E,37,21,89,81,997.4,1002.6,4,7,12.8,20.2,Yes,9,27.0,5.6,Yes
W0594,2019-10-09,Townsville,19.5,35.0,2.8,6.0,9.8,NW,32,NNE,WSW,2,14,69,31,1020.6,1018.7,,2,22.0,34.0,No,2,37.6,16.3,No
W0595,2020-12-09,Townsville,18.0,26.2,13.9,4.4,2.4,,31,WNW,NE,34,34,96,95,1009.2,1011.9,7,6,18.2,24.0,No,8,10.0,,Yes
W0596,2020-05-27,Adelaide,13.7,21.0,27.0,10.5,5.7,SSE,52,SSW,SW,58,49,90,67,1006.2,998.5,6,4,14.3,18.4,Yes,4,32.9,13.2,Yes
W0597,2016-03-19,Townsville,17.2,30.8,11.6,2.5,4.3,N,71,ESE,SSW,21,50,82,71,997.3,1004.9,5,8,18.8,26.0,Yes,5,31.9,16.4,Yes
W0598,2021-09-26,Newcastle,16.1,28.4,0.4,13.5,8.2,NE,44,SE,W,30,34,52,29,1013.5,,4,1,22.0,24.5,No,7,5.3,12.6,No
W0599,2015-08-16,Sydney,13.8,29.3,3.6,,12.0,W,23,NNE,WNW,9,9,65,40,1023.3,1012.2,4,5,15.3,23.5,Yes,2,37.3,17.9,No
W0600,2015-08-03,Perth,18.7,24.0,4.5,11.8,6.9,NNE,33,NNW,ENE,21,6,67,49,1025.7,1012.8,3,3,20.7,22.6,No,8,6.1,,No
W0601,2017-07-03,Canberra,5.8,21.8,3.3,11.3,5.1,N,39,E,NE,7,3,45,48,1021.8,1027.0,3,5,5.9,14.0,No,9,30.4,6.4,No
W0602,2017-03-30,Brisbane,17.3,33.0,2.5,9.9,5.3,E,45,SSE,WSW,15,64,62,98,1011.8,,7,7,17.6,25.8,Yes,5,40.4,13.9,Yes
W0603,2021-05-07,Brisbane,15.5,26.2,1.1,5.5,3.6,NW,31,N,E,33,35,88,78,1011.7,994.1,4,8,20.5,23.0,No,5,36.3,15.7,Yes
W0604,2018-12-22,Cairns,20.1,34.1,1.8,11.9,5.0,NNE,36,NW,ESE,18,3,104,26,1014.0,1025.9,5,5,23.2,31.6,No,9,15.8,22.4,No
W0605,2016-08-28,Townsville,23.1,30.4,2.0,13.5,5.2,WSW,24,NW,WNW,17,4,32,40,1018.3,1011.9,3,1,26.2,28.8,No,8,19.7,20.2,No
W0606,2021-04-29,Melbourne,13.0,21.3,3.6,15.0,3.5,WSW,36,NNE,SE,33,52,83,60,1012.5,1012.5,7,8,13.7,19.1,Yes,3,38.2,8.6,Yes
W0607,2016-03-07,Townsville,20.5,29.6,28.1,11.6,1.7,,89,E,N,47,46,80,83,1003.6,995.4,6,7,24.3,25.7,Yes,8,13.1,17.6,Yes
W0608,2019-07-10,Sydney,14.0,27.9,2.4,4.1,7.3,WSW,17,WSW,SSE,23,1,59,55,1026.4,1020.8,1,0,16.3,25.9,No,5,21.3,17.1,No
W0609,2016-11-28,Canberra,5.3,23.5,3.7,2.6,5.4,SSE,12,NW,SE,27,11,35,39,-100,1012.7,1,0,9.1,22.7,No,9,34.7,5.6,No
W0610,2018-09-15,Brisbane,16.3,33.0,4.9,7.3,4.4,NW,39,S,SSE,24,27,64,50,1028.1,1011.0,4,2,23.9,30.4,No,4,9.9,18.9,No
W0611,2019-09-29,Melbourne,11.8,21.8,2.8,,4.4,SW,36,NW,SSE,26,23,61,47,1015.8,1017.0,2,0,16.2,21.3,No,11,36.6,12.5,No
W0612,2016-07-23,Darwin,24.5,29.0,3.7,,4.9,NE,33,NE,NNE,56,62,76,98,1006.1,1012.8,8,5,26.0,27.2,Yes,10,39.4,19.6,Yes
W0613,2019-08-01,Hobart,4.4,21.9,33.8,10.2,2.5,W,98,SSW,NNE,37,54,96,82,1000.3,1003.3,6,7,7.4,14.4,Yes,11,11.9,7.5,Yes
W0614,2016-09-19,Perth,17.7,25.4,2.8,15.0,9.5,39,20,ESE,E,5,26,56,36,1024.2,,3,1,21.0,22.7,No,2,14.5,21.3,No
W0615,2015-09-16,Sydney,12.7,26.3,1.2,1.2,10.8,S,36,NE,NW,21,24,55,49,1020.7,1023.7,5,2,14.4,20.5,No,6,25.5,9.6,No
W0616,2020-11-06,Newcastle,14.5,19.4,0.4,7.8,,WNW,13,N,ENE,20,15,44,54,,1008.1,0,,14.7,17.6,No,3,33.8,13.9,No
W0617,2019-03-05,Cairns,20.1,30.3,-5,14.9,11.3,W,15,SSE,N,19,27,38,57,1028.6,1014.4,2,4,20.9,28.2,No,3,7.3,22.9,No
W0618,2022-07-10,Brisbane,14.1,24.4,1.2,6.7,9.1,,23,ESE,SSW,1,35,28,31,1024.4,1019.4,0,1,19.2,24.1,No,5,49.2,13.7,No
W0619,2019-03-21,Melbourne,9.2,26.4,0.9,1.5,11.7,S,31,SE,NW,10,12,29,46,1022.7,1010.4,2,,12.8,25.1,No,4,38.4,13.8,No
W0620,2015-11-07,Adelaide,14.3,22.1,0.4,5.6,11.7,S,24,ENE,N,20,26,55,53,1025.6,1026.9,4,3,17.7,21.5,No,4,43.6,18.3,No
W0621,2016-12-27,Cairns,20.3,33.9,0.3,,9.4,S,11,WNW,ESE,16,3,126,44,1019.6,,3,1,24.6,30.4,Yes,2,29.6,18.6,No
W0622,2018-05-31,Cairns,19.9,30.0,2.7,13.9,7.4,NNE,44,WNW,WNW,7,9,45,17,1027.4,1025.3,3,2,22.0,29.1,No,11,7.6,19.9,No
W0623,2021-03-31,Sydney,13.9,19.1,10.3,14.2,,NE,62,ESE,ESE,42,27,88,68,1014.4,1000.2,6,8,15.0,16.7,Yes,11,49.4,13.5,Yes
W0624,2018-01-09,Cairns,22.3,32.8,4.9,2.1,10.4,NNW,21,WSW,S,14,30,43,40,1026.7,1022.3,0,1,24.7,32.0,No,2,41.4,21.0,No
W0625,2016-03-29,Adelaide,11.7,18.6,1.0,14.0,6.8,E,-20,ESE,WNW,12,12,32,17,1028.0,1008.6,4,3,13.6,18.4,No,8,49.3,8.8,No
W0626,2018-01-26,Perth,14.0,24.1,0.6,0.1,9.2,,42,SE,ESE,9,16,67,50,1027.4,1009.9,1,1,15.6,20.8,No,3,49.6,14.5,No
W0627,2021-06-04,Melbourne,7.2,25.2,4.5,9.3,11.2,WNW,41,SE,NW,29,28,65,64,1011.9,1023.2,3,0,9.2,25.0,No,5,13.0,7.9,No
W0628,2020-11-24,Sydney,12.7,19.1,10.0,5.9,3.8,E,41,W,WNW,23,16,70,55,1000.7,1012.1,7,4,14.9,17.2,Yes,11,32.4,9.2,Yes
W0629,2019-02-26,Perth,14.3,28.1,24.6,8.2,2.3,WSW,65,ENE,S,60,55,71,72,1010.2,997.9,5,7,14.5,28.0,Yes,9,26.2,9.9,Yes
W0630,2016-01-19,Adelaide,15.1,25.3,3.1,1.8,,SW,43,N,SE,22,23,51,42,1028.6,1023.3,1,0,19.9,21.2,Yes,8,9.7,12.1,No
W0631,2020-12-10,Newcastle,11.0,27.7,1.7,8.3,11.8,SSW,18,W,SSW,30,30,49,-5,1029.7,1012.0,4,1,15.8,26.2,No,4,17.0,13.0,No
W0632,2018-02-19,Melbourne,80,24.8,4.2,4.4,10.8,N,37,NNE,WNW,22,1,54,40,1014.7,1011.4,2,0,17.5,22.7,No,6,20.6,9.4,No
W0633,2022-11-03,Darwin,-99,38.8,9.9,,3.5,NNW,64,WNW,WSW,17,39,75,77,996.0,1010.7,,5,29.2,34.1,Yes,11,14.5,21.9,Yes
W0634,2020-01-28,Brisbane,15.9,32.9,1.5,2.9,12.8,ENE,5000,WSW,W,4,27,49,16,1016.5,1024.2,4,5,20.1,25.3,No,8,32.6,11.6,No
W0635,2015-01-20,Darwin,21.8,38.3,1.5,6.5,10.3,NNE,15,SE,SE,5,33,41,18,1028.2,1009.6,5,1,22.7,32.6,No,10,44.0,19.8,No
W0636,2015-08-02,Hobart,5.3,13.3,3.2,2.9,8.6,W,35,NE,ESE,0,23,32,20,1012.3,1009.2,1,1,8.9,11.7,No,10,26.5,5.8,No
W0637,2022-01-21,Darwin,21.7,34.3,2.5,1.1,12.2,NNW,20,WSW,WNW,28,33,35,41,1012.7,1022.1,1,5,22.6,32.3,No,8,6.7,24.9,No
W0638,2016-07-13,Darwin,21.6,33.8,0.6,7.6,5.3,SW,23,WSW,NW,23,12,33,51,1021.5,1024.3,4,5,24.9,29.9,No,11,25.0,19.9,No
W0639,2021-11-11,Hobart,11.0,19.2,3.5,7.6,5.8,SSW,28,NNW,ESE,24,24,34,25,,1016.5,2,4,11.9,18.8,No,10,23.1,9.2,No
W0640,2017-06-27,Townsville,20.6,28.3,3.8,2.2,7.9,WSW,43,NNE,W,14,10,39,46,1018.1,1019.6,3,3,21.1,26.0,No,4,31.1,18.6,No
W0641,2021-10-04,Melbourne,7.2,21.7,3.0,5.9,11.6,NE,31,NNE,SE,8,12,63,30,1013.6,1015.5,1,0,11.0,14.9,No,1,16.6,7.9,No
W0642,2016-07-05,Perth,18.2,31.3,4.5,,5.8,ENE,33,NNW,N,1,19,33,43,1023.1,1014.3,2,0,19.0,26.6,Yes,4,28.3,14.7,No
W0643,2021-05-15,Melbourne,10.7,19.1,12.8,12.9,5.8,NNW,87,E,NNE,17,38,95,82,1011.3,1012.6,7,7,13.5,16.5,Yes,4,13.5,12.5,Yes
W0644,2016-07-06,Newcastle,16.6,27.0,1.2,3.0,11.6,SE,43,W,SW,7,1,56,15,1013.2,1018.2,2,3,17.9,25.5,Yes,1,27.9,12.8,No
W0645,2022-04-04,Townsville,19.6,29.8,0.4,5.2,10.9,WNW,22,ENE,SW,29,14,38,31,1023.7,1018.5,0,4,23.5,25.4,No,1,46.9,20.1,No
W0646,2018-08-17,Adelaide,15.0,28.6,4.6,5.2,9.3,SSW,17,NNE,ENE,30,25,53,46,1010.8,,0,1,18.3,25.7,Yes,2,27.3,17.9,No
W0647,2016-05-01,Townsville,21.3,26.9,0.4,12.2,10.7,ESE,30,SW,NE,29,4,43,44,1023.5,1014.7,3,0,23.5,25.2,No,3,40.9,20.8,No
W0648,2019-12-08,Darwin,21.1,32.1,1.6,13.7,9.2,ENE,17,NE,SSW,3,6,54,48,1011.3,1008.7,2,0,22.0,30.4,No,2,26.7,18.3,No
W0649,2022-01-20,Brisbane,17.6,27.1,2.8,10.2,5.8,SSW,29,WSW,WNW,28,10,48,35,1013.1,1026.7,1,5,17.8,25.8,No,11,25.0,20.2,No
W0650,2021-08-31,Hobart,4.5,21.7,1.7,13.3,5.7,ENE,40,S,SSE,4,16,43,17,1028.6,1024.4,2,5,10.7,15.6,No,5,29.5,2.6,Y
W0651,2017-05-05,Brisbane,21.0,23.6,9.3,3.1,2.6,NNE,60,WNW,SSE,59,16,87,98,,1005.4,7,8,22.0,23.4,No,8,44.9,22.4,Yes
W0652,2019-07-27,Adel@ide,12.6,28.3°C,1.6,3.5,,NNW,28,SW,E,26,24,38,53,1013.7,1025.0,5,,16.1,27.7,Yes,9,5.2,17.0,No
W0653,2018-02-17,Melbourne,12.2,22.5°C,3.0mm,7.5,9.1,NW,29,ENE,N,3,3,25,500,1018.3,1016.8,1,1,14.1,20.4,Yes,5,48.0,11.1,No
W0654,2019-06-03,Brisbane,19.5,31.7,-5,7.7,7.3,SSE,20,NNW,NNW,20,19,55,39,1013.3,1009.4,5,1,20.7,29.4,No,8,29.0,,No
W0655,2019-04-28,Adelaide,10.8,22.1,4.2,12.2,9.2,ENE,9,S,ENE,3,2,29,53,1014.7,1023.8,2,1,11.8,21.6,No,9,24.8,13.9,No
W0656,2018-05-01,Adelaide,10.3,18.6,24.8,5.9,1.6,ESE,93,ENE,SE,57,34,82,80,999.3,,8,8,12.1,17.0,Yes,6,41.5,5.4,Yes
W0657,2018-01-24,Newcastle,15.3,23.9,3.7,12.8,10.6,,11,WNW,WNW,24,23,39,29,1021.0,1009.1,1,2,18.5,23.5,No,2,12.0,11.3,No
W0658,2016-06-06,Darwin,24.5,29.5,2.6,7.1,11.1,WSW,37,ESE,E,17,29,50,27,1014.2,1013.3,0,4,25.0,28.2,No,3,42.1,,No
W0659,2016-07-10,Sydney,11.0,23.0,4.0,,12.6,NW,22,WSW,SSW,21,24,53,59,1028.1,1027.5,0,,12.3,17.7,No,7,25.5,8.5,No
W0660,2018-06-19,Hobart,9.5,21.1,4.1,0.2,7.2,SE,31,W,NW,29,34,35,28,1013.0,1027.2,2,4,13.6,18.1,No,8,29.4,9.9,No
W0661,2020-10-31,Sydney,14.4,20.2,35.6,10.8,5.3,S,34,ENE,W,60,48,73,96,1000.1,995.4,6,6,15.0,17.6,No,11,47.9,15.2,Yes
W0662,2021-03-16,Brisbane,19.8,31.5,7.5,4.7,2.9,SE,34,WSW,E,22,36,78,86,1012.9,1012.5,7,5,23.7,29.5,Yes,1,14.5,15.1,Yes
W0663,2020-05-06,Canberra,6.3,24.2,4.8,8.5,12.2,SSW,13,SW,S,1,22,59,42,1013.0,1026.7,,3,6.7,23.5,No,4,41.9,2.3,No
W0664,2021-08-30,Townsville,22.3,30.4,2.4,0.6,5.9,SSW,17,S,E,1,16,38,51,1015.0,1024.3,0,5,24.4,27.4,No,3,30.5,22.5,No
W0665,2019-08-26,Newcastle,15.2,19.6,4.5,13.4,4.8,E,15,N,SSW,6,0,36,47,1023.3,1020.3,4,3,17.1,18.9,Yes,4,42.6,16.0,No
W0666,2015-04-14,Adelaide,9.0,20.4°C,2.9,12.8,12.3,ENE,19,SSW,NW,14,27,35,46,1020.1,1023.4,3,4,11.7,19.2,No,5,22.9,9.2,No
W0667,2018-10-21,Cairns,19.8,35.1,4.3,9.6,0.2,SSW,83,NE,NNE,31,58,70,92,1010.4,997.7,8,4,25.5,31.2,Yes,1,45.1,24.8,Yes
W0668,2017-09-02,Darwin,25.6,32.8,3.7,,3.3,SW,41,ESE,WNW,39,23,65,81,999.9,1005.7,,,29.0,32.6,Yes,4,32.4,23.0,Yes
W0669,2016-04-20,Melbourne,11.8,22.8,1.2,6.6,,WSW,74,ENE,SE,37,64,62,60,1015.0,1005.6,7,5,14.6,19.3,Yes,9,25.9,12.5,Yes
W0670,2018-05-30,Darwin,21.4,31.7,3.9,14.8,6.5,NNE,24,NE,WNW,2,8,44,28,,1013.6,5,,23.7,29.7,No,6,40.9,,No
W0671,2016-06-03,Brisbane,18.8,26.5,4.7,5.7,10.2,,10,WSW,W,29,12,33,24,1028.5,1013.2,3,3,19.9,23.0,No,3,26.7,14.6,No
W0672,2019-02-01,Brisbane,14.8,23.4,0.3,2.7,,NE,42,NE,S,12,13,50,50,1028.8,1012.6,3,2,14.8,19.4,No,10,7.8,10.7,No
W0673,2018-04-05,Townsville,20.4,29.9,3.2,7.3,10.7,WSW,27,NNW,W,5,33,41,41,1018.5,1010.7,0,4,25.1,27.3,Yes,7,24.8,22.2,No
W0674,2020-10-08,Townsville,18.8,33.2,1.7,3.3,7.1,NE,25,SSE,SSE,4,11,36,60,1024.4,1013.0,2,4,22.2,27.9,Yes,5,34.8,23.3,No
W0675,2022-05-18,Brisbane,15.2,23.9,4.6,3.3,8.0,WNW,30,E,N,13,16,49,15,1010.5,1009.2,5,0,15.4,23.4,No,11,38.3,16.2,No
W0676,2017-07-27,Melbourne,20.8,13.3,2.9,2.0,7.5,N,11,NE,NW,2,24,43,24,1020.3,1025.6,0,0,16.5,20.3,Yes,2,20.8,10.0,No
W0677,2019-12-25,Brisbane,17.4,23.7,4.4,4.3,-8.6,E,40,ESE,WNW,24,4,56,58,1011.4,1026.1,3,4,20.1,23.1,No,10,11.1,21.8,No
W0678,2017-02-01,Melbourne,13.0,22.9,4.3,,6.7,SSW,19,W,WNW,30,2,45,37,1024.2,1018.7,2,3,16.6,22.9,No,7,5.8,14.9,No
W0679,2020-01-13,Hobart,5.2,22.3°C,23.9,5.0,2.2,SE,66,WSW,WSW,45,38,96,77,1013.5,994.6,5,7,7.4,20.3,Yes,10,33.7,7.8,Yes
W0680,2018-08-17,Newcastle,12.2,25.1,1.1,6.7,,S,22,ESE,NNW,10,0,63,17,1021.2,1020.6,3,1,14.1,24.2,No,6,32.1,7.5,No
W0681,2019-08-11,Brisbane,20.3,29.4,-0.1,5.3,7.5,NE,29,ESE,SE,3,8,26,29,1012.3,1010.3,5,4,24.0,25.7,No,4,47.4,,No
W0682,2016-07-02,Cairns,20.4,200,4.6,6.7,7.0,SE,42,W,NNW,2,12,62,20,1010.7,1014.4,,2,26.3,28.9,No,9,15.2,21.9,No
W0683,2022-11-02,Cairns,19.1,28.0,2.9,8.4,5.0,,35,SW,ENE,4,2,30,45,1011.4,1021.3,,1,21.6,27.2,No,4,33.4,16.6,No
W0684,2022-01-31,Newcastle,17.0,25.5,21.1,12.6,5.8,W,83,NNE,ENE,56,39,64,63,1002.4,1005.3,4,6,19.7,21.5,Yes,4,30.7,13.7,Yes
W0685,2018-07-14,Cairns,20.5,36.1,4.7,10.2,7.2,NNW,26,WNW,S,14,16,56,57,,1019.1,5,2,25.1,34.5,No,11,25.7,20.2,True
W0686,2021-10-13,Adelaide,-200,25.7,4.6,6.0,10.9,SSW,23,SSW,SSE,11,8,40,56,1029.7,1012.7,2,5,19.4,23.2,No,10,47.9,13.3,No
W0687,2017-12-31,Melbourne,13.4,21.9,0.5,11.4,11.6,SE,19,WNW,W,13,29,56,35,1014.9,1016.0,4,2,16.6,19.6,No,2,17.1,17.6,No
W0688,2021-12-09,Hobart,9.2,18.5,2.5,4.0,10.2,ESE,36,NE,NNE,2,20,42,29,1027.3,1009.7,5,2,10.6,18.3,No,9,32.3,14.2,No
W0689,2015-08-22,Canberra,6.8,21.2,5.0,12.3,6.0,S,44,NNE,S,18,23,39,150,1024.8,1011.9,4,3,11.8,20.1,No,7,15.3,,No
W0690,2016-11-23,Darwin,38.5,23.8,15.7,10.9,3.0,WSW,68,N,SE,48,32,89,98,1012.5,1006.6,4,5,27.8,33.2,Yes,8,12.5,20.2,Yes
W0691,2016-12-09,Townsville,20.0,32.0,33.4,1.3,4.9,ESE,71,SE,SW,27,25,82,87,1009.8,1001.9,5,5,21.1,28.8,Yes,4,10.1,23.1,Yes
W0692,2022-05-18,Hobart,6.1,18.9,3.3,2.2,12.9,SW,41,W,NNW,6,1,40,47,1015.2,,3,3,6.7,15.7,No,1,9.4,2.8,No
W0693,2021-06-20,Cairns,21.0,33.8,3.9,8.8,8.1,ENE,10,NW,NE,4,13,47,32,1028.1,1015.3,4,0,22.6,27.6,No,2,15.3,23.6,No
W0694,2020-03-25,Melbourne,13.1,19.3,4.1,0.8,5.0,WSW,19,SW,N,10,31,69,64,1022.3,1011.7,2,3,14.4,16.8,No,5,40.8,12.2,No
W0695,2021-05-16,Townsville,21.7,30.7,37.4,5.5,0.7,S,60,NE,E,19,55,84,61,1003.6,1005.1,6,7,25.4,28.4,No,7,32.0,21.8,Yes
W0696,2018-09-29,Townsville,21.7,36.1,4.4,2.5,9.3,W,45,W,S,7,0,59,47,1022.7,1027.1,1,3,23.3,32.4,No,8,47.8,20.1,No
W0697,2021-10-29,Melbourne,9.5,19.7,5.0,8.8,5.8,SW,94,SW,N,54,53,-10,74,1006.9,993.8,5,7,13.8,18.4,Yes,4,10.6,13.0,Yes
W0698,28/01/2019,Newcastle,16.0,-50,15.7,3.8,4.8,NNW,66,SE,W,48,32,91,89,,1006.5,7,5,16.1,25.3,Yes,11,26.1,12.9,Yes
W0699,2020-12-19,Wollongong,13.8,27.9,21.0,8.5,4.9,ENE,73,E,NE,47,35,92,56,1001.5,997.7,7,4,18.4,24.3,No,7,25.9,12.8,Yes
W0700,2017-12-19,Darwin,21.1,39.3,2.1,,11.6,W,35,NNW,NNW,11,25,43,50,1023.4,1016.1,3,5,26.7,34.8,No,7,6.0,18.6,No
W0701,2020-05-26,Wollongong,16.3,26.3,4.0,1.9,6.7,WNW,999,W,NNE,3,22,48,37,1018.5,1025.2,2,1,20.3,23.9,Yes,3,45.4,19.4,No
W0702,08/05/2016,Adel@ide,12.2,20.4,4.3mm,7.4,6.9,SSE,11,SSW,N,2,1,54,57,1011.3,1018.1,4,2,13.0,19.6,No,8,28.7,8.1,No
W0703,2018-01-16,Adelaide,11.1,19.3,1.2,12.8,-1,SSE,17,NNW,SSW,26,29,65,45,1019.3,1015.6,3,1,13.1,16.9,No,2,34.3,8.4,No
W0704,2018-02-07,Perth,16.6,30.1,3.0,7.5,6.6,SW,38,NE,NNE,29,29,40,30,1015.3,1025.6,4,0,19.4,24.0,No,11,15.9,12.7,No
W0705,2020-11-23,Adelaide,13.8,19.0,3.0,,-5.2,NE,12,N,ESE,17,21,67,65,1022.7,1014.0,1,2,14.9,17.7,No,7,49.1,13.9,No
W0706,2018-11-01,Hobart,9.1,23.5,3.5,8.6,4.6,ESE,28,SSW,S,29,20,35,17,1022.6,1021.0,2,4,12.7,20.3,yes,9,20.4,8.0,No
W0707,2015-10-01,Sydney,10.4,23.2,0.6,,8.4,NW,32,ESE,SSW,5,35,38,22,1022.0,,4,0,12.4,18.1,No,9,21.2,8.0,No
W0708,2017-07-12,Adelaide,10.1,26.6,4.0,1.8,6.0,ENE,88,W,ENE,48,48,98,80,996.9,1010.8,4,4,18.3,25.8,Yes,7,49.1,6.5,Yes
W0709,2015-07-27,Darwin,20.2,38.5,11.4,9.1,2.9,SSW,45,WNW,WSW,59,16,79,71,1014.7,997.4,5,8,25.6,32.5,Yes,10,8.4,20.1,Yes
W0710,2017-03-21,Townsville,18.8,30.3,3.0,7.8,5.9,SW,10,NNW,SW,21,17,57,59,1021.4,1016.6,,4,22.3,26.8,Yes,1,36.2,15.6,No
W0711,2016-06-28,Cairns,21.6,30.0,3.9,12.6,8.6,NE,16,SSE,SSE,23,15,63,40,1025.3,1025.3,0,0,24.4,26.4,No,1,8.0,17.6,No
W0712,2021-07-16,Sydney,10.4,19.9,1.6,13.1,,E,8,ESE,N,28,12,68,21,1015.3,1018.9,5,5,12.9,16.2,Yes,5,49.1,6.8,No
W0713,2020-01-16,Melbourne,8.5,19.7,3.7,0.5,12.0,S,39,WNW,W,10,31,69,50,1021.5,1009.4,4,5,13.7,15.7,No,3,46.6,4.5,No
W0714,2018-07-26,Townsville,18.5,35.6,31.8,0.1,1.3,SE,37,NNE,W,53,34,82,78,1007.4,1002.6,7,6,23.8,28.9,No,10,45.9,21.3,Yes
W0715,2018-08-24,Melbourne,11.8,25.8,0.3,12.3,7.0,SW,30,ENE,NE,3,20,70,24,1019.9,1013.2,3,4,17.5,23.8,No,6,33.4,12.5,No
W0716,2020-08-27,Wollongong,15.5,29.7,1.7,5.6,11.7,WSW,16,SW,E,5,29,42,46,,1020.4,,5,17.8,25.8,No,7,42.4,,No
W0717,2016-01-19,Perth,17.6,31.1,1.0,13.2,12.9,SSW,30,WSW,SW,14,29,25,29,1027.8,1008.4,1,2,22.5,30.8,No,6,26.4,15.6,No
W0718,2019-04-09,Perth,18.8,31.2,2.4,8.6,-12.3,WSW,37,SSE,S,27,15,30,47,1011.8,1018.0,,3,19.8,25.9,No,7,33.2,21.5,No
W0719,2022-01-11,Sydney,15.7,23.3,3.5,1.6,4.4,W,43,SW,SW,23,13,54,16,1029.6,1015.8,2,2,19.1,22.5,No,6,35.7,16.4,No
W0720,2020-08-09,Brisbane,18.4,33.4,38.3,11.5,1.9,N,70,SSW,NE,55,58,91,94,1003.3,1007.2,5,7,20.1,27.7,No,7,14.4,18.9,Yes
W0721,2020-10-19,Newcastle,15.9,28.9,4.4,0.5,6.1,NNW,21,ESE,SSW,30,13,65,62,1026.7,1013.8,2,3,17.3,28.1,No,3,48.8,13.3,No
W0722,2018-08-26,Hobart,10.6,15.8,0.6,3.2,-99,WSW,20,N,N,8,31,57,62,1017.2,1024.7,0,4,11.0,14.9,No,6,41.1,13.3,No
W0723,2021-02-12,Perth,13.6,22.4,0.5,0.9,6.6,WNW,9,WSW,NW,6,28,114,22,1019.9,1009.4,0,1,15.7,20.9,No,8,34.9,13.0,No
W0724,2016-11-24,Melbourne,11.5,18.5,0.4,1.7,7.6,NW,22,ENE,NE,15,14,61,55,1016.4,1018.9,4,0,12.9,16.8,No,7,27.1,8.2,Y
W0725,2022-07-11,Sydney,14.2,24.7,0.9,12.9,4.8,S,28,WNW,ESE,27,31,29,60,1014.3,1023.7,1,1,16.8,24.2,No,5,27.6,9.6,No
W0726,2015-08-12,Brisbane,17.3,31.7,2.8,0.3,-12.5,SW,19,N,NW,1,0,43,34,1022.0,1020.9,2,,20.5,28.5,No,11,5.2,22.0,No
W0727,2017-11-19,Adelaide,9.3,23.1,1.3,2.7,9.2,NNW,21,SSE,SW,17,12,28,30,1022.1,1008.2,5,4,15.9,17.4,No,1,8.1,,No
W0728,2018-08-10,Hobart,6.2,23.0,24.4,,3.1,W,84,SE,ESE,18,17,93,81,996.1,1000.0,7,6,7.5,16.5,Yes,1,40.3,11.1,Yes
W0729,2015-02-21,Newcastle,10.9,23.0,3.7,3.9,5.5,SW,28,NNW,S,20,19,57,23,1029.5,1008.0,4,0,13.6,21.8,No,7,33.7,,No
W0730,2022-11-14,Perth,15.0,23.9,7.9,7.6,4.2,W,60,E,SSW,26,41,200,85,997.5,1009.9,5,4,18.0,21.2,Yes,8,26.8,14.5,Yes
W0731,2019-11-25,Newcastle,15.6,22.8,3.3,1.3,5.8,,25,WNW,SSW,14,27,44,36,,1012.1,0,4,18.9,19.5,No,5,27.6,14.0,No
W0732,2016-12-05,Melbourne,7.9,26.2,17.2,0.4,30,NNW,93,W,W,29,52,74,69,,,7,,15.0,23.5,Yes,4,22.5,5.9,Yes
W0733,2020-04-27,Darwin,26.4,36.0,3.4,8.2,4.9,NNW,10,WSW,NW,29,20,27,-5,1023.3,1015.2,,4,29.7,35.0,No,1,27.6,24.1,No
W0734,2020-05-25,Cairns,19.0,31.9,6.9,9.0,3.6,SSE,999,WNW,SSW,33,15,69,80,995.3,1011.0,,8,23.5,26.7,Yes,10,44.9,21.5,Yes
W0735,2016-07-03,Canberra,7.8,19.1,28.1,9.4,4.2,W,67,E,NW,52,32,83,98,1006.9,,8,8,9.3,18.5,No,4,32.2,7.4,Yes
W0736,2020-11-03,Brisbane,20.7,27.4,2.1,12.9,6.4,E,15,ESE,NE,0,11,43,53,1023.2,1010.2,0,5,21.0,25.4,No,11,12.0,23.9,No
W0737,2020-05-15,Townsville,17.4,28.2,4.3,8.1,11.5,,18,NNW,NW,16,25,42,31,1016.3,1009.1,4,2,22.8,25.5,No,7,8.4,13.9,No
W0738,2022-10-20,Melbourne,12.1,18.0,3.7,,4.2,NW,16,ENE,S,30,22,-10,16,1012.7,1014.6,4,1,13.3,16.4,No,11,15.9,14.6,No
W0739,2016-10-13,Newcastle,12.4,27.3,3.0,,30,W,26,W,NE,14,30,25,41,1021.0,1020.4,5,4,15.7,26.0,No,11,48.6,12.2,No
W0740,2015-06-04,Wollongong,13.7,28.2,4.4,13.3,10.9,NNE,36,WNW,N,29,27,28,50,1022.0,1011.5,3,2,19.6,23.5,No,9,35.9,17.5,No
W0741,2019-04-19,Brisbane,17.2,33.2,24.6,12.9,5.9,63,39,NW,NNW,35,16,91,85,998.0,1008.1,6,6,23.9,32.9,Yes,10,13.2,14.5,Yes
W0742,2015-02-12,Melbourne,12.1,16.5,2.8,,5.4,NNE,11,WSW,S,4,7,67,45,1022.5,1009.4,,,12.2,15.3,No,7,10.7,,No
W0743,2016-12-22,Melbourne,9.0,18.0,3.8,0.2,12.8,WSW,11,ENE,NW,3,19,58,59,1024.0,1012.3,5,5,11.6,16.6,Yes,10,10.3,12.5,No
W0744,2020-02-14,Adelaide,9.2,19.9,4.1,14.9,12.4,SW,36,WNW,SSW,15,28,25,33,-100,1023.6,4,0,10.9,14.9,No,11,14.5,12.0,No
W0745,2015-01-26,Brisbane,15.5,26.8,4.9,13.2,7.0,NW,11,WNW,NE,25,33,200,42,1018.2,1022.4,,,20.3,24.9,No,1,16.0,11.0,No
W0746,2015-07-01,Hobart,4.5,14.3,2.7,4.6,8.0,E,34,SE,SW,14,14,34,61,1025.6,1012.7,2,0,6.3,13.3,No,9,43.9,7.2,No
W0747,2021-11-03,Melbourne,16.7,10.9,3.8,12.7,12.6,NNW,20,N,NNW,4,19,31,61,1012.2,1020.8,3,2,11.1,15.4,Yes,10,31.0,,No
W0748,2016-07-15,Brisbane,19.9,25.7,4.4,13.0,10.0,NNW,41,WNW,S,13,31,41,18,1014.5,1010.9,,3,22.6,25.4,No,5,42.5,16.3,No
W0749,2016-01-09,Wollongong,16.1,21.5,0.7,,8.3,E,20,NNE,ENE,19,18,29,55,1024.6,1010.3,5,5,18.2,19.0,Yes,11,46.5,16.1,No
W0750,2015-09-07,Melbourne,7.9,16.3,4.8,5.5,11.9,SSW,23,W,ESE,5,30,65,24,1025.9,1008.9,1,1,11.4,12.8,No,8,27.3,7.1,No
W0751,2020-11-04,Adelaide,13.2,25.6,0.5,1.4,9.0,SSW,38,WSW,WNW,18,19,41,54,1012.0,1015.4,0,1,15.1,25.3,No,4,29.0,14.8,No
W0752,2017-01-14,Darwin,24.3,37.0,4.3,0.3,5.1,NNE,36,SE,WSW,15,29,91,65,1009.3,1004.9,5,4,26.1,31.3,Yes,4,40.5,28.0,Yes
W0753,2016-06-27,Adelaide,9.8,19.0,2.0,1.5,8.7,SW,20,NNW,SE,30,34,-10,63,1028.5,1021.7,1,4,12.5,18.7,No,3,47.4,,No
W0754,2019-02-07,Hobart,4.3,13.0,2.9,6.4,5.4,,31,N,NNE,28,7,55,55,1015.5,1025.3,5,4,7.0,8.8,No,7,36.7,2.0,No
W0755,2021-09-05,Sydney,10.3,24.4,1.6,10.8,4.3,ENE,10,NW,W,19,17,69,55,1023.4,1017.5,1,2,15.4,23.1,No,4,8.6,13.1,No
W0756,2022-12-11,Darwin,20.3,36.3,0.8,14.7,12.4,W,15,SSE,ESE,2,21,36,46,1022.4,,2,2,25.5,30.3,No,8,20.1,23.2,No
W0757,2021-01-08,Canberra,-200,23.6,9.6,2.4,0.1,ENE,39,SSW,SSW,27,65,85,92,1011.9,1002.6,8,5,13.5,19.9,Yes,5,22.0,2.5,Yes
W0758,2016-01-08,Brisbane,17.8,29.9,27.0,,2.4,SW,71,NNW,ESE,34,65,70,65,1013.1,1008.1,4,6,18.0,28.0,No,8,15.8,16.7,Yes
W0759,2022-11-09,Melbourne,10.9,22.6,1.4,5.9,12.6,NNE,11,ESE,SE,2,19,69,33,1023.0,1014.7,1,,13.2,17.7,Yes,1,49.1,12.6,No
W0760,2017-01-08,Adelaide,10.3,28.2,3.5,10.3,,WSW,30,WNW,ENE,9,31,64,33,1016.7,1015.6,2,4,10.6,27.9,No,5,34.9,11.5,False
W0761,15/07/2018,Darwin,23.1,31.9,33.8,2.5,5.2,NW,68,SSE,S,39,40,76,82,,1003.4,4,6,23.4,31.7,No,7,42.3,22.5,Yes
W0762,2022-03-01,Newcastle,14.4,19.5,2.9,13.5,10.6,SE,8,SSE,NNW,8,8,54,18,1010.9,1022.5,2,5,16.7,18.7,No,9,30.6,13.3,No
W0763,2022-08-16,Brisbane,20.0,23.3,33.8,5.3,0.7,E,92,SW,ENE,28,53,73,71,999.3,994.5,8,6,21.5,22.3,Yes,8,9.0,22.5,Yes
W0764,2017-10-26,Brisbane,19.1,28.4,16.1,3.3,0.5,S,73,NNW,SE,55,48,92,67,1003.5,993.5,5,7,21.6,26.3,Yes,9,30.8,24.1,Yes
W0765,2021-12-20,Brisbane,19.6,26.2,1.3,5.5,,SSE,18,NNW,NNE,13,4,30,36,1017.9,1021.4,5,2,21.3,25.7,No,5,12.9,22.1,No
W0766,2020-09-08,Newcastle,15.9,26.4,30.4,1.2,2.9,SW,30,SE,W,50,64,84,87,1011.4,1005.1,5,5,19.0,24.6,No,9,15.6,13.1,Yes
W0767,2020-12-26,Darwin,23.1,39.1,35.0,1.4,4.6,,32,W,ENE,25,20,60,69,999.3,1005.8,7,5,23.4,37.8,No,5,45.8,21.9,Yes
W0768,2022-02-25,Newcastle,15.0,24.0,0.3,3.9,9.6,SE,18,WNW,NW,26,14,53,18,1012.6,,3,1,19.4,21.3,No,9,30.8,18.4,No
W0769,2020-03-08,Brisbane,19.0,33.5,2.9,1.5,7.5,,12,WNW,E,26,35,61,50,1010.6,1012.1,2,2,21.1,31.8,No,1,38.9,16.9,No
W0770,2020-01-01,Hobart,10.6,19.2,1.2mm,14.0,,SSW,27,N,NNW,2,9,46,18,,1020.7,2,2,13.9,18.5,No,1,15.5,14.6,NO
W0771,2019-10-20,Perth,16.7,31.0,1.7,11.2,30,N,29,NW,SE,27,23,38,24,1019.4,1020.6,,,18.1,25.5,Yes,1,20.8,14.2,No
W0772,2017-01-04,Perth,14.3,26.4,19.3,7.3,5.9,ESE,37,N,E,31,31,85,99,1006.7,999.2,6,6,19.0,26.1,No,5,24.9,13.9,Yes
W0773,2017-07-11,Newcastle,16.8,21.2,3.9,12.1,5.6,,33,E,ESE,23,25,29,25,1027.4,1026.1,2,0,18.5,20.8,No,8,16.9,13.4,No
W0774,2018-01-21,Brisbane,14.5,24.5,0.6,8.0,4.4,S,11,SW,ESE,4,35,31,15,1013.6,1015.8,1,5,18.6,23.1,Yes,3,36.7,16.5,No
W0775,2021-03-12,Adelaide,11.5,20.6,14.8,13.5,5.8,SE,67,WNW,WNW,59,39,65,57,1003.9,1010.7,8,,13.7,18.5,No,11,23.4,14.1,Yes
W0776,2022-07-07,Canberra,9.5,15.5,4.0,7.6,5.5,W,34,SE,SW,7,6,50,29,1019.9,1015.0,5,4,9.8,14.8,No,5,42.5,6.0,No
W0777,2020-07-30,Melbourne,12.2,16.8,2.0,12.6,4.4,S,19,W,NNW,5,24,61,62,1020.0,1027.0,5,5,13.1,15.7,No,6,6.9,8.8,No
W0778,2017-08-23,Hobart,5.4,16.1,2.4,7.4,11.6,SE,43,W,ESE,21,16,52,57,1016.0,1013.6,3,1,9.1,14.0,No,9,43.3,3.6,No
W0779,2018-12-30,Brisbane,19.9,30.7,4.5,12.6,8.7,SE,19,ENE,ESE,25,17,31,65,,1027.6,,4,24.6,26.2,No,7,26.2,21.6,No
W0780,2017-12-26,Melbourne,7.7,18.9,2.9,,6.1,SW,31,SW,SSE,21,6,66,21,1015.9,1025.9,1,4,11.9,17.7,No,1,32.1,6.5,No
W0781,2020-11-29,Perth,15.9,30.1,4.0,4.9,12.3,SW,33,W,NNW,28,30,65,64,1026.9,1008.9,0,2,22.6,25.4,No,4,26.4,15.9,No
W0782,2020-03-01,Hobart,8.0,16.6,3.4,0.9,11.3,SSE,41,ESE,WSW,8,8,34,20,,1016.1,4,1,11.9,13.4,No,6,5.0,3.1,No
W0783,2017-03-24,Townsville,18.5,34.2,2.4,9.0,7.6,WNW,34,S,NNE,7,11,65,17,1024.2,1021.6,0,0,20.1,33.6,No,8,6.9,15.2,No
W0784,2019-12-23,Sydney,15.8,28.7,4.0,5.3,7.1,WSW,34,WNW,SW,19,5,31,50,1021.4,1017.6,2,2,17.7,23.9,No,1,21.6,15.7,No
W0785,2020-12-30,Perth,14.8,25.9,2.9,10.5,1.5,NNW,61,ESE,E,19,55,75,86,1011.7,995.5,,6,18.6,20.7,Yes,3,7.3,19.2,Yes
W0786,2018-04-20,Newcastle,11.0,24.9,4.3,9.4,12.6,N,9,NNW,E,29,33,-10,40,1018.6,1020.0,1,4,17.7,18.2,Yes,7,32.9,,No
W0787,2016-08-23,Cairns,18.7,35.6,3.3,10.9,5.4,WSW,38,NE,S,11,3,35,37,1017.5,1012.0,0,,21.9,33.8,No,9,28.9,15.3,No
W0788,2022-06-09,Darwin,22.2,32.4,2.8,3.6,12.2,ENE,29,SSW,NNW,1,35,45,46,0,1009.4,2,,25.9,27.9,Yes,1,15.2,22.8,No
W0789,2017-02-10,Adelaide,-99,26.6,-5,9.5,5.8,NE,35,SW,N,49,59,89,67,1004.3,1008.4,,5,15.1,20.4,No,9,33.1,14.6,Yes
W0790,2017-06-08,Darwin,24.3,34.7,0.5,10.0,6.5,E,18,NNE,SW,15,11,46,17,1026.0,1024.2,5,5,26.1,30.4,No,5,46.4,21.8,No
W0791,2017-03-24,Brisbone,6.9,18.8,0.3,11.7,9.7,NW,11,S,ENE,15,7,29,30,1022.1,1025.6,3,1,12.8,18.6,No,8,49.8,11.7,No
W0792,2021-10-02,Perth,15.1,28.9,5.3,,1.5,ESE,44,E,N,51,33,91,55,0,1002.5,7,7,15.2,27.9,no,5,35.6,13.1,Yes
W0793,2015-12-12,Newcastle,15.2,23.7,4.9,11.0,12.9,S,12,W,ENE,0,22,64,31,1024.9,1023.4,,1,19.2,19.5,Yes,6,47.5,12.7,No
W0794,2017-02-22,Perth,12.3,27.0,0.0,5.0,12.5,N,17,WNW,NNW,19,23,66,37,1020.7,1020.5,0,0,13.1,23.9,No,9,40.9,15.9,No
W0795,2020-12-02,Perth,15.8,25.2,3.4,0.4,10.9,WSW,24,NW,E,7,0,61,61,1021.7,1018.2,2,1,19.9,20.7,No,4,24.8,18.6,No
W0796,2022-01-20,Cairns,24.8,32.8,4.3,1.6,7.7,NE,44,SE,ESE,11,27,49,30,,1014.4,2,,27.6,32.3,No,3,26.8,22.7,No
W0797,2016-05-18,Brisbane,16.3,31.8,1.3,13.4,8.3,ENE,44,NNW,WSW,28,24,49,65,1029.9,,0,4,16.6,28.7,Yes,7,20.9,16.2,No
W0798,2017-01-14,Adelaide,10.2,24.4,2.4,9.2,11.1,S,14,N,SSE,28,31,64,21,1021.5,1017.3,5,4,12.2,22.7,No,8,37.9,8.7,No
W0799,2015-03-27,Newcastle,11.1,24.6,6.0,2.1,5.6,NNE,98,NNE,S,30,42,78,96,1008.6,1008.6,7,6,11.4,23.3,Yes,4,16.3,10.6,Yes
W0800,2015-12-01,Wollongong,14.7,24.1,3.7,,6.8,NNW,25,SSE,SSW,18,3,39,57,1020.3,1014.1,5,,15.7,21.8,No,11,49.9,12.2,No
W0801,2021-06-30,Darwin,26.7,32.2,-2.4,4.6,12.0,WNW,39,NNE,N,12,24,46,53,1029.6,1024.0,4,3,27.2,30.8,No,8,19.7,30.7,No
W0802,2017-06-09,Melbourne,10.1,21.2,2.1,4.7,12.5,E,22,SSE,SW,30,13,27,50,1012.6,1026.1,1,2,10.4,16.2,No,10,41.9,12.7,No
W0803,2017-09-23,Brisbane,17.8,200,3.6,12.0,5.5,WSW,34,S,NE,0,1,58,54,1018.9,1017.6,2,4,19.9,26.7,No,1,10.3,22.1,No
W0804,2015-03-19,Wollongong,11.0,30.0,23.9,2.4,2.4,WNW,79,NNW,NW,20,29,77,59,1005.2,995.4,5,6,14.4,26.2,No,6,32.3,,Yes
W0805,2020-05-21,Darwin,26.5,33.3,4.1,3.6,11.3,SE,7,SSE,WSW,26,27,49,28,1025.0,1020.8,3,3,29.8,29.9,No,8,23.3,29.7,No
W0806,2020-01-20,Melbourne,9.3,16.6,38.6,9.2,5.2,NE,76,NNW,NNE,53,35,76,90,1014.4,994.7,6,8,12.0,15.8,Yes,10,5.6,5.8,Yes
W0807,2019-07-19,Melbourne,8.5,18.1,0.1,11.0,7.8,WSW,37,SSE,E,15,10,48,40,1012.2,1021.4,5,0,8.8,16.2,No,6,5.1,10.0,No
W0808,2016-07-08,Cairns,21.5,29.1,1.0,11.4,8.6,WSW,31,W,WSW,5,-27.0,54,37,1019.7,1010.2,3,5,24.9,26.9,No,6,27.4,25.7,No
W0809,2022-07-29,Melbourne,11.4,20.2,9999,,5.1,SW,47,WNW,NNE,17,22,91,70,1000.4,1012.3,4,4,13.5,16.5,No,8,48.5,9.3,Yes
W0810,2017-03-19,Sydney,11.5,25.8,9999,1.0,2.5,SSE,84,NNE,S,51,17,64,99,998.7,1012.2,,6,11.9,24.4,Yes,9,33.5,13.6,True
W0811,2022-12-03,Sydney,-200,22.9,1.7,9.5,4.8,NNE,43,SE,NE,29,27,45,63,1017.9,1008.2,5,,16.0,20.6,No,8,29.9,,No
W0812,2020-11-07,Adelaide,14.6,25.4,35.5,7.1,1.4,ENE,99,SE,NE,57,26,74,79,1001.7,995.5,6,7,15.5,24.6,Yes,7,27.4,10.6,Yes
W0813,2015-02-10,Townsville,22.8,33.0,1.1,14.1,0.2,ESE,91,WSW,NNE,57,35,96,92,1009.5,998.2,4,8,25.8,30.3,Yes,2,35.4,18.3,Yes
W0814,2020-05-02,Adelaide,9.3,23.3,9999,1.9,12.5,E,23,WNW,SE,23,29,29,22,,1027.0,2,0,14.6,21.9,No,4,39.1,11.8,No
W0815,2020-03-29,Townsville,21.9,31.2,5.0,0.9,5.3,WSW,13,WNW,ENE,9,19,51,56,1012.4,1008.5,1,5,26.0,27.6,No,4,38.0,19.5,No
W0816,2017-02-26,Melbourne,10.8,20.7,2.3mm,11.2,9.1,S,36,SW,ESE,30,33,66,65,1017.3,1019.8,1,3,14.4,17.4,No,6,37.8,10.0,No
W0817,2021-05-15,Darwin,26.3,32.7,31.5,6.9,0.3,NNW,88,S,NE,42,59,75,89,1010.7,1003.9,,7,29.2,30.8,Yes,6,26.1,30.5,Yes
W0818,2021-12-20,Darwin,23.4,35.1,2.9,4.9,4.2,WNW,32,NNE,S,29,9,63,59,1012.1,1025.9,2,4,24.7,33.9,No,2,27.8,26.6,No
W0819,2017-09-28,Darwin,25.2,32.9,3.4,4.5,11.2,NE,42,NNW,WNW,0,16,36,116,1029.8,1010.9,,5,27.2,29.8,No,2,26.2,24.4,No
W0820,2020-12-07,Sydney,10.9,29.0,11.0,3.4,1.1,S,69,W,SE,49,19,96,59,,1005.0,7,4,16.8,20.7,No,6,15.5,6.9,Yes
W0821,2015-05-10,Townsville,23.9,26.1,6.9,7.0,5.0,ESE,34,E,SSW,29,33,94,64,997.5,1012.2,7,7,24.6,25.1,Yes,9,29.1,20.7,Yes
W0822,2021-06-19,Townsville,17.1,30.1,-5,11.1,6.1,NW,23,NW,WSW,11,8,28,21,1025.3,1010.1,4,3,21.7,26.8,No,11,38.6,12.7,No
W0823,2020-10-09,Sydney,10.5,25.0,1.3,11.8,4.9,N,23,NE,ENE,11,31,40,54,1014.7,1025.1,1,4,17.2,18.4,No,10,16.1,11.3,No
W0824,2020-04-20,Canberra,7.6,150,34.8,9.6,2.1,SE,90,E,W,30,17,87,96,998.8,1002.5,8,,10.0,13.1,No,10,30.0,3.4,Yes
W0825,2017-11-13,Brisbane,19.7,30.5,1.5,12.6,11.5,N,41,N,NW,19,9,33,32,1012.5,1023.6,2,5,23.5,25.5,No,2,21.0,16.3,No
W0826,2021-03-27,Cairns,21.6,28.2,1.7,0.8,7.9,ESE,28,SSE,ENE,19,1,54,38,1019.0,1018.9,5,5,22.8,26.1,No,6,35.9,17.9,No
W0827,2018-03-18,Hobart,7.6,18.8,4.9,0.3,6.7,SSE,21,NNW,NE,30,8,54,44,1024.0,1023.5,0,5,7.9,14.1,No,11,47.6,7.0,No
W0828,2015-08-09,Wollongong,25.3,10.3,3.4,,7.5,SE,29,NE,S,17,6,58,19,1025.4,1024.1,4,1,17.4,19.3,No,4,5.2,9.1,No
W0829,2015-09-29,Perth,17.7,26.6,9.6,2.9,5.1,WNW,64,W,ESE,17,40,75,98,1012.2,1009.0,5,5,18.3,24.2,Yes,5,19.8,21.3,Yes
W0830,2018-01-05,Townsville,19.9,36.2,13.6,14.0,3.8,SSW,57,E,NNW,44,15,73,92,1011.8,1000.5,6,4,22.3,36.1,No,9,44.3,23.7,Yes
W0831,12/05/2017,Wollongong,16.2,20.0,2.6,6.7,9.4,WSW,40,NE,NE,5,11,45,32,1010.6,1014.9,0,3,17.7,19.4,Yes,8,9.5,20.4,No
W0832,2022-05-28,Brisbane,17.4,33.9,22.6,6.9,1.9,N,69,E,WSW,54,50,97,-5,1011.7,1010.1,6,,22.7,26.0,Yes,6,19.7,22.4,Yes
W0833,2017-05-30,Adelaide,9.7,25.2,3.5,14.0,11.8,ESE,40,S,NE,11,33,39,30,,1012.7,0,0,14.3,18.4,No,10,38.4,12.3,No
W0834,2016-01-18,Brisbane,20.4,25.5,2.7,9.3,12.8,WNW,28,W,NE,7,31,49,51,1020.6,1013.1,4,2,21.5,24.4,Yes,1,18.4,21.3,No
W0835,2015-07-11,Wollongong,12.2,19.6,26.3,2.3,3.7,W,33,WSW,WSW,28,64,75,89,1005.4,999.8,7,5,12.2,17.2,Yes,6,41.2,14.5,Yes
W0836,2017-09-04,Sydney,11.9,29.8,2.5,12.0,10.5,S,14,ENE,NNW,12,24,39,19,1013.2,1020.0,5,,20.6,25.2,No,10,45.9,11.4,No
W0837,2022-08-24,Cairns,22.9,32.0,0.7,1.3,5.1,NNW,37,SE,ESE,8,20,62,54,0,1019.2,1,5,26.1,30.9,No,9,36.5,17.9,No
W0838,2019-11-07,Hobart,8.3,18.5,4.5,2.0,11.9,SSE,21,ENE,E,7,2,39,33,1014.4,1011.9,2,3,9.8,18.3,No,3,44.8,,No
W0839,2019-02-07,Perth,13.3,31.0,1.1,4.2,7.8,SW,32,NNW,W,20,33,50,49,1010.6,1022.4,2,1,17.1,23.7,No,6,5.1,12.6,No
W0840,2018-03-11,Newcastle,10.3,20.3,5.8,10.8,2.4,SSW,54,SSE,NNW,38,40,82,92,1010.4,1001.7,5,7,10.3,18.3,Yes,10,12.7,5.6,Yes
W0841,2018-02-27,Adelaide,14.9,24.9,2.4,8.9,10.8,ENE,39,SE,SW,8,29,31,150,,1015.4,1,1,17.2,20.8,No,11,15.1,15.4,No
W0842,2015-07-23,Canberra,10.2,21.8,4.3,9.5,5.0,E,37,ESE,SSE,13,1,33,38,1029.7,1010.1,2,4,10.8,16.9,No,10,42.1,,No
W0843,2021-12-18,Hobart,8.7,15.9,3.7,1.4,12.1,NE,43,WSW,E,29,0,59,40,1011.9,1010.6,5,1,11.9,15.8,No,5,23.2,,No
W0844,2017-09-26,Townsville,23.6,26.3,0.5,3.1,6.9,WSW,32,SSW,E,19,34,48,22,1024.6,1008.7,2,,24.8,25.1,Yes,11,19.2,22.6,No
W0845,2019-12-15,Cairns,20.3,29.5,19.4,5.5,,,93,N,SE,15,30,61,60,1013.5,1000.7,7,5,22.2,28.6,Yes,10,17.3,22.1,Yes
W0846,2021-10-28,Melbourne,13.2,20.8,2.8,0.5,10.4,NNW,12,NNE,NE,6,29,35,47,1029.0,1022.6,0,2,14.1,19.0,No,10,48.2,9.3,No
W0847,2022-01-26,Wollongong,16.4,23.6,2.2,1.4,5.3,NE,24,N,ESE,30,1,68,56,1015.6,1026.3,3,,18.2,21.1,No,11,25.0,18.9,No
W0848,2019-07-01,Canberra,10.2,14.7,3.5,11.3,4.3,,18,W,WNW,17,4,56,46,1019.6,1026.1,4,4,10.4,13.1,Yes,5,38.9,9.3,No
W0849,2020-03-17,Hobart,9.6,24.0,4.5,,9.6,SSW,11,ENE,SE,20,11,49,58,1018.4,1010.2,0,4,12.1,23.8,No,8,43.4,13.5,No
W0850,2016-07-20,Perth,15.5,31.0,0.9,0.0,10.5,SW,15,NNW,WSW,30,29,25,46,1011.4,,0,0,18.1,30.6,No,11,12.3,11.3,No
W0851,2015-11-05,Hobart,10.1,21.5,2.1,12.3,4.7,W,43,S,WSW,7,25,39,41,1017.1,1023.8,0,2,11.8,17.9,No,7,29.2,6.5,No
W0852,2018-12-09,Wollongong,10.1,24.5,0.7,0.4,7.0,WNW,32,ENE,N,0,18,44,65,1019.5,1025.7,4,1,12.9,18.1,No,5,8.3,5.5,No
W0853,2020-04-26,Wollongong,15.6,20.8,0.2,4.4,12.9,ESE,18,WNW,W,10,6,42,21,1023.2,1014.7,3,2,17.1,18.6,No,2,45.7,11.7,No
W0854,09/09/2018,Townsville,18.3,32.3,3.7,7.3,12.6,SW,23,WNW,S,24,27,42,65,1029.6,,3,3,23.2,32.0,No,7,43.7,22.7,No
W0855,2021-01-10,Darwin,22.8,34.7,0.3,4.8,11.1,NW,7,NNE,NW,22,2,51,28,1015.3,1016.0,2,2,23.6,30.4,Yes,4,22.7,20.7,No
W0856,2017-01-05,Cairns,22.2,28.5,4.1,9.8,10.6,S,17,W,SE,1,19,64,58,1015.0,1010.0,3,2,25.2,27.1,No,8,34.6,25.2,No
W0857,2020-01-04,Perth,16.3,27.4,3.8,3.9,12.8,NW,39,WSW,NW,27,13,59,500,1029.4,1017.9,4,0,19.3,24.2,No,9,49.5,14.3,No
W0858,2018-03-14,Newcastle,15.2,19.6,1.4,,9.5,ESE,32,N,NNW,15,10,34,56,,1027.8,5,5,16.6,19.1,No,4,9.4,19.3,No
W0859,2018-05-16,Cairns,20.6,-50,3.5,5.9,6.2,NE,8,ENE,SSW,29,18,58,63,1013.2,1018.6,5,2,24.3,30.6,No,8,49.2,21.9,No
W0860,2022-04-13,Sydney,13.5,25.9,26.8,14.8,2.1,NNE,50,NW,NW,29,34,98,58,1014.7,1008.4,7,6,14.4,23.1,Yes,2,38.7,14.9,Yes
W0861,2016-07-31,Sydney,16.5,20.3,5000,0.5,3.3,NW,36,NNW,N,58,32,61,66,1010.5,1001.0,4,,17.0,19.0,Yes,7,19.1,,Yes
W0862,2021-08-29,Canberra,9.6,14.9,3.0,8.3,8.6,ESE,32,SSE,WSW,4,16,63,20,1016.5,1021.3,3,5,10.4,14.9,No,10,8.9,14.1,No
W0863,2017-07-22,Townsville,20.4,32.5,31.1,0.6,3.6,SSE,52,SE,NW,29,17,87,84,998.8,,8,7,21.4,32.3,Yes,4,36.2,21.5,Yes
W0864,2015-06-10,Brisbane,19.5,25.9,0.1,9.6,5.7,W,10,NNE,WNW,5,6,45,63,1015.7,1017.1,,1,20.6,22.9,No,4,35.6,15.8,No
W0865,2021-07-10,Brisbane,19.3,28.8,4.8,-13.0,,S,20,WNW,NNW,4,-13.0,53,63,1028.0,1027.9,5,,23.9,25.0,No,5,6.2,19.8,No
W0866,2016-07-15,Newcastle,12.0,25.1,1.3,10.3,9.5,,29,ENE,SSW,24,17,60,25,1025.7,1023.3,5,2,17.9,20.1,No,2,6.3,12.9,No
W0867,2019-06-04,Newcastle,14.4,19.4,1.1,0.1,10.4,W,28,E,N,6,28,200,35,1018.1,1018.1,5,0,14.4,17.9,No,2,33.4,18.3,No
W0868,2015-06-17,Darwin,26.9,29.9,2.2,,3.6,NNW,69,W,WNW,59,35,76,89,1008.9,1006.4,6,4,28.1,29.3,No,5,8.6,27.5,Yes
W0869,2021-09-06,Hobart,10.5,13.2,3.1,3.9,11.7,S,7,NW,N,0,13,66,18,1023.6,1013.6,3,5,10.8,12.9,No,6,38.7,,No
W0870,2017-11-29,Newcastle,13.7,21.5,-4.2,12.9,9.2,WNW,32,NNE,NE,14,0,68,15,1011.9,1013.8,4,,14.7,19.2,No,5,10.6,17.0,No
W0871,2021-05-15,Darwin,24.7,29.5,11.8,,2.5,S,32,NE,NW,28,60,83,64,1007.9,,7,7,25.1,28.6,Yes,10,8.8,27.4,Yes
W0872,2015-03-13,Adelaide,10.1,28.6,0.1,12.5,7.1,S,29,SW,SW,8,21,34,57,1019.6,1010.1,3,1,11.2,19.7,No,2,47.0,13.9,No
W0873,2017-04-25,Adelaide,10.6,20.4,1.6,7.0,9.0,N,29,NW,NNE,2,5,61,34,1023.7,1018.4,1,4,11.1,20.0,No,8,29.2,11.4,No
W0874,2015-02-18,Darwin,21.2,33.7,1.5,2.4,7.9,ENE,43,NE,E,2,18,26,63,1019.0,1017.3,0,1,22.0,30.7,No,7,8.9,20.7,No
W0875,2019-01-26,Cairns,19.6,32.6,4.4,11.4,,NE,34,ENE,NW,29,30,94,93,996.9,994.2,7,7,21.5,30.2,Yes,1,37.9,17.1,Yes
W0876,15/03/2022,Newcastle,13.9,28.0°C,5.5,8.3,3.1,SE,77,WSW,W,55,33,73,92,995.8,1007.6,7,7,20.7,21.1,Yes,4,47.6,14.2,Yes
W0877,2020-03-13,Canberra,8.9,22.5,4.3,1.0,6.7,WSW,12,WSW,NNE,4,12,36,41,1011.7,1027.1,2,4,13.2,21.3,No,2,26.6,13.6,No
W0878,2022-04-09,Townsville,21.8,32.8,0.4,12.5,4.4,WNW,41,ENE,W,0,4,67,28,1011.6,1009.7,5,3,22.6,28.1,No,9,39.9,19.9,No
W0879,2015-11-23,Darwin,25.6,38.8,4.4,,7.8,SE,34,SSE,E,0,13,66,-5,1012.5,1022.2,1,0,28.6,32.9,No,3,11.2,26.1,No
W0880,2017-12-02,Melbourne,13.8,99.9,4.8,4.6,10.6,N,27,SSE,S,8,31,37,57,1014.3,1015.8,1,5,17.7,19.6,No,9,15.6,11.8,No
W0881,2018-01-19,Canberra,11.5,15.9,18.2,6.8,5.8,NW,92,SW,SSW,-37.0,57,64,64,1001.0,1001.4,6,8,13.7,14.9,Yes,5,13.6,7.9,Yes
W0882,2016-07-22,Canberra,7.2,15.5,0.6,1.9,,S,12,SW,WNW,26,26,37,57,1012.1,1009.2,0,4,10.7,14.1,No,2,40.6,9.9,No
W0883,2022-10-06,Brisbane,17.9,33.9,1.8,10.7,12.1,ESE,27,SSW,NW,20,16,50,28,1026.6,1020.2,1,2,23.7,32.5,Yes,6,6.7,13.9,No
W0884,2018-02-11,Canberra,6.8,16.2,4.5,2.1,7.6,SE,0,N,S,26,8,35,26,1011.5,1023.2,,4,11.4,11.8,Yes,11,44.2,8.0,No
W0885,2019-03-05,Sydney,10.5,25.0,2.9,9.2,8.2,ESE,28,ENE,SW,11,0,128,43,1025.1,1022.2,0,0,14.2,18.9,No,9,47.8,13.6,No
W0886,2020-06-22,Adelaide,11.3,19.1,5.0,4.3,4.4,SSW,11,NW,ESE,20,31,33,64,1014.2,1010.9,,5,11.5,15.3,No,5,46.8,7.9,No
W0887,2021-07-16,Townsville,21.7,26.9,2.4,,,E,39,SW,SSW,9,27,45,53,1014.9,,2,3,22.1,24.6,No,4,37.9,25.5,No
W0888,2021-06-14,Perth,15.2,22.3,2.8,7.8,10.3,WNW,26,ESE,NNW,19,31,116,46,1014.8,1012.9,0,5,17.1,19.7,No,5,28.6,15.1,No
W0889,2018-03-14,Melbourne,8.0,25.6,2.3,8.4,7.9,WNW,7,N,NNW,17,26,41,16,1022.8,1012.0,3,1,13.8,22.1,No,9,9.2,7.0,No
W0890,2018-06-01,Melbourne,12.0,23.1,0.5,12.6,8.3,,33,NNW,SE,14,9,58,40,1017.4,1019.7,0,2,12.2,19.7,No,5,37.1,9.4,No
W0891,2015-05-08,Cairns,19.2,31.0,3.6,3.9,6.4,S,19,NW,E,7,17,45,19,1028.0,1012.5,4,,22.6,26.7,Yes,1,41.4,17.1,No
W0892,2022-11-25,Darwin,26.6,35.0,1.4,1.3,5.9,NNE,33,NE,NW,8,10,42,38,1013.0,1026.4,1,0,28.4,31.7,Yes,1,28.6,22.4,No
W0893,2018-12-15,Darwin,22.0,29.9,3.5,,12.6,SSE,12,WSW,SSE,9,7,53,38,,1017.1,2,3,25.2,28.0,YES,7,12.5,,No
W0894,2015-05-28,Brisbane,20.6,28.2,2.3,11.4,8.4,,22,NE,NW,6,29,69,500,,1022.3,1,1,23.5,25.6,No,7,37.7,16.4,No
W0895,2021-07-10,Canberra,9.5,21.5,4.5,7.0,7.3,N,42,E,ENE,8,12,65,38,,1018.2,4,3,11.2,17.8,Yes,7,7.2,12.1,No
W0896,2018-11-15,Sydney,12.8,22.1,26.2,7.2,4.3,ESE,57,WNW,NNE,39,62,83,79,1004.1,999.3,4,7,15.8,19.9,No,10,34.0,,Yes
W0897,2021-06-17,Adelaide,14.0,19.9,3.0,2.4,11.2,,8,NE,NNW,17,30,43,20,1026.2,1017.4,4,1,15.6,19.5,No,8,40.6,,No
W0898,2015-03-10,Townsville,21.2,28.3,-25.3,9.0,3.2,S,49,SSW,WNW,22,15,70,56,1012.7,1006.5,7,5,22.0,25.1,Yes,8,38.0,21.2,Yes
W0899,2020-01-24,Adelaide,14.6,26.0,0.2,7.6,12.1,NNE,29,E,NW,23,6,39,33,1016.2,1025.0,5,3,19.8,25.5,No,8,16.3,18.2,No
W0900,2017-10-06,Brisbane,19.0,28.4,0.2,13.8,12.1,NE,27,WSW,W,29,30,104,35,1014.6,1017.9,3,5,23.0,26.8,No,4,19.2,20.7,No
W0901,2015-03-17,Townsville,19.4,32.2,24.0,7.4,1.4,SSW,66,W,SSW,32,63,69,88,1001.3,1007.2,6,7,22.6,26.2,Yes,2,29.9,21.9,Yes
W0902,2015-10-18,Sydney,14.2,23.8,1.5,5.4,8.6,SW,39,N,ESE,11,26,65,18,1011.4,,1,1,17.4,21.7,No,11,18.5,12.3,No
W0903,2021-09-25,Darwin,23.0,29.1,2.3,0.4,5.6,WNW,31,ENE,S,9,11,31,56,1017.2,1014.0,4,3,25.5,27.2,No,5,44.4,23.9,No
W0904,2018-01-30,Melbourne,8.4,23.4,0.6,3.6,6.8,WNW,27,SSW,ENE,13,8,27,500,1023.4,,0,1,10.3,20.5,No,3,24.8,7.4,No
W0905,2020-03-10,Wollongong,11.3,26.8,3.9,3.2,5.6,SE,7,NNE,ESE,2,31,31,28,1019.8,1021.2,5,1,18.5,19.3,Yes,5,30.3,11.3,No
W0906,2016-12-02,Perth,14.8,27.4,24.4,1.6,5.2,SSE,94,S,NNE,23,24,93,81,999.8,1006.4,8,4,20.9,21.9,No,7,33.4,19.5,Yes
W0907,2016-06-30,Canberra,11.5,20.3,2.2,10.0,12.0,WNW,34,NW,SE,12,33,34,31,1016.2,1008.2,1,4,12.2,18.3,No,11,41.6,8.9,No
W0908,2022-09-28,Newcastle,12.6,20.1,2.1,7.2,11.1,SSW,28,SSE,NE,9,13,51,52,1013.4,1015.6,0,1,15.2,18.6,Yes,4,39.3,17.5,No
W0909,2021-05-22,Cairns,22.5,33.6,2.0,3.5,7.2,N,41,ENE,SSE,20,17,66,55,1025.2,1021.9,1,2,23.9,31.4,No,5,25.3,26.6,No
W0910,2020-05-17,Canberra,11.0,24.6,0.5,5.4,6.7,WNW,44,ESE,E,14,14,65,18,1012.1,,1,2,15.4,23.8,No,3,28.9,12.6,No
W0911,2022-03-19,Newcastle,11.0,29.1,3.6,,7.7,WNW,31,SSW,NW,13,9,59,60,1014.9,1026.2,5,3,16.3,23.2,No,4,23.4,13.8,No
W0912,2020-03-25,Brisbane,14.4,25.9,1.1,,4.1,W,28,NNE,SSE,5,6,70,39,1019.7,,0,5,18.5,23.3,No,8,20.3,11.6,No
W0913,2017-09-03,Wollongong,15.1,200,2.3,9.7,4.9,NNE,15,NW,NNE,0,18,68,43,1013.9,1025.0,0,0,16.7,19.2,No,6,37.3,15.2,No
W0914,2018-04-16,Perth,12.8,99.9,2.1,6.0,8.4,WSW,19,E,S,24,12,56,23,1026.0,1009.8,1,1,17.9,20.0,Yes,2,30.1,16.2,No
W0915,2017-07-19,Brisbane,18.9,30.9,4.1,1.9,11.2,WNW,42,ESE,WNW,16,22,63,33,1013.3,1019.2,1,3,19.3,29.5,No,9,10.2,16.0,No
W0916,2016-06-06,Newcastle,15.8,29.7°C,3.9,8.1,9.1,NW,41,NNE,ENE,17,26,68,35,1010.3,1019.3,4,3,18.4,25.3,No,9,27.5,17.6,No
W0917,2016-08-18,Adelaide,15.1,25.6,-4.7,14.7,5.6,ENE,24,ENE,SSE,23,24,56,38,1025.4,,3,4,17.5,22.0,No,5,22.2,19.4,No
W0918,2020-03-26,Wollongong,10.2,23.6,3.6mm,,10.2,WNW,999,WSW,N,6,6,68,18,1020.7,1017.3,3,5,16.8,23.4,Yes,9,31.1,14.9,No
W0919,2017-05-26,Newcastle,12.9,21.2,1.5,3.2,12.0,SSW,32,NNW,SSW,23,31,29,31,1014.9,1023.5,1,5,17.0,17.8,No,11,27.1,,No
W0920,2022-04-25,Canberra,6.4,21.1,2.6,2.0,,,99,NE,SW,36,32,64,84,1013.8,1007.1,4,,8.2,16.4,No,11,33.5,2.0,Yes
W0921,2020-02-02,Canberra,6.7,15.9,28.7,0.6,,S,78,SW,SSE,29,15,77,96,1014.7,1005.7,4,,11.0,12.3,Yes,2,18.1,6.1,Yes
W0922,2017-07-06,Townsville,21.2,32.4,4.2,3.2,7.4,NNW,41,WNW,W,1,9,55,15,,1014.8,3,0,24.8,30.6,No,11,12.0,23.4,No
W0923,2018-04-15,Newcastle,15.0,22.5,4.7,10.4,7.0,N,41,NNE,ESE,17,26,62,45,1028.8,1022.0,5,2,16.0,20.7,No,10,32.1,15.8,No
W0924,2022-12-08,Darwin,23.8,39.0,1.1,14.6,9.2,ENE,43,ENE,ENE,0,13,47,62,1021.8,1018.9,1,3,29.9,34.8,No,9,13.5,19.1,No
W0925,2017-08-10,Darwin,21.3,29.6,1.5,,10.8,NE,29,SSW,SSW,28,32,44,20,1014.3,1009.8,0,0,21.6,27.0,Yes,11,16.8,,No
W0926,2021-03-22,Townsville,19.8,30.1,2.0,12.8,5.1,E,15,NE,ESE,24,6,41,63,1022.7,1017.2,2,2,23.4,29.0,Yes,6,7.4,23.1,No
W0927,2018-12-17,Perth,15.2,24.7,4.7,3.5,8.4,,10,SSW,ENE,26,20,69,51,1016.5,1009.5,1,2,16.0,20.2,Yes,3,28.2,19.1,No
W0928,2015-03-20,Newcastle,11.4,29.7,4.4,0.9,4.8,WNW,12,SSW,NE,9,6,56,30,1014.0,,1,3,20.0,21.1,No,3,15.3,7.8,No
W0929,2022-08-28,Melbourne,7.2,16.6,4.2,2.6,8.4,NNW,41,E,SE,14,20,52,29,1014.6,1028.0,2,4,10.0,16.5,No,8,12.2,10.5,No
W0930,2015-08-25,Wollongong,16.8,27.0,15.9,7.1,0.1,SE,80,S,S,59,64,85,90,999.8,995.6,7,8,19.3,26.8,No,1,41.5,14.1,Yes
W0931,2017-06-08,Darwin,23.1,33.6,0.8,6.3,8.1,NNE,7,SE,NW,24,14,50,27,1010.3,1014.7,1,2,26.8,33.0,No,9,27.3,,No
W0932,2016-05-24,Cairns,18.3,30.9,2.1,14.0,12.8,NE,45,SW,WSW,0,32,68,38,1017.0,1017.8,2,5,20.3,28.6,No,3,45.4,,No
W0933,2015-08-03,Cairns,21.3,37.4,34.0,8.9,6.0,NNW,30,WNW,NNE,49,52,75,57,1009.4,999.3,7,6,27.4,30.9,No,2,17.9,21.1,Yes
W0934,2015-11-26,Wollongong,14.8,26.0°C,20.2,4.1,3.6,SSW,61,WSW,WNW,31,44,75,75,1007.9,1003.3,8,5,17.8,21.6,No,5,29.9,10.4,Yes
W0935,2022-09-21,Adelaide,20.3,13.7,1.4,1.0,11.3,SSW,40,S,N,3,28,33,59,1020.0,1012.1,1,4,15.0,19.1,No,5,25.6,11.4,No
W0936,2022-08-21,Darwin,20.4,38.7,4.5,6.5,9.9,WSW,26,NNE,N,23,0,63,20,1028.5,1013.5,1,1,28.6,37.3,No,5,6.8,24.5,No
W0937,2018-03-24,Perth,13.1,25.3,3.4mm,12.3,,ESE,18,NNE,WSW,16,9,25,54,1015.5,1013.6,,5,15.0,20.0,No,10,12.7,16.0,No
W0938,2021-09-20,Sydney,13.0,20.7,27.3,7.2,1.5,NE,43,ENE,SE,47,32,77,70,1002.6,997.4,5,7,16.1,20.2,YES,4,9.4,14.4,Yes
W0939,2018-03-25,Canberra,11.0,14.3,4.2,0.1,3.7,E,38,ESE,NE,24,17,84,65,1000.7,1011.4,,4,11.2,12.8,No,6,27.7,12.5,Yes
W0940,2017-10-14,Perth,12.4,26.7,3.6,7.2,12.2,W,22,NNW,S,15,22,58,42,1012.0,1011.7,5,0,17.0,19.9,No,6,43.2,11.1,No
W0941,2022-11-17,Sydney,16.5,25.0,3.2,7.3,5.1,ESE,12,ESE,NE,30,32,32,29,1026.6,1026.1,0,4,20.5,23.8,Yes,3,32.8,19.6,No
W0942,2017-06-03,Sydney,15.1,20.8,1.0,8.4,8.1,,17,ENE,NE,4,9,47,31,1028.7,1024.3,2,4,17.9,18.8,No,9,29.7,14.3,No
W0943,2015-05-02,Townsville,22.3,34.9,4.1,,5.0,ENE,23,NW,NE,5,22,63,35,1018.2,1008.7,0,3,25.5,33.6,No,6,20.0,19.4,No
W0944,2015-10-16,Hobart,10.5,21.7,2.5,1.7,7.8,S,22,SSE,NNW,29,1,50,26,1025.3,,1,0,13.4,16.4,No,8,23.7,7.9,No
W0945,2021-05-06,Townsville,19.5,27.2,0.9,9.6,4.7,ENE,34,SSW,NNW,26,18,27,62,1029.5,1019.1,3,2,23.3,24.1,No,2,48.9,18.0,No
W0946,2016-10-08,Sydney,10.0,23.2,4.1,3.1,12.1,N,9,N,E,2,16,31,21,1016.0,1023.3,5,4,16.3,17.0,No,9,32.8,,No
W0947,2022-05-27,Melbourne,10.2,26.2,1.4,14.6,11.3,SE,11,E,SSW,26,13,67,15,1010.9,1024.1,5,1,12.4,22.0,No,9,48.7,15.0,No
W0948,2019-10-13,Newcastle,12.9,22.1,2.9,2.7,6.8,E,21,NNE,SSW,7,18,41,56,1023.1,1012.6,2,,15.1,19.9,No,9,47.7,7.9,No
W0949,2017-09-28,Townsville,18.1,26.9,36.8,1.2,5.5,N,70,NNE,W,30,38,88,85,1009.8,1004.0,6,6,22.0,24.5,Yes,7,16.7,20.2,Yes
W0950,2015-04-06,Melbourne,9.8,24.0,5.0,14.1,6.2,,32,SW,NW,11,25,62,38,1029.4,1013.9,2,5,13.1,22.3,No,7,6.9,7.6,No
W0951,2018-06-26,Darwin,23.1,30.5,4.2,12.0,4.9,,19,NNW,WNW,19,34,45,48,1012.7,1022.3,1,2,23.4,29.7,No,7,21.8,25.9,No
W0952,2019-12-30,Melbourne,10.8,21.5,2.7,14.9,7.8,W,40,N,SSW,4,24,68,32,1018.5,1027.9,0,0,10.9,19.7,Yes,8,33.5,15.5,No
W0953,2016-05-13,Melbourne,11.5,18.0,2.2,14.1,6.9,S,43,WNW,ESE,18,6,26,32,1027.4,1010.7,1,0,13.8,14.9,No,4,47.3,11.6,No
W0954,2021-02-08,Newcastle,15.3,24.7,5000,2.1,7.7,ENE,26,SW,WSW,24,6,62,59,1021.8,1013.9,2,0,19.6,22.7,No,7,17.4,11.4,No
W0955,2018-04-02,Hobart,10.7,-50,2.5,13.2,12.9,E,32,NNW,NNE,13,15,53,18,1021.2,1008.5,3,1,13.1,15.6,No,3,47.9,11.6,No
W0956,2015-12-18,Brisbane,16.0,33.8,3.5,5.6,5.2,WNW,45,NE,SSW,29,18,35,50,1010.3,,2,4,20.1,26.4,No,5,49.4,20.1,No
W0957,2019-07-05,Hobart,10.0,19.5,25.7,12.7,,ENE,94,WSW,W,49,15,90,61,995.7,1008.4,5,8,12.1,15.6,Yes,11,21.3,12.5,Yes
W0958,2020-05-29,Townsville,19.2,33.1,3.3,6.0,4.8,NE,20,SSW,SSW,26,29,69,58,1012.1,,1,2,19.5,27.2,No,8,31.2,19.4,No
W0959,2019-03-07,Cairns,23.4,29.9,0.9,8.0,9.2,N,31,WNW,NNW,20,1,54,56,1016.7,1009.9,4,5,26.6,29.6,No,5,40.9,27.4,No
W0960,2021-01-07,Wollongong,15.7,19.4,0.8,7.6,7.4,SW,36,NNW,NNW,25,7,26,55,1023.3,1010.5,2,3,17.0,19.3,No,6,48.0,11.9,No
W0961,2015-07-15,Adelaide,9.9,23.5,-5,0.7,11.8,NW,27,NNE,ESE,10,18,34,55,1020.9,,4,1,13.2,19.7,No,10,19.9,9.6,No
W0962,2020-11-08,Newcastle,13.7,26.6,3.4,10.1,10.9,WNW,13,S,ENE,17,35,25,25,,1025.7,5,3,18.7,24.8,Yes,5,19.1,17.4,No
W0963,2018-06-21,Adelaide,14.6,25.3,1.8,14.1,7.3,,7,NW,SE,26,30,42,45,1013.7,1013.6,5,4,15.7,20.6,No,9,12.4,9.7,No
W0964,2021-03-04,Melbourne,10.7,17.9,9.5,12.1,3.2,ESE,94,WNW,SW,26,46,96,88,1001.3,1010.7,7,4,14.1,15.4,No,7,31.1,,Yes
W0965,2016-02-24,Perth,12.2,30.8,5000,5.3,12.4,ENE,43,NNW,SE,3,27,45,33,1010.1,1019.3,,,20.4,28.7,No,8,33.2,11.3,No
W0966,2016-04-20,Perth,13.6,31.6,2.0,1.2,5.1,ENE,11,NE,NE,6,12,40,44,1020.6,1009.7,5,1,16.9,30.0,No,11,35.3,12.4,No
W0967,2017-08-10,Darwin,21.3,29.6,1.5,,10.8,NE,29,SSW,SSW,28,32,44,20,1014.3,1009.8,0,0,21.6,27.0,Yes,11,16.8,,No
W0968,2021-07-20,Hobart,7.7,15.9,31.5,13.3,3.3,NNW,90,SSE,NW,36,59,83,57,,,8,4,11.4,14.0,Yes,7,41.2,,Yes
W0969,2021-05-28,Newcastle,16.1,20.0,2.2,0.6,6.3,W,33,SSW,E,5,9,27,55,1010.7,1021.7,4,0,16.5,19.7,No,2,9.3,15.0,No
W0970,2015-10-21,Darwin,20.8,30.0,4.1,8.2,9.4,,8,NW,SSE,10,24,26,50,1027.6,1015.2,5,2,21.5,28.7,No,1,36.8,19.7,No
W0971,2017-09-06,Melbourne,9.6,18.1,3.9,3.2,9.4,,14,N,ENE,0,27,33,54,1016.1,1019.1,,2,10.0,13.9,Yes,10,45.4,5.0,No
W0972,2020-11-11,Newcastle,16.7,23.7,3.4,8.8,10.2,SW,28,NNE,WNW,23,3,59,47,1025.8,1021.0,5,3,19.9,21.3,No,2,38.8,17.2,No
W0973,2021-03-22,Perth,13.6,30.0,1.4,10.5,-1,WNW,38,N,NNW,19,8,53,64,1016.2,,2,2,13.9,24.3,No,9,46.9,9.2,No
W0974,2016-06-11,Adelaide,13.2,27.0,0.0,14.6,11.1,N,9,S,NNE,6,11,54,48,1018.9,1026.1,5,4,14.4,23.9,No,6,31.5,12.7,No
W0975,2015-10-13,Wollongong,13.8,21.5,0.8,,9.1,N,41,SSE,ENE,19,5,29,35,1010.4,1016.1,4,2,16.0,20.0,Yes,3,23.2,9.3,No
W0976,2022-10-17,Cairns,21.4,34.5,1.6mm,9.9,,ESE,44,W,SSW,19,6,52,50,1014.6,1019.6,4,0,21.4,30.1,No,8,16.7,21.3,No
W0977,2018-08-11,Adelaide,13.3,18.8,4.4,0.2,12.9,WSW,26,NNE,SE,2,11,42,29,1027.0,,4,5,14.7,18.3,Yes,11,41.9,10.9,No
W0978,2021-10-27,Canberra,5.3,22.5,2.5,,10.0,SE,42,E,S,18,33,47,59,1013.4,1017.2,1,1,8.3,21.8,No,8,9.3,0.3,No
W0979,2022-01-17,MELBOURNE,11.9,25.5,3.2,10.9,4.7,SSW,26,NE,N,25,1,28,28,1011.9,1022.3,1,3,15.4,23.1,Yes,10,34.5,7.2,No
W0980,2021-10-14,Wollongong,13.8,20.1,3.7,12.5,11.8,E,32,E,SSW,22,22,125,46,1024.1,1015.3,0,5,15.9,17.3,No,11,12.6,11.8,No
W0981,2022-07-27,Newcastle,14.3,26.6,1.9,2.6,6.7,SSE,21,SSE,SSE,4,8,55,48,1019.0,1024.3,3,3,18.1,24.6,No,7,27.3,18.2,No
W0982,2017-12-24,Hobart,9.8,19.4,1.5,12.2,10.1,NW,25,SSW,SE,4,10,64,32,1029.4,1024.4,2,4,14.3,18.8,Yes,8,26.7,13.6,1
W0983,2015-09-10,Hobart,4.1,-50,0.3,14.9,11.2,WSW,7,ENE,S,21,32,67,49,1027.5,1023.0,4,3,12.8,15.6,No,3,5.5,6.4,No
W0984,2022-02-08,Newcastle,15.0,25.7,1.9,9.4,11.5,SSE,36,NW,SW,27,33,63,15,1015.6,1017.2,5,3,17.1,24.1,No,11,6.0,15.2,No
W0985,2021-08-23,Brisbane,16.0,30.0,2.4,6.4,7.4,NW,24,SSE,SSE,24,31,67,30,1025.8,,,2,20.3,27.3,Yes,8,10.2,11.3,No
W0986,2018-12-31,Darwin,25.0,37.2,6.8,0.0,2.9,WSW,37,NW,S,38,64,81,82,1002.4,1008.1,,7,28.0,32.3,Yes,2,11.1,20.3,Yes
W0987,2019-12-25,Darwin,23.6,39.2,4.6,0.7,10.3,WSW,25,NW,NNW,11,34,69,49,1012.4,1021.5,5,0,30.4,35.0,No,7,18.9,28.2,No
W0988,2020-02-04,Cairns,18.5,28.8,3.9,-0.1,5.7,NE,24,N,ESE,25,0,53,51,1021.0,1017.1,5,1,22.0,26.3,No,4,20.4,15.7,No
W0989,2018-05-30,Canberra,6.8,18.4,4.4,13.1,10.9,WSW,31,W,W,30,5,28,28,1021.4,1016.4,2,0,11.5,13.9,No,6,12.5,8.0,No
W0990,05/06/2018,Wollongong,14.3,19.3,29.2,1.8,4.7,,72,NE,WSW,33,43,66,59,1002.8,996.0,,7,16.5,18.4,Yes,1,43.6,,Yes
W0991,2016-08-28,Wollongong,10.4,24.0°C,1.2,5.3,4.1,NNE,43,NW,NW,3,26,32,64,1014.7,1012.9,5,2,16.3,22.2,Yes,4,45.9,13.0,No
W0992,2018-08-31,Townsville,17.3,31.4,19.7,12.5,0.3,SW,61,WNW,SE,49,17,91,95,997.3,1003.3,6,4,18.0,25.7,No,6,15.9,16.2,Yes
W0993,2022-07-13,Cairns,21.7,31.5,1.6,13.2,12.8,WSW,16,NW,NW,28,28,42,64,1026.6,1010.6,2,2,22.6,31.2,No,8,10.2,26.6,No
W0994,2019-01-28,Wollongong,13.9,24.1,0.6,,6.6,SE,40,ENE,NE,27,18,53,53,1014.5,1023.7,2,,16.7,22.2,No,9,20.4,14.7,No
W0995,2022-10-09,Wollongong,10.6,26.6,3.5,0.5,8.6,SW,45,WNW,E,10,26,59,23,,1020.1,,2,10.9,21.5,Yes,7,37.4,7.6,No
W0996,2017-02-19,Melbourne,8.0,26.6,3.1,6.1,5.6,WSW,25,NNW,NNW,3,12,28,20,1030.0,1024.5,3,3,15.8,21.1,No,7,35.1,11.3,No
W0997,2022-05-31,Cairns,18.3,31.9,21.3,11.5,0.5,SW,56,NNE,SSE,40,19,76,66,1005.7,999.1,7,5,23.8,30.5,Yes,5,15.2,17.7,Yes
W0998,2019-12-13,Melbourne,11.1,21.6,2.7,8.5,11.9,E,17,SSW,S,19,6,32,40,1011.7,1027.0,5,2,12.0,20.8,No,1,16.3,15.9,No
W0999,2022-07-17,Hobart,9.0,18.0,3.0,2.9,8.2,NNW,12,SSW,E,22,16,35,21,,1012.6,5,1,11.2,16.5,No,8,24.3,,No
W1000,2015-02-20,Wollongong,14.3,25.1,34.3,0.2,,NNW,37,SW,WSW,23,44,78,66,999.3,997.7,5,,18.7,23.5,Yes,11,31.0,13.5,Yes
W1001,2019-03-12,Darwin,23.0,36.3,1.7,8.3,,W,77,S,W,36,31,85,70,1010.0,993.7,6,8,23.6,33.0,Yes,2,32.1,23.7,Yes
W1002,2018-11-21,Adelaide,15.9,20.2,3.2,-11.0,4.7,E,26,W,NW,20,31,29,49,1012.8,,1,5,16.8,19.7,No,7,43.3,19.2,No
W1003,2022-09-12,Darwin,25.2,32.9,23.9,,30,NW,78,SE,WNW,15,38,84,64,999.6,1006.8,6,4,27.6,32.7,Yes,10,5.3,25.8,True
W1004,2015-09-28,Canberra,8.4,24.2,4.2,11.6,7.0,ENE,28,NE,NW,3,5,34,31,1014.3,1017.8,0,1,15.3,21.0,No,3,38.1,5.4,No
W1005,2017-01-25,Hobart,8.8,15.9,23.9,14.1,,SE,60,ENE,NE,37,48,91,94,1007.9,1012.5,4,7,9.9,15.4,Yes,9,24.9,4.7,Yes
W1006,2020-06-17,Townsville,17.5,31.8,3.7,3.5,5.6,SE,16,ESE,WSW,27,7,35,37,1025.4,1015.5,1,1,20.5,27.8,No,10,5.2,19.4,No
W1007,2019-11-03,Hobart,6.4,23.7,29.4,5.4,-99,NW,73,WNW,NNW,34,31,74,93,1012.7,996.5,4,7,14.5,17.3,Yes,10,19.7,1.8,Yes
W1008,2018-02-17,Melbourne,8.1,22.0,31.3,7.5,3.6,ENE,80,S,E,37,50,68,60,1008.5,998.3,4,4,13.2,18.9,Yes,6,41.9,10.3,Yes
W1009,2020-01-03,Melbourne,7.9,22.2,3.4,4.2,6.5,SE,24,N,WSW,19,12,47,29,,1011.1,2,3,14.1,15.7,No,1,39.3,6.6,No
W1010,2016-01-19,Newcastle,11.9,20.1,4.6,11.2,8.6,WNW,25,SSW,W,17,22,33,23,1011.2,1008.6,2,1,15.5,18.3,No,7,21.9,11.1,No
W1011,2020-09-02,Townsville,19.9,27.2,3.8,,10.8,W,11,SSW,NE,19,1,33,53,1017.6,,5,2,22.1,26.8,No,1,38.5,16.4,No
W1012,2019-09-29,Wollongong,14.5,20.4,25.1,8.7,2.5,NW,54,WSW,SSE,26,34,98,89,1000.7,1001.0,7,7,16.5,18.9,No,2,19.4,16.1,Yes
W1013,2020-12-01,Cairns,19.9,32.7,1.7,,12.7,SE,30,S,ESE,19,16,45,54,1021.7,1027.5,1,4,22.2,32.2,No,3,26.0,21.2,No
W1014,2022-03-05,Cairns,19.6,32.0,5.1,9.1,3.4,NE,73,E,NNE,51,33,61,73,1012.6,1002.2,,,24.1,28.9,Yes,9,8.9,23.2,Yes
W1015,2020-07-20,Sydney,12.5,19.1,1.2,9.1,4.9,WSW,16,W,E,13,17,40,46,1022.5,1011.3,0,5,15.8,17.5,No,8,8.4,14.7,No
